Vehicle_ID,Vehicle_Global_Index,Production_Day,Shift,Unit_In_Shift,Station_ID,Station_Number,Process_Area,Operation,Timestamp,Sensor_Coverage,Cycle_Time,Baseline_Cycle_Time,Cycle_Z_Score,Excess_Cycle_Time,Telemetry_Confidence,SPC_Bottleneck_Flag,IsolationForest_Bottleneck_Flag,Bottleneck_Anomaly_Score,Bottleneck_Alert,Projected_Delay_Minutes,Estimated_Queued_Vehicles
VH-00004,3,1,A,4,ST-06,6,Body,Seam sealing prep,2026-08-30 06:10:03,legacy,75.025,68.4,2.302812414919696,6.625,0.36,False,True,0.01320058117143652,True,7.839583333333334,0.581140350877193
VH-00004,3,1,A,4,ST-29,29,Final Assembly,ADAS calibration,2026-08-30 06:39:52,partial,78.979,69.18,3.133875299760187,9.798999999999992,0.6,True,True,0.061175432426195164,True,11.595483333333325,0.8498699045967035
VH-00004,3,1,A,4,ST-44,44,Final Assembly,Battery connect,2026-08-30 06:57:39,modern,73.175,64.82,2.7562588741925462,8.355000000000004,0.94,True,True,0.02407415083420905,True,9.886750000000005,0.7733724159210125
VH-00005,4,1,A,5,ST-02,2,Body,Side-frame marriage,2026-08-30 06:07:11,partial,75.123,67.75,2.6375342341171986,7.373000000000005,0.68,False,True,0.0626001104186209,True,8.601833333333339,0.6529594095940964
VH-00007,6,1,A,7,ST-30,30,Final Assembly,End-of-line quality,2026-08-30 06:44:57,modern,78.142,70.35,2.487514201401696,7.792000000000002,0.94,False,True,0.001826537997069777,True,8.830933333333336,0.6645628997867806
VH-00007,6,1,A,7,ST-45,45,Final Assembly,Interior fit,2026-08-30 07:03:27,modern,113.777,69.18,14.637064710537562,44.596999999999994,0.94,True,True,0.1048011018503251,True,50.54326666666666,3.867909800520381
VH-00008,7,1,A,8,ST-02,2,Body,Side-frame marriage,2026-08-30 06:10:40,partial,74.703,67.75,2.490313238924265,6.953000000000003,0.6,False,True,0.022145808539813183,True,7.764183333333337,0.6157638376383766
VH-00010,9,1,A,10,ST-26,26,Paint,Primer booth,2026-08-30 06:43:26,modern,101.186,92.75,2.627186775080714,8.436000000000007,0.94,False,True,0.02115045698720608,True,9.139000000000008,0.5457250673854452
VH-00010,9,1,A,10,ST-33,33,Final Assembly,Interior fit,2026-08-30 06:52:03,partial,79.947,72.98,2.390805440414511,6.966999999999999,0.68,False,True,0.04863802436802822,True,7.547583333333332,0.5727870649493011
VH-00010,9,1,A,10,ST-45,45,Final Assembly,Interior fit,2026-08-30 07:06:23,modern,77.951,69.18,2.868811468923118,8.770999999999987,0.94,True,True,0.03550809672090782,True,9.501916666666652,0.7607111882046822
VH-00012,11,1,A,12,ST-04,4,Body,Door fit check,2026-08-30 06:17:31,legacy,70.919,64.64,2.3208414782920785,6.278999999999996,0.36,False,True,0.0102003819886346,True,6.5929499999999965,0.5828279702970294
VH-00013,12,1,A,13,ST-03,3,Body,Roof laser weld,2026-08-30 06:17:33,manual_check,60.032,54.24,1.9648268693561997,5.7919999999999945,0.22,False,True,0.02144483164934241,True,5.98506666666666,0.6407079646017693
VH-00015,14,1,A,15,ST-40,40,Final Assembly,Wheel torque,2026-08-30 07:06:11,legacy,76.501,69.44,2.49978259387992,7.061000000000007,0.36,False,True,0.028822261195798005,True,7.061000000000007,0.6101094470046089
VH-00017,16,1,A,17,ST-43,43,Final Assembly,Powertrain marriage,2026-08-30 07:12:11,modern,78.159,69.82,2.8032685379670292,8.339000000000013,0.94,True,True,0.02442868817945054,True,8.061033333333345,0.7166141506731607
VH-00019,18,1,A,19,ST-12,12,Body,Seam sealing prep,2026-08-30 06:35:02,modern,78.188,70.11,2.4885754123871795,8.078000000000003,0.94,False,True,0.007349459761606281,True,7.539466666666669,0.6913136499786053
VH-00023,22,1,A,23,ST-45,45,Final Assembly,Interior fit,2026-08-30 07:21:42,modern,130.055,69.18,19.984120655019222,60.875,0.94,True,True,0.10519934602332814,True,52.75833333333333,5.279705117085863
VH-00024,23,1,A,24,ST-06,6,Body,Seam sealing prep,2026-08-30 06:34:03,legacy,74.847,68.4,2.2374375170160703,6.4469999999999885,0.36,False,True,0.007533878362901869,True,5.47994999999999,0.5655263157894727
VH-00024,23,1,A,24,ST-09,9,Body,Roof laser weld,2026-08-30 06:37:32,modern,73.872,65.84,2.657347736753628,8.031999999999996,0.94,False,True,0.01657939230542471,True,6.827199999999997,0.7319562575941673
VH-00024,23,1,A,24,ST-42,42,Final Assembly,End-of-line quality,2026-08-30 07:19:31,modern,83.959,74.74,3.153933797909401,9.219000000000008,0.94,True,True,0.04817958097793984,True,7.836150000000007,0.7400856301846408
VH-00025,24,1,A,25,ST-16,16,Body,Door fit check,2026-08-30 06:46:25,manual_check,82.88,74.71,2.559316958916248,8.170000000000002,0.22,False,True,0.07934040467381831,True,6.808333333333335,0.6561370633114713
VH-00025,24,1,A,25,ST-36,36,Final Assembly,End-of-line quality,2026-08-30 07:13:51,modern,85.842,77.15,2.9865235202894804,8.691999999999993,0.94,True,True,0.03898049729455699,True,7.243333333333328,0.6759818535320797
VH-00027,26,1,A,27,ST-39,39,Final Assembly,Interior fit,2026-08-30 07:18:59,partial,80.032,72.85,2.385012127754139,7.182000000000002,0.6,False,True,0.019779729459158624,True,5.745600000000001,0.5915168153740565
VH-00027,26,1,A,27,ST-40,40,Final Assembly,Wheel torque,2026-08-30 07:20:16,legacy,76.472,69.44,2.489117835480134,7.0319999999999965,0.36,False,True,0.027956781262988395,True,5.625599999999997,0.6076036866359444
VH-00030,29,1,A,30,ST-03,3,Body,Roof laser weld,2026-08-30 06:38:06,manual_check,59.707,54.24,1.8508984603391154,5.466999999999999,0.22,False,True,0.012102303382980906,True,4.100249999999999,0.6047566371681414
VH-00030,29,1,A,30,ST-31,31,Final Assembly,Powertrain marriage,2026-08-30 07:13:26,modern,77.859,66.81,3.8544697775958485,11.048999999999992,0.94,True,True,0.05963196271011595,True,8.286749999999994,0.9922766052986073
VH-00037,36,1,A,37,ST-16,16,Body,Door fit check,2026-08-30 07:00:45,manual_check,80.837,74.71,1.8614611635120613,6.1270000000000095,0.22,False,True,0.022511474921315888,True,3.880433333333339,0.49206264221657153
VH-00045,44,1,A,45,ST-29,29,Final Assembly,ADAS calibration,2026-08-30 07:29:02,partial,76.341,69.18,2.2355635491606654,7.160999999999987,0.68,False,True,0.04700131934605556,True,3.5804999999999936,0.6210754553339104
VH-00053,52,1,A,53,ST-44,44,Final Assembly,Battery connect,2026-08-30 07:55:21,modern,70.766,64.82,1.9565686865579777,5.946000000000012,0.86,False,True,0.01020174279746322,True,2.1802000000000046,0.550385683431041
VH-00054,53,1,A,54,ST-09,9,Body,Roof laser weld,2026-08-30 07:13:32,modern,72.875,65.84,2.322386526368222,7.034999999999997,0.86,False,True,0.03953792596909933,True,2.4622499999999987,0.6410996354799511
VH-00056,55,1,A,56,ST-19,19,Paint,E-coat inspection,2026-08-30 07:27:58,modern,96.941,87.2,3.167232100313474,9.741,0.94,True,True,0.04987349795479579,True,3.0846500000000003,0.6702522935779817
VH-00057,56,1,A,57,ST-19,19,Paint,E-coat inspection,2026-08-30 07:29:04,modern,95.373,87.2,2.6367663949843223,8.173000000000002,0.94,False,True,0.01991661992640692,True,2.4519000000000006,0.562362385321101
VH-00057,56,1,A,57,ST-30,30,Final Assembly,End-of-line quality,2026-08-30 07:44:25,modern,76.309,70.35,1.8794441165621547,5.959000000000003,0.86,False,True,0.00655098433556256,True,1.787700000000001,0.5082302771855014
VH-00058,57,1,A,58,ST-29,29,Final Assembly,ADAS calibration,2026-08-30 07:45:20,partial,77.353,69.18,2.580177458033567,8.172999999999988,0.68,False,True,0.06967356947875691,True,2.31568333333333,0.7088464874241098
VH-00058,57,1,A,58,ST-35,35,Final Assembly,ADAS calibration,2026-08-30 07:52:29,modern,77.937,69.91,2.9245282522996057,8.027000000000001,0.94,True,True,0.026158351484631415,True,2.2743166666666665,0.6889143184093837
VH-00058,57,1,A,58,ST-39,39,Final Assembly,Interior fit,2026-08-30 07:57:16,partial,79.589,72.85,2.2332292843990063,6.739000000000004,0.68,False,True,0.042548545490507905,True,1.9093833333333345,0.55503088538092
VH-00059,58,1,A,59,ST-37,37,Final Assembly,Powertrain marriage,2026-08-30 07:55:07,modern,71.922,64.35,2.5561594013096323,7.572000000000003,0.94,False,True,0.0038583047242207735,True,2.0192000000000005,0.7060139860139863
VH-00063,62,1,A,63,ST-05,5,Body,Dimensional clamp,2026-08-30 07:19:46,modern,70.978,63.92,2.4432524746111306,7.057999999999993,0.86,False,True,0.04288681144500328,True,1.4115999999999986,0.6625156445556939
VH-00063,62,1,A,63,ST-11,11,Body,Dimensional clamp,2026-08-30 07:26:26,modern,71.123,63.08,2.708630823006037,8.043000000000006,0.94,True,True,0.019073210229495707,True,1.6086000000000014,0.7650285351934059
VH-00064,63,1,A,64,ST-40,40,Final Assembly,Wheel torque,2026-08-30 08:03:55,legacy,76.594,69.44,2.5339833708171478,7.153999999999996,0.36,False,True,0.03258155351204972,True,1.311566666666666,0.6181451612903223
VH-00069,68,1,A,69,ST-42,42,Final Assembly,End-of-line quality,2026-08-30 08:13:58,modern,84.556,74.74,3.3617936507936417,9.816000000000003,0.94,True,True,0.05460556476805711,True,0.9816000000000003,0.7880117741503883
VH-00078,77,1,B,3,ST-21,21,Paint,Oven cure,2026-08-30 14:57:09,legacy,100.371,93.2,2.4866266193918,7.170999999999992,0.36,False,True,0.029384498069294995,True,8.605199999999991,0.46165236051502095
VH-00081,80,1,B,6,ST-10,10,Body,Door fit check,2026-08-30 14:46:57,partial,75.082,68.39,2.284231446226819,6.691999999999993,0.6,False,True,0.009774636383658053,True,7.695799999999992,0.5871033776867957
VH-00083,82,1,B,8,ST-22,22,Paint,Basecoat booth,2026-08-30 15:04:45,modern,86.239,79.8,2.002984481688392,6.439000000000007,0.86,False,True,0.018961932136628556,True,7.190216666666674,0.4841353383458652
VH-00084,83,1,B,9,ST-32,32,Final Assembly,Battery connect,2026-08-30 15:19:27,legacy,71.964,61.9,3.4563758767617068,10.064,0.36,True,True,0.07176284654546294,True,11.070400000000001,0.9755088852988691
VH-00086,85,1,B,11,ST-03,3,Body,Roof laser weld,2026-08-30 14:45:15,manual_check,59.768,54.24,1.8722819463392453,5.527999999999999,0.22,False,True,0.013670038242203253,True,5.896533333333332,0.6115044247787609
VH-00086,85,1,B,11,ST-40,40,Final Assembly,Wheel torque,2026-08-30 15:31:46,legacy,76.075,69.44,2.3431209704900198,6.635000000000005,0.36,False,True,0.014596315069777877,True,7.077333333333339,0.5733006912442401
VH-00091,90,1,B,16,ST-10,10,Body,Door fit check,2026-08-30 14:59:02,partial,74.962,68.39,2.243814493477306,6.572000000000003,0.6,False,True,0.007268482489841022,True,6.4624666666666695,0.5765755227372426
VH-00091,90,1,B,16,ST-14,14,Body,Side-frame marriage,2026-08-30 15:03:30,modern,74.571,66.66,2.5740588308924757,7.911000000000001,0.94,False,True,0.009631130120345666,True,7.779150000000001,0.7120612061206122
VH-00103,102,1,B,28,ST-43,43,Final Assembly,Powertrain marriage,2026-08-30 15:55:57,modern,75.419,69.82,1.862205588441217,5.599000000000004,0.86,False,True,0.0022878622227456846,True,4.385883333333337,0.4811515325121745
VH-00103,102,1,B,28,ST-44,44,Final Assembly,Battery connect,2026-08-30 15:57:10,modern,72.989,64.82,2.6945144263303527,8.169000000000011,0.94,False,True,0.02118704813354666,True,6.399050000000009,0.7561555075593963
VH-00105,104,1,B,30,ST-27,27,Paint,Oven cure,2026-08-30 15:38:51,partial,97.361,90.02,2.441047619047624,7.341000000000008,0.6,False,True,0.025861458561720063,True,5.505750000000006,0.4892912686069768
VH-00105,104,1,B,30,ST-39,39,Final Assembly,Interior fit,2026-08-30 15:53:07,partial,80.401,72.85,2.5114407263953225,7.551000000000002,0.6,False,True,0.0327441205449317,True,5.6632500000000014,0.6219080301990393
VH-00108,107,1,B,33,ST-33,33,Final Assembly,Interior fit,2026-08-30 15:48:31,partial,80.155,72.98,2.463497668393785,7.174999999999997,0.6,False,True,0.023029900699178985,True,5.022499999999998,0.589887640449438
VH-00109,108,1,B,34,ST-10,10,Body,Door fit check,2026-08-30 15:20:24,partial,75.875,68.39,2.5513201423132075,7.484999999999999,0.6,False,True,0.030329696245246063,True,5.11475,0.6566749524784324
VH-00113,112,1,B,38,ST-03,3,Body,Roof laser weld,2026-08-30 15:17:43,manual_check,61.154,54.24,2.358142792178264,6.9140000000000015,0.22,False,True,0.059064860833759725,True,4.263633333333334,0.7648230088495577
VH-00114,113,1,B,39,ST-21,21,Paint,Oven cure,2026-08-30 15:40:54,legacy,101.075,93.2,2.7456463930178776,7.875,0.36,True,True,0.05024435806898764,True,4.725,0.5069742489270386
VH-00115,114,1,B,40,ST-23,23,Paint,Clearcoat booth,2026-08-30 15:44:33,legacy,89.993,83.34,2.183800229621125,6.652999999999992,0.36,False,True,0.004144045429716803,True,3.880916666666662,0.4789776817854565
VH-00118,117,1,B,43,ST-03,3,Body,Roof laser weld,2026-08-30 15:23:39,manual_check,59.609,54.24,1.816544663158579,5.369,0.22,False,True,0.011702848105634822,True,2.8634666666666666,0.5939159292035397
VH-00118,117,1,B,43,ST-16,16,Body,Door fit check,2026-08-30 15:38:06,manual_check,81.892,74.71,2.221832120022788,7.182000000000002,0.22,False,True,0.05645155631384646,True,3.8304000000000014,0.5767902556552004
VH-00118,117,1,B,43,ST-33,33,Final Assembly,Interior fit,2026-08-30 16:01:25,partial,80.607,72.98,2.621463471502593,7.626999999999995,0.6,False,True,0.039704173454675584,True,4.067733333333331,0.6270485064401201
VH-00119,118,1,B,44,ST-07,7,Body,Underbody weld,2026-08-30 15:29:24,legacy,72.007,64.33,2.483593759522218,7.677000000000007,0.36,False,True,0.03806101902469694,True,3.966450000000003,0.7160267371366399
VH-00119,118,1,B,44,ST-33,33,Final Assembly,Interior fit,2026-08-30 16:03:10,partial,79.419,72.98,2.2062790155440424,6.438999999999993,0.6,False,True,0.0014185027358800673,True,3.326816666666663,0.5293779117566451
VH-00120,119,1,B,45,ST-45,45,Final Assembly,Interior fit,2026-08-30 16:18:14,modern,105.539,69.18,11.931016862482524,36.358999999999995,0.94,True,True,0.09905071916353692,True,18.179499999999997,3.1534258456201205
VH-00121,120,1,B,46,ST-16,16,Body,Door fit check,2026-08-30 15:41:26,manual_check,81.288,74.71,2.015515477622333,6.578000000000003,0.22,False,True,0.03464921280210964,True,3.179366666666668,0.5282826930799093
VH-00127,126,1,B,52,ST-36,36,Final Assembly,End-of-line quality,2026-08-30 16:16:17,modern,86.132,77.15,3.087637503230811,8.982,0.94,True,True,0.04268956405014812,True,3.4431,0.6985353208036292
VH-00127,126,1,B,52,ST-41,41,Final Assembly,ADAS calibration,2026-08-30 16:22:14,modern,83.381,75.75,2.6594491996977454,7.631,0.94,False,True,0.012689863863841966,True,2.9252166666666666,0.6044356435643564
VH-00133,132,1,B,58,ST-17,17,Paint,Clearcoat booth,2026-08-30 15:57:41,modern,92.795,84.41,2.6900874828403847,8.385000000000005,0.94,False,True,0.022776937773441475,True,2.3757500000000014,0.5960194289776096
VH-00133,132,1,B,58,ST-32,32,Final Assembly,Battery connect,2026-08-30 16:18:35,legacy,68.664,61.9,2.2890995739101876,6.764000000000003,0.36,False,True,0.016170132024142414,True,1.9164666666666677,0.6556381260096934
VH-00133,132,1,B,58,ST-33,33,Final Assembly,Interior fit,2026-08-30 16:19:54,partial,78.331,72.98,1.826042746113993,5.350999999999999,0.68,False,True,0.013480125847466495,True,1.5161166666666663,0.43992874760208267
VH-00135,134,1,B,60,ST-04,4,Body,Door fit check,2026-08-30 15:45:05,legacy,71.446,64.64,2.5249097954790187,6.805999999999997,0.36,False,True,0.029179369241891573,True,1.7014999999999993,0.6317450495049503
VH-00136,135,1,B,61,ST-06,6,Body,Seam sealing prep,2026-08-30 15:48:32,legacy,75.974,68.4,2.6513561121699003,7.573999999999998,0.36,False,True,0.04339949798542708,True,1.7672666666666663,0.6643859649122805
VH-00136,135,1,B,61,ST-28,28,Paint,Basecoat booth,2026-08-30 16:17:07,legacy,86.361,77.8,2.6366669891173,8.561000000000007,0.36,False,True,0.053668892404870716,True,1.9975666666666683,0.6602313624678668
VH-00136,135,1,B,61,ST-33,33,Final Assembly,Interior fit,2026-08-30 16:22:54,partial,80.018,72.98,2.4156186528497434,7.037999999999997,0.6,False,True,0.02087351202686305,True,1.6421999999999992,0.5786242806248284
VH-00139,138,1,B,64,ST-14,14,Body,Side-frame marriage,2026-08-30 16:00:43,modern,74.806,66.66,2.653421704844159,8.146,0.86,False,True,0.06625862149017814,True,1.4934333333333334,0.7332133213321333
VH-00144,143,1,B,69,ST-03,3,Body,Roof laser weld,2026-08-30 15:54:46,manual_check,59.761,54.24,1.8698281036834934,5.521000000000001,0.22,False,True,0.013670038242203253,True,0.5521,0.6107300884955753
VH-00147,146,1,B,72,ST-32,32,Final Assembly,Battery connect,2026-08-30 16:34:48,legacy,69.584,61.9,2.614522058341521,7.684000000000005,0.36,False,True,0.04492048270892368,True,0.3842000000000002,0.7448142164781911
VH-00147,146,1,B,72,ST-40,40,Final Assembly,Wheel torque,2026-08-30 16:44:37,legacy,79.17,69.44,3.4813081169495024,9.730000000000004,0.36,True,True,0.07176284654546294,True,0.4865000000000002,0.8407258064516133
VH-00153,152,2,A,3,ST-39,39,Final Assembly,Interior fit,2026-08-31 06:50:32,partial,80.748,72.85,2.630331576608037,7.89800000000001,0.6,False,True,0.042795942623317984,True,9.477600000000013,0.6504873026767339
VH-00157,156,2,A,7,ST-21,21,Paint,Oven cure,2026-08-31 06:32:08,legacy,99.797,93.2,2.275437201690995,6.596999999999994,0.36,False,True,0.011981790430063755,True,7.476599999999993,0.42469957081545023
VH-00158,157,2,A,8,ST-32,32,Final Assembly,Battery connect,2026-08-31 06:48:14,legacy,70.469,61.9,2.927564339560789,8.568999999999996,0.36,True,True,0.05850185761856841,True,9.568716666666662,0.8305977382875601
VH-00163,162,2,A,13,ST-02,2,Body,Side-frame marriage,2026-08-31 06:16:44,partial,74.965,67.75,2.582151097830333,7.215000000000003,0.6,False,True,0.028868526552289775,True,7.455500000000003,0.638966789667897
VH-00164,163,2,A,14,ST-22,22,Paint,Basecoat booth,2026-08-31 06:42:23,modern,87.395,79.8,2.390183488516446,7.594999999999999,0.86,False,True,0.05125848266979116,True,7.721583333333332,0.5710526315789473
VH-00165,164,2,A,15,ST-23,23,Paint,Clearcoat booth,2026-08-31 06:45:01,legacy,90.138,83.34,2.233705829825236,6.798000000000002,0.36,False,True,0.013258285136037662,True,6.798000000000002,0.4894168466522679
VH-00165,164,2,A,15,ST-45,45,Final Assembly,Interior fit,2026-08-31 07:12:50,modern,77.013,69.18,2.5606938576733493,7.832999999999998,0.86,False,True,0.059813163818463466,True,7.832999999999998,0.6793581960104075
VH-00166,165,2,A,16,ST-01,1,Body,Underbody weld,2026-08-31 06:19:13,modern,73.672,65.52,2.8367834715059645,8.152000000000001,0.94,True,True,0.02464281393209533,True,8.016133333333334,0.7465201465201466
VH-00169,168,2,A,19,ST-19,19,Paint,E-coat inspection,2026-08-31 06:43:53,modern,94.938,87.2,2.4896027586206855,7.7379999999999995,0.94,False,True,0.0018011420382485488,True,7.222133333333333,0.5324311926605504
VH-00169,168,2,A,19,ST-42,42,Final Assembly,End-of-line quality,2026-08-31 07:13:42,modern,83.721,74.74,3.0710683959220484,8.981000000000009,0.94,True,True,0.04268956405014812,True,8.382266666666675,0.7209793952368218
VH-00172,171,2,A,22,ST-04,4,Body,Door fit check,2026-08-31 06:29:30,legacy,71.966,64.64,2.726267527807687,7.325999999999993,0.36,True,True,0.041564728906271275,True,6.471299999999995,0.6800123762376231
VH-00174,173,2,A,24,ST-03,3,Body,Roof laser weld,2026-08-31 06:30:49,manual_check,59.798,54.24,1.8827984148638999,5.558,0.22,False,True,0.014542653457791155,True,4.7242999999999995,0.6148230088495574
VH-00174,173,2,A,24,ST-14,14,Body,Side-frame marriage,2026-08-31 06:43:03,modern,74.692,66.66,2.6149222681186597,8.031999999999996,0.94,False,True,0.016754608375617597,True,6.827199999999997,0.7229522952295226
VH-00178,177,2,A,28,ST-26,26,Paint,Primer booth,2026-08-31 07:04:48,modern,101.78,92.75,2.818818007891904,9.030000000000001,0.94,True,True,0.03443718802958973,True,7.073500000000001,0.5841509433962265
VH-00180,179,2,A,30,ST-22,22,Paint,Basecoat booth,2026-08-31 07:01:32,modern,86.263,79.8,2.011023215394165,6.463000000000008,0.86,False,True,0.02111199499880334,True,4.847250000000006,0.4859398496240608
VH-00181,180,2,A,31,ST-33,33,Final Assembly,Interior fit,2026-08-31 07:17:23,partial,79.585,72.98,2.2642930051813472,6.60499999999999,0.68,False,True,0.04109235834966907,True,4.8436666666666595,0.5430254864346388
VH-00182,181,2,A,32,ST-32,32,Final Assembly,Battery connect,2026-08-31 07:16:52,legacy,71.824,61.9,3.40685506391346,9.924,0.36,True,True,0.07176284654546294,True,7.1122,0.9619386106623586
VH-00185,184,2,A,35,ST-32,32,Final Assembly,Battery connect,2026-08-31 07:20:13,legacy,68.569,61.9,2.2554961651917353,6.669000000000004,0.36,False,True,0.010623431087862234,True,4.446000000000002,0.6464297253634899
VH-00186,185,2,A,36,ST-34,34,Final Assembly,Wheel torque,2026-08-31 07:23:55,modern,81.555,76.27,1.8994863844166228,5.285000000000011,0.86,False,True,0.0016245739081526267,True,3.4352500000000066,0.4157598007080119
VH-00187,186,2,A,37,ST-44,44,Final Assembly,Battery connect,2026-08-31 07:36:59,modern,72.611,64.82,2.569033774223309,7.791000000000011,0.94,False,True,0.008246134596913035,True,4.9343000000000075,0.7211663066954654
VH-00191,190,2,A,41,ST-41,41,Final Assembly,ADAS calibration,2026-08-31 07:38:36,modern,83.864,75.75,2.8384880126399743,8.114000000000004,0.94,True,True,0.02340236706765131,True,4.597933333333335,0.642693069306931
VH-00197,196,2,A,47,ST-32,32,Final Assembly,Battery connect,2026-08-31 07:34:18,legacy,69.052,61.9,2.4263429695181866,7.152000000000008,0.36,False,True,0.02791981015889533,True,3.3376000000000037,0.6932471728594515
VH-00198,197,2,A,48,ST-10,10,Body,Door fit check,2026-08-31 07:07:18,partial,74.961,68.39,2.243477685537725,6.570999999999998,0.6,False,True,0.007268482489841022,True,2.956949999999999,0.5764877906126625
VH-00198,197,2,A,48,ST-16,16,Body,Door fit check,2026-08-31 07:14:09,manual_check,81.717,74.71,2.162054947141862,7.007000000000005,0.22,False,True,0.04795330014488397,True,3.1531500000000023,0.5627359121938166
VH-00198,197,2,A,48,ST-36,36,Final Assembly,End-of-line quality,2026-08-31 07:41:22,modern,84.833,77.15,2.634716593434996,7.682999999999993,0.94,False,True,0.012689863863841966,True,3.457349999999997,0.5975113415424491
VH-00198,197,2,A,48,ST-44,44,Final Assembly,Battery connect,2026-08-31 07:50:33,modern,73.732,64.82,2.9411602583820264,8.912000000000006,0.94,True,True,0.03923124629129915,True,4.010400000000002,0.8249305769824135
VH-00199,198,2,A,49,ST-16,16,Body,Door fit check,2026-08-31 07:15:35,manual_check,81.903,74.71,2.225589542318164,7.193000000000012,0.22,False,True,0.05645155631384646,True,3.1169666666666718,0.5776736715299167
VH-00202,201,2,A,52,ST-42,42,Final Assembly,End-of-line quality,2026-08-31 07:52:50,modern,81.591,74.74,2.329457865531029,6.850999999999999,0.86,False,True,0.03917521267393609,True,2.626216666666666,0.54998662028365
VH-00204,203,2,A,54,ST-42,42,Final Assembly,End-of-line quality,2026-08-31 07:54:57,modern,82.805,74.74,2.7521410504581194,8.065000000000012,0.94,True,True,0.021244749893052695,True,2.822750000000004,0.6474444741771485
VH-00205,204,2,A,55,ST-07,7,Body,Underbody weld,2026-08-31 07:12:23,legacy,71.473,64.33,2.307991102443783,7.143000000000001,0.36,False,True,0.02097739126370879,True,2.3810000000000002,0.66622104772268
VH-00206,205,2,A,56,ST-17,17,Paint,Clearcoat booth,2026-08-31 07:24:42,modern,90.219,84.41,1.8227409210033678,5.8089999999999975,0.86,False,True,0.002238357581325623,True,1.8395166666666658,0.4129131619476364
VH-00211,210,2,A,61,ST-04,4,Body,Door fit check,2026-08-31 07:16:20,legacy,72.33,64.64,2.8672179404377576,7.689999999999998,0.36,True,True,0.04969167267230401,True,1.794333333333333,0.7137995049504948
VH-00211,210,2,A,61,ST-41,41,Final Assembly,ADAS calibration,2026-08-31 08:02:39,modern,82.713,75.75,2.411834443910149,6.962999999999994,0.86,False,True,0.043069148174610716,True,1.6246999999999985,0.551524752475247
VH-00213,212,2,A,63,ST-34,34,Final Assembly,Wheel torque,2026-08-31 07:56:34,modern,84.25,76.27,2.8629939707149066,7.980000000000004,0.94,True,True,0.022106484796997727,True,1.5960000000000008,0.6277697653074606
VH-00215,214,2,A,65,ST-23,23,Paint,Clearcoat booth,2026-08-31 07:44:38,legacy,89.946,83.34,2.1676239316239325,6.6059999999999945,0.36,False,True,0.0031139204544450294,True,1.100999999999999,0.4755939524838009
VH-00216,215,2,A,66,ST-16,16,Body,Door fit check,2026-08-31 07:35:50,manual_check,83.735,74.71,2.8513711464202056,9.025000000000006,0.22,True,True,0.08781791831998709,True,1.353750000000001,0.7248025699370906
VH-00217,216,2,A,67,ST-33,33,Final Assembly,Interior fit,2026-08-31 07:59:00,partial,80.893,72.98,2.721415284974096,7.912999999999997,0.6,True,True,0.04515913722045517,True,1.0550666666666662,0.6505617977528086
VH-00220,219,2,A,70,ST-45,45,Final Assembly,Interior fit,2026-08-31 08:18:28,modern,105.738,69.18,11.996385097705023,36.55799999999999,0.94,True,True,0.09905071916353692,True,3.0464999999999995,3.1706851691240234
VH-00224,223,2,A,74,ST-10,10,Body,Door fit check,2026-08-31 07:38:21,partial,73.651,68.39,1.802259284688839,5.260999999999996,0.68,False,True,0.013490741132895279,True,0.08768333333333327,0.46155870741336413
VH-00224,223,2,A,74,ST-45,45,Final Assembly,Interior fit,2026-08-31 08:22:21,modern,127.607,69.18,19.179992816704246,58.42699999999999,0.94,True,True,0.10519934602332814,True,0.9737833333333332,5.067389418907197
VH-00228,227,2,B,3,ST-39,39,Final Assembly,Interior fit,2026-08-31 15:20:28,partial,78.861,72.85,1.9837983364023104,6.01100000000001,0.68,False,True,0.024186354060728332,True,7.213200000000012,0.4950720658888135
VH-00228,227,2,B,3,ST-45,45,Final Assembly,Interior fit,2026-08-31 15:28:10,modern,111.085,69.18,13.752786875266358,41.90499999999999,0.94,True,True,0.10261460781682974,True,50.28599999999998,3.6344319167389405
VH-00229,228,2,B,4,ST-08,8,Body,Side-frame marriage,2026-08-31 14:42:20,modern,74.301,66.34,2.8575785944205965,7.9609999999999985,0.94,True,True,0.02122364133371568,True,9.420516666666664,0.7200180886343079
VH-00229,228,2,B,4,ST-31,31,Final Assembly,Powertrain marriage,2026-08-31 15:12:32,modern,74.319,66.81,2.551301541820167,7.509,0.94,False,True,0.0012932553689729565,True,8.88565,0.6743601257296812
VH-00230,229,2,B,5,ST-12,12,Body,Seam sealing prep,2026-08-31 14:48:10,modern,78.922,70.11,2.735115343915344,8.811999999999998,0.94,True,True,0.03109882581127743,True,10.280666666666663,0.7541292255027812
VH-00230,229,2,B,5,ST-16,16,Body,Door fit check,2026-08-31 14:52:50,manual_check,81.666,74.71,2.1446341710451344,6.956000000000003,0.22,False,True,0.04685209511406885,True,8.115333333333336,0.5586400749564987
VH-00231,230,2,B,6,ST-06,6,Body,Seam sealing prep,2026-08-31 14:42:40,legacy,74.8,68.4,2.220175605771857,6.3999999999999915,0.36,False,True,0.004310081278331213,True,7.35999999999999,0.561403508771929
VH-00234,233,2,B,9,ST-16,16,Body,Door fit check,2026-08-31 14:57:28,manual_check,81.428,74.71,2.063337215927074,6.7180000000000035,0.22,False,True,0.03934787412409979,True,7.389800000000005,0.5395261678490165
VH-00238,237,2,B,13,ST-41,41,Final Assembly,ADAS calibration,2026-08-31 15:34:32,modern,84.362,75.75,3.0230870371642555,8.611999999999995,0.94,True,True,0.03510800498241462,True,8.899066666666663,0.6821386138613857
VH-00242,241,2,B,17,ST-41,41,Final Assembly,ADAS calibration,2026-08-31 15:40:13,modern,83.875,75.75,2.8425655011334814,8.125,0.94,True,True,0.02464281393209533,True,7.854166666666667,0.6435643564356436
VH-00243,242,2,B,18,ST-45,45,Final Assembly,Interior fit,2026-08-31 15:45:42,modern,110.987,69.18,13.720595483046232,41.80699999999999,0.94,True,True,0.10261460781682974,True,39.71664999999999,3.625932350390285
VH-00244,243,2,B,19,ST-36,36,Final Assembly,End-of-line quality,2026-08-31 15:36:25,modern,84.627,77.15,2.562890798655982,7.47699999999999,0.94,False,True,0.0006094039630435422,True,6.978533333333323,0.5814906027219693
VH-00246,245,2,B,21,ST-02,2,Body,Side-frame marriage,2026-08-31 14:56:17,partial,74.461,67.75,2.405485903598812,6.7109999999999985,0.6,False,True,0.015557107883051091,True,6.0398999999999985,0.594332103321033
VH-00246,245,2,B,21,ST-24,24,Paint,Paint quality gate,2026-08-31 15:23:25,modern,96.744,88.82,2.6392522328704504,7.924000000000007,0.94,False,True,0.015122204558873809,True,7.131600000000006,0.535284845755461
VH-00246,245,2,B,21,ST-25,25,Paint,E-coat inspection,2026-08-31 15:25:05,modern,100.533,94.1,2.0744637643881476,6.433000000000007,0.86,False,True,0.021729386621501257,True,5.789700000000007,0.41018065887353927
VH-00246,245,2,B,21,ST-38,38,Final Assembly,Battery connect,2026-08-31 15:41:17,modern,74.377,66.48,2.5529155411713353,7.896999999999991,0.94,False,True,0.009154893528775188,True,7.107299999999992,0.7127256317689522
VH-00249,248,2,B,24,ST-21,21,Paint,Oven cure,2026-08-31 15:22:36,legacy,100.241,93.2,2.438796263466532,7.040999999999997,0.36,False,True,0.026673161092916398,True,5.984849999999997,0.4532832618025749
VH-00250,249,2,B,25,ST-04,4,Body,Door fit check,2026-08-31 15:03:10,legacy,70.759,64.64,2.2588852529601815,6.119,0.36,False,True,0.0015248130206014787,True,5.099166666666666,0.5679764851485148
VH-00251,250,2,B,26,ST-30,30,Final Assembly,End-of-line quality,2026-08-31 15:38:02,modern,78.944,70.35,2.753565596950696,8.594000000000008,0.94,True,True,0.02638207750877042,True,7.0184333333333395,0.7329637526652459
VH-00251,250,2,B,26,ST-40,40,Final Assembly,Wheel torque,2026-08-31 15:49:52,legacy,75.794,69.44,2.239783139099027,6.353999999999999,0.36,False,True,0.007066492760091192,True,5.189099999999999,0.5490207373271889
VH-00253,252,2,B,28,ST-40,40,Final Assembly,Wheel torque,2026-08-31 15:51:50,legacy,75.827,69.44,2.2519188986574004,6.3870000000000005,0.36,False,True,0.0074476419035477415,True,5.003150000000001,0.5518721198156683
VH-00255,254,2,B,30,ST-03,3,Body,Roof laser weld,2026-08-31 15:07:55,manual_check,59.693,54.24,1.8459907750276092,5.452999999999996,0.22,False,True,0.012424536518521379,True,4.089749999999997,0.6032079646017694
VH-00255,254,2,B,30,ST-12,12,Body,Seam sealing prep,2026-08-31 15:18:12,modern,78.753,70.11,2.6783507002801135,8.643,0.94,False,True,0.024156667792409214,True,6.482250000000001,0.7396662387676509
VH-00259,258,2,B,34,ST-36,36,Final Assembly,End-of-line quality,2026-08-31 15:54:12,modern,82.569,77.15,1.8453301886792466,5.418999999999997,0.86,False,True,0.000573190089752873,True,3.702983333333331,0.42143875567077094
VH-00261,260,2,B,36,ST-08,8,Body,Side-frame marriage,2026-08-31 15:20:45,modern,72.356,66.34,2.153768240343342,6.015999999999991,0.86,False,True,0.02114202966833445,True,3.9103999999999943,0.5441061199879401
VH-00262,261,2,B,37,ST-16,16,Body,Door fit check,2026-08-31 15:31:17,manual_check,81.467,74.71,2.0766589858833955,6.757000000000005,0.22,False,True,0.042620215508075154,True,4.279433333333336,0.5426582786775537
VH-00264,263,2,B,39,ST-45,45,Final Assembly,Interior fit,2026-08-31 16:10:44,modern,77.375,69.18,2.6796049187313624,8.194999999999993,0.94,False,True,0.020268906319704683,True,4.916999999999996,0.7107545533391146
VH-00266,265,2,B,41,ST-08,8,Body,Side-frame marriage,2026-08-31 15:26:32,modern,71.652,66.34,1.8990214592274652,5.311999999999998,0.86,False,True,0.00279828891742373,True,3.0101333333333318,0.4804341272233944
VH-00266,265,2,B,41,ST-33,33,Final Assembly,Interior fit,2026-08-31 15:58:25,partial,79.641,72.98,2.2838639896373096,6.661000000000001,0.6,False,True,0.009254795163858298,True,3.7745666666666673,0.5476294875308304
VH-00269,268,2,B,44,ST-20,20,Paint,Primer booth,2026-08-31 15:45:01,partial,89.48,82.23,2.252946724351049,7.25,0.6,False,True,0.01688378529246448,True,3.745833333333333,0.5290040131338927
VH-00269,268,2,B,44,ST-28,28,Paint,Basecoat booth,2026-08-31 15:56:51,legacy,84.83,77.8,2.1371944377267287,7.030000000000001,0.36,False,True,0.004740637155536853,True,3.6321666666666674,0.5421593830334192
VH-00274,273,2,B,49,ST-03,3,Body,Roof laser weld,2026-08-31 15:30:49,manual_check,61.074,54.24,2.330098876112518,6.833999999999996,0.22,False,True,0.05887819569777275,True,2.9613999999999985,0.7559734513274332
VH-00275,274,2,B,50,ST-40,40,Final Assembly,Wheel torque,2026-08-31 16:17:23,legacy,75.969,69.44,2.3041394397873654,6.528999999999996,0.36,False,True,0.013898070386861971,True,2.720416666666665,0.5641417050691241
VH-00276,275,2,B,51,ST-13,13,Body,Underbody weld,2026-08-31 15:44:31,modern,69.209,61.86,2.605477484732569,7.349000000000004,0.94,False,True,0.003925376938281433,True,2.9396000000000013,0.7128031037827356
VH-00276,275,2,B,51,ST-39,39,Final Assembly,Interior fit,2026-08-31 16:18:30,partial,78.327,72.85,1.8008366245475877,5.477000000000004,0.68,False,True,0.012039627230624128,True,2.1908000000000016,0.451091283459163
VH-00276,275,2,B,51,ST-40,40,Final Assembly,Wheel torque,2026-08-31 16:19:46,legacy,76.36,69.44,2.447929803039599,6.920000000000002,0.36,False,True,0.026139605468581184,True,2.7680000000000007,0.5979262672811062
VH-00281,280,2,B,56,ST-40,40,Final Assembly,Wheel torque,2026-08-31 16:25:31,legacy,75.811,69.44,2.246034894023041,6.371000000000009,0.36,False,True,0.006893898273714449,True,2.0174833333333364,0.5504896313364064
VH-00282,281,2,B,57,ST-32,32,Final Assembly,Battery connect,2026-08-31 16:16:52,legacy,69.194,61.9,2.476571222549978,7.294000000000004,0.36,False,True,0.031684545058483615,True,2.1882000000000015,0.7070113085621975
VH-00283,282,2,B,58,ST-23,23,Paint,Clearcoat booth,2026-08-31 16:06:02,legacy,90.269,83.34,2.278792958285499,6.929000000000002,0.36,False,True,0.017459268869501,True,1.9632166666666673,0.49884809215262793
VH-00284,283,2,B,59,ST-45,45,Final Assembly,Interior fit,2026-08-31 16:34:40,modern,113.381,69.18,14.506985207280728,44.20099999999999,0.94,True,True,0.10261460781682974,True,11.786933333333332,3.8335646140503026
VH-00287,286,2,B,62,ST-04,4,Body,Door fit check,2026-08-31 15:47:30,legacy,70.782,64.64,2.2677914603516403,6.141999999999996,0.36,False,True,0.0015248130206014787,True,1.3307666666666658,0.5701113861386135
VH-00287,286,2,B,62,ST-21,21,Paint,Oven cure,2026-08-31 16:08:43,legacy,100.063,93.2,2.3733054684303947,6.8629999999999995,0.36,False,True,0.022760017378965935,True,1.4869833333333333,0.4418240343347639
VH-00287,286,2,B,62,ST-28,28,Paint,Basecoat booth,2026-08-31 16:18:57,legacy,84.842,77.8,2.141109310761795,7.042000000000002,0.36,False,True,0.00690419284361854,True,1.525766666666667,0.5430848329048844
VH-00287,286,2,B,62,ST-31,31,Final Assembly,Powertrain marriage,2026-08-31 16:22:31,modern,74.393,66.81,2.578542911720562,7.582999999999998,0.94,False,True,0.005190568283260699,True,1.642983333333333,0.6810058374494834
VH-00287,286,2,B,62,ST-34,34,Final Assembly,Wheel torque,2026-08-31 16:26:09,modern,83.709,76.27,2.669577419996031,7.439000000000007,0.86,False,True,0.057732757321729666,True,1.611783333333335,0.5852104366067923
VH-00290,289,2,B,65,ST-13,13,Body,Underbody weld,2026-08-31 16:01:16,modern,69.208,61.86,2.605115361385141,7.347999999999999,0.86,False,True,0.056429682830190564,True,1.2246666666666666,0.7127061105722599
VH-00290,289,2,B,65,ST-37,37,Final Assembly,Powertrain marriage,2026-08-31 16:33:00,modern,71.039,64.35,2.2590176488930456,6.689000000000007,0.86,False,True,0.03433682229354018,True,1.1148333333333345,0.6236829836829844
VH-00291,290,2,B,66,ST-16,16,Body,Door fit check,2026-08-31 16:05:53,manual_check,82.465,74.71,2.417559663227196,7.75500000000001,0.22,False,True,0.07070548433105728,True,1.1632500000000014,0.6228081916744754
VH-00292,291,2,B,67,ST-33,33,Final Assembly,Interior fit,2026-08-31 16:30:05,partial,79.641,72.98,2.2838639896373096,6.661000000000001,0.6,False,True,0.009254795163858298,True,0.8881333333333336,0.5476294875308304
VH-00295,294,2,B,70,ST-01,1,Body,Underbody weld,2026-08-31 15:53:59,modern,71.171,65.52,1.9558254455251622,5.6510000000000105,0.86,False,True,0.009078669479734458,True,0.47091666666666754,0.5174908424908434
VH-00298,297,2,B,73,ST-07,7,Body,Underbody weld,2026-08-31 16:04:05,legacy,71.949,64.33,2.4645208117496518,7.619,0.36,False,True,0.03769910491724815,True,0.2539666666666667,0.7106171304212654
VH-00298,297,2,B,73,ST-21,21,Paint,Oven cure,2026-08-31 16:21:34,legacy,100.351,93.2,2.479268103095606,7.150999999999996,0.36,False,True,0.028848741994165095,True,0.23836666666666653,0.4603648068669525
VH-00299,298,2,B,74,ST-23,23,Paint,Clearcoat booth,2026-08-31 16:25:32,legacy,89.994,83.34,2.1841444061742585,6.653999999999996,0.36,False,True,0.004144045429716803,True,0.11089999999999994,0.47904967602591764
VH-00300,299,2,B,75,ST-07,7,Body,Underbody weld,2026-08-31 16:06:15,legacy,71.04,64.33,2.165601682003783,6.710000000000008,0.36,False,True,0.003916068591674371,True,0.0,0.6258355355199758
VH-00302,301,3,A,2,ST-19,19,Paint,E-coat inspection,2026-09-01 06:22:32,modern,95.924,87.2,2.823173667711595,8.724000000000004,0.94,True,True,0.03292972025693053,True,10.614200000000006,0.6002752293577984
VH-00303,302,3,A,3,ST-02,2,Body,Side-frame marriage,2026-09-01 06:04:46,partial,74.492,67.75,2.4163522151487684,6.742000000000004,0.6,False,True,0.01857397007679129,True,8.090400000000006,0.5970774907749081
VH-00303,302,3,A,3,ST-31,31,Final Assembly,Powertrain marriage,2026-09-01 06:41:12,modern,75.443,66.81,2.9650758630099587,8.632999999999996,0.94,True,True,0.03492782252149862,True,10.359599999999995,0.7753030983385717
VH-00309,308,3,A,9,ST-35,35,Final Assembly,ADAS calibration,2026-09-01 06:52:39,modern,77.661,69.91,2.82152693823916,7.751000000000005,0.94,True,True,0.018592562135180013,True,8.526100000000005,0.6652267200686601
VH-00312,311,3,A,12,ST-31,31,Final Assembly,Powertrain marriage,2026-09-01 06:51:43,modern,77.226,66.81,3.6214456269613846,10.415999999999997,0.94,True,True,0.057393473071186696,True,10.936799999999998,0.9354288280197572
VH-00313,312,3,A,13,ST-21,21,Paint,Oven cure,2026-09-01 06:39:31,legacy,100.007,93.2,2.3527016228010487,6.807000000000002,0.36,False,True,0.02031472976899218,True,7.033900000000002,0.4382188841201718
VH-00321,320,3,A,21,ST-02,2,Body,Side-frame marriage,2026-09-01 06:26:14,partial,74.117,67.75,2.284904898012221,6.367000000000004,0.6,False,True,0.005672642293962027,True,5.730300000000003,0.5638671586715871
VH-00323,322,3,A,23,ST-04,4,Body,Door fit check,2026-09-01 06:30:41,legacy,71.02,64.64,2.359951345532839,6.3799999999999955,0.36,False,True,0.013880608938244388,True,5.529333333333329,0.5922029702970293
VH-00323,322,3,A,23,ST-11,11,Body,Dimensional clamp,2026-09-01 06:38:27,modern,71.11,63.08,2.7041727359389873,8.030000000000001,0.94,True,True,0.01837012175924657,True,6.959333333333334,0.7637920101458466
VH-00323,322,3,A,23,ST-40,40,Final Assembly,Wheel torque,2026-09-01 07:16:13,legacy,76.104,69.44,2.3537857288898003,6.6640000000000015,0.36,False,True,0.015862260223911795,True,5.775466666666668,0.5758064516129033
VH-00325,324,3,A,25,ST-03,3,Body,Roof laser weld,2026-09-01 06:31:55,manual_check,60.079,54.24,1.9813026700448257,5.838999999999999,0.22,False,True,0.02188689738832439,True,4.865833333333332,0.6459070796460176
VH-00328,327,3,A,28,ST-37,37,Final Assembly,Powertrain marriage,2026-09-01 07:18:23,modern,73.977,64.35,3.2476954162768927,9.62700000000001,0.94,True,True,0.04950519184812574,True,7.541150000000007,0.8976223776223786
VH-00330,329,3,A,30,ST-23,23,Paint,Clearcoat booth,2026-09-01 07:02:35,legacy,91.231,83.34,2.6098908023982648,7.890999999999991,0.36,False,True,0.04693496658984542,True,5.9182499999999925,0.5681065514758813
VH-00331,330,3,A,31,ST-36,36,Final Assembly,End-of-line quality,2026-09-01 07:20:35,modern,86.528,77.15,3.225710390281729,9.378,0.94,True,True,0.04895310633958305,True,6.8772,0.7293324692158133
VH-00337,336,3,A,37,ST-03,3,Body,Roof laser weld,2026-09-01 06:46:22,manual_check,60.667,54.24,2.1874254531280455,6.427,0.22,False,True,0.044246426222506186,True,4.070433333333333,0.7109513274336282
VH-00337,336,3,A,37,ST-33,33,Final Assembly,Interior fit,2026-09-01 07:23:54,partial,80.425,72.98,2.5578577720207267,7.444999999999993,0.6,False,True,0.030329696245246063,True,4.715166666666662,0.6120855028775001
VH-00340,339,3,A,40,ST-04,4,Body,Door fit check,2026-09-01 06:51:08,legacy,71.003,64.64,2.3533684965913264,6.3629999999999995,0.36,False,True,0.013706170566286313,True,3.71175,0.590625
VH-00341,340,3,A,41,ST-02,2,Body,Side-frame marriage,2026-09-01 06:50:24,partial,74.97,67.75,2.583903728725485,7.219999999999999,0.68,False,True,0.06112833377632487,True,4.091333333333333,0.6394095940959409
VH-00342,341,3,A,42,ST-33,33,Final Assembly,Interior fit,2026-09-01 07:30:27,partial,80.161,72.98,2.465594559585495,7.180999999999997,0.68,False,True,0.05384432313783394,True,3.949549999999998,0.5903809262811727
VH-00343,342,3,A,43,ST-03,3,Body,Roof laser weld,2026-09-01 06:53:32,manual_check,60.075,54.24,1.9799004742415394,5.835000000000001,0.22,False,True,0.022416998821707446,True,3.1120000000000005,0.6454646017699116
VH-00347,346,3,A,47,ST-04,4,Body,Door fit check,2026-09-01 06:59:29,legacy,71.189,64.64,2.425392608539655,6.548999999999992,0.36,False,True,0.021470761631943502,True,3.0561999999999965,0.6078898514851478
VH-00349,348,3,A,49,ST-03,3,Body,Roof laser weld,2026-09-01 07:00:52,manual_check,59.747,54.24,1.8649204183719872,5.506999999999998,0.22,False,True,0.012972795746697408,True,2.386366666666666,0.6091814159292033
VH-00349,348,3,A,49,ST-13,13,Body,Underbody weld,2026-09-01 07:12:12,modern,70.849,61.86,3.199359774511778,8.989000000000004,0.86,True,True,0.07733018051382012,True,3.8952333333333353,0.8718719689621731
VH-00349,348,3,A,49,ST-16,16,Body,Door fit check,2026-09-01 07:15:49,manual_check,81.484,74.71,2.08246591124897,6.774000000000001,0.22,False,True,0.04250281521375021,True,2.9354000000000005,0.5440235577566592
VH-00350,349,3,A,50,ST-04,4,Body,Door fit check,2026-09-01 07:03:04,legacy,71.914,64.64,2.706131754574823,7.274000000000001,0.36,True,True,0.03977456570847138,True,3.0308333333333337,0.6751856435643565
VH-00350,349,3,A,50,ST-06,6,Body,Seam sealing prep,2026-09-01 07:05:21,legacy,76.785,68.4,2.9492158998094307,8.384999999999991,0.36,True,True,0.057136443963924366,True,3.4937499999999964,0.7355263157894728
VH-00351,350,3,A,51,ST-06,6,Body,Seam sealing prep,2026-09-01 07:06:33,legacy,76.425,68.4,2.8169970051728934,8.024999999999991,0.36,True,True,0.05098197029785223,True,3.2099999999999964,0.7039473684210519
VH-00352,351,3,A,52,ST-40,40,Final Assembly,Wheel torque,2026-09-01 07:50:13,legacy,76.219,69.44,2.3960770121992785,6.778999999999996,0.36,False,True,0.0220529399589795,True,2.5986166666666652,0.5857430875576034
VH-00354,353,3,A,54,ST-27,27,Paint,Oven cure,2026-09-01 07:37:50,partial,96.794,90.02,2.236136226642558,6.774000000000001,0.6,False,True,0.010915761181797157,True,2.3709000000000002,0.45149966674072434
VH-00355,354,3,A,55,ST-20,20,Paint,Primer booth,2026-09-01 07:28:46,partial,91.035,82.23,2.771536341161924,8.804999999999993,0.6,True,True,0.05391063690910891,True,2.9349999999999974,0.642466253192265
VH-00356,355,3,A,56,ST-43,43,Final Assembly,Powertrain marriage,2026-09-01 08:00:13,modern,77.93,69.82,2.7246176564190696,8.110000000000014,0.94,True,True,0.020715599826507947,True,2.568166666666671,0.696934975651677
VH-00357,356,3,A,57,ST-40,40,Final Assembly,Wheel torque,2026-09-01 07:56:49,legacy,75.717,69.44,2.2114663667961585,6.277000000000001,0.36,False,True,0.0010321351843689541,True,1.8831000000000002,0.5423675115207375
VH-00358,357,3,A,58,ST-06,6,Body,Seam sealing prep,2026-09-01 07:15:03,legacy,74.904,68.4,2.258372175333523,6.503999999999991,0.36,False,True,0.010970686004078134,True,1.8427999999999973,0.5705263157894728
VH-00361,360,3,A,61,ST-39,39,Final Assembly,Interior fit,2026-09-01 08:00:20,partial,81.28,72.85,2.8126080386056227,8.430000000000007,0.6,True,True,0.050767848853634834,True,1.9670000000000016,0.6943033630748119
VH-00362,361,3,A,62,ST-34,34,Final Assembly,Wheel torque,2026-09-01 07:54:13,modern,84.003,76.27,2.774687338501298,7.733000000000004,0.94,True,True,0.015575613561102819,True,1.6754833333333343,0.6083387963812774
VH-00365,364,3,A,65,ST-27,27,Paint,Oven cure,2026-09-01 07:50:48,partial,97.697,90.02,2.5624765923246984,7.677000000000007,0.6,False,True,0.037376281832789515,True,1.2795000000000012,0.511686291935126
VH-00365,364,3,A,65,ST-33,33,Final Assembly,Interior fit,2026-09-01 07:57:48,partial,80.535,72.98,2.5963007772020736,7.554999999999993,0.6,False,True,0.03649897651930245,True,1.2591666666666654,0.6211290764593033
VH-00366,365,3,A,66,ST-02,2,Body,Side-frame marriage,2026-09-01 07:20:21,partial,74.682,67.75,2.4829521891646182,6.932000000000002,0.68,False,True,0.05203237498845925,True,1.0398000000000003,0.6139040590405906
VH-00369,368,3,A,69,ST-34,34,Final Assembly,Wheel torque,2026-09-01 08:04:16,modern,84.36,76.27,2.9023208109719794,8.090000000000003,0.94,True,True,0.026832965474967607,True,0.8090000000000004,0.6364232332502953
VH-00370,369,3,A,70,ST-05,5,Body,Dimensional clamp,2026-09-01 07:28:09,modern,71.727,63.92,2.703029052577454,7.807000000000002,0.94,True,True,0.015168697720180258,True,0.6505833333333335,0.7328222778473094
VH-00375,374,3,A,75,ST-07,7,Body,Underbody weld,2026-09-01 07:36:18,legacy,71.055,64.33,2.1705343409104807,6.7250000000000085,0.36,False,True,0.005864641916565327,True,0.0,0.6272345717394692
VH-00376,375,3,B,1,ST-26,26,Paint,Primer booth,2026-09-01 15:02:23,modern,100.598,92.75,2.4374912112878135,7.847999999999999,0.94,False,True,0.0014011670355480454,True,9.6792,0.5076873315363881
VH-00377,376,3,B,2,ST-21,21,Paint,Oven cure,2026-09-01 14:56:35,legacy,99.649,93.2,2.2209841810991513,6.448999999999998,0.36,False,True,0.005463810789729018,True,7.846283333333331,0.41517167381974235
VH-00383,382,3,B,8,ST-04,4,Body,Door fit check,2026-09-01 14:42:40,legacy,70.857,64.64,2.2968334409759685,6.216999999999999,0.36,False,True,0.006181488258631518,True,6.942316666666666,0.5770730198019801
VH-00383,382,3,B,8,ST-25,25,Paint,E-coat inspection,2026-09-01 15:09:53,modern,101.564,94.1,2.432207703684653,7.463999999999999,0.86,False,True,0.050558810932354814,True,8.334799999999998,0.47591923485653553
VH-00383,382,3,B,8,ST-27,27,Paint,Oven cure,2026-09-01 15:13:06,partial,97.955,90.02,2.6557166968053076,7.935000000000002,0.6,False,True,0.04314993208641027,True,8.860750000000003,0.5288824705620975
VH-00383,382,3,B,8,ST-45,45,Final Assembly,Interior fit,2026-09-01 15:35:11,modern,106.339,69.18,12.193803737748853,37.15899999999999,0.94,True,True,0.10043461325268044,True,41.49421666666665,3.222810060711187
VH-00384,383,3,B,9,ST-12,12,Body,Seam sealing prep,2026-09-01 14:52:48,modern,78.26,70.11,2.5127591658885806,8.150000000000006,0.94,False,True,0.010869496085601948,True,8.965000000000005,0.6974753958065901
VH-00384,383,3,B,9,ST-40,40,Final Assembly,Wheel torque,2026-09-01 15:29:12,legacy,75.754,69.44,2.225073127513124,6.314000000000007,0.36,False,True,0.003688590782185086,True,6.945400000000008,0.5455645161290329
VH-00385,384,3,B,10,ST-45,45,Final Assembly,Interior fit,2026-09-01 15:35:54,modern,104.271,69.18,11.51449966518539,35.090999999999994,0.94,True,True,0.09570072822070574,True,38.015249999999995,3.0434518647007796
VH-00387,386,3,B,12,ST-04,4,Body,Door fit check,2026-09-01 14:47:39,legacy,72.958,64.64,3.1103961248654586,8.317999999999998,0.36,True,True,0.05937409751453482,True,8.733899999999998,0.7720915841584156
VH-00388,387,3,B,13,ST-16,16,Body,Door fit check,2026-09-01 15:02:21,manual_check,80.963,74.71,1.9045007279863253,6.253,0.22,False,True,0.028004656237014647,True,6.461433333333334,0.5021817695087673
VH-00388,387,3,B,13,ST-24,24,Paint,Paint quality gate,2026-09-01 15:14:13,modern,96.999,88.82,2.7289569072299242,8.179000000000002,0.94,True,True,0.022481105403394652,True,8.451633333333335,0.5525106957892368
VH-00388,387,3,B,13,ST-33,33,Final Assembly,Interior fit,2026-09-01 15:25:59,partial,80.083,72.98,2.438334974093266,7.102999999999994,0.6,False,True,0.02210916358212689,True,7.3397666666666606,0.583968210468621
VH-00388,387,3,B,13,ST-34,34,Final Assembly,Wheel torque,2026-09-01 15:27:23,modern,83.785,76.27,2.69674869144637,7.515000000000001,0.94,False,True,0.008097076433483119,True,7.765500000000001,0.5911891962763866
VH-00390,389,3,B,15,ST-17,17,Paint,Clearcoat booth,2026-09-01 15:06:20,modern,93.377,84.41,2.886048546112565,8.966999999999999,0.94,True,True,0.03792565593098607,True,8.967,0.6373889349603127
VH-00390,389,3,B,15,ST-33,33,Final Assembly,Interior fit,2026-09-01 15:28:22,partial,79.58,72.98,2.262545595854924,6.599999999999994,0.68,False,True,0.04109235834966907,True,6.599999999999994,0.5426144149081935
VH-00391,390,3,B,16,ST-21,21,Paint,Oven cure,2026-09-01 15:12:54,legacy,99.996,93.2,2.3486544388381376,6.795999999999992,0.36,False,True,0.020138550337398642,True,6.682733333333326,0.4375107296137334
VH-00393,392,3,B,18,ST-09,9,Body,Roof laser weld,2026-09-01 15:00:19,modern,73.587,65.84,2.5615965381981223,7.747,0.94,False,True,0.007598142873395997,True,7.35965,0.7059842041312272
VH-00393,392,3,B,18,ST-28,28,Paint,Basecoat booth,2026-09-01 15:25:49,legacy,85.053,77.8,2.2099458282950475,7.253,0.36,False,True,0.016016219254763375,True,6.89035,0.5593573264781492
VH-00396,395,3,B,21,ST-24,24,Paint,Paint quality gate,2026-09-01 15:24:01,modern,96.426,88.82,2.527385227198635,7.606000000000009,0.86,False,True,0.05701545264837504,True,6.845400000000009,0.5138031974780461
VH-00397,396,3,B,22,ST-24,24,Paint,Paint quality gate,2026-09-01 15:24:56,modern,96.676,88.82,2.615330986374591,7.856000000000009,0.94,False,True,0.01425903159475661,True,6.939466666666674,0.5306912857464542
VH-00399,398,3,B,24,ST-16,16,Body,Door fit check,2026-09-01 15:15:15,manual_check,81.796,74.71,2.1890400708995403,7.086000000000013,0.22,False,True,0.051752040405037,True,6.023100000000011,0.5690804443849562
VH-00399,398,3,B,24,ST-32,32,Final Assembly,Battery connect,2026-09-01 15:37:48,legacy,69.824,61.9,2.6994148803670845,7.9239999999999995,0.36,False,True,0.04803630629727074,True,6.735399999999999,0.7680775444264943
VH-00403,402,3,B,28,ST-12,12,Body,Seam sealing prep,2026-09-01 15:15:14,modern,78.625,70.11,2.635357360722068,8.515,0.94,False,True,0.021326910312737035,True,6.670083333333334,0.7287120239623449
VH-00403,402,3,B,28,ST-20,20,Paint,Primer booth,2026-09-01 15:25:46,partial,88.393,82.23,1.8904342398022222,6.162999999999997,0.68,False,True,0.022234799634403002,True,4.82768333333333,0.44968989419919714
VH-00403,402,3,B,28,ST-29,29,Final Assembly,ADAS calibration,2026-09-01 15:39:08,partial,76.2,69.18,2.18754916067146,7.019999999999996,0.6,False,True,0.006749620427928482,True,5.498999999999997,0.6088464874241106
VH-00404,403,3,B,29,ST-12,12,Body,Seam sealing prep,2026-09-01 15:16:53,modern,79.159,70.11,2.814720199190791,9.049000000000007,0.94,True,True,0.03443718802958973,True,6.9375666666666715,0.7744116388532312
VH-00404,403,3,B,29,ST-16,16,Body,Door fit check,2026-09-01 15:21:41,manual_check,81.549,74.71,2.1046688611761755,6.839000000000013,0.22,False,True,0.04341447256340325,True,5.243233333333344,0.5492437424708885
VH-00405,404,3,B,30,ST-32,32,Final Assembly,Battery connect,2026-09-01 15:44:24,legacy,68.583,61.9,2.2604482464765585,6.683,0.36,False,True,0.010970686004078134,True,5.01225,0.6477867528271406
VH-00407,406,3,B,32,ST-07,7,Body,Underbody weld,2026-09-01 15:14:58,legacy,71.717,64.33,2.3882290206593964,7.3870000000000005,0.36,False,True,0.02926447667213894,True,5.294016666666667,0.68897870355977
VH-00407,406,3,B,32,ST-21,21,Paint,Oven cure,2026-09-01 15:32:46,legacy,99.649,93.2,2.2209841810991513,6.448999999999998,0.36,False,True,0.005463810789729018,True,4.621783333333331,0.41517167381974235
VH-00407,406,3,B,32,ST-23,23,Paint,Clearcoat booth,2026-09-01 15:35:41,legacy,92.72,83.34,3.1223696900114826,9.379999999999995,0.36,True,True,0.06774229948468846,True,6.72233333333333,0.6753059755219579
VH-00407,406,3,B,32,ST-29,29,Final Assembly,ADAS calibration,2026-09-01 15:44:40,partial,77.613,69.18,2.6687146282973577,8.432999999999993,0.68,False,True,0.07440036384795712,True,6.043649999999995,0.731396357328707
VH-00408,407,3,B,33,ST-24,24,Paint,Paint quality gate,2026-09-01 15:37:34,modern,96.467,88.82,2.5418083317034905,7.647000000000006,0.94,False,True,0.005513744175284274,True,5.3529000000000035,0.5165728439540648
VH-00408,407,3,B,33,ST-28,28,Paint,Basecoat booth,2026-09-01 15:43:54,legacy,87.844,77.8,3.1204800483676,10.043999999999997,0.36,True,True,0.0679313638778487,True,7.0307999999999975,0.7746015424164522
VH-00409,408,3,B,34,ST-16,16,Body,Door fit check,2026-09-01 15:27:02,manual_check,81.488,74.71,2.083832246629107,6.778000000000006,0.22,False,True,0.04250281521375021,True,4.631633333333338,0.5443447998929198
VH-00410,409,3,B,35,ST-01,1,Body,Underbody weld,2026-09-01 15:12:02,modern,74.902,65.52,3.2700415170702963,9.382000000000005,0.94,True,True,0.04895310633958305,True,6.25466666666667,0.8591575091575097
VH-00410,409,3,B,35,ST-03,3,Body,Roof laser weld,2026-09-01 15:14:12,manual_check,61.71,54.24,2.553048008835185,7.469999999999999,0.22,False,True,0.07045360708008108,True,4.9799999999999995,0.8263274336283184
VH-00410,409,3,B,35,ST-20,20,Paint,Primer booth,2026-09-01 15:35:02,partial,89.784,82.23,2.3543301606922116,7.554000000000002,0.68,False,True,0.055456575493089355,True,5.036000000000001,0.5511856986501278
VH-00411,410,3,B,36,ST-15,15,Body,Roof laser weld,2026-09-01 15:28:33,modern,75.501,66.06,2.5025138178096253,9.441000000000003,0.94,False,True,0.025807879834909397,True,6.136650000000001,0.8574931880108994
VH-00411,410,3,B,36,ST-25,25,Paint,E-coat inspection,2026-09-01 15:43:09,modern,102.141,94.1,2.632419394251181,8.041000000000011,0.94,False,True,0.017806901190828617,True,5.226650000000007,0.5127098831030825
VH-00412,411,3,B,37,ST-25,25,Paint,E-coat inspection,2026-09-01 15:44:43,modern,102.119,94.1,2.6247856729470826,8.019000000000005,0.94,False,True,0.016754608375617597,True,5.078700000000003,0.5113071200850163
VH-00413,412,3,B,38,ST-39,39,Final Assembly,Interior fit,2026-09-01 16:02:15,partial,79.704,72.85,2.2726311511841972,6.853999999999999,0.6,False,True,0.013736512030068315,True,4.226633333333333,0.5645024021962938
VH-00414,413,3,B,39,ST-12,12,Body,Seam sealing prep,2026-09-01 15:29:02,modern,81.321,70.11,3.5409045751633994,11.210999999999999,0.94,True,True,0.0583252936906129,True,6.7265999999999995,0.9594351732991013
VH-00414,413,3,B,39,ST-20,20,Paint,Primer booth,2026-09-01 15:39:45,partial,92.633,82.23,3.3044663782447414,10.402999999999992,0.6,True,True,0.06248750598499475,True,6.241799999999995,0.7590660342940526
VH-00414,413,3,B,39,ST-21,21,Paint,Oven cure,2026-09-01 15:41:25,legacy,99.662,93.2,2.22576721669168,6.462000000000003,0.36,False,True,0.006721350491044609,True,3.877200000000002,0.4160085836909873
VH-00414,413,3,B,39,ST-23,23,Paint,Clearcoat booth,2026-09-01 15:44:19,legacy,91.064,83.34,2.5524133180252577,7.7239999999999895,0.36,False,True,0.04202801902491393,True,4.634399999999994,0.5560835133189337
VH-00414,413,3,B,39,ST-27,27,Paint,Oven cure,2026-09-01 15:50:50,partial,98.077,90.02,2.6998069787690073,8.057000000000002,0.68,False,True,0.07196323474043576,True,4.834200000000001,0.5370139968895803
VH-00414,413,3,B,39,ST-30,30,Final Assembly,End-of-line quality,2026-09-01 15:54:47,modern,79.875,70.35,3.0624107955244066,9.525000000000006,0.94,True,True,0.04785027913372031,True,5.715000000000003,0.8123667377398727
VH-00414,413,3,B,39,ST-31,31,Final Assembly,Powertrain marriage,2026-09-01 15:56:06,modern,79.267,66.81,4.372792058943918,12.456999999999994,0.94,True,True,0.06460781063295917,True,7.474199999999996,1.1187247418051185
VH-00414,413,3,B,39,ST-42,42,Final Assembly,End-of-line quality,2026-09-01 16:09:24,modern,82.87,74.74,2.7747723577235726,8.13000000000001,0.94,True,True,0.022481105403394652,True,4.878000000000005,0.6526625635536535
VH-00415,414,3,B,40,ST-24,24,Paint,Paint quality gate,2026-09-01 15:46:26,modern,97.933,88.82,3.0575222635113013,9.113000000000014,0.94,True,True,0.042871847390576145,True,5.315916666666675,0.61560459356001
VH-00415,414,3,B,40,ST-28,28,Paint,Basecoat booth,2026-09-01 15:52:32,legacy,86.104,77.8,2.552823458282957,8.304000000000002,0.36,False,True,0.04865305418845178,True,4.844000000000002,0.6404113110539847
VH-00417,416,3,B,42,ST-20,20,Paint,Primer booth,2026-09-01 15:43:15,partial,89.402,82.23,2.226933868974039,7.171999999999997,0.6,False,True,0.013003063772659584,True,3.9445999999999986,0.5233126596132796
VH-00417,416,3,B,42,ST-21,21,Paint,Oven cure,2026-09-01 15:44:56,legacy,100.729,93.2,2.618344061093697,7.528999999999996,0.36,False,True,0.042852367699724336,True,4.140949999999998,0.4846995708154504
VH-00417,416,3,B,42,ST-25,25,Paint,E-coat inspection,2026-09-01 15:50:57,modern,102.123,94.1,2.6261736222751018,8.02300000000001,0.94,False,True,0.016754608375617597,True,4.4126500000000055,0.5115621679064831
VH-00417,416,3,B,42,ST-27,27,Paint,Oven cure,2026-09-01 15:54:10,partial,98.222,90.02,2.7522093630701243,8.201999999999998,0.6,True,True,0.04910986441444254,True,4.511099999999999,0.5466785158853588
VH-00417,416,3,B,42,ST-45,45,Final Assembly,Interior fit,2026-09-01 16:16:49,modern,117.354,69.18,15.81205052657214,48.17399999999999,0.94,True,True,0.10519934602332814,True,26.495699999999996,4.178143972246313
VH-00418,417,3,B,43,ST-20,20,Paint,Primer booth,2026-09-01 15:43:55,partial,89.394,82.23,2.2242658838071683,7.1640000000000015,0.6,False,True,0.013003063772659584,True,3.8208000000000006,0.5227289310470632
VH-00418,417,3,B,43,ST-21,21,Paint,Oven cure,2026-09-01 15:45:36,legacy,100.959,93.2,2.702966998499945,7.759,0.36,True,True,0.04656825058888536,True,4.138133333333333,0.49950643776824033
VH-00418,417,3,B,43,ST-29,29,Final Assembly,ADAS calibration,2026-09-01 15:56:58,partial,76.048,69.18,2.1357889688249365,6.867999999999995,0.6,False,True,0.0034747181226734147,True,3.6629333333333305,0.5956634865568078
VH-00418,417,3,B,43,ST-30,30,Final Assembly,End-of-line quality,2026-09-01 15:58:16,modern,78.275,70.35,2.5316349440550865,7.925000000000011,0.94,False,True,0.0074006228165715005,True,4.226666666666673,0.675906183368871
VH-00420,419,3,B,45,ST-02,2,Body,Side-frame marriage,2026-09-01 15:25:12,partial,76.05,67.75,2.9624720020787403,8.299999999999997,0.6,True,True,0.05298478604244694,True,4.149999999999999,0.7350553505535052
VH-00420,419,3,B,45,ST-45,45,Final Assembly,Interior fit,2026-09-01 16:20:02,modern,104.94,69.18,11.734255189626857,35.75999999999999,0.94,True,True,0.09648757534685237,True,17.879999999999995,3.101474414570684
VH-00421,420,3,B,46,ST-29,29,Final Assembly,ADAS calibration,2026-09-01 16:00:18,partial,76.901,69.18,2.42625899280575,7.720999999999989,0.6,False,True,0.03339943148105551,True,3.7318166666666617,0.6696444058976573
VH-00421,420,3,B,46,ST-38,38,Final Assembly,Battery connect,2026-09-01 16:11:13,modern,75.139,66.48,2.8088284060496562,8.658999999999992,0.94,True,True,0.03002279928871754,True,4.185183333333329,0.7814981949458476
VH-00421,420,3,B,46,ST-45,45,Final Assembly,Interior fit,2026-09-01 16:20:04,modern,104.603,69.18,11.623556218420916,35.42299999999999,0.94,True,True,0.09570072822070574,True,17.12111666666666,3.072246313963572
VH-00423,422,3,B,48,ST-15,15,Body,Roof laser weld,2026-09-01 15:43:18,modern,78.997,66.06,3.5187512794268203,12.936999999999998,0.94,True,True,0.062353187570847624,True,5.821649999999999,1.1750227066303358
VH-00423,422,3,B,48,ST-16,16,Body,Door fit check,2026-09-01 15:44:42,manual_check,83.15,74.71,2.6515445970753957,8.440000000000012,0.22,False,True,0.08277939476679974,True,3.798000000000006,0.6778209075090359
VH-00423,422,3,B,48,ST-20,20,Paint,Primer booth,2026-09-01 15:50:35,partial,89.517,82.23,2.2652861557478325,7.286999999999992,0.6,False,True,0.017208415134343236,True,3.2791499999999965,0.5317037577526444
VH-00424,423,3,B,49,ST-27,27,Paint,Oven cure,2026-09-01 16:01:39,partial,98.019,90.02,2.6788460250485624,7.999000000000009,0.6,False,True,0.04387986017038248,True,3.4662333333333373,0.5331481892912693
VH-00425,424,3,B,50,ST-13,13,Body,Underbody weld,2026-09-01 15:43:26,modern,71.577,61.86,3.4629855714381566,9.716999999999999,0.94,True,True,0.054049339929087004,True,4.048749999999999,0.9424830261881667
VH-00425,424,3,B,50,ST-21,21,Paint,Oven cure,2026-09-01 15:54:45,legacy,99.556,93.2,2.1867670803218417,6.3559999999999945,0.36,False,True,0.0018557980379371175,True,2.648333333333331,0.40918454935622284
VH-00425,424,3,B,50,ST-30,30,Final Assembly,End-of-line quality,2026-09-01 16:07:51,modern,78.581,70.35,2.633145825648594,8.231000000000009,0.94,False,True,0.020621383446338903,True,3.4295833333333365,0.7020042643923249
VH-00425,424,3,B,50,ST-32,32,Final Assembly,Battery connect,2026-09-01 16:10:09,legacy,71.043,61.9,3.1305996722386036,9.143000000000008,0.36,True,True,0.06642028044958859,True,3.8095833333333364,0.8862358642972544
VH-00425,424,3,B,50,ST-36,36,Final Assembly,End-of-line quality,2026-09-01 16:15:17,modern,85.958,77.15,3.026969113466012,8.807999999999993,0.94,True,True,0.03988738511373591,True,3.669999999999997,0.6850032404406993
VH-00426,425,3,B,51,ST-06,6,Body,Seam sealing prep,2026-09-01 15:36:28,legacy,76.542,68.4,2.8599681459297694,8.141999999999996,0.36,True,True,0.05397884874589243,True,3.2567999999999984,0.7142105263157891
VH-00427,426,3,B,52,ST-20,20,Paint,Primer booth,2026-09-01 15:55:14,partial,90.941,82.23,2.7401875154511717,8.710999999999999,0.6,True,True,0.053354976055572156,True,3.339216666666666,0.6356074425392191
VH-00427,426,3,B,52,ST-27,27,Paint,Oven cure,2026-09-01 16:06:02,partial,98.556,90.02,2.8729155448395987,8.536000000000001,0.6,True,True,0.05316985600246005,True,3.272133333333334,0.5689402355032216
VH-00427,426,3,B,52,ST-31,31,Final Assembly,Powertrain marriage,2026-09-01 16:11:07,modern,74.307,66.81,2.5468840223768594,7.497,0.94,False,True,0.0012932553689729565,True,2.8738499999999996,0.6732824427480916
VH-00427,426,3,B,52,ST-45,45,Final Assembly,Interior fit,2026-09-01 16:28:14,modern,110.04,69.18,13.409521519449717,40.86,0.94,True,True,0.10261460781682974,True,15.663,3.5437987857762354
VH-00428,427,3,B,53,ST-23,23,Paint,Clearcoat booth,2026-09-01 16:00:07,legacy,91.332,83.34,2.644652634264574,7.99199999999999,0.36,False,True,0.047485412898158,True,2.9303999999999966,0.5753779697624183
VH-00429,428,3,B,54,ST-23,23,Paint,Clearcoat booth,2026-09-01 16:02:10,legacy,91.723,83.34,2.7792256665391006,8.382999999999996,0.36,True,True,0.055091635651075554,True,2.9340499999999983,0.6035277177825771
VH-00429,428,3,B,54,ST-27,27,Paint,Oven cure,2026-09-01 16:08:41,partial,98.924,90.02,3.0059091822383026,8.90400000000001,0.6,True,True,0.05632372064202351,True,3.1164000000000036,0.5934681181959572
VH-00429,428,3,B,54,ST-31,31,Final Assembly,Powertrain marriage,2026-09-01 16:13:44,modern,75.855,66.81,3.1167440305635155,9.045000000000002,0.94,True,True,0.042871847390576145,True,3.165750000000001,0.8123035473731478
VH-00429,428,3,B,54,ST-45,45,Final Assembly,Interior fit,2026-09-01 16:31:05,modern,108.771,69.18,12.9926758385585,39.590999999999994,0.94,True,True,0.10261460781682974,True,13.856849999999998,3.4337380745880304
VH-00430,429,3,B,55,ST-15,15,Body,Roof laser weld,2026-09-01 15:51:27,modern,75.82,66.06,2.5952425793244633,9.759999999999991,0.94,False,True,0.03668937343835976,True,3.2533333333333303,0.8864668483197085
VH-00430,429,3,B,55,ST-16,16,Body,Door fit check,2026-09-01 15:52:48,manual_check,81.377,74.71,2.0459164398303464,6.667000000000002,0.22,False,True,0.03591098635461143,True,2.2223333333333337,0.5354303306116988
VH-00430,429,3,B,55,ST-45,45,Final Assembly,Interior fit,2026-09-01 16:31:12,modern,99.121,69.18,9.822809155658387,29.94099999999999,0.94,True,True,0.09203219715858724,True,9.980333333333329,2.596790980052037
VH-00431,430,3,B,56,ST-16,16,Body,Door fit check,2026-09-01 15:53:58,manual_check,85.472,74.71,3.44470228524403,10.762,0.22,True,True,0.1015520533339832,True,3.407966666666667,0.8643019676080848
VH-00431,430,3,B,56,ST-21,21,Paint,Oven cure,2026-09-01 16:01:39,legacy,99.624,93.2,2.2117860357289048,6.423999999999992,0.36,False,True,0.004052196633761107,True,2.0342666666666642,0.4135622317596562
VH-00431,430,3,B,56,ST-32,32,Final Assembly,Battery connect,2026-09-01 16:16:59,legacy,70.524,61.9,2.947018944608317,8.624000000000002,0.36,True,True,0.059435179088853984,True,2.730933333333334,0.8359289176090471
VH-00431,430,3,B,56,ST-45,45,Final Assembly,Interior fit,2026-09-01 16:33:03,modern,98.467,69.18,9.607980885128162,29.286999999999992,0.94,True,True,0.08893805687213885,True,9.274216666666664,2.5400693842150903
VH-00432,431,3,B,57,ST-15,15,Body,Roof laser weld,2026-09-01 15:53:58,modern,76.31,66.06,2.737678607983627,10.25,0.94,True,True,0.04131775111209213,True,3.075,0.9309718437783833
VH-00432,431,3,B,57,ST-45,45,Final Assembly,Interior fit,2026-09-01 16:33:27,modern,109.65,69.18,13.28141291775738,40.47,0.94,True,True,0.10261460781682974,True,12.141,3.5099739809193404
VH-00433,432,3,B,58,ST-17,17,Paint,Clearcoat booth,2026-09-01 15:57:35,modern,92.885,84.41,2.7203907400474243,8.475000000000009,0.94,True,True,0.023542704499216804,True,2.4012500000000028,0.6024167752635949
VH-00433,432,3,B,58,ST-41,41,Final Assembly,ADAS calibration,2026-09-01 16:29:20,modern,84.446,75.75,3.0542242220237745,8.695999999999998,0.86,True,True,0.07599001499141278,True,2.463866666666666,0.6887920792079206
VH-00434,433,3,B,59,ST-20,20,Paint,Primer booth,2026-09-01 16:03:30,partial,90.535,82.23,2.604787268232381,8.304999999999993,0.6,False,True,0.04647885075632374,True,2.214666666666665,0.6059832178037207
VH-00434,433,3,B,59,ST-21,21,Paint,Oven cure,2026-09-01 16:05:11,legacy,100.936,93.2,2.694504704759322,7.736000000000004,0.36,False,True,0.046201733026238645,True,2.0629333333333344,0.49802575107296165
VH-00434,433,3,B,59,ST-29,29,Final Assembly,ADAS calibration,2026-09-01 16:17:04,partial,78.032,69.18,2.811395683453232,8.85199999999999,0.6,True,True,0.05391063690910891,True,2.3605333333333305,0.767736339982653
VH-00434,433,3,B,59,ST-45,45,Final Assembly,Interior fit,2026-09-01 16:36:38,modern,106.887,69.18,12.37381274730629,37.706999999999994,0.94,True,True,0.10102851375346511,True,10.055199999999997,3.270338248048568
VH-00436,435,3,B,61,ST-12,12,Body,Seam sealing prep,2026-09-01 15:55:10,modern,77.926,70.11,2.4005734204793048,7.8160000000000025,0.94,False,True,3.3970734096056e-05,True,1.8237333333333339,0.6688917415489947
VH-00436,435,3,B,61,ST-15,15,Body,Roof laser weld,2026-09-01 15:58:35,modern,76.952,66.06,2.924298874104404,10.891999999999996,0.94,True,True,0.0496893199823738,True,2.5414666666666657,0.9892824704813802
VH-00437,436,3,B,62,ST-32,32,Final Assembly,Battery connect,2026-09-01 16:23:49,legacy,69.214,61.9,2.48364562438544,7.314,0.36,False,True,0.032043202789610814,True,1.5847,0.7089499192245557
VH-00437,436,3,B,62,ST-39,39,Final Assembly,Interior fit,2026-09-01 16:32:10,partial,79.398,72.85,2.167787923042729,6.548000000000002,0.6,False,True,0.0009251319651102374,True,1.4187333333333336,0.5392999313658203
VH-00438,437,3,B,63,ST-03,3,Body,Roof laser weld,2026-09-01 15:47:39,manual_check,60.417,54.24,2.099788215422595,6.177,0.22,False,True,0.03242795306123081,True,1.2353999999999998,0.6832964601769911
VH-00438,437,3,B,63,ST-25,25,Paint,E-coat inspection,2026-09-01 16:16:06,modern,102.711,94.1,2.8302021734936713,8.611000000000004,0.94,True,True,0.028556695154704603,True,1.7222000000000008,0.549054197662062
VH-00438,437,3,B,63,ST-45,45,Final Assembly,Interior fit,2026-09-01 16:41:41,modern,109.326,69.18,13.174984233274513,40.14599999999999,0.94,True,True,0.10261460781682974,True,8.029199999999998,3.481873373807457
VH-00440,439,3,B,65,ST-15,15,Body,Roof laser weld,2026-09-01 16:03:25,modern,77.057,66.06,2.9548208802456535,10.997,0.94,True,True,0.050426331036021566,True,1.8328333333333333,0.9988192552225249
VH-00441,440,3,B,66,ST-15,15,Body,Roof laser weld,2026-09-01 16:04:33,modern,77.421,66.06,3.0606305015353175,11.361000000000004,0.94,True,True,0.051533344651438884,True,1.7041500000000007,1.031880108991826
VH-00441,440,3,B,66,ST-16,16,Body,Door fit check,2026-09-01 16:05:56,manual_check,83.284,74.71,2.6973168323099337,8.574000000000012,0.22,False,True,0.08374559017292038,True,1.2861000000000018,0.6885825190737529
VH-00441,440,3,B,66,ST-25,25,Paint,E-coat inspection,2026-09-01 16:19:41,modern,103.402,94.1,3.0699704199086937,9.302000000000007,0.94,True,True,0.04781219148801574,True,1.395300000000001,0.5931137088204043
VH-00441,440,3,B,66,ST-28,28,Paint,Basecoat booth,2026-09-01 16:24:20,legacy,84.698,77.8,2.0941308343409952,6.897999999999996,0.36,False,True,0.0003941235774779228,True,1.0346999999999995,0.5319794344473004
VH-00441,440,3,B,66,ST-31,31,Final Assembly,Powertrain marriage,2026-09-01 16:28:02,modern,73.856,66.81,2.3808589166325533,7.045999999999992,0.86,False,True,0.04066492891272233,True,1.0568999999999988,0.632779524023349
VH-00441,440,3,B,66,ST-45,45,Final Assembly,Interior fit,2026-09-01 16:45:30,modern,114.242,69.18,14.789809581786116,45.062,0.94,True,True,0.1048011018503251,True,6.7593,3.9082393755420632
VH-00442,441,3,B,67,ST-16,16,Body,Door fit check,2026-09-01 16:06:52,manual_check,80.874,74.71,1.8740997657783116,6.1640000000000015,0.22,False,True,0.023750232442868002,True,0.8218666666666669,0.4950341319769778
VH-00442,441,3,B,67,ST-22,22,Paint,Basecoat booth,2026-09-01 16:15:53,modern,86.41,79.8,2.0602604593420204,6.609999999999999,0.86,False,True,0.02237968115208888,True,0.8813333333333333,0.4969924812030075
VH-00442,441,3,B,67,ST-23,23,Paint,Clearcoat booth,2026-09-01 16:17:26,legacy,93.07,83.34,3.242831483607602,9.72999999999999,0.36,True,True,0.0679313638778487,True,1.297333333333332,0.7005039596832245
VH-00442,441,3,B,67,ST-28,28,Paint,Basecoat booth,2026-09-01 16:25:10,legacy,87.526,77.8,3.016735912938338,9.725999999999999,0.36,True,True,0.06660898701033513,True,1.2968,0.750077120822622
VH-00442,441,3,B,67,ST-45,45,Final Assembly,Interior fit,2026-09-01 16:45:33,modern,97.329,69.18,9.234166555061806,28.148999999999987,0.94,True,True,0.0879648399139552,True,3.7531999999999983,2.4413703382480474
VH-00443,442,3,B,68,ST-45,45,Final Assembly,Interior fit,2026-09-01 16:46:40,modern,107.183,69.18,12.471043891154835,38.003,0.94,True,True,0.10102851375346511,True,4.433683333333334,3.2960104076322634
VH-00444,443,3,B,69,ST-27,27,Paint,Oven cure,2026-09-01 16:26:37,partial,97.875,90.02,2.626805036501243,7.855000000000004,0.6,False,True,0.042795942623317984,True,0.7855000000000004,0.5235503221506335
VH-00444,443,3,B,69,ST-29,29,Final Assembly,ADAS calibration,2026-09-01 16:29:11,partial,76.401,69.18,2.255995203836925,7.220999999999989,0.6,False,True,0.01688378529246448,True,0.722099999999999,0.6262792714657406
VH-00444,443,3,B,69,ST-45,45,Final Assembly,Interior fit,2026-09-01 16:48:56,modern,113.196,69.18,14.446215742375388,44.01599999999999,0.94,True,True,0.10261460781682974,True,4.401599999999999,3.817519514310493
VH-00445,444,3,B,70,ST-25,25,Paint,E-coat inspection,2026-09-01 16:24:00,modern,102.726,94.1,2.835406983473737,8.626000000000005,0.94,True,True,0.02891365941921009,True,0.7188333333333338,0.5500106269925614
VH-00445,444,3,B,70,ST-26,26,Paint,Primer booth,2026-09-01 16:25:43,modern,102.686,92.75,3.111104029654431,9.936000000000007,0.94,True,True,0.05005772577888157,True,0.8280000000000006,0.642760107816712
VH-00445,444,3,B,70,ST-45,45,Final Assembly,Interior fit,2026-09-01 16:49:06,modern,102.25,69.18,10.850634321543822,33.06999999999999,0.94,True,True,0.09438336287881832,True,2.755833333333333,2.868169991326972
VH-00446,445,3,B,71,ST-16,16,Body,Door fit check,2026-09-01 16:11:57,manual_check,83.199,74.71,2.6682822054820523,8.489000000000004,0.22,False,True,0.08277939476679974,True,0.5659333333333336,0.6817561236782229
VH-00446,445,3,B,71,ST-21,21,Paint,Oven cure,2026-09-01 16:19:37,legacy,99.673,93.2,2.2298144006545857,6.472999999999999,0.36,False,True,0.006721350491044609,True,0.43153333333333327,0.41671673819742483
VH-00446,445,3,B,71,ST-31,31,Final Assembly,Powertrain marriage,2026-09-01 16:33:49,modern,76.725,66.81,3.4370141902032985,9.914999999999992,0.94,True,True,0.05516224139134196,True,0.6609999999999995,0.8904355635383917
VH-00446,445,3,B,71,ST-45,45,Final Assembly,Interior fit,2026-09-01 16:50:54,modern,114.72,69.18,14.946824739757748,45.53999999999999,0.94,True,True,0.10519934602332814,True,3.0359999999999996,3.9496964440589757
VH-00448,447,3,B,73,ST-16,16,Body,Door fit check,2026-09-01 16:14:12,manual_check,82.265,74.71,2.349242894220422,7.555000000000007,0.22,False,True,0.06523847003770789,True,0.2518333333333336,0.606746084861465
VH-00448,447,3,B,73,ST-20,20,Paint,Primer booth,2026-09-01 16:20:16,partial,89.541,82.23,2.2732901112484507,7.310999999999993,0.6,False,True,0.01738380146286922,True,0.24369999999999975,0.5334549434512946
VH-00448,447,3,B,73,ST-26,26,Paint,Primer booth,2026-09-01 16:29:23,modern,100.996,92.75,2.565890589501372,8.245999999999995,0.94,False,True,0.014942438158695337,True,0.2748666666666665,0.5334339622641506
VH-00448,447,3,B,73,ST-32,32,Final Assembly,Battery connect,2026-09-01 16:37:01,legacy,69.696,61.9,2.6541387086201165,7.795999999999999,0.36,False,True,0.04638496700948547,True,0.25986666666666663,0.755670436187399
VH-00449,448,3,B,74,ST-23,23,Paint,Clearcoat booth,2026-09-01 16:25:55,legacy,90.518,83.34,2.36449292001531,7.177999999999997,0.36,False,True,0.02473474734448089,True,0.11963333333333329,0.5167746580273576
VH-00449,448,3,B,74,ST-24,24,Paint,Paint quality gate,2026-09-01 16:27:30,modern,95.415,88.82,2.1717325770910687,6.595000000000013,0.86,False,True,0.02964121225666272,True,0.10991666666666688,0.44550776852060436
VH-00449,448,3,B,74,ST-45,45,Final Assembly,Interior fit,2026-09-01 16:54:19,modern,107.183,69.18,12.471043891154835,38.003,0.94,True,True,0.10102851375346511,True,0.6333833333333333,3.2960104076322634
VH-00450,449,3,B,75,ST-15,15,Body,Roof laser weld,2026-09-01 16:15:29,modern,75.076,66.06,2.378972364380758,9.015999999999991,0.94,False,True,0.00994663347981184,True,0.0,0.8188919164395996
VH-00450,449,3,B,75,ST-17,17,Paint,Clearcoat booth,2026-09-01 16:18:20,modern,93.628,84.41,2.9705609634344188,9.218000000000004,0.94,True,True,0.046161397414815064,True,0.0,0.6552304229356714
VH-00450,449,3,B,75,ST-23,23,Paint,Clearcoat booth,2026-09-01 16:27:10,legacy,91.204,83.34,2.6005980354637064,7.86399999999999,0.36,False,True,0.046201733026238645,True,0.0,0.5661627069834406
VH-00450,449,3,B,75,ST-45,45,Final Assembly,Interior fit,2026-09-01 16:55:36,modern,106.407,69.18,12.21614062214649,37.22699999999999,0.94,True,True,0.10043461325268044,True,0.0,3.2287077189939275
VH-00451,450,4,A,1,ST-33,33,Final Assembly,Interior fit,2026-09-02 06:41:04,partial,80.101,72.98,2.4446256476683956,7.120999999999995,0.6,False,True,0.02210916358212689,True,8.78256666666666,0.5854480679638253
VH-00452,451,4,A,2,ST-10,10,Body,Door fit check,2026-09-02 06:12:08,partial,74.488,68.39,2.0841675301167157,6.097999999999999,0.68,False,True,0.03209335289057891,True,7.419233333333333,0.5349904956865038
VH-00452,451,4,A,2,ST-24,24,Paint,Paint quality gate,2026-09-02 06:30:47,modern,96.465,88.82,2.5411047656300845,7.64500000000001,0.94,False,True,0.00534156985942591,True,9.301416666666679,0.5164377392479179
VH-00452,451,4,A,2,ST-45,45,Final Assembly,Interior fit,2026-09-02 06:57:58,modern,119.604,69.18,16.551138613258694,50.42399999999999,0.94,True,True,0.10519934602332814,True,61.34919999999999,4.373287077189938
VH-00453,452,4,A,3,ST-17,17,Paint,Clearcoat booth,2026-09-02 06:21:33,modern,93.977,84.41,3.088070260826158,9.567000000000007,0.94,True,True,0.048585298277609934,True,11.480400000000008,0.6800379102002138
VH-00453,452,4,A,3,ST-29,29,Final Assembly,ADAS calibration,2026-09-02 06:39:08,partial,77.409,69.18,2.599247002398079,8.229,0.6,False,True,0.04629559136833139,True,9.874799999999999,0.7137033824804856
VH-00454,453,4,A,4,ST-45,45,Final Assembly,Interior fit,2026-09-02 07:00:07,modern,103.793,69.18,11.35748450721376,34.613,0.86,True,True,0.10607289759988847,True,40.95871666666667,3.001994796183868
VH-00455,454,4,A,5,ST-15,15,Body,Roof laser weld,2026-09-02 06:21:21,modern,76.855,66.06,2.8961023541453472,10.795000000000002,0.94,True,True,0.0487310382034557,True,12.594166666666668,0.9804722979109901
VH-00455,454,4,A,5,ST-24,24,Paint,Paint quality gate,2026-09-02 06:34:28,modern,96.498,88.82,2.552713605841311,7.6780000000000115,0.94,False,True,0.007252712916461901,True,8.95766666666668,0.5186669668993478
VH-00457,456,4,A,7,ST-16,16,Body,Door fit check,2026-09-02 06:24:48,manual_check,81.047,74.71,1.933193770969171,6.337000000000003,0.22,False,True,0.030289331659021923,True,7.181933333333337,0.5089278543702319
VH-00457,456,4,A,7,ST-17,17,Paint,Clearcoat booth,2026-09-02 06:26:19,modern,91.336,84.41,2.1988380132285035,6.926000000000002,0.86,False,True,0.03391933329604979,True,7.849466666666669,0.49231133751925144
VH-00457,456,4,A,7,ST-23,23,Paint,Clearcoat booth,2026-09-02 06:35:24,legacy,91.717,83.34,2.77716060722031,8.376999999999995,0.36,True,True,0.055091635651075554,True,9.49393333333333,0.6030957523398125
VH-00457,456,4,A,7,ST-27,27,Paint,Oven cure,2026-09-02 06:41:51,partial,96.718,90.02,2.2086701493536984,6.6980000000000075,0.6,False,True,0.004597037773818147,True,7.591066666666675,0.4464341257498339
VH-00457,456,4,A,7,ST-29,29,Final Assembly,ADAS calibration,2026-09-02 06:44:27,partial,75.347,69.18,1.8970791366906414,6.166999999999987,0.68,False,True,0.02294207403101578,True,6.989266666666652,0.5348655680832599
VH-00458,457,4,A,8,ST-17,17,Paint,Clearcoat booth,2026-09-02 06:27:32,modern,91.23,84.41,2.163147510295771,6.820000000000007,0.86,False,True,0.030457271923690632,True,7.615666666666675,0.4847766852268694
VH-00458,457,4,A,8,ST-45,45,Final Assembly,Interior fit,2026-09-02 07:05:06,modern,130.622,69.18,20.170370852864234,61.44200000000001,0.94,True,True,0.10519934602332814,True,68.61023333333334,5.328881179531657
VH-00459,458,4,A,9,ST-17,17,Paint,Clearcoat booth,2026-09-02 06:28:47,modern,92.722,84.41,2.665508174216895,8.311999999999998,0.94,False,True,0.02115045698720608,True,9.143199999999998,0.5908304703234213
VH-00459,458,4,A,9,ST-21,21,Paint,Oven cure,2026-09-02 06:34:52,legacy,99.989,93.2,2.3460789581344725,6.7890000000000015,0.36,False,True,0.018864233139879505,True,7.467900000000001,0.43706008583691
VH-00461,460,4,A,11,ST-29,29,Final Assembly,ADAS calibration,2026-09-02 06:48:45,partial,76.12,69.18,2.1603069544364484,6.939999999999998,0.6,False,True,0.004651867027204104,True,7.402666666666664,0.6019080659150041
VH-00462,461,4,A,12,ST-30,30,Final Assembly,End-of-line quality,2026-09-02 06:50:32,modern,78.723,70.35,2.6802521824664947,8.373000000000005,0.94,False,True,0.02150341139909273,True,8.791650000000004,0.714115138592751
VH-00462,461,4,A,12,ST-45,45,Final Assembly,Interior fit,2026-09-02 07:08:54,modern,115.363,69.18,15.15803969075306,46.18299999999999,0.86,True,True,0.11308549132838974,True,48.492149999999995,4.00546400693842
VH-00464,463,4,A,14,ST-11,11,Body,Dimensional clamp,2026-09-02 06:27:29,modern,69.152,63.08,2.0327162376866847,6.072000000000003,0.86,False,True,0.013706272690624188,True,6.173200000000003,0.5775523145212431
VH-00464,463,4,A,14,ST-15,15,Body,Roof laser weld,2026-09-02 06:32:11,modern,77.483,66.06,3.078653019447292,11.423000000000002,0.94,True,True,0.05227235301294164,True,11.613383333333335,1.037511353315168
VH-00464,463,4,A,14,ST-18,18,Paint,Paint quality gate,2026-09-02 06:36:35,modern,100.317,92.31,2.5546950928138226,8.00699999999999,0.86,False,True,0.06061136590387817,True,8.14044999999999,0.5204419889502756
VH-00464,463,4,A,14,ST-19,19,Paint,E-coat inspection,2026-09-02 06:38:10,modern,94.923,87.2,2.484528150470215,7.722999999999999,0.94,False,True,0.0009711182440466093,True,7.851716666666666,0.5313990825688073
VH-00464,463,4,A,14,ST-20,20,Paint,Primer booth,2026-09-02 06:39:39,partial,89.355,82.23,2.2112594561186634,7.125,0.6,False,True,0.011001963952193217,True,7.24375,0.5198832542867566
VH-00464,463,4,A,14,ST-26,26,Paint,Primer booth,2026-09-02 06:48:58,modern,101.542,92.75,2.7420364701662074,8.792000000000002,0.94,True,True,0.03109882581127743,True,8.938533333333336,0.5687547169811322
VH-00464,463,4,A,14,ST-45,45,Final Assembly,Interior fit,2026-09-02 07:12:50,modern,99.265,69.18,9.870110793206328,30.084999999999994,0.86,True,True,0.10467833222112088,True,30.58641666666666,2.6092801387684292
VH-00465,464,4,A,15,ST-15,15,Body,Roof laser weld,2026-09-02 06:33:34,modern,79.144,66.06,3.56148208802457,13.084000000000003,0.94,True,True,0.06254079328688411,True,13.084000000000003,1.1883742052679385
VH-00465,464,4,A,15,ST-16,16,Body,Door fit check,2026-09-02 06:34:56,manual_check,82.192,74.71,2.324307273532947,7.481999999999999,0.22,False,True,0.06310816595824997,True,7.481999999999999,0.6008834158747156
VH-00467,466,4,A,17,ST-16,16,Body,Door fit check,2026-09-02 06:37:11,manual_check,82.684,74.71,2.492366525289611,7.974000000000004,0.22,False,True,0.07298727652521986,True,7.708200000000003,0.6403961986347213
VH-00468,467,4,A,18,ST-15,15,Body,Roof laser weld,2026-09-02 06:37:03,modern,76.273,66.06,2.726923234390995,10.212999999999994,0.94,True,True,0.04113588830686554,True,9.702349999999994,0.9276112624886461
VH-00468,467,4,A,18,ST-20,20,Paint,Primer booth,2026-09-02 06:44:27,partial,91.347,82.23,2.8755877626699577,9.11699999999999,0.68,True,True,0.08521360847336146,True,8.66114999999999,0.6652316672747165
VH-00468,467,4,A,18,ST-23,23,Paint,Clearcoat booth,2026-09-02 06:48:58,legacy,90.629,83.34,2.4026965174129384,7.2890000000000015,0.36,False,True,0.028926733735446297,True,6.924550000000001,0.5247660187185026
VH-00468,467,4,A,18,ST-30,30,Final Assembly,End-of-line quality,2026-09-02 06:59:09,modern,79.656,70.35,2.989760850854545,9.306000000000012,0.94,True,True,0.04671121540451395,True,8.84070000000001,0.7936886993603423
VH-00469,468,4,A,19,ST-15,15,Body,Roof laser weld,2026-09-02 06:38:06,modern,79.693,66.06,3.7210685772773826,13.632999999999996,0.94,True,True,0.06366749443284814,True,12.724133333333329,1.2382379654859215
VH-00469,468,4,A,19,ST-17,17,Paint,Clearcoat booth,2026-09-02 06:40:55,modern,92.428,84.41,2.5665175340072373,8.018,0.94,False,True,0.011283110334109225,True,7.483466666666668,0.5699324724558702
VH-00469,468,4,A,19,ST-32,32,Final Assembly,Battery connect,2026-09-02 07:01:51,legacy,68.608,61.9,2.26929124877089,6.7080000000000055,0.36,False,True,0.012535661211210969,True,6.260800000000005,0.6502100161550894
VH-00470,469,4,A,20,ST-15,15,Body,Roof laser weld,2026-09-02 06:39:19,modern,75.67,66.06,2.5516397134083966,9.61,0.86,False,True,0.07102321139080403,True,8.809166666666666,0.8728428701180744
VH-00471,470,4,A,21,ST-16,16,Body,Door fit check,2026-09-02 06:41:56,manual_check,84.691,74.71,3.177925302272583,9.981000000000009,0.22,True,True,0.09740189102133412,True,8.982900000000008,0.8015794405032801
VH-00471,470,4,A,21,ST-26,26,Paint,Primer booth,2026-09-02 06:57:08,modern,104.323,92.75,3.6392190601458774,11.572999999999993,0.94,True,True,0.0606670189359898,True,10.415699999999994,0.7486576819407004
VH-00472,471,4,A,22,ST-15,15,Body,Roof laser weld,2026-09-02 06:41:40,modern,77.522,66.06,3.0899897645854706,11.462000000000003,0.94,True,True,0.05227235301294164,True,10.12476666666667,1.0410535876475933
VH-00472,471,4,A,22,ST-23,23,Paint,Clearcoat booth,2026-09-02 06:53:04,legacy,90.032,83.34,2.197223115193265,6.691999999999993,0.36,False,True,0.006424553297816327,True,5.911266666666661,0.4817854571634264
VH-00473,472,4,A,23,ST-45,45,Final Assembly,Interior fit,2026-09-02 07:22:37,modern,100.622,69.18,10.31586303037684,31.441999999999993,0.86,True,True,0.10467833222112088,True,27.249733333333328,2.7269731136166513
VH-00474,473,4,A,24,ST-15,15,Body,Roof laser weld,2026-09-02 06:44:01,modern,79.536,66.06,3.6754309109518974,13.475999999999999,0.94,True,True,0.06329172408304451,True,11.4546,1.2239782016348772
VH-00474,473,4,A,24,ST-27,27,Paint,Oven cure,2026-09-02 07:01:49,partial,98.376,90.02,2.807864309155454,8.356000000000009,0.6,True,True,0.050767848853634834,True,7.102600000000008,0.5569429015774279
VH-00474,473,4,A,24,ST-45,45,Final Assembly,Interior fit,2026-09-02 07:23:41,modern,95.604,69.18,8.667532355268783,26.423999999999992,0.94,True,True,0.08505307816292496,True,22.460399999999993,2.2917606244579347
VH-00475,474,4,A,25,ST-14,14,Body,Side-frame marriage,2026-09-02 06:44:23,modern,74.453,66.66,2.534208536738015,7.793000000000006,0.94,False,True,0.00534156985942591,True,6.494166666666672,0.701440144014402
VH-00476,475,4,A,26,ST-15,15,Body,Roof laser weld,2026-09-02 06:46:37,modern,80.317,66.06,3.902456499488231,14.25699999999999,0.94,True,True,0.06687423568919393,True,11.643216666666659,1.294913714804722
VH-00476,475,4,A,26,ST-20,20,Paint,Primer booth,2026-09-02 06:53:47,partial,88.369,82.23,1.8824302843016039,6.138999999999996,0.68,False,True,0.02280186542506879,True,5.013516666666663,0.4479387085005469
VH-00477,476,4,A,27,ST-39,39,Final Assembly,Interior fit,2026-09-02 07:18:45,partial,78.54,72.85,1.8738157343323385,5.690000000000012,0.68,False,True,0.016158354275970233,True,4.552000000000009,0.46863417982155214
VH-00478,477,4,A,28,ST-15,15,Body,Roof laser weld,2026-09-02 06:48:56,modern,80.114,66.06,3.8434472876151533,14.054000000000002,0.94,True,True,0.06687423568919393,True,11.00896666666667,1.2764759309718439
VH-00478,477,4,A,28,ST-31,31,Final Assembly,Powertrain marriage,2026-09-02 07:11:32,modern,74.381,66.81,2.5741253922772547,7.570999999999998,0.94,False,True,0.004330599495036336,True,5.930616666666665,0.6799281544678938
VH-00479,478,4,A,29,ST-20,20,Paint,Primer booth,2026-09-02 06:57:19,partial,88.437,82.23,1.9051081582200209,6.206999999999994,0.68,False,True,0.023686845943571733,True,4.758699999999995,0.45290040131338877
VH-00479,478,4,A,29,ST-23,23,Paint,Clearcoat booth,2026-09-02 07:01:49,legacy,95.831,83.34,4.1931029468044425,12.491,0.36,True,True,0.07366669070810994,True,9.576433333333334,0.8992800575953923
VH-00482,481,4,A,32,ST-31,31,Final Assembly,Powertrain marriage,2026-09-02 07:16:16,modern,74.968,66.81,2.790215718379043,8.158000000000001,0.94,True,True,0.022481105403394652,True,5.846566666666667,0.7326448136506511
VH-00483,482,4,A,33,ST-15,15,Body,Roof laser weld,2026-09-02 06:54:51,modern,78.126,66.06,3.265563971340844,12.066000000000003,0.86,True,True,0.08503716566607145,True,8.446200000000001,1.0959128065395096
VH-00483,482,4,A,33,ST-34,34,Final Assembly,Wheel torque,2026-09-02 07:20:50,modern,85.021,76.27,3.1386393692440273,8.751000000000005,0.94,True,True,0.04170915321172819,True,6.125700000000004,0.6884227087976929
VH-00484,483,4,A,34,ST-15,15,Body,Roof laser weld,2026-09-02 06:55:52,modern,77.031,66.06,2.947263050153536,10.971000000000004,0.94,True,True,0.050426331036021566,True,7.496850000000003,0.9964577656675753
VH-00486,485,4,A,36,ST-09,9,Body,Roof laser weld,2026-09-02 06:51:53,modern,72.468,65.84,2.185647095448604,6.628,0.86,False,True,0.02874817990162626,True,4.3082,0.6040097205346294
VH-00486,485,4,A,36,ST-15,15,Body,Roof laser weld,2026-09-02 06:58:46,modern,76.55,66.06,2.8074431934493367,10.489999999999995,0.94,True,True,0.04299454819756732,True,6.818499999999997,0.9527702089009986
VH-00486,485,4,A,36,ST-25,25,Paint,E-coat inspection,2026-09-02 07:13:37,modern,102.346,94.1,2.703551797312077,8.24600000000001,0.86,True,True,0.06818677819511032,True,5.359900000000007,0.5257810839532419
VH-00487,486,4,A,37,ST-15,15,Body,Roof laser weld,2026-09-02 06:59:42,modern,77.413,66.06,3.058305015353124,11.352999999999994,0.94,True,True,0.051533344651438884,True,7.190233333333329,1.0311534968210712
VH-00487,486,4,A,37,ST-26,26,Paint,Primer booth,2026-09-02 07:15:57,modern,103.221,92.75,3.283701183785723,10.471000000000004,0.86,True,True,0.08290942097989651,True,6.631633333333336,0.677369272237197
VH-00487,486,4,A,37,ST-32,32,Final Assembly,Battery connect,2026-09-02 07:23:35,legacy,69.413,61.9,2.554035922648304,7.512999999999998,0.36,False,True,0.039243060779597494,True,4.758233333333332,0.7282390953150241
VH-00488,487,4,A,38,ST-45,45,Final Assembly,Interior fit,2026-09-02 07:39:56,modern,102.058,69.18,10.787565471479907,32.878,0.94,True,True,0.09438336287881832,True,20.274766666666668,2.8515177797051168
VH-00489,488,4,A,39,ST-15,15,Body,Roof laser weld,2026-09-02 07:02:02,modern,81.12,66.06,4.135877175025594,15.060000000000002,0.94,True,True,0.06725194566654136,True,9.036000000000001,1.367847411444142
VH-00489,488,4,A,39,ST-16,16,Body,Door fit check,2026-09-02 07:03:24,manual_check,81.851,74.71,2.2078271823764006,7.141000000000005,0.22,False,True,0.052502204423380716,True,4.284600000000003,0.5734975237585335
VH-00489,488,4,A,39,ST-28,28,Paint,Basecoat booth,2026-09-02 07:21:22,legacy,85.782,77.8,2.447774365175338,7.981999999999999,0.36,False,True,0.03947301639972012,True,4.789199999999999,0.6155784061696657
VH-00490,489,4,A,40,ST-15,15,Body,Roof laser weld,2026-09-02 07:03:19,modern,74.267,66.06,2.1438075742067566,8.206999999999994,0.86,False,True,0.04786006239047569,True,4.787416666666663,0.7454132606721157
VH-00490,489,4,A,40,ST-20,20,Paint,Primer booth,2026-09-02 07:10:33,partial,89.116,82.23,2.1315533992583404,6.885999999999996,0.6,False,True,0.0029599897531997765,True,4.016833333333331,0.5024443633710322
VH-00490,489,4,A,40,ST-27,27,Paint,Oven cure,2026-09-02 07:21:23,partial,98.697,90.02,2.9238723461255156,8.677000000000007,0.6,True,True,0.054837741459857425,True,5.061583333333337,0.5783381470784275
VH-00491,490,4,A,41,ST-03,3,Body,Roof laser weld,2026-09-02 06:51:14,manual_check,61.819,54.24,2.5912578444747623,7.579000000000001,0.22,False,True,0.07486610954685102,True,4.294766666666667,0.8383849557522124
VH-00491,490,4,A,41,ST-15,15,Body,Roof laser weld,2026-09-02 07:04:50,modern,75.018,66.06,2.3621125895598802,8.957999999999998,0.94,False,True,0.010329503723535693,True,5.076199999999999,0.8136239782016347
VH-00492,491,4,A,42,ST-15,15,Body,Roof laser weld,2026-09-02 07:05:47,modern,77.702,66.06,3.142313203684752,11.641999999999996,0.94,True,True,0.054964569488628046,True,6.403099999999998,1.0574023614895545
VH-00492,491,4,A,42,ST-16,16,Body,Door fit check,2026-09-02 07:07:08,manual_check,81.458,74.71,2.073584731278091,6.748000000000005,0.22,False,True,0.04207371766782708,True,3.7114000000000025,0.5419354838709681
VH-00493,492,4,A,43,ST-15,15,Body,Roof laser weld,2026-09-02 07:06:57,modern,77.118,66.06,2.972552712384853,11.057999999999993,0.94,True,True,0.05079513586178508,True,5.897599999999996,1.0043596730245226
VH-00494,493,4,A,44,ST-15,15,Body,Roof laser weld,2026-09-02 07:08:14,modern,78.375,66.06,3.337944728761518,12.314999999999998,0.94,True,True,0.05845284257743211,True,6.362749999999999,1.1185286103542231
VH-00494,493,4,A,44,ST-45,45,Final Assembly,Interior fit,2026-09-02 07:47:05,modern,77.024,69.18,2.56430717720826,7.843999999999994,0.94,False,True,0.00863555527620874,True,4.052733333333331,0.6803122289679092
VH-00495,494,4,A,45,ST-15,15,Body,Roof laser weld,2026-09-02 07:09:11,modern,78.291,66.06,3.313527123848518,12.230999999999995,0.94,True,True,0.058266343052304825,True,6.115499999999997,1.1108991825613073
VH-00496,495,4,A,46,ST-16,16,Body,Door fit check,2026-09-02 07:11:41,manual_check,82.362,74.71,2.382376527188705,7.652000000000001,0.22,False,True,0.0674744460164074,True,3.698466666666667,0.6145362066657745
VH-00496,495,4,A,46,ST-33,33,Final Assembly,Interior fit,2026-09-02 07:35:21,partial,80.903,72.98,2.7249101036269474,7.923000000000002,0.6,True,True,0.04668409190182643,True,3.829450000000001,0.6513839408057003
VH-00497,496,4,A,47,ST-15,15,Body,Roof laser weld,2026-09-02 07:12:02,modern,78.887,66.06,3.4867758444217025,12.826999999999998,0.94,True,True,0.06141592020169295,True,5.985933333333333,1.1650317892824702
VH-00497,496,4,A,47,ST-17,17,Paint,Clearcoat booth,2026-09-02 07:14:53,modern,92.367,84.41,2.5459786596780245,7.957000000000008,0.94,False,True,0.010011236067001938,True,3.7132666666666703,0.5655964933064809
VH-00499,498,4,A,49,ST-15,15,Body,Roof laser weld,2026-09-02 07:14:04,modern,75.657,66.06,2.5478607983623354,9.596999999999994,0.94,False,True,0.03033338045137257,True,4.158699999999998,0.871662125340599
VH-00500,499,4,A,50,ST-15,15,Body,Roof laser weld,2026-09-02 07:15:32,modern,79.718,66.06,3.7283357215967294,13.658000000000001,0.94,True,True,0.06366749443284814,True,5.690833333333334,1.2405086285195277
VH-00500,499,4,A,50,ST-21,21,Paint,Oven cure,2026-09-02 07:24:27,legacy,103.978,93.2,3.813735033410624,10.777999999999992,0.36,True,True,0.07252376597123456,True,4.49083333333333,0.6938626609442055
VH-00500,499,4,A,50,ST-34,34,Final Assembly,Wheel torque,2026-09-02 07:42:02,modern,84.049,76.27,2.791133108063349,7.779000000000011,0.94,True,True,0.016275675231727904,True,3.241250000000004,0.6119575193391906
VH-00501,500,4,A,51,ST-27,27,Paint,Oven cure,2026-09-02 07:33:28,partial,97.301,90.02,2.419363873819574,7.281000000000006,0.6,False,True,0.02441016476691671,True,2.9124000000000025,0.48529215729837855
VH-00502,501,4,A,52,ST-15,15,Body,Roof laser weld,2026-09-02 07:17:57,modern,78.216,66.06,3.2917256908904826,12.155999999999992,0.94,True,True,0.0568228901403981,True,4.659799999999996,1.1040871934604897
VH-00503,502,4,A,53,ST-02,2,Body,Side-frame marriage,2026-09-02 07:04:43,partial,74.711,67.75,2.49311744835651,6.9609999999999985,0.6,False,True,0.02335761126666336,True,2.552366666666666,0.6164723247232471
VH-00503,502,4,A,53,ST-15,15,Body,Roof laser weld,2026-09-02 07:18:51,modern,76.626,66.06,2.829535312180148,10.566000000000003,0.94,True,True,0.04427214648608113,True,3.874200000000001,0.959673024523161
VH-00503,502,4,A,53,ST-45,45,Final Assembly,Interior fit,2026-09-02 07:58:19,modern,110.46,69.18,13.547484628964536,41.27999999999999,0.94,True,True,0.10261460781682974,True,15.135999999999996,3.5802254986990443
VH-00505,504,4,A,55,ST-10,10,Body,Door fit check,2026-09-02 07:15:58,partial,76.422,68.39,2.7355540852630846,8.031999999999996,0.6,True,True,0.04705087062107627,True,2.677333333333332,0.7046644246234827
VH-00505,504,4,A,55,ST-15,15,Body,Roof laser weld,2026-09-02 07:21:29,modern,75.77,66.06,2.5807082906857746,9.709999999999994,0.86,False,True,0.07216369753704899,True,3.2366666666666646,0.8819255222524971
VH-00505,504,4,A,55,ST-23,23,Paint,Clearcoat booth,2026-09-02 07:33:16,legacy,89.919,83.34,2.158331164689374,6.5789999999999935,0.36,False,True,0.0018582291879880586,True,2.192999999999998,0.4736501079913602
VH-00507,506,4,A,57,ST-15,15,Body,Roof laser weld,2026-09-02 07:23:38,modern,74.499,66.06,2.211246673490278,8.438999999999993,0.86,False,True,0.053022554686627976,True,2.531699999999998,0.7664850136239776
VH-00507,506,4,A,57,ST-24,24,Paint,Paint quality gate,2026-09-02 07:36:46,modern,96.823,88.82,2.6670430927700504,8.003,0.94,False,True,0.016929871871745883,True,2.4009,0.5406214816482775
VH-00509,508,4,A,59,ST-15,15,Body,Roof laser weld,2026-09-02 07:26:04,modern,74.98,66.06,2.3510665301944766,8.920000000000002,0.94,False,True,0.009431627996031255,True,2.378666666666667,0.8101725703905541
VH-00510,509,4,A,60,ST-26,26,Paint,Primer booth,2026-09-02 07:43:48,modern,102.928,92.75,3.1891760133923213,10.177999999999997,0.94,True,True,0.05171802174814022,True,2.5444999999999993,0.6584150943396224
VH-00511,510,4,A,61,ST-25,25,Paint,E-coat inspection,2026-09-02 07:43:04,modern,102.59,94.1,2.7882167063211436,8.490000000000009,0.94,True,True,0.02407415083420905,True,1.981000000000002,0.5413390010626998
VH-00512,511,4,A,62,ST-30,30,Final Assembly,End-of-line quality,2026-09-02 07:50:57,modern,79.143,70.35,2.8195808434771923,8.793000000000006,0.94,True,True,0.03310936188920699,True,1.9051500000000015,0.7499360341151392
VH-00515,514,4,A,65,ST-17,17,Paint,Clearcoat booth,2026-09-02 07:35:52,modern,92.145,84.41,2.4712306252339933,7.734999999999999,0.94,False,True,0.0007171988743350788,True,1.2891666666666666,0.5498163724677171
VH-00516,515,4,A,66,ST-15,15,Body,Roof laser weld,2026-09-02 07:34:36,modern,75.767,66.06,2.579836233367453,9.706999999999994,0.94,False,True,0.031183571035193203,True,1.456049999999999,0.8816530426884645
VH-00516,515,4,A,66,ST-27,27,Paint,Oven cure,2026-09-02 07:52:21,partial,96.737,90.02,2.215536668675911,6.716999999999999,0.6,False,True,0.006527069056368684,True,1.0075499999999997,0.44770051099755603
VH-00518,517,4,A,68,ST-15,15,Body,Roof laser weld,2026-09-02 07:36:50,modern,75.623,66.06,2.5379774820880288,9.563000000000002,0.94,False,True,0.027639971243474948,True,1.1156833333333336,0.8685740236148958
VH-00519,518,4,A,69,ST-16,16,Body,Door fit check,2026-09-02 07:39:19,manual_check,81.808,74.71,2.193139077039947,7.098000000000013,0.22,False,True,0.05212156299048698,True,0.7098000000000013,0.5700441707937369
VH-00524,523,4,A,74,ST-15,15,Body,Roof laser weld,2026-09-02 07:44:17,modern,77.12,66.06,2.9731340839304035,11.060000000000002,0.94,True,True,0.05079513586178508,True,0.18433333333333338,1.0045413260672118
VH-00524,523,4,A,74,ST-21,21,Paint,Oven cure,2026-09-02 07:53:11,legacy,99.826,93.2,2.286107050320477,6.625999999999991,0.36,False,True,0.011981790430063755,True,0.11043333333333318,0.4265665236051496
VH-00525,524,4,A,75,ST-40,40,Final Assembly,Wheel torque,2026-09-02 08:18:01,legacy,76.032,69.44,2.327307708035168,6.591999999999999,0.36,False,True,0.014421683029237964,True,0.0,0.5695852534562211
VH-00526,525,4,B,1,ST-01,1,Body,Underbody weld,2026-09-02 14:31:11,modern,71.272,65.52,1.9914019191853223,5.7520000000000095,0.86,False,True,0.0091104850194067,True,7.094133333333345,0.5267399267399276
VH-00527,526,4,B,2,ST-15,15,Body,Roof laser weld,2026-09-02 14:47:50,modern,75.701,66.06,2.5606509723643818,9.640999999999991,0.94,False,True,0.030154489993865385,True,11.729883333333323,0.8756584922797449
VH-00528,527,4,B,3,ST-31,31,Final Assembly,Powertrain marriage,2026-09-02 15:11:48,modern,74.391,66.81,2.5778066584800126,7.581000000000003,0.86,False,True,0.05869271628343009,True,9.097200000000004,0.680826223619219
VH-00529,528,4,B,4,ST-29,29,Final Assembly,ADAS calibration,2026-09-02 15:09:51,partial,78.205,69.18,2.870306954436446,9.024999999999991,0.6,True,True,0.05558032889370812,True,10.679583333333323,0.7827406764960964
VH-00530,529,4,B,5,ST-07,7,Body,Underbody weld,2026-09-02 14:42:28,legacy,72.586,64.33,2.673994393320741,8.256,0.36,False,True,0.052682879083263856,True,9.632000000000001,0.7700295352090782
VH-00530,529,4,B,5,ST-37,37,Final Assembly,Powertrain marriage,2026-09-02 15:21:23,modern,72.692,64.35,2.8152750857499176,8.341999999999999,0.94,True,True,0.026063347973768303,True,9.732333333333333,0.7778088578088578
VH-00530,529,4,B,5,ST-44,44,Final Assembly,Battery connect,2026-09-02 15:29:49,modern,72.959,64.82,2.684555644417095,8.13900000000001,0.94,False,True,0.021010632654428818,True,9.495500000000012,0.7533785868559096
VH-00532,531,4,B,7,ST-03,3,Body,Roof laser weld,2026-09-02 14:40:26,manual_check,60.793,54.24,2.2315946209315918,6.552999999999997,0.22,False,True,0.04990734425071475,True,7.42673333333333,0.7248893805309731
VH-00536,535,4,B,11,ST-05,5,Body,Dimensional clamp,2026-09-02 14:47:19,modern,69.595,63.92,1.9635849080858718,5.674999999999997,0.86,False,True,0.009078669479734458,True,6.05333333333333,0.532697121401752
VH-00536,535,4,B,11,ST-27,27,Paint,Oven cure,2026-09-02 15:15:41,partial,97.772,90.02,2.5895812738597606,7.7520000000000095,0.6,False,True,0.04024874667230027,True,8.26880000000001,0.5166851810708738
VH-00537,536,4,B,12,ST-21,21,Paint,Oven cure,2026-09-02 15:08:02,legacy,101.223,93.2,2.8000994136097215,8.022999999999996,0.36,True,True,0.05098197029785223,True,8.424149999999996,0.5165021459227466
VH-00541,540,4,B,16,ST-35,35,Final Assembly,ADAS calibration,2026-09-02 15:31:24,modern,77.268,69.91,2.674862023653089,7.358000000000004,0.94,False,True,0.004612819954985747,True,7.23536666666667,0.6314976398226295
VH-00542,541,4,B,17,ST-40,40,Final Assembly,Wheel torque,2026-09-02 15:38:02,legacy,75.996,69.44,2.314068697607852,6.555999999999997,0.36,False,True,0.014421683029237964,True,6.337466666666663,0.56647465437788
VH-00550,549,4,B,25,ST-45,45,Final Assembly,Interior fit,2026-09-02 15:54:10,modern,99.083,69.18,9.810326779083237,29.90299999999999,0.94,True,True,0.09203219715858724,True,24.919166666666662,2.5934952298352116
VH-00551,550,4,B,26,ST-07,7,Body,Underbody weld,2026-09-02 15:07:45,legacy,73.064,64.33,2.831181790480834,8.733999999999995,0.36,True,True,0.05812888251154913,True,7.1327666666666625,0.8146121560702623
VH-00554,553,4,B,29,ST-05,5,Body,Dimensional clamp,2026-09-02 15:08:55,modern,70.45,63.92,2.260125594549429,6.530000000000001,0.86,False,True,0.033579930520428736,True,5.006333333333334,0.612953692115144
VH-00556,555,4,B,31,ST-01,1,Body,Underbody weld,2026-09-02 15:07:13,modern,73.063,65.52,2.6222679026046025,7.543000000000006,0.94,False,True,0.006334686825822389,True,5.531533333333338,0.6907509157509164
VH-00557,556,4,B,32,ST-03,3,Body,Roof laser weld,2026-09-02 15:10:28,manual_check,64.041,54.24,3.3701776132008043,9.800999999999995,0.22,True,True,0.09917764423522257,True,7.024049999999996,1.084181415929203
VH-00558,557,4,B,33,ST-40,40,Final Assembly,Wheel torque,2026-09-02 15:56:53,legacy,76.497,69.44,2.4983115927213277,7.057000000000002,0.36,False,True,0.028822261195798005,True,4.939900000000002,0.6097638248847929
VH-00560,559,4,B,35,ST-37,37,Final Assembly,Powertrain marriage,2026-09-02 15:56:20,modern,72.107,64.35,2.618414468350481,7.757000000000005,0.94,False,True,0.012864027150895296,True,5.171333333333337,0.7232634032634038
VH-00561,560,4,B,36,ST-05,5,Body,Dimensional clamp,2026-09-02 15:17:25,modern,71.343,63.92,2.569845867078032,7.423000000000002,0.94,False,True,0.0005664965462807148,True,4.824950000000001,0.6967772215269088
VH-00561,560,4,B,36,ST-16,16,Body,Door fit check,2026-09-02 15:29:46,manual_check,81.413,74.71,2.0582134582515663,6.703000000000003,0.22,False,True,0.03844171586270573,True,4.356950000000002,0.5383215098380407
VH-00569,568,4,B,44,ST-20,20,Paint,Primer booth,2026-09-02 15:45:14,partial,88.18,82.23,1.819399134734239,5.950000000000003,0.68,False,True,0.01886736602480865,True,3.0741666666666685,0.4341481211236777
VH-00569,568,4,B,44,ST-33,33,Final Assembly,Interior fit,2026-09-02 16:02:45,partial,80.924,72.98,2.732249222797932,7.944000000000003,0.6,True,True,0.04668409190182643,True,4.104400000000001,0.6531104412167719
VH-00574,573,4,B,49,ST-04,4,Body,Door fit check,2026-09-02 15:31:58,legacy,71.847,64.64,2.6801875852170878,7.206999999999994,0.36,False,True,0.038324377948358856,True,3.1230333333333307,0.6689665841584153
VH-00574,573,4,B,49,ST-23,23,Paint,Clearcoat booth,2026-09-02 15:55:51,legacy,92.699,83.34,3.115141982395715,9.358999999999995,0.36,True,True,0.06774229948468846,True,4.055566666666665,0.6737940964722818
VH-00577,576,4,B,52,ST-01,1,Body,Underbody weld,2026-09-02 15:32:23,modern,71.377,65.52,2.028387362099347,5.856999999999999,0.86,False,True,0.010426638280734202,True,2.245183333333333,0.5363553113553113
VH-00578,577,4,B,53,ST-10,10,Body,Door fit check,2026-09-02 15:43:31,partial,74.638,68.39,2.134688721053613,6.248000000000005,0.68,False,True,0.03399505166949646,True,2.290933333333335,0.5481503143734469
VH-00578,577,4,B,53,ST-16,16,Body,Door fit check,2026-09-02 15:50:22,manual_check,80.741,74.71,1.8286691143888087,6.031000000000006,0.22,False,True,0.019362953456929732,True,2.211366666666669,0.4843528309463263
VH-00579,578,4,B,54,ST-30,30,Final Assembly,End-of-line quality,2026-09-02 16:10:41,modern,77.692,70.35,2.3382334931759483,7.341999999999999,0.86,False,True,0.04625504760472554,True,2.569699999999999,0.626183368869936
VH-00583,582,4,B,58,ST-02,2,Body,Side-frame marriage,2026-09-02 15:40:44,partial,74.18,67.75,2.3069880472911617,6.430000000000007,0.68,False,True,0.040691115969935465,True,1.8218333333333352,0.5694464944649452
VH-00586,585,4,B,61,ST-29,29,Final Assembly,ADAS calibration,2026-09-02 16:17:57,partial,78.883,69.18,3.1011846522781714,9.702999999999989,0.6,True,True,0.061175432426195164,True,2.2640333333333307,0.8415437987857752
VH-00587,586,4,B,62,ST-06,6,Body,Seam sealing prep,2026-09-02 15:49:41,legacy,75.242,68.4,2.3825110264089413,6.841999999999999,0.36,False,True,0.02240638298919384,True,1.482433333333333,0.600175438596491
VH-00587,586,4,B,62,ST-09,9,Body,Roof laser weld,2026-09-02 15:53:07,modern,73.456,65.84,2.5175845837743625,7.616,0.86,False,True,0.056829342077955425,True,1.6501333333333332,0.6940461725394896
VH-00588,587,4,B,63,ST-19,19,Paint,E-coat inspection,2026-09-02 16:06:49,modern,94.54,87.2,2.354956489028211,7.340000000000003,0.86,False,True,0.045135216315822624,True,1.4680000000000006,0.5050458715596332
VH-00588,587,4,B,63,ST-33,33,Final Assembly,Interior fit,2026-09-02 16:25:50,partial,79.398,72.98,2.1989398963730578,6.417999999999992,0.6,False,True,0.00040748429252857044,True,1.2835999999999985,0.5276514113455735
VH-00589,588,4,B,64,ST-13,13,Body,Underbody weld,2026-09-02 15:59:33,modern,70.215,61.86,2.969773572243474,8.355000000000004,0.94,True,True,0.03223092906550418,True,1.5317500000000008,0.8103782735208539
VH-00589,588,4,B,64,ST-28,28,Paint,Basecoat booth,2026-09-02 16:20:35,legacy,85.529,77.8,2.3652357920193525,7.728999999999999,0.36,False,True,0.032811180413832575,True,1.4169833333333333,0.5960668380462725
VH-00590,589,4,B,65,ST-31,31,Final Assembly,Powertrain marriage,2026-09-02 16:25:04,modern,74.602,66.81,2.655481375358167,7.792000000000002,0.94,False,True,0.012864027150895296,True,1.2986666666666669,0.6997754827121689
VH-00593,592,4,B,68,ST-45,45,Final Assembly,Interior fit,2026-09-02 16:47:03,modern,123.854,69.18,17.947193888111073,54.67399999999999,0.94,True,True,0.10519934602332814,True,6.378633333333332,4.741890719861231
VH-00597,596,4,B,72,ST-03,3,Body,Roof laser weld,2026-09-02 15:58:22,manual_check,59.658,54.24,1.8337215617488474,5.417999999999999,0.22,False,True,0.012398715090041867,True,0.2709,0.5993362831858406
VH-00607,606,5,A,7,ST-16,16,Body,Door fit check,2026-09-03 06:24:39,manual_check,81.634,74.71,2.133703488004052,6.924000000000007,0.22,False,True,0.045230775187444006,True,7.847200000000007,0.5560701378664173
VH-00607,606,5,A,7,ST-24,24,Paint,Paint quality gate,2026-09-03 06:36:12,modern,95.033,88.82,2.0373514570702054,6.213000000000008,0.86,False,True,0.01650296010033292,True,7.041400000000009,0.41970276964647657
VH-00609,608,5,A,9,ST-07,7,Body,Underbody weld,2026-09-03 06:17:03,legacy,71.188,64.33,2.214270583216531,6.858000000000004,0.36,False,True,0.01151720323553762,True,7.5438000000000045,0.6396393595523088
VH-00612,611,5,A,12,ST-20,20,Paint,Primer booth,2026-09-03 06:36:34,partial,90.266,82.23,2.51507626699629,8.036000000000001,0.6,False,True,0.038995033544874436,True,8.437800000000001,0.5863553447646845
VH-00617,616,5,A,17,ST-01,1,Body,Underbody weld,2026-09-03 06:20:22,modern,70.95,65.52,1.8779798942489683,5.430000000000007,0.86,False,True,0.0019415551069256187,True,5.249000000000007,0.49725274725274793
VH-00622,621,5,A,22,ST-10,10,Body,Door fit check,2026-09-03 06:36:07,partial,77.112,68.39,2.967951563572802,8.721999999999994,0.68,True,True,0.08404737102497983,True,7.704433333333328,0.7651995905834181
VH-00623,622,5,A,23,ST-39,39,Final Assembly,Interior fit,2026-09-03 07:15:12,partial,79.58,72.85,2.230145660041904,6.730000000000004,0.6,False,True,0.008132429431881971,True,5.83266666666667,0.5542896362388473
VH-00624,623,5,A,24,ST-04,4,Body,Door fit check,2026-09-03 06:32:00,legacy,71.449,64.64,2.526071474703992,6.8089999999999975,0.36,False,True,0.029179369241891573,True,5.787649999999998,0.6320235148514849
VH-00630,629,5,A,30,ST-09,9,Body,Roof laser weld,2026-09-03 06:44:55,modern,73.73,65.84,2.609640122034745,7.890000000000001,0.94,False,True,0.01425903159475661,True,5.9175,0.7190157958687728
VH-00636,635,5,A,36,ST-05,5,Body,Dimensional clamp,2026-09-03 06:47:40,modern,73.515,63.92,3.3231632600591343,9.594999999999999,0.94,True,True,0.05148697647922584,True,6.236749999999999,0.9006570713391738
VH-00636,635,5,A,36,ST-33,33,Final Assembly,Interior fit,2026-09-03 07:23:49,partial,79.624,72.98,2.2779227979274617,6.643999999999991,0.6,False,True,0.009081608527429452,True,4.318599999999994,0.5462318443409145
VH-00639,638,5,A,39,ST-07,7,Body,Underbody weld,2026-09-03 06:53:09,legacy,73.55,64.33,2.9909999390578363,9.219999999999999,0.36,True,True,0.0662316249524425,True,5.531999999999999,0.8599409295818435
VH-00639,638,5,A,39,ST-21,21,Paint,Oven cure,2026-09-03 07:10:37,legacy,102.08,93.2,3.11541183690169,8.879999999999995,0.36,True,True,0.06318112009401256,True,5.327999999999998,0.571673819742489
VH-00642,641,5,A,42,ST-06,6,Body,Seam sealing prep,2026-09-03 06:55:49,legacy,78.202,68.4,3.469644160087135,9.801999999999992,0.36,True,True,0.07176284654546294,True,5.391099999999996,0.859824561403508
VH-00645,644,5,A,45,ST-23,23,Paint,Clearcoat booth,2026-09-03 07:20:57,legacy,89.915,83.34,2.15695445847685,6.575000000000003,0.36,False,True,0.0018582291879880586,True,3.2875000000000014,0.4733621310295178
VH-00646,645,5,A,46,ST-20,20,Paint,Primer booth,2026-09-03 07:17:16,partial,89.976,82.23,2.4183618046971533,7.745999999999995,0.6,False,True,0.03321971135655444,True,3.7438999999999973,0.5651951842393284
VH-00648,647,5,A,48,ST-22,22,Paint,Basecoat booth,2026-09-03 07:22:26,modern,90.271,79.8,3.353491744258222,10.471000000000004,0.94,True,True,0.0557193701658959,True,4.711950000000002,0.787293233082707
VH-00648,647,5,A,48,ST-25,25,Paint,E-coat inspection,2026-09-03 07:27:06,modern,104.191,94.1,3.3437434248601443,10.091000000000008,0.94,True,True,0.05407683354015358,True,4.540950000000004,0.6434218916046764
VH-00649,648,5,A,49,ST-10,10,Body,Door fit check,2026-09-03 07:08:17,partial,75.54,68.39,2.4384894825541434,7.150000000000006,0.68,False,True,0.052363706233250484,True,3.098333333333336,0.6272846907442613
VH-00651,650,5,A,51,ST-31,31,Final Assembly,Powertrain marriage,2026-09-03 07:39:01,modern,77.084,66.81,3.5691716468822485,10.274000000000001,0.94,True,True,0.057393473071186696,True,4.1096,0.9226762460709476
VH-00655,654,5,A,55,ST-13,13,Body,Underbody weld,2026-09-03 07:18:59,modern,69.771,61.86,2.8089908059861752,7.911000000000001,0.94,True,True,0.01911998779989743,True,2.6370000000000005,0.7673132880698352
VH-00657,656,5,A,57,ST-11,11,Body,Dimensional clamp,2026-09-03 07:19:22,modern,70.767,63.08,2.586547823323797,7.686999999999998,0.94,False,True,0.01085782152947623,True,2.3060999999999994,0.731166772352568
VH-00657,656,5,A,57,ST-29,29,Final Assembly,ADAS calibration,2026-09-03 07:43:51,partial,76.28,69.18,2.214791366906471,7.099999999999994,0.68,False,True,0.045901658894085706,True,2.129999999999998,0.6157849089332171
VH-00663,662,5,A,63,ST-36,36,Final Assembly,End-of-line quality,2026-09-03 07:58:57,modern,82.562,77.15,1.8428895063323851,5.411999999999992,0.86,False,True,0.000573190089752873,True,1.0823999999999985,0.42089436163318145
VH-00665,664,5,A,65,ST-44,44,Final Assembly,Battery connect,2026-09-03 08:10:13,modern,73.988,64.82,3.0261418640418234,9.168000000000006,0.94,True,True,0.0457951000096124,True,1.5280000000000011,0.848626966985499
VH-00667,666,5,A,67,ST-45,45,Final Assembly,Interior fit,2026-09-03 08:14:52,modern,103.682,69.18,11.321022828270555,34.501999999999995,0.94,True,True,0.09570072822070574,True,4.600266666666666,2.992367736339982
VH-00668,667,5,A,68,ST-14,14,Body,Side-frame marriage,2026-09-03 07:35:58,modern,74.849,66.66,2.667943422205533,8.189000000000007,0.94,False,True,0.020268906319704683,True,0.9553833333333341,0.7370837083708378
VH-00668,667,5,A,68,ST-33,33,Final Assembly,Interior fit,2026-09-03 08:01:50,partial,78.649,72.98,1.937177979274614,5.668999999999997,0.68,False,True,0.019542524968967023,True,0.661383333333333,0.46607289668402274
VH-00668,667,5,A,68,ST-34,34,Final Assembly,Wheel torque,2026-09-03 08:03:13,modern,82.681,76.27,2.3020502219572023,6.411000000000001,0.86,False,True,0.033222669909677816,True,0.7479500000000001,0.5043398452864823
VH-00674,673,5,A,74,ST-21,21,Paint,Oven cure,2026-09-03 07:52:43,legacy,100.887,93.2,2.676476339833641,7.686999999999998,0.36,False,True,0.04546929278642453,True,0.12811666666666663,0.49487124463519294
VH-00675,674,5,A,75,ST-33,33,Final Assembly,Interior fit,2026-09-03 08:09:33,partial,80.278,72.98,2.5064839378238384,7.298000000000002,0.68,False,True,0.05701669367471607,True,0.0,0.6000000000000001
VH-00679,678,5,B,4,ST-03,3,Body,Roof laser weld,2026-09-03 14:36:48,manual_check,59.925,54.24,1.927318131618267,5.684999999999995,0.22,False,True,0.0211243218261562,True,6.727249999999994,0.6288716814159286
VH-00680,679,5,B,5,ST-22,22,Paint,Basecoat booth,2026-09-03 15:01:13,modern,89.079,79.8,2.9542346368715036,9.278999999999996,0.94,True,True,0.04542900081621137,True,10.825499999999996,0.6976691729323306
VH-00681,680,5,B,6,ST-27,27,Paint,Oven cure,2026-09-03 15:09:52,partial,96.081,90.02,1.9784610541825773,6.061000000000007,0.68,False,True,0.025261207861818513,True,6.970150000000008,0.4039768940235508
VH-00681,680,5,B,6,ST-39,39,Final Assembly,Interior fit,2026-09-03 15:24:05,partial,78.834,72.85,1.9745474633310038,5.984000000000009,0.68,False,True,0.024186354060728332,True,6.88160000000001,0.49284831846259514
VH-00685,684,5,B,10,ST-08,8,Body,Side-frame marriage,2026-09-03 14:49:35,modern,79.181,66.34,4.623436963519303,12.840999999999994,0.94,True,True,0.0674246243911042,True,13.911083333333327,1.161380765752185
VH-00685,684,5,B,10,ST-10,10,Body,Door fit check,2026-09-03 14:51:53,partial,75.636,68.39,2.470823044753753,7.245999999999995,0.68,False,True,0.055332543191054184,True,7.8498333333333274,0.6357069747039037
VH-00686,685,5,B,11,ST-04,4,Body,Door fit check,2026-09-03 14:46:20,legacy,73.233,64.64,3.216883387154661,8.593000000000004,0.36,True,True,0.06168031018006814,True,9.16586666666667,0.7976175742574261
VH-00687,686,5,B,12,ST-43,43,Final Assembly,Powertrain marriage,2026-09-03 15:36:17,modern,78.547,69.82,2.9365285468779803,8.727000000000004,0.94,True,True,0.03771291423720824,True,9.163350000000005,0.7499570323689492
VH-00690,689,5,B,15,ST-44,44,Final Assembly,Battery connect,2026-09-03 15:40:26,modern,72.584,64.82,2.560070870501377,7.76400000000001,0.94,False,True,0.007425404523610846,True,7.76400000000001,0.7186670780623274
VH-00691,690,5,B,16,ST-02,2,Body,Side-frame marriage,2026-09-03 14:50:22,partial,74.686,67.75,2.484354293880743,6.936000000000007,0.6,False,True,0.021969133622135262,True,6.8204000000000065,0.6142583025830265
VH-00694,693,5,B,19,ST-06,6,Body,Seam sealing prep,2026-09-03 14:58:05,legacy,74.878,68.4,2.2488230329431076,6.477999999999994,0.36,False,True,0.008607071410876577,True,6.046133333333328,0.5682456140350872
VH-00698,697,5,B,23,ST-02,2,Body,Side-frame marriage,2026-09-03 14:58:44,partial,75.835,67.75,2.8871088735871187,8.084999999999994,0.6,True,True,0.0502147386054026,True,7.006999999999994,0.7160147601476009
VH-00698,697,5,B,23,ST-16,16,Body,Door fit check,2026-09-03 15:14:19,manual_check,82.307,74.71,2.3635894157118447,7.597000000000008,0.22,False,True,0.0656152943860715,True,6.584066666666674,0.6101191272921972
VH-00701,700,5,B,26,ST-38,38,Final Assembly,Battery connect,2026-09-03 15:46:58,modern,74.783,66.48,2.6892680649778966,8.302999999999997,0.94,False,True,0.02242329422766176,True,6.780783333333331,0.7493682310469311
VH-00707,706,5,B,32,ST-24,24,Paint,Paint quality gate,2026-09-03 15:36:38,modern,96.803,88.82,2.6600074320359752,7.983000000000004,0.94,False,True,0.01617184451179987,True,5.721150000000003,0.5392704345868051
VH-00708,707,5,B,33,ST-24,24,Paint,Paint quality gate,2026-09-03 15:37:29,modern,95.556,88.82,2.221333985266305,6.736000000000004,0.86,False,True,0.03392362968420903,True,4.715200000000002,0.45503265030398593
VH-00713,712,5,B,38,ST-39,39,Final Assembly,Interior fit,2026-09-03 16:01:49,partial,79.506,72.85,2.204791415327955,6.656000000000006,0.6,False,True,0.004081398558813398,True,4.104533333333337,0.5481949210706938
VH-00718,717,5,B,43,ST-35,35,Final Assembly,ADAS calibration,2026-09-03 16:03:39,modern,76.196,69.91,2.2747989487516427,6.286000000000001,0.86,False,True,0.030473959604306322,True,3.352533333333334,0.5394936346731514
VH-00721,720,5,B,46,ST-39,39,Final Assembly,Interior fit,2026-09-03 16:11:59,partial,80.584,72.85,2.574141088323066,7.734000000000009,0.6,False,True,0.03809995633610341,True,3.738100000000004,0.6369800960878526
VH-00723,722,5,B,48,ST-21,21,Paint,Oven cure,2026-09-03 15:51:50,legacy,100.509,93.2,2.5374003818355493,7.3089999999999975,0.36,False,True,0.035253134243237616,True,3.2890499999999987,0.4705364806866951
VH-00732,731,5,B,57,ST-04,4,Body,Door fit check,2026-09-03 15:41:28,legacy,72.648,64.64,2.9903559382849045,8.007999999999996,0.36,True,True,0.053940417128351514,True,2.4023999999999988,0.7433168316831679
VH-00733,732,5,B,58,ST-23,23,Paint,Clearcoat booth,2026-09-03 16:06:40,legacy,90.39,83.34,2.3204383212144424,7.049999999999997,0.36,False,True,0.0202722425602746,True,1.9974999999999992,0.5075593952483799
VH-00734,733,5,B,59,ST-32,32,Final Assembly,Battery connect,2026-09-03 16:19:10,legacy,69.559,61.9,2.6056790560471894,7.658999999999999,0.36,False,True,0.043824198392537705,True,2.0423999999999998,0.7423909531502423
VH-00735,734,5,B,60,ST-01,1,Body,Underbody weld,2026-09-03 15:41:59,modern,71.798,65.52,2.176681376068929,6.278000000000006,0.86,False,True,0.025944270282081128,True,1.5695000000000014,0.5749084249084254
VH-00736,735,5,B,61,ST-24,24,Paint,Paint quality gate,2026-09-03 16:11:35,modern,95.374,88.82,2.1573094725862076,6.554000000000002,0.86,False,True,0.02821294024582377,True,1.5292666666666672,0.44273812204458474
VH-00737,736,5,B,62,ST-28,28,Paint,Basecoat booth,2026-09-03 16:18:22,legacy,85.426,77.8,2.3316331318017,7.626000000000005,0.36,False,True,0.030258605052072562,True,1.652300000000001,0.5881233933161958
VH-00740,739,5,B,65,ST-03,3,Body,Roof laser weld,2026-09-03 15:50:06,manual_check,61.606,54.24,2.516590917949718,7.366,0.22,False,True,0.0689370687103853,True,1.2276666666666667,0.8148230088495575
VH-00741,740,5,B,66,ST-40,40,Final Assembly,Wheel torque,2026-09-03 16:37:46,legacy,75.88,69.44,2.2714096640087247,6.439999999999998,0.36,False,True,0.008780129603798037,True,0.9659999999999996,0.5564516129032256
VH-00742,741,5,B,67,ST-05,5,Body,Dimensional clamp,2026-09-03 15:54:37,modern,71.9,63.92,2.7630308522946416,7.980000000000004,0.94,True,True,0.019073210229495707,True,1.0640000000000005,0.7490613266583233
VH-00743,742,5,B,68,ST-29,29,Final Assembly,ADAS calibration,2026-09-03 16:27:17,partial,76.851,69.18,2.4092326139088684,7.670999999999992,0.6,False,True,0.032501317045867784,True,0.8949499999999991,0.6653078924544659
VH-00743,742,5,B,68,ST-41,41,Final Assembly,ADAS calibration,2026-09-03 16:41:34,modern,84.501,75.75,3.0746116644913184,8.751000000000005,0.94,True,True,0.04098157372929678,True,1.0209500000000005,0.6931485148514855
VH-00748,747,5,B,73,ST-34,34,Final Assembly,Wheel torque,2026-09-03 16:38:41,modern,82.562,76.27,2.2595057311336415,6.292000000000002,0.86,False,True,0.029860939502181605,True,0.20973333333333338,0.4949783663301431
VH-00750,749,5,B,75,ST-40,40,Final Assembly,Wheel torque,2026-09-03 16:48:11,legacy,76.077,69.44,2.343856471069313,6.6370000000000005,0.36,False,True,0.014596315069777877,True,0.0,0.5734735023041475
VH-00751,750,6,A,1,ST-03,3,Body,Roof laser weld,2026-09-04 06:03:12,manual_check,60.554,54.24,2.147813421685182,6.314,0.22,False,True,0.03911832386609426,True,7.787266666666667,0.6984513274336283
VH-00751,750,6,A,1,ST-21,21,Paint,Oven cure,2026-09-04 06:25:02,legacy,100.965,93.2,2.7051745533888036,7.765000000000001,0.36,True,True,0.04656825058888536,True,9.576833333333333,0.499892703862661
VH-00751,750,6,A,1,ST-39,39,Final Assembly,Interior fit,2026-09-04 06:48:00,partial,80.768,72.85,2.6371840751793734,7.918000000000006,0.6,False,True,0.04351479735652819,True,9.765533333333341,0.6521345229924508
VH-00754,753,6,A,4,ST-17,17,Paint,Clearcoat booth,2026-09-04 06:22:35,modern,92.268,84.41,2.512645076750281,7.858000000000004,0.86,False,True,0.058133174418255495,True,9.298633333333338,0.558559412391897
VH-00754,753,6,A,4,ST-45,45,Final Assembly,Interior fit,2026-09-04 06:58:31,modern,99.265,69.18,9.870110793206328,30.084999999999994,0.94,True,True,0.09203219715858724,True,35.600583333333326,2.6092801387684292
VH-00755,754,6,A,5,ST-10,10,Body,Door fit check,2026-09-04 06:15:46,partial,76.181,68.39,2.654383371824473,7.790999999999997,0.6,False,True,0.04097553241196783,True,9.089499999999996,0.683520982599795
VH-00759,758,6,A,9,ST-03,3,Body,Roof laser weld,2026-09-04 06:12:54,manual_check,60.156,54.24,2.008294939258104,5.915999999999997,0.22,False,True,0.02300957541280313,True,6.5075999999999965,0.6544247787610615
VH-00759,758,6,A,9,ST-07,7,Body,Underbody weld,2026-09-04 06:17:22,legacy,71.412,64.33,2.2879316228898823,7.082000000000008,0.36,False,True,0.017985774035733537,True,7.7902000000000085,0.6605316337634082
VH-00762,761,6,A,12,ST-10,10,Body,Door fit check,2026-09-04 06:24:11,partial,74.851,68.39,2.206428812184002,6.4609999999999985,0.68,False,True,0.03837049057633535,True,6.784049999999998,0.5668372569089046
VH-00764,763,6,A,14,ST-06,6,Body,Seam sealing prep,2026-09-04 06:22:18,legacy,75.559,68.4,2.4989371086305563,7.158999999999992,0.36,False,True,0.030251853862072964,True,7.278316666666658,0.6279824561403501
VH-00765,764,6,A,15,ST-07,7,Body,Underbody weld,2026-09-04 06:24:42,legacy,71.581,64.33,2.343506246572007,7.251000000000005,0.36,False,True,0.0239828039959169,True,7.251000000000005,0.6762941085030317
VH-00770,769,6,A,20,ST-07,7,Body,Underbody weld,2026-09-04 06:30:13,legacy,71.471,64.33,2.307333414589558,7.141000000000005,0.36,False,True,0.02097739126370879,True,6.545916666666671,0.6660345095600814
VH-00771,770,6,A,21,ST-16,16,Body,Door fit check,2026-09-04 06:41:57,manual_check,82.061,74.71,2.2795597898335154,7.351000000000013,0.22,False,True,0.06123285817694768,True,6.615900000000012,0.5903627359121949
VH-00771,770,6,A,21,ST-34,34,Final Assembly,Wheel torque,2026-09-04 07:06:22,modern,81.881,76.27,2.0160368382694003,5.611000000000004,0.86,False,True,0.009945067575308442,True,5.0499000000000045,0.4414055329749577
VH-00777,776,6,A,27,ST-24,24,Paint,Paint quality gate,2026-09-04 07:00:41,modern,97.198,88.82,2.7989617315339848,8.378,0.94,True,True,0.02442868817945054,True,6.7024,0.5659536140508895
VH-00777,776,6,A,27,ST-25,25,Paint,E-coat inspection,2026-09-04 07:02:24,modern,103.107,94.1,2.967609156967403,9.007000000000005,0.94,True,True,0.040683399617517435,True,7.205600000000004,0.5743039319872479
VH-00777,776,6,A,27,ST-35,35,Final Assembly,ADAS calibration,2026-09-04 07:15:15,modern,79.948,69.91,3.6750197109066995,10.037999999999997,0.94,True,True,0.057393473071186696,True,8.030399999999997,0.8615076526963236
VH-00778,777,6,A,28,ST-02,2,Body,Side-frame marriage,2026-09-04 06:34:49,partial,76.354,67.75,3.069031960504102,8.604,0.6,True,True,0.05595192417413153,True,6.7398,0.7619778597785977
VH-00778,777,6,A,28,ST-04,4,Body,Door fit check,2026-09-04 06:36:56,legacy,73.208,64.64,3.2072027269465497,8.567999999999998,0.36,True,True,0.06074395271441513,True,6.711599999999999,0.7952970297029701
VH-00778,777,6,A,28,ST-06,6,Body,Seam sealing prep,2026-09-04 06:39:14,legacy,75.336,68.4,2.4170348488973685,6.935999999999993,0.36,False,True,0.02578414230734094,True,5.433199999999995,0.6084210526315783
VH-00781,780,6,A,31,ST-43,43,Final Assembly,Powertrain marriage,2026-09-04 07:28:57,modern,75.692,69.82,1.9559684297625828,5.872,0.86,False,True,0.008469424487007604,True,4.306133333333333,0.5046118590661702
VH-00783,782,6,A,33,ST-30,30,Final Assembly,End-of-line quality,2026-09-04 07:16:22,modern,76.736,70.35,2.0210949219230323,6.38600000000001,0.86,False,True,0.01931370164709756,True,4.470200000000007,0.5446481876332632
VH-00783,782,6,A,33,ST-42,42,Final Assembly,End-of-line quality,2026-09-04 07:30:43,modern,84.291,74.74,3.269527551942177,9.551000000000002,0.94,True,True,0.04932111353856572,True,6.685700000000001,0.7667380251538669
VH-00785,784,6,A,35,ST-29,29,Final Assembly,ADAS calibration,2026-09-04 07:16:26,partial,79.69,69.18,3.375990407673856,10.509999999999991,0.6,True,True,0.06361412053236593,True,7.006666666666661,0.911535125758889
VH-00790,789,6,A,40,ST-01,1,Body,Underbody weld,2026-09-04 06:47:59,modern,71.013,65.52,1.9001711599973858,5.493000000000009,0.86,False,True,0.004321602027105409,True,3.204250000000006,0.5030219780219789
VH-00791,790,6,A,41,ST-34,34,Final Assembly,Wheel torque,2026-09-04 07:30:17,modern,85.919,76.27,3.4596893924335848,9.649000000000001,0.94,True,True,0.054049339929087004,True,5.467766666666667,0.7590664743673792
VH-00792,791,6,A,42,ST-10,10,Body,Door fit check,2026-09-04 07:00:08,partial,75.939,68.39,2.5728758504462803,7.548999999999992,0.6,False,True,0.03454222354189351,True,4.151949999999996,0.6622898084515273
VH-00794,793,6,A,44,ST-39,39,Final Assembly,Interior fit,2026-09-04 07:39:40,partial,80.796,72.85,2.646777573179248,7.946000000000012,0.6,False,True,0.04314993208641027,True,4.105433333333339,0.6544406314344554
VH-00797,796,6,A,47,ST-28,28,Paint,Basecoat booth,2026-09-04 07:30:42,legacy,85.026,77.8,2.2011373639661476,7.225999999999999,0.36,False,True,0.016541552328101616,True,3.3721333333333328,0.5572750642673522
VH-00801,800,6,A,51,ST-04,4,Body,Door fit check,2026-09-04 07:04:22,legacy,76.567,64.64,4.507896232508088,11.926999999999992,0.36,True,True,0.07328550956729607,True,4.770799999999997,1.1070853960396032
VH-00805,804,6,A,55,ST-38,38,Final Assembly,Battery connect,2026-09-04 07:51:01,modern,72.236,66.48,1.8338742764672893,5.756,0.86,False,True,0.0034030774604214553,True,1.9186666666666667,0.5194945848375451
VH-00806,805,6,A,56,ST-39,39,Final Assembly,Interior fit,2026-09-04 07:53:37,partial,78.444,72.85,1.8409237411899155,5.594000000000008,0.68,False,True,0.014220647238881057,True,1.7714333333333359,0.46072752230610914
VH-00810,809,6,A,60,ST-10,10,Body,Door fit check,2026-09-04 07:21:52,partial,77.791,68.39,3.196644154547149,9.400999999999996,0.6,True,True,0.060988196173951015,True,2.3502499999999986,0.8247697031729782
VH-00810,809,6,A,60,ST-35,35,Final Assembly,ADAS calibration,2026-09-04 07:54:30,modern,77.356,69.91,2.707703022339026,7.445999999999998,0.94,True,True,0.0075785966778456615,True,1.8614999999999995,0.6390502074095263
VH-00812,811,6,A,62,ST-27,27,Paint,Oven cure,2026-09-04 07:46:48,partial,97.102,90.02,2.3474461188132123,7.082000000000008,0.6,False,True,0.016056682473353567,True,1.534433333333335,0.47202843812486167
VH-00813,812,6,A,63,ST-16,16,Body,Door fit check,2026-09-04 07:31:55,manual_check,81.115,74.71,1.9564214724314732,6.405000000000001,0.22,False,True,0.030620680998862615,True,1.2810000000000001,0.5143889706866552
VH-00817,816,6,A,67,ST-15,15,Body,Roof laser weld,2026-09-04 07:35:38,modern,75.624,66.06,2.5382681678608,9.563999999999993,0.94,False,True,0.027639971243474948,True,1.275199999999999,0.8686648501362391
VH-00821,820,6,A,71,ST-23,23,Paint,Clearcoat booth,2026-09-04 07:52:03,legacy,91.491,83.34,2.6993767062125285,8.150999999999996,0.36,False,True,0.05175868846133602,True,0.5433999999999998,0.5868250539956801
VH-00822,821,6,A,72,ST-21,21,Paint,Oven cure,2026-09-04 07:50:30,legacy,100.094,93.2,2.384711168689494,6.893999999999991,0.36,False,True,0.022760017378965935,True,0.34469999999999956,0.4438197424892698
VH-00826,825,6,B,1,ST-45,45,Final Assembly,Interior fit,2026-09-04 15:26:16,modern,125.647,69.18,18.53616497230174,56.467,0.94,True,True,0.10519934602332814,True,69.64263333333334,4.897398091934085
VH-00827,826,6,B,2,ST-36,36,Final Assembly,End-of-line quality,2026-09-04 15:16:14,modern,87.718,77.15,3.640626389247869,10.567999999999998,0.94,True,True,0.058138828679947685,True,12.85773333333333,0.8218794556059622
VH-00829,828,6,B,4,ST-32,32,Final Assembly,Battery connect,2026-09-04 15:12:51,legacy,68.671,61.9,2.2915756145526016,6.771000000000008,0.36,False,True,0.016933191001210823,True,8.012350000000009,0.6563166397415193
VH-00829,828,6,B,4,ST-42,42,Final Assembly,End-of-line quality,2026-09-04 15:25:00,modern,83.131,74.74,2.8656457607433152,8.391000000000005,0.94,True,True,0.027308840689382663,True,9.929350000000007,0.6736151993577741
VH-00833,832,6,B,8,ST-08,8,Body,Side-frame marriage,2026-09-04 14:47:02,modern,74.236,66.34,2.8340579399141594,7.896000000000001,0.94,True,True,0.019471842884162593,True,8.817200000000001,0.7141392824841725
VH-00834,833,6,B,9,ST-13,13,Body,Underbody weld,2026-09-04 14:53:39,modern,69.94,61.86,2.8701896517012266,8.079999999999998,0.94,True,True,0.02594373059271715,True,8.887999999999998,0.7837051406401551
VH-00834,833,6,B,9,ST-39,39,Final Assembly,Interior fit,2026-09-04 15:27:26,partial,80.089,72.85,2.4045417486824525,7.239000000000004,0.68,False,True,0.05384870766218164,True,7.962900000000005,0.5962113932738508
VH-00839,838,6,B,14,ST-20,20,Paint,Primer booth,2026-09-04 15:09:12,partial,89.249,82.23,2.1759086526575975,7.018999999999991,0.6,False,True,0.007267426861483073,True,7.135983333333325,0.5121488507843845
VH-00845,844,6,B,20,ST-45,45,Final Assembly,Interior fit,2026-09-04 15:48:42,modern,120.122,69.18,16.721293114993642,50.94199999999999,0.94,True,True,0.10519934602332814,True,46.69683333333332,4.418213356461403
VH-00847,846,6,B,22,ST-02,2,Body,Side-frame marriage,2026-09-04 14:57:32,partial,75.18,67.75,2.6575142263219544,7.430000000000007,0.6,False,True,0.03353132924860647,True,6.563166666666673,0.6580073800738013
VH-00847,846,6,B,22,ST-11,11,Body,Dimensional clamp,2026-09-04 15:07:16,modern,69.004,63.08,1.9819626310772167,5.924000000000007,0.86,False,True,0.01054876940507532,True,5.232866666666672,0.5634749524413449
VH-00847,846,6,B,22,ST-16,16,Body,Door fit check,2026-09-04 15:12:56,manual_check,81.248,74.71,2.001852123820981,6.538000000000011,0.22,False,True,0.03428914490008883,True,5.775233333333343,0.5250702717173078
VH-00847,846,6,B,22,ST-28,28,Paint,Basecoat booth,2026-09-04 15:30:40,legacy,84.65,77.8,2.078471342200733,6.8500000000000085,0.36,False,True,0.0003941235774779228,True,6.050833333333341,0.5282776349614403
VH-00848,847,6,B,23,ST-21,21,Paint,Oven cure,2026-09-04 15:21:12,legacy,99.87,93.2,2.3022957861721105,6.670000000000002,0.36,False,True,0.01320058117143652,True,5.780666666666668,0.42939914163090137
VH-00849,848,6,B,24,ST-40,40,Final Assembly,Wheel torque,2026-09-04 15:47:34,legacy,76.205,69.44,2.3909285081442126,6.765000000000001,0.36,False,True,0.021990093712025427,True,5.75025,0.5845334101382489
VH-00852,851,6,B,27,ST-26,26,Paint,Primer booth,2026-09-04 15:32:59,modern,101.308,92.75,2.6665453784527093,8.558000000000007,0.94,False,True,0.02256342161872893,True,6.846400000000005,0.5536172506738549
VH-00853,852,6,B,28,ST-03,3,Body,Roof laser weld,2026-09-04 15:05:34,manual_check,60.772,54.24,2.224233092964334,6.5319999999999965,0.22,False,True,0.049354932365708426,True,5.116733333333331,0.7225663716814155
VH-00853,852,6,B,28,ST-45,45,Final Assembly,Interior fit,2026-09-04 15:58:41,modern,110.121,69.18,13.43612869057043,40.94099999999999,0.94,True,True,0.10261460781682974,True,32.07044999999999,3.5508239375542052
VH-00856,855,6,B,31,ST-04,4,Body,Door fit check,2026-09-04 15:10:16,legacy,73.105,64.64,3.1673184068891422,8.465000000000003,0.36,True,True,0.05937409751453482,True,6.207666666666669,0.7857363861386142
VH-00856,855,6,B,31,ST-26,26,Paint,Primer booth,2026-09-04 15:38:23,modern,99.219,92.75,1.992609948583041,6.468999999999994,0.86,False,True,0.019122164288723487,True,4.743933333333329,0.41847978436657646
VH-00857,856,6,B,32,ST-41,41,Final Assembly,ADAS calibration,2026-09-04 15:57:10,modern,83.322,75.75,2.6375790341416563,7.572000000000003,0.94,False,True,0.009266528485120884,True,5.426600000000002,0.599762376237624
VH-00860,859,6,B,35,ST-43,43,Final Assembly,Powertrain marriage,2026-09-04 16:03:42,modern,77.499,69.82,2.5765891413659183,7.679000000000002,0.94,False,True,0.007727533869534731,True,5.119333333333334,0.6598968776854772
VH-00863,862,6,B,38,ST-08,8,Body,Side-frame marriage,2026-09-04 15:23:25,modern,72.076,66.34,2.0524484978540714,5.73599999999999,0.86,False,True,0.011912953782895253,True,3.5371999999999937,0.5187820319565863
VH-00863,862,6,B,38,ST-35,35,Final Assembly,ADAS calibration,2026-09-04 15:58:44,modern,77.94,69.91,2.9256478318002626,8.030000000000001,0.94,True,True,0.026158351484631415,True,4.951833333333334,0.6891717923043915
VH-00863,862,6,B,38,ST-45,45,Final Assembly,Interior fit,2026-09-04 16:10:42,modern,75.798,69.18,2.161586290862609,6.617999999999995,0.86,False,True,0.027321839282332894,True,4.081099999999997,0.5739809193408495
VH-00864,863,6,B,39,ST-07,7,Body,Underbody weld,2026-09-04 15:23:01,legacy,71.074,64.33,2.176782375525628,6.744,0.36,False,True,0.0075899012383354725,True,4.0464,0.6290066842841598
VH-00866,865,6,B,41,ST-03,3,Body,Roof laser weld,2026-09-04 15:21:15,manual_check,59.975,54.24,1.9448455791593586,5.734999999999999,0.22,False,True,0.021087734200389674,True,3.249833333333333,0.6344026548672566
VH-00868,867,6,B,43,ST-43,43,Final Assembly,Powertrain marriage,2026-09-04 16:12:44,modern,78.715,69.82,2.9942287569219004,8.89500000000001,0.94,True,True,0.04086513994710972,True,4.744000000000005,0.764394156402178
VH-00870,869,6,B,45,ST-16,16,Body,Door fit check,2026-09-04 15:40:06,manual_check,80.968,74.71,1.9062086472114979,6.25800000000001,0.22,False,True,0.028004656237014647,True,3.129000000000005,0.5025833221790933
VH-00871,870,6,B,46,ST-40,40,Final Assembly,Wheel torque,2026-09-04 16:13:13,legacy,75.715,69.44,2.210730866216865,6.275000000000006,0.36,False,True,0.0010321351843689541,True,3.0329166666666696,0.54219470046083
VH-00872,871,6,B,47,ST-02,2,Body,Side-frame marriage,2026-09-04 15:27:34,partial,75.234,67.75,2.6764426399896126,7.483999999999995,0.6,False,True,0.034250839190497984,True,3.492533333333331,0.6627896678966785
VH-00874,873,6,B,49,ST-04,4,Body,Door fit check,2026-09-04 15:31:59,legacy,71.153,64.64,2.411452457839983,6.513000000000005,0.36,False,True,0.02041252424165696,True,2.8223000000000025,0.6045482673267332
VH-00875,874,6,B,50,ST-16,16,Body,Door fit check,2026-09-04 15:46:29,manual_check,81.006,74.71,1.9191888333227836,6.2960000000000065,0.22,False,True,0.02961117183794515,True,2.6233333333333357,0.505635122473565
VH-00877,876,6,B,52,ST-27,27,Paint,Oven cure,2026-09-04 16:05:01,partial,97.081,90.02,2.339856807983395,7.061000000000007,0.6,False,True,0.016231757061074714,True,2.7067166666666695,0.4706287491668523
VH-00881,880,6,B,56,ST-29,29,Final Assembly,ADAS calibration,2026-09-04 16:12:21,partial,76.385,69.18,2.250546762589926,7.204999999999998,0.6,False,True,0.016533330664632584,True,2.281583333333333,0.62489158716392
VH-00882,881,6,B,57,ST-26,26,Paint,Primer booth,2026-09-04 16:09:39,modern,98.899,92.75,1.8893742676073169,6.149000000000001,0.86,False,True,0.009489871325111698,True,1.8447000000000002,0.39777897574123994
VH-00883,882,6,B,58,ST-05,5,Body,Dimensional clamp,2026-09-04 15:43:48,modern,69.917,63.92,2.0752645584265337,5.997,0.86,False,True,0.016163399621266783,True,1.69915,0.5629224030037546
VH-00884,883,6,B,59,ST-04,4,Body,Door fit check,2026-09-04 15:43:55,legacy,71.638,64.64,2.5992572658773,6.998000000000005,0.36,False,True,0.033632893176332335,True,1.8661333333333345,0.6495668316831688
VH-00884,883,6,B,59,ST-11,11,Body,Dimensional clamp,2026-09-04 15:51:43,modern,70.09,63.08,2.3543843660629165,7.010000000000005,0.86,False,True,0.03917521267393609,True,1.8693333333333346,0.6667723525681679
VH-00884,883,6,B,59,ST-22,22,Paint,Basecoat booth,2026-09-04 16:06:18,modern,88.026,79.8,2.601535195530723,8.225999999999999,0.94,False,True,0.020092739287840722,True,2.1935999999999996,0.6184962406015038
VH-00885,884,6,B,60,ST-16,16,Body,Door fit check,2026-09-04 15:58:21,manual_check,80.917,74.71,1.8887878711147699,6.207000000000008,0.22,False,True,0.025043916508145525,True,1.551750000000002,0.4984874849417755
VH-00887,886,6,B,62,ST-15,15,Body,Roof laser weld,2026-09-04 15:59:23,modern,75.372,66.06,2.4650153531218044,9.311999999999998,0.94,False,True,0.022286383332251747,True,2.0175999999999994,0.8457765667574929
VH-00896,895,6,B,71,ST-35,35,Final Assembly,ADAS calibration,2026-09-04 16:36:53,modern,77.397,69.91,2.723003942181343,7.487000000000009,0.94,True,True,0.008672566449460017,True,0.49913333333333393,0.6425690173079682
VH-00896,895,6,B,71,ST-37,37,Final Assembly,Powertrain marriage,2026-09-04 16:39:25,modern,73.777,64.35,3.1803926410975962,9.427000000000007,0.94,True,True,0.04895310633958305,True,0.6284666666666671,0.8789743589743597
VH-00898,897,6,B,73,ST-42,42,Final Assembly,End-of-line quality,2026-09-04 16:47:29,modern,80.748,74.74,2.035947218995997,6.00800000000001,0.86,False,True,0.01353188149368989,True,0.20026666666666698,0.48231201498528314
VH-00900,899,6,B,75,ST-14,14,Body,Side-frame marriage,2026-09-04 16:14:07,modern,74.428,66.66,2.525765677806983,7.768000000000001,0.94,False,True,0.004825326401483587,True,0.0,0.6991899189918993
