Vehicle_ID,Cycle_Time_Mean,Cycle_Time_Std,Cycle_Time_Max,Cycle_Time_P95,Torque_Mean,Torque_Max,Temperature_Mean,Temperature_Max,Vibration_Mean,Vibration_Max,Torque_Missing_Rate,Temperature_Missing_Rate,Vibration_Missing_Rate,Sparse_Coverage_Rate,Legacy_Or_Manual_Imputed_Rate,Telemetry_Confidence_Mean,Body_Cycle_Time_Mean,Final_Assembly_Cycle_Time_Mean,Paint_Cycle_Time_Mean,ST12_Temperature_C,ST12_Cycle_Time,ST15_Vibration_MM_S,ST15_Cycle_Time,ST12_Temperature_Excess,ST15_Vibration_Excess,ST12_ST15_Interaction,Vehicle_Global_Index,Production_Day,Shift,Unit_In_Shift,Vehicle_Model,Model_Complexity_Factor,End_of_Line_Quality,Root_Cause_Label,Delayed_Defect_Detection_Station,Latent_Defect_Probability,Station_12_Temperature_Signal,Station_15_Vibration_Signal,Defect_Label
VH-00001,73.07211363636362,10.377857197420013,95.694,91.86455,36.25009090909091,51.404,38.915875,47.312,1.8042386363636362,2.451,0.3181818181818182,0.3181818181818182,0.3409090909090909,0.22727272727272727,0.22727272727272727,0.745909090909091,65.6719375,69.7943125,87.30941666666666,40.553,67.837,2.11,69.965,0.0,0.0,0.0,0,1,A,1,Sedan,1.0,Pass,NONE,,0.01694,40.553,2.11,0
VH-00002,72.74543181818181,10.877134190794255,98.764,93.10825,36.73343181818182,50.262,38.984761363636366,48.05,1.7719886363636363,2.652,0.22727272727272727,0.25,0.2727272727272727,0.22727272727272727,0.22727272727272727,0.755,65.1611875,69.3143125,87.43258333333334,38.705,71.286,2.101,68.198,0.0,0.0,0.0,1,1,A,2,Compact,0.94,Pass,NONE,,0.01012,38.705,2.101,0
VH-00003,73.85168181818182,10.21103228677308,94.602,92.62910000000001,36.18631818181819,52.013,39.046420454545455,48.157,1.8078181818181818,2.68,0.2727272727272727,0.29545454545454547,0.3409090909090909,0.22727272727272727,0.22727272727272727,0.745909090909091,67.103375,70.3534375,87.51375,37.693,75.982,2.29,70.968,0.0,0.0,0.0,2,1,A,3,SUV,1.08,Pass,NONE,,0.01915,37.693,2.29,0
VH-00004,73.71663636363637,10.425448676064342,95.993,95.0408,35.968636363636364,50.155,39.06932954545454,47.875,1.789625,2.497,0.22727272727272727,0.3409090909090909,0.2727272727272727,0.22727272727272727,0.22727272727272727,0.7495454545454545,65.9641875,71.6194375,86.84949999999999,40.966,73.704,2.497,67.768,0.0,0.0,0.0,3,1,A,4,Sedan,1.0,Pass,NONE,,0.01803,40.966,2.497,0
VH-00005,75.01718181818181,11.0064431642999,99.711,94.97225,36.07081818181818,48.837,38.852909090909094,49.118,1.7726363636363636,2.479,0.3181818181818182,0.36363636363636365,0.3181818181818182,0.22727272727272727,0.22727272727272727,0.745909090909091,67.1744375,72.0795625,89.391,39.999,67.151,2.204,63.657,0.0,0.0,0.0,4,1,A,5,Truck,1.14,Pass,NONE,,0.02,39.999,2.204,0
VH-00006,73.47734090909091,11.05815121211116,96.998,95.28295,36.83447727272728,52.895,38.695772727272725,47.02,1.8340795454545455,2.306,0.2727272727272727,0.25,0.29545454545454547,0.22727272727272727,0.22727272727272727,0.7513636363636362,65.82306249999999,69.6450625,88.79275,40.016,71.359,2.122,61.472,0.0,0.0,0.0,5,1,A,6,Sedan,1.0,Pass,NONE,,0.01163,40.016,2.122,0
VH-00007,74.1191590909091,9.765180663597885,94.764,90.22895000000001,35.93331818181818,50.491,39.172125,49.046,1.7841704545454546,2.242,0.2727272727272727,0.3409090909090909,0.3181818181818182,0.22727272727272727,0.22727272727272727,0.7440909090909091,66.6416875,71.495375,87.58749999999999,40.375,70.099,2.242,67.745,0.0,0.0,0.0,6,1,A,7,SUV,1.08,Fail,LOW_CONFIDENCE_MULTI_CAUSAL,ST-45,0.01902,40.129,2.242,1
VH-00008,73.84868181818182,9.605216837794814,95.568,91.0141,36.495,51.288,38.72288636363636,47.432,1.788284090909091,2.501,0.22727272727272727,0.3181818181818182,0.3409090909090909,0.22727272727272727,0.22727272727272727,0.7477272727272727,66.9080625,71.2093125,86.622,39.229,72.024,2.036,64.379,0.0,0.0,0.0,7,1,A,8,SUV,1.08,Pass,NONE,,0.01629,39.229,2.036,0
VH-00009,73.24379545454545,10.52046712991428,98.074,91.61555,35.73022727272728,51.742,38.62293181818182,46.67,1.7627499999999998,2.315,0.2727272727272727,0.3181818181818182,0.3181818181818182,0.22727272727272727,0.22727272727272727,0.744090909090909,64.866125,71.1179375,87.24849999999999,38.486,63.513,2.258,64.155,0.0,0.0,0.0,8,1,A,9,Sedan,1.0,Pass,NONE,,0.01216,38.486,2.258,0
VH-00010,74.0344090909091,10.449306033078884,101.186,93.52420000000001,36.781113636363635,52.289,39.204534090909085,49.432,1.8083636363636364,2.59,0.25,0.25,0.3181818181818182,0.22727272727272727,0.22727272727272727,0.7513636363636362,66.909375,70.687375,87.99716666666666,39.224,71.149,2.395,67.103,0.0,0.0,0.0,9,1,A,10,SUV,1.08,Pass,NONE,,0.017,39.224,2.395,0
VH-00011,73.21247727272727,10.40869819282118,96.648,92.24205,37.06715909090909,54.893,39.20471590909091,48.274,1.82825,2.409,0.2727272727272727,0.3181818181818182,0.3409090909090909,0.22727272727272727,0.22727272727272727,0.744090909090909,65.119625,70.2521875,87.95,40.074,66.876,1.425,70.129,0.0,0.0,0.0,10,1,A,11,Sedan,1.0,Pass,NONE,,0.01178,40.074,1.425,0
VH-00012,73.80231818181818,11.154468233440113,97.86,94.29100000000001,36.95038636363636,51.164,38.84432954545454,47.9,1.8405681818181818,2.347,0.25,0.2727272727272727,0.3409090909090909,0.22727272727272727,0.22727272727272727,0.7495454545454545,66.329875,69.6709375,89.27408333333334,38.61,72.155,2.266,62.578,0.0,0.0,0.0,11,1,A,12,Sedan,1.0,Pass,NONE,,0.0172,38.61,2.318,0
VH-00013,73.05043181818182,10.298894771133016,96.878,94.57005000000001,35.981863636363634,50.691,38.98536363636364,48.17,1.7313295454545454,2.291,0.29545454545454547,0.3409090909090909,0.3181818181818182,0.22727272727272727,0.22727272727272727,0.744090909090909,66.2449375,69.2909375,87.13708333333334,40.034,72.037,2.02,65.226,0.0,0.0,0.0,12,1,A,13,Sedan,1.0,Pass,NONE,,0.01493,40.034,2.02,0
VH-00014,72.88422727272727,10.37898634174021,92.578,91.05465000000001,37.15692045454546,52.998,39.09194318181818,47.681,1.77725,2.64,0.3409090909090909,0.3181818181818182,0.3409090909090909,0.22727272727272727,0.22727272727272727,0.744090909090909,65.931875,69.6348125,86.48658333333333,40.122,76.697,1.984,66.189,0.0,0.0,0.0,13,1,A,14,Compact,0.94,Pass,NONE,,0.01745,40.122,1.984,0
VH-00015,73.74795454545455,10.729805314678787,99.187,92.53815,36.268477272727274,51.343,39.04388636363637,49.925,1.818715909090909,2.38,0.29545454545454547,0.3181818181818182,0.29545454545454547,0.22727272727272727,0.22727272727272727,0.7477272727272727,65.9783125,70.7864375,88.05616666666667,39.794,72.519,2.007,67.086,0.0,0.0,0.0,14,1,A,15,SUV,1.08,Pass,NONE,,0.01557,39.794,2.007,0
VH-00016,73.52193181818183,10.584222460259719,95.977,92.7521,36.34084090909091,52.102,38.95882954545454,48.787,1.7758749999999999,2.501,0.2727272727272727,0.29545454545454547,0.36363636363636365,0.22727272727272727,0.22727272727272727,0.7495454545454545,65.5946875,71.2053125,87.18041666666666,39.968,71.625,2.501,60.245,0.0,0.0,0.0,15,1,A,16,Sedan,1.0,Pass,NONE,,0.01623,39.968,2.501,0
VH-00017,73.71470454545455,10.609586414531945,98.6,92.8944,36.28969318181818,50.322,39.276602272727274,48.981,1.8230909090909089,2.553,0.3181818181818182,0.36363636363636365,0.29545454545454547,0.22727272727272727,0.22727272727272727,0.744090909090909,65.32875,71.6224375,87.68566666666668,40.282,65.136,2.079,62.958,0.0,0.0,0.0,16,1,A,17,SUV,1.08,Pass,NONE,,0.01817,40.282,2.079,0
VH-00018,72.97845454545455,9.331538763545932,90.662,89.50295000000001,36.07715909090909,50.223,38.97194318181818,47.873,1.7871363636363637,2.427,0.2727272727272727,0.2727272727272727,0.3409090909090909,0.22727272727272727,0.22727272727272727,0.7477272727272727,65.9014375,70.8350625,85.27233333333334,38.736,74.16,2.266,64.422,0.0,0.0,0.0,17,1,A,18,Sedan,1.0,Pass,NONE,,0.01391,38.736,2.024,0
VH-00019,73.90743181818182,10.063657956248283,99.486,91.31295,36.60709090909091,51.093,38.81846590909091,49.292,1.8107386363636364,2.412,0.25,0.3181818181818182,0.29545454545454547,0.22727272727272727,0.22727272727272727,0.7495454545454545,67.2234375,70.571875,87.26683333333334,39.886,78.188,2.155,61.421,0.0,0.0,0.0,18,1,A,19,SUV,1.08,Pass,NONE,,0.01392,39.886,2.155,0
VH-00020,71.66318181818181,10.596895704442149,92.329,91.5305,36.124886363636364,49.056,38.68626136363636,48.17,1.8230454545454544,2.518,0.29545454545454547,0.25,0.3181818181818182,0.22727272727272727,0.22727272727272727,0.7477272727272727,64.65531250000001,67.88968750000001,86.03833333333334,38.125,72.078,1.976,66.237,0.0,0.0,0.0,19,1,A,20,Compact,0.94,Pass,NONE,,0.01236,38.125,1.976,0
VH-00021,73.22977272727273,11.088147595966454,98.251,94.4961,36.401045454545454,51.055,39.02644318181818,47.785,1.8036704545454543,2.487,0.29545454545454547,0.3181818181818182,0.3409090909090909,0.22727272727272727,0.22727272727272727,0.744090909090909,66.8976875,68.191125,88.39075000000001,40.16,69.018,2.281,69.974,0.0,0.0,0.0,20,1,A,21,Sedan,1.0,Pass,NONE,,0.02532,40.16,2.281,0
VH-00022,72.64579545454545,10.034157717353414,96.027,91.19850000000001,36.094125,52.134,38.70126136363636,49.26,1.8421477272727274,2.483,0.3181818181818182,0.29545454545454547,0.36363636363636365,0.22727272727272727,0.22727272727272727,0.7422727272727272,65.5713125,70.0635625,85.52141666666667,38.922,63.043,2.4,67.767,0.0,0.0,0.0,21,1,A,22,Compact,0.94,Pass,NONE,,0.01223,38.922,2.4,0
VH-00023,72.46629545454545,9.94912059121727,94.731,91.0119,36.38761363636364,50.962,39.117602272727275,49.811,1.833,2.348,0.2727272727272727,0.2727272727272727,0.36363636363636365,0.22727272727272727,0.22727272727272727,0.7495454545454545,65.34125,69.2265625,86.286,38.312,73.336,2.214,68.461,0.0,0.0,0.0,22,1,A,23,Compact,0.94,Fail,LOW_CONFIDENCE_MULTI_CAUSAL,ST-45,0.0143,38.312,2.214,1
VH-00024,73.70518181818181,10.690744787231068,96.303,95.2753,36.25609090909091,51.055,38.75382954545454,47.367,1.8388522727272727,2.368,0.29545454545454547,0.2727272727272727,0.3181818181818182,0.22727272727272727,0.22727272727272727,0.7477272727272727,66.9976875,70.3186875,87.16383333333333,39.268,72.233,2.303,66.673,0.0,0.0,0.0,23,1,A,24,SUV,1.08,Pass,NONE,,0.02654,39.268,2.303,0
VH-00025,74.28684090909091,10.41686075986333,96.24,92.73780000000001,36.04663636363636,50.243,39.177125,49.92,1.8416818181818184,2.407,0.3181818181818182,0.3181818181818182,0.3409090909090909,0.22727272727272727,0.22727272727272727,0.744090909090909,66.116,72.082125,88.12091666666667,40.635,69.023,1.802,68.557,0.0,0.0,0.0,24,1,A,25,Truck,1.14,Pass,NONE,,0.02278,40.635,1.802,0
VH-00026,73.31822727272727,11.805793608980446,98.221,94.8264,36.80440909090909,48.575,38.974011363636365,48.264,1.7851022727272727,2.458,0.3409090909090909,0.36363636363636365,0.3181818181818182,0.22727272727272727,0.22727272727272727,0.7477272727272727,64.22387499999999,70.217625,89.57816666666668,39.489,66.835,1.909,60.492,0.0,0.0,0.0,25,1,A,26,Sedan,1.0,Pass,NONE,,0.02119,39.489,1.909,0
VH-00027,73.48229545454545,10.56885441324418,95.125,92.35085000000001,36.01536363636364,48.377,39.074988636363635,47.832,1.8211704545454546,2.276,0.2727272727272727,0.29545454545454547,0.2727272727272727,0.22727272727272727,0.22727272727272727,0.7513636363636362,65.36268749999999,71.119,87.4595,40.152,70.544,1.802,61.677,0.0,0.0,0.0,26,1,A,27,Sedan,1.0,Pass,NONE,,0.02021,40.152,1.802,0
VH-00028,73.81295454545455,10.729788177008299,96.804,93.3977,36.08054545454546,48.516,39.11596590909091,48.438,1.806284090909091,2.319,0.29545454545454547,0.25,0.3409090909090909,0.22727272727272727,0.22727272727272727,0.745909090909091,66.6303125,70.2611875,88.1255,39.812,74.842,2.018,68.107,0.0,0.0,0.0,27,1,A,28,Truck,1.14,Pass,NONE,,0.01569,39.812,2.018,0
VH-00029,72.34629545454546,10.250029119821473,95.184,92.40655,36.65773863636363,50.79,39.17757954545454,48.191,1.8092613636363637,2.55,0.36363636363636365,0.3181818181818182,0.29545454545454547,0.22727272727272727,0.22727272727272727,0.7422727272727272,65.598375,68.7685,86.11391666666667,40.44,71.338,2.032,66.573,0.0,0.0,0.0,28,1,A,29,Compact,0.94,Pass,NONE,,0.01526,40.44,2.032,0
VH-00030,73.17936363636363,10.49848631634394,95.108,93.46589999999999,36.04952272727273,51.13,39.18870454545454,49.037,1.7923863636363635,2.317,0.2727272727272727,0.29545454545454547,0.2727272727272727,0.22727272727272727,0.22727272727272727,0.7513636363636362,66.22743750000001,69.4975,87.35775000000001,39.595,66.402,1.68,67.94,0.0,0.0,0.0,29,1,A,30,Sedan,1.0,Pass,NONE,,0.01404,39.595,1.68,0
VH-00031,73.64559090909091,9.793699477554929,93.648,90.61845,36.70372727272727,54.414,38.72644318181818,47.075,1.7508636363636363,2.291,0.25,0.2727272727272727,0.3181818181818182,0.22727272727272727,0.22727272727272727,0.7495454545454545,67.021125,70.2809375,86.96441666666668,40.272,67.878,2.291,66.42,0.0,0.0,0.0,30,1,A,31,SUV,1.08,Pass,NONE,,0.01692,40.272,2.291,0
VH-00032,73.93925,10.488227903890794,99.688,92.22175,36.38645454545454,51.818,38.69321590909091,46.833,1.7949886363636365,2.404,0.2727272727272727,0.3181818181818182,0.3181818181818182,0.22727272727272727,0.22727272727272727,0.7495454545454545,66.3744375,71.498625,87.27983333333333,38.886,69.711,2.302,64.714,0.0,0.0,0.0,31,1,A,32,SUV,1.08,Pass,NONE,,0.02486,38.886,2.302,0
VH-00033,72.81172727272727,9.876183375344189,96.419,90.8987,36.26048863636363,51.501,39.065670454545455,49.051,1.796181818181818,2.238,0.25,0.20454545454545456,0.3181818181818182,0.22727272727272727,0.22727272727272727,0.7495454545454545,66.59175,69.45325,85.58300000000001,38.247,71.58,2.18,63.861,0.0,0.0,0.0,32,1,A,33,Compact,0.94,Pass,NONE,,0.01577,38.247,2.18,0
VH-00034,73.20363636363636,11.074513791817617,96.263,93.3853,35.650318181818186,50.432,38.855625,49.267,1.7475681818181819,2.249,0.3409090909090909,0.36363636363636365,0.36363636363636365,0.22727272727272727,0.22727272727272727,0.7386363636363636,64.958625,69.7026875,88.86491666666666,40.375,68.165,1.87,63.318,0.0,0.0,0.0,33,1,A,34,Compact,0.94,Pass,NONE,,0.01704,40.24,1.87,0
VH-00035,72.41984090909091,10.320579612223387,96.329,91.4414,35.868261363636364,51.332,39.079454545454546,48.636,1.7797159090909092,2.315,0.3181818181818182,0.29545454545454547,0.29545454545454547,0.22727272727272727,0.22727272727272727,0.745909090909091,64.23,70.30675,86.15708333333333,40.584,68.015,2.315,61.372,0.0,0.0,0.0,34,1,A,35,Compact,0.94,Pass,NONE,,0.01365,40.584,2.315,0
VH-00036,72.46611363636363,10.897460167537456,99.104,90.3657,36.17143181818182,48.429,38.96278409090909,49.331,1.735306818181818,2.475,0.2727272727272727,0.2727272727272727,0.29545454545454547,0.22727272727272727,0.22727272727272727,0.7513636363636362,63.813375,69.8806875,87.45033333333333,38.676,66.484,2.475,62.919,0.0,0.0,0.0,35,1,A,36,Sedan,1.0,Pass,NONE,,0.01711,38.676,2.475,0
VH-00037,73.5455,10.658717125782152,96.641,93.64205,35.71722727272727,49.092,38.657125,48.904,1.7732954545454547,2.345,0.2727272727272727,0.2727272727272727,0.3181818181818182,0.22727272727272727,0.22727272727272727,0.745909090909091,65.8289375,70.5315625,87.85283333333332,39.417,71.674,2.345,65.843,0.0,0.0,0.0,36,1,A,37,Sedan,1.0,Pass,NONE,,0.01415,39.417,2.345,0
VH-00038,73.66670454545455,10.00604886725686,98.477,92.87915,36.824909090909095,52.041,39.08593181818182,47.666,1.7655454545454545,2.479,0.22727272727272727,0.3181818181818182,0.3181818181818182,0.22727272727272727,0.22727272727272727,0.745909090909091,65.8920625,71.4659375,86.96724999999999,40.751,69.987,2.266,63.663,0.0,0.0,0.0,37,1,A,38,Sedan,1.0,Pass,NONE,,0.014,40.751,1.934,0
VH-00039,73.10131818181819,11.159695110807167,97.99,93.4386,35.89413636363636,51.812,38.7815,48.472,1.8052272727272725,2.448,0.3181818181818182,0.20454545454545456,0.29545454545454547,0.22727272727272727,0.22727272727272727,0.7477272727272727,65.254,69.6168125,88.21041666666667,39.382,73.53,2.381,68.788,0.0,0.0,0.0,38,1,A,39,Sedan,1.0,Pass,NONE,,0.0168,39.382,2.381,0
VH-00040,73.35422727272727,10.730801723150257,98.769,93.20235000000001,36.61847727272727,52.716,39.08167045454545,48.283,1.788909090909091,2.437,0.3181818181818182,0.22727272727272727,0.3409090909090909,0.22727272727272727,0.22727272727272727,0.7477272727272727,65.2273125,70.7138125,87.71066666666667,38.481,66.588,1.976,66.319,0.0,0.0,0.0,39,1,A,40,Compact,0.94,Pass,NONE,,0.01309,38.481,1.976,0
VH-00041,72.63627272727273,10.00687444259878,93.949,88.5152,36.654840909090915,50.805,38.695556818181814,47.489,1.8213068181818182,2.492,0.25,0.25,0.3409090909090909,0.22727272727272727,0.22727272727272727,0.7495454545454545,65.301625,69.776,86.22949999999999,38.922,69.209,2.176,61.789,0.0,0.0,0.0,40,1,A,41,Sedan,1.0,Pass,NONE,,0.01279,38.922,2.176,0
VH-00042,72.76536363636363,10.627340385940732,98.5,90.6533,36.533806818181816,52.068,39.023284090909094,49.145,1.8035113636363638,2.41,0.2727272727272727,0.3409090909090909,0.29545454545454547,0.22727272727272727,0.22727272727272727,0.7477272727272727,65.676125,68.7378125,87.58775000000001,37.962,72.362,2.272,69.039,0.0,0.0,0.0,41,1,A,42,Compact,0.94,Pass,NONE,,0.01501,37.962,2.272,0
VH-00043,73.21909090909091,10.385698793697221,93.061,92.1944,36.26756818181818,50.425,39.44121590909091,48.466,1.718909090909091,2.409,0.3409090909090909,0.2727272727272727,0.36363636363636365,0.22727272727272727,0.22727272727272727,0.7422727272727272,65.949375,70.187625,86.95400000000001,39.028,71.01,2.173,67.011,0.0,0.0,0.0,42,1,A,43,Compact,0.94,Pass,NONE,,0.01522,39.028,2.173,0
VH-00044,73.68195454545454,10.891425428214202,97.474,92.76165,36.286477272727275,52.92,38.709681818181814,47.084,1.8446363636363636,2.572,0.3181818181818182,0.2727272727272727,0.3181818181818182,0.22727272727272727,0.22727272727272727,0.745909090909091,66.2985625,69.9724375,88.47250000000001,39.23,75.73,1.874,64.452,0.0,0.0,0.0,43,1,A,44,Sedan,1.0,Pass,NONE,,0.01915,39.23,1.874,0
VH-00045,73.55747727272727,10.59159132802699,98.855,93.0475,35.39102272727273,50.622,38.773329545454544,46.413,1.8402045454545453,2.428,0.2727272727272727,0.25,0.3181818181818182,0.22727272727272727,0.22727272727272727,0.7513636363636362,65.283,71.126,87.83208333333334,39.848,71.449,1.919,70.016,0.0,0.0,0.0,44,1,A,45,Sedan,1.0,Pass,NONE,,0.01567,39.848,1.919,0
VH-00046,72.40888636363637,9.63441215115973,93.161,91.65305,36.25693181818182,52.858,38.71482954545455,48.116,1.7973522727272728,2.304,0.2727272727272727,0.22727272727272727,0.29545454545454547,0.22727272727272727,0.22727272727272727,0.7513636363636362,65.5100625,69.55175,85.41683333333333,39.94,72.376,2.165,67.029,0.0,0.0,0.0,45,1,A,46,Sedan,1.0,Pass,NONE,,0.01514,39.94,2.165,0
VH-00047,73.12327272727272,10.60339318740378,95.685,92.11335,37.14119318181818,51.253,39.25417045454545,48.309,1.8332499999999998,2.38,0.29545454545454547,0.3181818181818182,0.3409090909090909,0.22727272727272727,0.22727272727272727,0.745909090909091,66.2704375,69.1999375,87.49149999999999,39.839,73.217,2.251,67.584,0.0,0.0,0.0,46,1,A,47,Compact,0.94,Pass,NONE,,0.01591,39.839,2.251,0
VH-00048,71.97202272727273,10.291075760181583,94.954,89.31195000000001,35.74155681818182,47.873,39.11559090909091,49.577,1.8080340909090908,2.243,0.38636363636363635,0.20454545454545456,0.3181818181818182,0.22727272727272727,0.22727272727272727,0.744090909090909,64.54625,69.137375,85.65258333333334,37.252,71.687,2.192,59.338,0.0,0.0,0.0,47,1,A,48,Compact,0.94,Pass,NONE,,0.01288,37.252,2.192,0
VH-00049,73.432,10.373287104328945,99.227,92.25965000000001,35.468250000000005,48.469,39.27801136363637,50.862,1.815090909090909,2.444,0.25,0.3181818181818182,0.36363636363636365,0.22727272727272727,0.22727272727272727,0.744090909090909,66.3195,70.3563125,87.01625,40.171,70.574,2.334,67.37,0.0,0.0,0.0,48,1,A,49,Sedan,1.0,Pass,NONE,,0.02212,40.171,2.334,0
VH-00050,73.82204545454546,10.106537702075194,95.978,93.37295,37.55256818181818,53.528,39.11957954545455,49.858,1.7893863636363638,2.64,0.3181818181818182,0.38636363636363635,0.4090909090909091,0.22727272727272727,0.22727272727272727,0.7368181818181818,66.640375,70.5678125,87.73658333333333,40.395,71.138,2.266,64.596,0.0,0.0,0.0,49,1,A,50,SUV,1.08,Pass,NONE,,0.01861,40.395,1.92,0
VH-00051,72.43727272727273,10.195757663974499,91.898,91.3072,36.299147727272725,49.735,39.06448863636364,48.381,1.8134545454545454,2.568,0.3409090909090909,0.22727272727272727,0.29545454545454547,0.22727272727272727,0.22727272727272727,0.745909090909091,65.4054375,68.753875,86.72425,39.084,72.647,1.754,64.628,0.0,0.0,0.0,50,1,A,51,SUV,1.08,Pass,NONE,,0.02185,39.084,1.754,0
VH-00052,73.38377272727273,10.485281045270494,96.583,93.9217,36.97022727272727,50.867,38.87839772727273,47.231,1.7937727272727273,2.485,0.2727272727272727,0.38636363636363635,0.29545454545454547,0.22727272727272727,0.22727272727272727,0.744090909090909,66.13675,70.3298125,87.11841666666668,39.928,64.104,2.06,71.056,0.0,0.0,0.0,51,1,A,52,SUV,1.08,Pass,NONE,,0.01531,39.928,2.06,0
VH-00053,72.21186363636365,10.543759533356758,94.85,91.67495,36.39176136363636,53.355,38.99604545454545,48.803,1.7844545454545453,2.467,0.29545454545454547,0.2727272727272727,0.3409090909090909,0.22727272727272727,0.22727272727272727,0.745909090909091,65.62825,68.3030625,86.20175,39.515,67.416,2.467,65.081,0.0,0.0,0.0,52,1,A,53,Compact,0.94,Pass,NONE,,0.01053,39.515,2.467,0
VH-00054,74.44731818181818,9.936095947961832,95.829,94.01335,37.06845454545454,50.705,38.96605681818182,50.548,1.7724318181818182,2.294,0.29545454545454547,0.25,0.3409090909090909,0.22727272727272727,0.22727272727272727,0.745909090909091,67.2091875,71.9960625,87.36649999999999,39.212,65.337,2.259,69.628,0.0,0.0,0.0,53,1,A,54,Truck,1.14,Pass,NONE,,0.01602,39.212,2.259,0
VH-00055,73.8154090909091,10.144370328592915,91.807,91.22550000000001,35.81961363636364,52.857,38.77757954545455,48.304,1.8095454545454546,2.546,0.25,0.25,0.36363636363636365,0.22727272727272727,0.22727272727272727,0.7477272727272727,66.1575625,71.0470625,87.717,39.424,69.195,2.391,65.722,0.0,0.0,0.0,54,1,A,55,SUV,1.08,Pass,NONE,,0.01577,39.424,2.391,0
VH-00056,73.14554545454546,10.622624896679744,96.941,92.27709999999999,36.39145454545454,50.032,38.820170454545455,50.806,1.8236818181818182,2.273,0.22727272727272727,0.3409090909090909,0.29545454545454547,0.22727272727272727,0.22727272727272727,0.7477272727272727,65.0715625,70.3946875,87.57866666666666,40.375,65.564,2.028,59.928,0.0,0.0,0.0,55,1,A,56,Sedan,1.0,Pass,NONE,,0.01576,40.332,2.028,0
VH-00057,72.89,10.693076364617196,95.373,91.69475,35.73925,49.834,39.33403409090909,50.395,1.805534090909091,2.467,0.38636363636363635,0.2727272727272727,0.3181818181818182,0.22727272727272727,0.22727272727272727,0.7404545454545454,65.227625,69.62325,87.46216666666668,38.862,69.625,2.056,65.033,0.0,0.0,0.0,56,1,A,57,Sedan,1.0,Pass,NONE,,0.01881,38.862,2.056,0
VH-00058,74.94163636363636,10.781548307697038,96.372,95.16165000000001,35.90784090909091,53.763,39.13948863636364,48.676,1.798465909090909,2.171,0.25,0.29545454545454547,0.29545454545454547,0.22727272727272727,0.22727272727272727,0.7531818181818182,67.102375,72.410375,88.769,39.812,69.438,1.933,65.749,0.0,0.0,0.0,57,1,A,58,Truck,1.14,Pass,NONE,,0.01721,39.812,1.933,0
VH-00059,73.13088636363636,10.04622043060348,98.061,90.6027,35.687045454545455,51.482,39.07693181818182,48.554,1.790875,2.364,0.25,0.25,0.36363636363636365,0.22727272727272727,0.22727272727272727,0.7477272727272727,65.4275,70.240625,87.25574999999999,39.711,71.357,2.055,65.764,0.0,0.0,0.0,58,1,A,59,Compact,0.94,Pass,NONE,,0.01353,39.711,2.055,0
VH-00060,74.31997727272727,10.438059581966417,96.897,94.48275000000001,36.66072727272727,56.156,38.89398863636364,48.988,1.731590909090909,2.279,0.29545454545454547,0.3409090909090909,0.3409090909090909,0.22727272727272727,0.22727272727272727,0.745909090909091,65.9888125,73.1293125,87.01575000000001,40.117,71.544,1.799,62.474,0.0,0.0,0.0,59,1,A,60,Sedan,1.0,Pass,NONE,,0.01474,40.117,1.799,0
VH-00061,73.6801590909091,10.278931692619775,97.108,92.00695,36.133,52.898,39.22353409090909,49.526,1.8333522727272729,2.809,0.29545454545454547,0.29545454545454547,0.2727272727272727,0.22727272727272727,0.22727272727272727,0.7495454545454545,66.0804375,70.6006875,87.91908333333333,38.998,68.97,2.069,65.91,0.0,0.0,0.0,60,1,A,61,Sedan,1.0,Pass,NONE,,0.0149,38.998,2.069,0
VH-00062,71.96361363636363,9.928937719746274,95.015,92.13495,35.60519318181818,49.35,38.71081818181818,46.318,1.8546477272727273,2.877,0.3181818181818182,0.3181818181818182,0.3181818181818182,0.22727272727272727,0.22727272727272727,0.744090909090909,64.8189375,69.431375,84.86616666666667,39.905,65.959,2.346,65.671,0.0,0.0,0.0,61,1,A,62,Compact,0.94,Pass,NONE,,0.01725,39.905,2.346,0
VH-00063,73.14154545454545,10.496807679623469,96.302,91.20729999999999,36.048488636363636,53.724,38.974818181818186,47.144,1.8461477272727271,2.412,0.3181818181818182,0.3181818181818182,0.3181818181818182,0.22727272727272727,0.22727272727272727,0.744090909090909,66.1146875,69.3046875,87.62650000000001,38.694,66.767,2.122,67.362,0.0,0.0,0.0,62,1,A,63,Compact,0.94,Pass,NONE,,0.01729,38.694,2.122,0
VH-00064,72.26359090909091,10.49332523020668,92.439,90.5377,37.048590909090905,50.226,38.876056818181816,48.792,1.785125,2.223,0.3181818181818182,0.3181818181818182,0.2727272727272727,0.22727272727272727,0.22727272727272727,0.7422727272727272,63.83575,70.4625625,85.90208333333334,39.491,65.351,1.854,64.228,0.0,0.0,0.0,63,1,A,64,Compact,0.94,Pass,NONE,,0.01694,39.491,1.854,0
VH-00065,74.38988636363636,9.844940930092926,94.175,91.6995,36.05763636363636,52.202,38.79459090909091,49.432,1.8348295454545456,2.486,0.3409090909090909,0.25,0.3181818181818182,0.22727272727272727,0.22727272727272727,0.7477272727272727,67.0195625,71.478875,88.09833333333334,39.082,72.094,1.987,66.822,0.0,0.0,0.0,64,1,A,65,Truck,1.14,Pass,NONE,,0.01695,39.082,1.987,0
VH-00066,73.99706818181818,9.810843027090986,94.606,92.886,36.12034090909091,53.027,38.86801136363636,48.592,1.8060340909090906,2.391,0.2727272727272727,0.2727272727272727,0.3181818181818182,0.22727272727272727,0.22727272727272727,0.7495454545454545,67.0065,70.798625,87.58241666666667,39.633,70.589,2.062,69.7,0.0,0.0,0.0,65,1,A,66,Sedan,1.0,Pass,NONE,,0.01288,39.633,2.062,0
VH-00067,74.13086363636363,10.126473944029673,95.337,92.23785000000001,36.73788636363636,54.949,38.73917045454545,47.516,1.805772727272727,2.639,0.22727272727272727,0.2727272727272727,0.36363636363636365,0.22727272727272727,0.22727272727272727,0.7477272727272727,66.907875,71.408625,87.39116666666666,40.334,67.298,2.415,68.112,0.0,0.0,0.0,66,1,A,67,Sedan,1.0,Pass,NONE,,0.01639,40.334,2.415,0
VH-00068,72.61513636363635,10.09535501199347,95.544,90.34179999999999,36.55736363636363,50.462,38.92935227272727,48.732,1.8355227272727275,2.337,0.25,0.3181818181818182,0.3181818181818182,0.22727272727272727,0.22727272727272727,0.7495454545454545,65.3885625,69.7406875,86.08316666666667,38.412,68.664,1.964,64.787,0.0,0.0,0.0,67,1,A,68,Compact,0.94,Pass,NONE,,0.01387,38.412,1.964,0
VH-00069,74.61993181818183,10.895692770481896,96.142,94.6653,36.32847727272727,51.364,38.82306818181818,48.162,1.8202386363636365,2.427,0.2727272727272727,0.29545454545454547,0.29545454545454547,0.22727272727272727,0.22727272727272727,0.7513636363636362,67.125375,71.0105625,89.42516666666667,39.347,70.586,2.427,68.097,0.0,0.0,0.0,68,1,A,69,Truck,1.14,Pass,NONE,,0.01498,39.347,2.427,0
VH-00070,73.76275,10.280029861790403,99.022,94.0985,36.66984090909091,54.243,38.79953409090909,48.852,1.813590909090909,2.47,0.29545454545454547,0.2727272727272727,0.3181818181818182,0.22727272727272727,0.22727272727272727,0.745909090909091,66.5469375,70.153375,88.19633333333333,38.805,71.051,1.948,66.929,0.0,0.0,0.0,69,1,A,70,SUV,1.08,Pass,NONE,,0.01932,38.805,1.948,0
VH-00071,73.72147727272727,10.35529528284057,97.692,92.09165,36.39326136363636,53.416,39.20293181818182,48.782,1.8270000000000002,2.674,0.36363636363636365,0.29545454545454547,0.3409090909090909,0.22727272727272727,0.22727272727272727,0.7422727272727272,66.4445,70.517625,87.69591666666668,38.567,76.071,2.053,66.581,0.0,0.0,0.0,70,1,A,71,Sedan,1.0,Pass,NONE,,0.01626,38.567,2.053,0
VH-00072,72.11618181818181,10.330449262552593,94.98,92.58595000000001,36.30743181818182,47.008,38.89294318181818,48.073,1.852625,2.493,0.2727272727272727,0.3181818181818182,0.3181818181818182,0.22727272727272727,0.22727272727272727,0.7495454545454545,64.3906875,70.056875,85.16258333333333,39.055,67.851,2.023,67.137,0.0,0.0,0.0,71,1,A,72,Compact,0.94,Pass,NONE,,0.01206,39.055,2.023,0
VH-00073,72.83254545454545,10.360736129128115,94.551,92.82965,36.32631818181818,51.93,38.778079545454545,49.332,1.8216931818181819,2.475,0.2727272727272727,0.3181818181818182,0.36363636363636365,0.22727272727272727,0.22727272727272727,0.744090909090909,65.4475,70.3505625,85.98858333333334,39.042,75.034,2.087,63.799,0.0,0.0,0.0,72,1,A,73,Compact,0.94,Pass,NONE,,0.0134,39.042,2.087,0
VH-00074,72.76904545454545,10.266908166542231,94.423,92.9507,36.899590909090904,50.793,39.22526136363636,48.493,1.8273068181818182,2.486,0.22727272727272727,0.2727272727272727,0.36363636363636365,0.22727272727272727,0.22727272727272727,0.745909090909091,65.2308125,69.89156249999999,86.65666666666668,40.528,69.73,2.023,62.041,0.0,0.0,0.0,73,1,A,74,Sedan,1.0,Pass,NONE,,0.01571,40.528,2.023,0
VH-00075,73.807,10.111780877354292,101.366,93.5488,36.29326136363637,49.847,39.03164772727273,51.16,1.8166704545454544,2.801,0.29545454545454547,0.36363636363636365,0.3409090909090909,0.22727272727272727,0.22727272727272727,0.7422727272727272,66.8353125,70.855375,87.03808333333332,39.716,72.813,2.088,65.492,0.0,0.0,0.0,74,1,A,75,SUV,1.08,Pass,NONE,,0.02341,39.716,2.088,0
VH-00076,73.38847727272727,10.449843774260371,94.928,92.30345,36.20217045454546,48.9,38.76471590909091,48.581,1.78125,2.427,0.29545454545454547,0.29545454545454547,0.3409090909090909,0.22727272727272727,0.22727272727272727,0.745909090909091,66.29225,70.1925,87.11141666666667,39.642,69.028,1.732,67.344,0.0,0.0,0.0,75,1,B,1,Sedan,1.0,Pass,NONE,,0.01558,39.642,1.732,0
VH-00077,74.44281818181818,10.580965991581802,97.916,93.9492,36.783863636363634,50.667,39.17030681818182,50.041,1.8099318181818183,2.426,0.29545454545454547,0.29545454545454547,0.2727272727272727,0.22727272727272727,0.22727272727272727,0.7495454545454545,67.22675,71.0339375,88.60941666666668,40.369,67.435,2.123,68.948,0.0,0.0,0.0,76,1,B,2,Truck,1.14,Pass,NONE,,0.01889,40.369,2.123,0
VH-00078,73.75922727272727,11.282220517593649,100.371,93.38395000000001,36.586909090909096,51.836,38.92282954545454,48.158,1.8065113636363634,2.233,0.29545454545454547,0.29545454545454547,0.3181818181818182,0.22727272727272727,0.22727272727272727,0.744090909090909,64.52256249999999,71.616875,88.93124999999999,40.375,70.206,2.149,62.782,0.0,0.0,0.0,77,1,B,3,SUV,1.08,Pass,NONE,,0.01535,39.876,2.149,0
VH-00079,73.64938636363637,9.912693995206368,93.793,93.09975,37.45170454545455,52.931,38.98809090909091,48.961,1.7789772727272728,2.372,0.29545454545454547,0.2727272727272727,0.3409090909090909,0.22727272727272727,0.22727272727272727,0.7422727272727272,66.7359375,70.5006875,87.06558333333334,40.13,70.027,2.266,67.777,0.0,0.0,0.0,78,1,B,4,SUV,1.08,Pass,NONE,,0.0169,40.13,2.072,0
VH-00080,72.81363636363636,10.472867711245645,94.502,89.8745,36.693954545454545,48.688,38.774170454545455,48.526,1.8121136363636365,2.504,0.3409090909090909,0.25,0.3409090909090909,0.22727272727272727,0.22727272727272727,0.744090909090909,65.269125,69.74575,86.9635,39.651,68.354,2.389,67.472,0.0,0.0,0.0,79,1,B,5,Sedan,1.0,Pass,NONE,,0.02156,39.651,2.389,0
VH-00081,73.59193181818182,10.604811951662638,97.964,93.30125,36.51138636363636,50.136,38.96119318181818,47.699,1.821909090909091,2.655,0.3181818181818182,0.3181818181818182,0.29545454545454547,0.22727272727272727,0.22727272727272727,0.7422727272727272,66.0405,70.507375,87.77325,41.07,66.081,2.212,68.312,0.0,0.0,0.0,80,1,B,6,SUV,1.08,Pass,NONE,,0.02026,41.07,2.212,0
VH-00082,73.97536363636364,9.61480947117617,96.591,91.40625000000001,35.616113636363636,49.14,38.90801136363636,47.102,1.762590909090909,2.467,0.2727272727272727,0.3409090909090909,0.2727272727272727,0.22727272727272727,0.22727272727272727,0.7495454545454545,67.3851875,71.024,86.69741666666665,41.69,75.125,1.944,70.454,0.0,0.0,0.0,81,1,B,7,SUV,1.08,Pass,NONE,,0.01672,41.69,1.944,0
VH-00083,72.95402272727273,10.566351425223932,95.56,92.0887,35.74572727272727,52.459,39.27463636363637,47.495,1.8534772727272726,2.427,0.25,0.3181818181818182,0.36363636363636365,0.22727272727272727,0.22727272727272727,0.744090909090909,66.17525,68.81337500000001,87.51325000000001,41.267,70.106,2.266,69.04,0.0,0.0,0.0,82,1,B,8,Compact,0.94,Pass,NONE,,0.02616,41.267,2.242,0
VH-00084,73.9728409090909,10.066693607307403,99.778,91.65105,35.842727272727274,47.864,38.81767045454546,48.362,1.781784090909091,2.416,0.25,0.3181818181818182,0.38636363636363635,0.22727272727272727,0.22727272727272727,0.7477272727272727,66.5071875,71.3556875,87.41658333333334,40.105,73.037,2.041,69.619,0.0,0.0,0.0,83,1,B,9,SUV,1.08,Pass,NONE,,0.02403,40.105,2.041,0
VH-00085,72.71611363636363,10.434868488971741,95.361,90.45875,36.52881818181818,48.952,38.82603409090909,47.969,1.737284090909091,2.289,0.3181818181818182,0.20454545454545456,0.29545454545454547,0.22727272727272727,0.22727272727272727,0.7440909090909091,65.2793125,69.110875,87.43883333333333,39.831,71.114,1.919,63.998,0.0,0.0,0.0,84,1,B,10,Compact,0.94,Pass,NONE,,0.01418,39.831,1.919,0
VH-00086,74.08063636363636,10.541120592852808,98.5,94.762,35.657613636363635,49.943,38.934125,48.155,1.8317272727272729,2.54,0.2727272727272727,0.29545454545454547,0.29545454545454547,0.22727272727272727,0.22727272727272727,0.7477272727272727,66.78225,70.7596875,88.23975,39.725,71.727,2.084,69.869,0.0,0.0,0.0,85,1,B,11,SUV,1.08,Pass,NONE,,0.01418,39.725,2.084,0
VH-00087,73.65320454545454,10.848177934200374,97.34,96.06835,36.61720454545454,49.713,38.85794318181818,47.445,1.7851818181818182,2.372,0.29545454545454547,0.29545454545454547,0.36363636363636365,0.22727272727272727,0.22727272727272727,0.745909090909091,66.4010625,69.5365625,88.81158333333333,41.663,70.214,2.267,62.533,0.0,0.0,0.0,86,1,B,12,SUV,1.08,Pass,NONE,,0.01552,41.663,2.267,0
VH-00088,71.9170909090909,10.653958368689821,98.403,88.62304999999999,36.22652272727273,51.177,38.88013636363637,48.852,1.7638522727272727,2.174,0.29545454545454547,0.3409090909090909,0.3181818181818182,0.22727272727272727,0.22727272727272727,0.744090909090909,64.2324375,68.4041875,86.84716666666667,40.081,66.981,2.167,61.413,0.0,0.0,0.0,87,1,B,13,Compact,0.94,Pass,NONE,,0.01352,40.081,2.167,0
VH-00089,72.73086363636364,10.80350866690337,95.868,91.8767,36.297931818181816,54.21,38.69432954545454,49.433,1.7779318181818182,2.313,0.2727272727272727,0.29545454545454547,0.3409090909090909,0.22727272727272727,0.22727272727272727,0.7495454545454545,65.1575625,69.077625,87.69958333333334,39.644,65.921,2.31,66.448,0.0,0.0,0.0,88,1,B,14,Sedan,1.0,Pass,NONE,,0.01226,39.644,2.31,0
VH-00090,74.17545454545454,10.61442797471649,95.931,93.47930000000001,36.240545454545455,50.742,39.04782954545454,48.291,1.7784431818181816,2.328,0.2727272727272727,0.36363636363636365,0.3409090909090909,0.22727272727272727,0.22727272727272727,0.745909090909091,66.559375,71.16825,88.33983333333333,40.155,69.188,2.271,65.822,0.0,0.0,0.0,89,1,B,15,SUV,1.08,Pass,NONE,,0.01572,40.155,2.271,0
VH-00091,73.47877272727273,9.839085223747642,95.774,89.6575,35.370568181818186,50.465,38.94769318181818,47.562,1.773431818181818,2.674,0.2727272727272727,0.25,0.29545454545454547,0.22727272727272727,0.22727272727272727,0.7513636363636362,66.88612499999999,70.561125,86.15916666666668,41.443,71.101,2.292,64.838,0.0,0.0,0.0,90,1,B,16,Sedan,1.0,Pass,NONE,,0.01689,41.443,2.292,0
VH-00092,74.45411363636364,10.179887430765902,95.914,91.96430000000001,36.661590909090904,52.401,39.185522727272726,47.167,1.8174772727272726,2.605,0.25,0.36363636363636365,0.29545454545454547,0.22727272727272727,0.22727272727272727,0.744090909090909,67.53037499999999,70.592125,88.83508333333333,40.269,76.717,1.68,63.606,0.0,0.0,0.0,91,1,B,17,SUV,1.08,Pass,NONE,,0.01654,40.269,1.68,0
VH-00093,72.24172727272727,9.805638369370284,91.467,90.462,36.08006818181818,51.201,39.081261363636365,48.75,1.8238068181818183,2.483,0.29545454545454547,0.2727272727272727,0.36363636363636365,0.22727272727272727,0.22727272727272727,0.7440909090909091,64.715875,69.56875,85.84016666666666,39.9,64.063,2.087,68.892,0.0,0.0,0.0,92,1,B,18,Compact,0.94,Pass,NONE,,0.01781,39.9,2.087,0
VH-00094,73.68838636363635,9.825199514432999,94.124,91.74115,36.27596590909091,50.999,39.23071590909091,47.022,1.7890681818181817,2.577,0.29545454545454547,0.3409090909090909,0.3409090909090909,0.22727272727272727,0.22727272727272727,0.745909090909091,67.07,70.865625,86.27658333333333,38.23,71.498,2.165,67.598,0.0,0.0,0.0,93,1,B,19,Truck,1.14,Pass,NONE,,0.01984,38.23,2.165,0
VH-00095,74.88179545454545,10.53023080994317,96.321,93.78775,36.42709090909091,52.432,38.91628409090909,47.097,1.8762386363636365,2.432,0.2727272727272727,0.29545454545454547,0.36363636363636365,0.22727272727272727,0.22727272727272727,0.745909090909091,66.69125,72.1173125,89.4885,39.938,69.04,2.345,72.645,0.0,0.0,0.0,94,1,B,20,Truck,1.14,Pass,NONE,,0.02003,39.938,2.345,0
VH-00096,73.32552272727273,10.196970157591926,94.326,92.39275,36.89386363636363,51.189,39.03481818181818,48.007,1.8765,2.665,0.2727272727272727,0.3409090909090909,0.3181818181818182,0.22727272727272727,0.22727272727272727,0.7477272727272727,65.513375,70.4165625,87.62033333333333,40.668,74.274,2.143,66.766,0.0,0.0,0.0,95,1,B,21,Sedan,1.0,Pass,NONE,,0.01571,40.668,2.143,0
VH-00097,72.55622727272727,11.043249336161633,96.154,91.48645,36.71614772727273,52.568,38.95684090909091,49.817,1.793,2.303,0.29545454545454547,0.22727272727272727,0.36363636363636365,0.22727272727272727,0.22727272727272727,0.745909090909091,65.0311875,68.895875,87.47008333333333,39.482,69.723,2.116,65.604,0.0,0.0,0.0,96,1,B,22,Compact,0.94,Pass,NONE,,0.01178,39.482,2.116,0
VH-00098,72.8059090909091,10.828267713072195,94.852,92.81695,36.43811363636364,53.204,39.20878409090909,47.724,1.7911818181818182,2.593,0.25,0.25,0.3409090909090909,0.22727272727272727,0.22727272727272727,0.7495454545454545,64.71543750000001,69.74675,87.67208333333333,39.409,65.108,2.451,69.443,0.0,0.0,0.0,97,1,B,23,Sedan,1.0,Pass,NONE,,0.01435,39.409,2.451,0
VH-00099,72.50622727272727,11.019536222173643,95.916,92.81005,36.527454545454546,50.076,38.83246590909091,46.962,1.812090909090909,2.505,0.2727272727272727,0.2727272727272727,0.3181818181818182,0.22727272727272727,0.22727272727272727,0.745909090909091,63.78775,70.2610625,87.12441666666666,40.169,65.348,2.082,63.839,0.0,0.0,0.0,98,1,B,24,Compact,0.94,Pass,NONE,,0.0137,40.169,2.082,0
VH-00100,73.22463636363636,10.225463544598004,93.468,92.76875,35.504068181818184,52.979,38.98473863636364,47.563,1.8454886363636362,2.565,0.25,0.2727272727272727,0.36363636363636365,0.22727272727272727,0.22727272727272727,0.745909090909091,65.889,70.3735,86.807,40.873,66.829,1.945,66.115,0.0,0.0,0.0,99,1,B,25,Sedan,1.0,Pass,NONE,,0.01702,40.873,1.945,0
VH-00101,73.97359090909092,10.378781284188989,95.424,91.5073,36.78840909090909,53.622,38.96476136363636,48.118,1.76875,2.221,0.2727272727272727,0.29545454545454547,0.3409090909090909,0.22727272727272727,0.22727272727272727,0.7477272727272727,66.6138125,70.6995625,88.152,40.78,67.306,2.127,66.503,0.0,0.0,0.0,100,1,B,26,SUV,1.08,Pass,NONE,,0.01732,40.78,2.127,0
VH-00102,73.74163636363636,9.976512964681646,94.861,90.06864999999999,36.635636363636365,50.752,38.95084090909091,49.244,1.8082272727272726,2.46,0.3181818181818182,0.29545454545454547,0.3409090909090909,0.22727272727272727,0.22727272727272727,0.7422727272727272,66.083375,71.19925,87.34249999999999,40.346,72.144,2.222,67.461,0.0,0.0,0.0,101,1,B,27,SUV,1.08,Pass,NONE,,0.02149,40.346,2.222,0
VH-00103,74.69943181818182,10.55017234378734,100.169,94.73355000000001,37.42429545454546,52.974,39.043420454545455,49.681,1.8491931818181817,2.945,0.29545454545454547,0.29545454545454547,0.3181818181818182,0.22727272727272727,0.22727272727272727,0.745909090909091,67.0134375,71.7026875,88.94308333333333,39.392,68.817,2.315,71.195,0.0,0.0,0.0,102,1,B,28,Truck,1.14,Pass,NONE,,0.02161,39.392,2.315,0
VH-00104,72.42484090909092,10.48898305298132,95.54,92.67795000000001,36.46188636363636,49.889,39.05278409090909,50.4,1.769284090909091,2.352,0.25,0.2727272727272727,0.36363636363636365,0.22727272727272727,0.22727272727272727,0.7477272727272727,65.4043125,68.6929375,86.76141666666666,40.671,69.953,1.866,67.197,0.0,0.0,0.0,103,1,B,29,Sedan,1.0,Pass,NONE,,0.01346,40.671,1.866,0
VH-00105,74.42429545454546,10.572015366555068,97.361,94.28699999999999,36.12581818181818,49.339,39.05417045454545,49.039,1.7303522727272727,2.184,0.2727272727272727,0.2727272727272727,0.3181818181818182,0.22727272727272727,0.22727272727272727,0.7495454545454545,66.2441875,72.0235625,88.53208333333333,41.011,67.68,2.011,66.826,0.0,0.0,0.0,104,1,B,30,Truck,1.14,Pass,NONE,,0.02199,41.011,2.011,0
VH-00106,72.95734090909092,10.29970834751494,93.428,91.49589999999999,37.225625,51.12,39.070556818181814,49.852,1.8242727272727273,2.51,0.3181818181818182,0.29545454545454547,0.3409090909090909,0.22727272727272727,0.22727272727272727,0.744090909090909,65.2995,70.09075,86.98991666666666,39.189,72.781,1.832,62.775,0.0,0.0,0.0,105,1,B,31,Sedan,1.0,Pass,NONE,,0.01746,39.189,1.832,0
VH-00107,73.71029545454546,10.331596122843761,96.394,94.86135,35.742431818181814,50.093,38.979761363636364,47.35,1.8106022727272728,2.404,0.3409090909090909,0.2727272727272727,0.3181818181818182,0.22727272727272727,0.22727272727272727,0.745909090909091,66.4123125,70.55,87.65466666666667,42.14,73.652,1.993,68.323,0.14000000000000057,0.0,0.0,106,1,B,32,SUV,1.08,Pass,NONE,,0.01946,42.14,1.993,0
VH-00108,72.23897727272727,10.487175440527425,94.645,90.7952,36.21213636363637,50.245,39.007363636363635,47.223,1.785965909090909,2.538,0.2727272727272727,0.3409090909090909,0.3181818181818182,0.22727272727272727,0.22727272727272727,0.7404545454545454,64.432625,69.853,85.82875,40.215,65.283,2.278,66.594,0.0,0.0,0.0,107,1,B,33,Compact,0.94,Pass,NONE,,0.01023,40.215,2.278,0
VH-00109,72.32761363636364,10.29208465157368,96.714,91.54015,36.09043181818182,50.957,38.86894318181818,48.655,1.8105340909090908,2.487,0.22727272727272727,0.2727272727272727,0.3181818181818182,0.22727272727272727,0.22727272727272727,0.7477272727272727,66.2086875,68.179,86.01766666666667,41.378,68.631,2.04,66.342,0.0,0.0,0.0,108,1,B,34,Compact,0.94,Pass,NONE,,0.01362,41.378,2.04,0
VH-00110,73.10175,10.44880771461398,96.711,93.83105,35.94293181818182,51.487,38.963522727272725,47.565,1.767840909090909,2.244,0.3181818181818182,0.36363636363636365,0.3181818181818182,0.22727272727272727,0.22727272727272727,0.7477272727272727,65.7965625,69.6978125,87.38058333333333,41.261,70.81,2.112,67.672,0.0,0.0,0.0,109,1,B,35,Sedan,1.0,Pass,NONE,,0.01797,41.261,2.112,0
VH-00111,72.52513636363636,10.65496412223377,97.743,90.166,36.10188636363636,50.986,39.06303409090909,47.545,1.7871022727272725,2.578,0.25,0.22727272727272727,0.3181818181818182,0.22727272727272727,0.22727272727272727,0.7495454545454545,64.9314375,69.367625,86.86008333333332,40.685,69.805,2.071,66.004,0.0,0.0,0.0,110,1,B,36,Sedan,1.0,Pass,NONE,,0.01296,40.685,2.071,0
VH-00112,73.36220454545455,10.972847457669367,97.23,93.95735,36.32484090909091,49.132,38.973363636363636,49.222,1.831215909090909,2.449,0.2727272727272727,0.25,0.2727272727272727,0.22727272727272727,0.22727272727272727,0.755,65.74525,69.771875,88.30525,39.515,67.795,2.417,68.425,0.0,0.0,0.0,111,1,B,37,Compact,0.94,Pass,NONE,,0.01442,39.515,2.417,0
VH-00113,74.74036363636364,9.417130047408802,96.283,91.8021,36.98918181818181,51.159,38.81703409090909,50.733,1.8772386363636364,2.52,0.2727272727272727,0.29545454545454547,0.38636363636363635,0.22727272727272727,0.22727272727272727,0.7422727272727272,68.25575,71.6235625,87.54225000000001,40.375,71.748,2.304,69.408,0.0,0.0,0.0,112,1,B,38,Truck,1.14,Pass,NONE,,0.01695,38.317,2.304,0
VH-00114,74.07652272727273,10.100558187404596,101.075,94.0441,36.29063636363637,50.256,38.75414772727272,47.554,1.808534090909091,2.405,0.2727272727272727,0.22727272727272727,0.29545454545454547,0.22727272727272727,0.22727272727272727,0.7477272727272727,67.2716875,70.43225,88.00866666666667,39.779,71.885,1.781,68.419,0.0,0.0,0.0,113,1,B,39,SUV,1.08,Pass,NONE,,0.0182,39.779,1.781,0
VH-00115,73.53054545454546,10.115039797952598,96.2,91.4672,36.56338636363636,53.998,38.60313636363637,47.633,1.804965909090909,2.466,0.2727272727272727,0.29545454545454547,0.3181818181818182,0.22727272727272727,0.22727272727272727,0.745909090909091,66.097875,70.3549375,87.67491666666666,39.48,68.705,2.129,69.639,0.0,0.0,0.0,114,1,B,40,SUV,1.08,Pass,NONE,,0.01775,39.48,2.129,0
VH-00116,72.72122727272728,10.797865622133735,95.265,92.32815,35.76286363636364,49.145,38.75846590909091,48.938,1.8178863636363636,2.59,0.2727272727272727,0.2727272727272727,0.36363636363636365,0.22727272727272727,0.22727272727272727,0.745909090909091,64.5286875,69.84975,87.47325000000001,41.89,71.159,2.467,67.139,0.0,0.0,0.0,115,1,B,41,Compact,0.94,Pass,NONE,,0.01845,41.89,2.467,0
VH-00117,72.82438636363636,10.778841352101036,94.411,92.7852,36.95104545454546,50.948,38.98948863636363,49.338,1.8556136363636364,2.543,0.2727272727272727,0.2727272727272727,0.29545454545454547,0.22727272727272727,0.22727272727272727,0.7513636363636362,64.342625,70.5959375,87.10466666666667,40.434,68.042,2.321,63.309,0.0,0.0,0.0,116,1,B,42,Compact,0.94,Pass,NONE,,0.01715,40.434,2.321,0
VH-00118,74.06481818181818,10.211069541212407,97.337,91.2418,36.72497727272727,51.282,39.229397727272726,48.738,1.8130795454545454,2.441,0.22727272727272727,0.25,0.29545454545454547,0.22727272727272727,0.22727272727272727,0.7513636363636362,66.43325,71.6859375,87.41208333333333,40.913,72.421,1.757,67.344,0.0,0.0,0.0,117,1,B,43,SUV,1.08,Pass,NONE,,0.01634,40.913,1.757,0
VH-00119,75.15815909090908,9.75144648529114,95.882,92.8235,36.429818181818185,48.106,38.798625,47.148,1.820159090909091,2.36,0.29545454545454547,0.38636363636363635,0.3181818181818182,0.22727272727272727,0.22727272727272727,0.7404545454545454,67.5691875,72.822625,88.39083333333333,40.123,68.617,2.333,64.545,0.0,0.0,0.0,118,1,B,44,Truck,1.14,Pass,NONE,,0.02009,40.123,2.333,0
VH-00120,73.19879545454545,11.247414395544212,97.209,93.72135,35.94836363636364,53.88,38.68272727272727,48.488,1.7426704545454543,2.238,0.3409090909090909,0.22727272727272727,0.29545454545454547,0.22727272727272727,0.22727272727272727,0.745909090909091,65.3063125,70.0263125,87.95208333333333,38.305,75.064,1.836,61.823,0.0,0.0,0.0,119,1,B,45,SUV,1.08,Fail,PAINT_ENVIRONMENT_VARIATION,ST-45,0.02416,38.305,1.836,1
VH-00121,73.58877272727273,10.934493195183673,96.921,93.9469,35.81936363636363,49.725,39.06652272727273,47.528,1.7901136363636363,2.483,0.3409090909090909,0.36363636363636365,0.29545454545454547,0.22727272727272727,0.22727272727272727,0.7404545454545454,65.3843125,71.5413125,87.258,39.382,66.098,2.343,68.327,0.0,0.0,0.0,120,1,B,46,Compact,0.94,Pass,NONE,,0.01159,39.382,2.343,0
VH-00122,72.89215909090909,11.127770398595981,96.292,94.7554,36.81888636363636,53.36,39.19955681818182,49.801,1.80025,2.434,0.25,0.2727272727272727,0.3181818181818182,0.22727272727272727,0.22727272727272727,0.7477272727272727,64.62625,69.5734375,88.33833333333332,40.988,66.664,2.053,64.8,0.0,0.0,0.0,121,1,B,47,Sedan,1.0,Pass,NONE,,0.01389,40.988,2.053,0
VH-00123,72.723,9.98690561988372,93.039,90.1405,36.681022727272726,54.579,38.950579545454545,46.922,1.797875,2.449,0.2727272727272727,0.29545454545454547,0.36363636363636365,0.22727272727272727,0.22727272727272727,0.7477272727272727,65.4448125,69.9393125,86.13883333333332,39.565,67.526,2.275,66.408,0.0,0.0,0.0,122,1,B,48,Sedan,1.0,Pass,NONE,,0.01711,39.565,2.275,0
VH-00124,72.85513636363636,10.511898298663171,96.588,90.64275,37.190079545454545,53.615,39.10673863636364,48.027,1.811590909090909,2.702,0.25,0.2727272727272727,0.29545454545454547,0.22727272727272727,0.22727272727272727,0.7495454545454545,65.16262499999999,70.299,86.52,40.26,68.66,1.943,65.237,0.0,0.0,0.0,123,1,B,49,Compact,0.94,Pass,NONE,,0.01367,40.26,1.943,0
VH-00125,71.92063636363636,9.328540659794408,92.635,88.26719999999999,36.04140909090909,48.415,38.905488636363636,48.204,1.8167727272727274,2.591,0.2727272727272727,0.3181818181818182,0.3181818181818182,0.22727272727272727,0.22727272727272727,0.7495454545454545,65.546625,69.073875,84.21499999999999,40.826,72.909,2.21,64.886,0.0,0.0,0.0,124,1,B,50,Compact,0.94,Pass,NONE,,0.01327,40.826,2.21,0
VH-00126,73.08254545454545,10.603515328581715,96.293,93.29105000000001,36.26772727272727,54.21,39.13719318181818,49.951,1.844931818181818,2.464,0.3181818181818182,0.29545454545454547,0.36363636363636365,0.22727272727272727,0.22727272727272727,0.7404545454545454,64.96275,70.4685,87.39433333333334,39.912,69.84,2.23,66.604,0.0,0.0,0.0,125,1,B,51,Compact,0.94,Pass,NONE,,0.01393,39.912,2.23,0
VH-00127,74.3935,10.098264394968949,98.652,92.87835,36.44843181818182,50.797,39.17223863636364,47.57,1.8009431818181818,2.458,0.25,0.36363636363636365,0.29545454545454547,0.22727272727272727,0.22727272727272727,0.7477272727272727,67.3973125,71.8805,87.07241666666665,40.271,72.004,2.458,71.591,0.0,0.0,0.0,126,1,B,52,Truck,1.14,Pass,NONE,,0.023,40.271,2.458,0
VH-00128,73.03679545454546,10.331257046772693,94.76,91.1266,36.48226136363636,52.566,38.90959090909091,49.309,1.8861590909090908,2.663,0.3181818181818182,0.3409090909090909,0.3409090909090909,0.22727272727272727,0.22727272727272727,0.7404545454545454,65.396375,70.3294375,86.83383333333335,39.799,68.137,2.079,65.664,0.0,0.0,0.0,127,1,B,53,Sedan,1.0,Pass,NONE,,0.01789,39.799,2.079,0
VH-00129,72.38938636363636,10.214483969062183,93.247,91.9501,36.09670454545454,55.937,38.92814772727273,49.136,1.7650454545454544,2.498,0.29545454545454547,0.25,0.36363636363636365,0.22727272727272727,0.22727272727272727,0.7422727272727272,64.0448125,70.5665625,85.94591666666666,40.525,72.06,1.924,63.246,0.0,0.0,0.0,128,1,B,54,Compact,0.94,Pass,NONE,,0.01453,40.525,1.924,0
VH-00130,73.12802272727272,10.399597305460945,95.377,93.12304999999999,36.377625,50.575,38.99876136363636,48.053,1.8266931818181817,2.5,0.3409090909090909,0.22727272727272727,0.36363636363636365,0.22727272727272727,0.22727272727272727,0.7422727272727272,66.077,69.88025,86.85975,40.524,70.384,2.438,64.859,0.0,0.0,0.0,129,1,B,55,Sedan,1.0,Pass,NONE,,0.01902,40.524,2.438,0
VH-00131,74.20286363636363,10.19152349701824,95.909,92.10050000000001,35.81811363636364,51.759,39.26326136363636,48.919,1.8229090909090908,2.662,0.3409090909090909,0.29545454545454547,0.3181818181818182,0.22727272727272727,0.22727272727272727,0.745909090909091,66.6078125,71.2858125,88.219,39.586,74.428,2.022,70.635,0.0,0.0,0.0,130,1,B,56,Truck,1.14,Pass,NONE,,0.01689,39.586,2.022,0
VH-00132,72.24277272727274,10.114267074720432,93.199,91.23175,35.839147727272724,51.772,38.991625,48.73,1.8550795454545452,2.514,0.3181818181818182,0.29545454545454547,0.3181818181818182,0.22727272727272727,0.22727272727272727,0.7422727272727272,65.1844375,68.687,86.39491666666667,39.717,72.611,2.011,57.302,0.0,0.0,0.0,131,1,B,57,Compact,0.94,Pass,NONE,,0.0187,39.717,2.011,0
VH-00133,74.51409090909091,10.724954306441784,97.825,96.04845,35.818681818181815,52.454,38.93082954545454,51.725,1.8509886363636363,2.588,0.29545454545454547,0.3409090909090909,0.38636363636363635,0.22727272727272727,0.22727272727272727,0.7422727272727272,66.5263125,71.39212500000001,89.32708333333333,41.704,74.165,2.031,64.619,0.0,0.0,0.0,132,1,B,58,Truck,1.14,Pass,NONE,,0.01791,41.704,2.031,0
VH-00134,72.93956818181817,10.109765542327104,99.27,93.71705000000001,37.039238636363635,53.826,38.56690909090909,47.371,1.7184545454545452,2.279,0.3181818181818182,0.29545454545454547,0.3409090909090909,0.22727272727272727,0.22727272727272727,0.744090909090909,65.5855625,70.4291875,86.09208333333333,39.383,63.864,1.994,65.419,0.0,0.0,0.0,133,1,B,59,Compact,0.94,Pass,NONE,,0.01313,39.383,1.994,0
VH-00135,74.14356818181818,9.742356074326375,95.242,89.54845,36.562999999999995,50.39,39.208625,49.652,1.8488181818181817,2.472,0.38636363636363635,0.25,0.29545454545454547,0.22727272727272727,0.22727272727272727,0.7477272727272727,66.368875,72.25450000000001,87.02858333333334,40.716,69.527,2.317,63.736,0.0,0.0,0.0,134,1,B,60,SUV,1.08,Pass,NONE,,0.01475,40.716,2.317,0
VH-00136,73.722,10.33596584521681,94.18,92.0046,36.66670454545454,53.659,38.830625,47.328,1.7233295454545454,2.257,0.2727272727272727,0.3409090909090909,0.3409090909090909,0.22727272727272727,0.22727272727272727,0.7477272727272727,65.9833125,71.0175,87.64625000000001,40.06,68.748,2.022,69.247,0.0,0.0,0.0,135,1,B,61,Sedan,1.0,Pass,NONE,,0.01727,40.06,2.022,0
VH-00137,72.45770454545455,9.680634398247717,93.117,92.11035000000001,36.50771590909091,51.552,39.094625,48.196,1.8444204545454546,2.596,0.36363636363636365,0.29545454545454547,0.36363636363636365,0.22727272727272727,0.22727272727272727,0.7422727272727272,65.75381250000001,69.1906875,85.75225,39.218,65.516,2.18,66.883,0.0,0.0,0.0,136,1,B,62,Sedan,1.0,Pass,NONE,,0.0122,39.218,2.18,0
VH-00138,74.01652272727273,10.579108419567309,94.404,91.9806,36.31969318181818,50.896,38.9775,48.784,1.8087045454545454,2.612,0.3181818181818182,0.29545454545454547,0.2727272727272727,0.22727272727272727,0.22727272727272727,0.745909090909091,65.5574375,72.12593749999999,87.81608333333332,40.721,69.188,2.144,60.621,0.0,0.0,0.0,137,1,B,63,Truck,1.14,Pass,NONE,,0.02444,40.721,2.144,0
VH-00139,73.00563636363637,10.3611697958827,94.872,92.348,36.56709090909091,52.479,38.80895454545455,50.773,1.7951477272727272,2.36,0.29545454545454547,0.36363636363636365,0.3181818181818182,0.22727272727272727,0.22727272727272727,0.7440909090909091,64.8683125,70.72975,86.88991666666668,40.001,70.114,2.176,62.394,0.0,0.0,0.0,138,1,B,64,Compact,0.94,Pass,NONE,,0.01715,40.001,2.176,0
VH-00140,73.19513636363637,10.058145250887423,96.776,92.0772,35.88345454545455,49.389,38.734261363636364,47.664,1.8387045454545452,2.473,0.36363636363636365,0.2727272727272727,0.38636363636363635,0.22727272727272727,0.22727272727272727,0.7422727272727272,66.21875,70.0634375,86.67258333333332,38.616,67.17,2.411,66.202,0.0,0.0,0.0,139,1,B,65,Sedan,1.0,Pass,NONE,,0.02253,38.616,2.411,0
VH-00141,71.6140909090909,10.547096727862712,93.32,90.4467,35.60768181818182,49.239,39.2175,48.277,1.7566022727272725,2.232,0.2727272727272727,0.29545454545454547,0.36363636363636365,0.22727272727272727,0.22727272727272727,0.745909090909091,62.986625,69.5409375,85.88158333333332,38.903,68.344,1.856,58.162,0.0,0.0,0.0,140,1,B,66,Compact,0.94,Pass,NONE,,0.01241,38.903,1.856,0
VH-00142,73.87036363636363,9.87422263549851,95.472,91.07600000000001,35.532636363636364,48.408,39.00519318181818,52.076,1.7435454545454545,2.302,0.2727272727272727,0.25,0.3181818181818182,0.22727272727272727,0.22727272727272727,0.7477272727272727,65.76475,71.79875,87.44,40.495,68.794,2.112,63.414,0.0,0.0,0.0,141,1,B,67,Sedan,1.0,Pass,NONE,,0.01587,40.495,2.112,0
VH-00143,73.12143181818182,10.172600427636949,96.917,91.56555,36.581590909090906,48.936,39.102409090909084,48.736,1.824159090909091,2.539,0.29545454545454547,0.29545454545454547,0.29545454545454547,0.22727272727272727,0.22727272727272727,0.745909090909091,65.8985,69.8253125,87.14683333333333,39.885,67.417,1.866,65.116,0.0,0.0,0.0,142,1,B,68,Compact,0.94,Pass,NONE,,0.01571,39.885,1.866,0
VH-00144,73.65325,9.43892026276016,95.837,89.83615,36.00361363636364,52.278,39.07153409090909,47.199,1.8023181818181817,2.369,0.25,0.3409090909090909,0.38636363636363635,0.22727272727272727,0.22727272727272727,0.744090909090909,66.1225625,71.7566875,86.22291666666666,40.325,66.536,2.369,70.897,0.0,0.0,0.0,143,1,B,69,SUV,1.08,Pass,NONE,,0.01719,40.325,2.369,0
VH-00145,72.99979545454545,10.665453189990835,93.951,92.79865000000001,36.110454545454544,49.528,39.230329545454545,50.398,1.7608636363636363,2.33,0.29545454545454547,0.3181818181818182,0.36363636363636365,0.22727272727272727,0.22727272727272727,0.7477272727272727,65.4173125,69.764,87.42416666666666,39.959,75.69,2.33,63.914,0.0,0.0,0.0,144,1,B,70,Compact,0.94,Pass,NONE,,0.01235,39.959,2.33,0
VH-00146,74.62470454545455,10.270169873778036,95.968,94.62795,35.77456818181818,50.996,38.74617045454546,48.153,1.732181818181818,2.441,0.3181818181818182,0.22727272727272727,0.3409090909090909,0.22727272727272727,0.22727272727272727,0.7495454545454545,67.8895625,70.603125,88.967,40.128,69.613,1.951,66.965,0.0,0.0,0.0,145,1,B,71,SUV,1.08,Pass,NONE,,0.02206,40.128,1.951,0
VH-00147,73.67472727272728,10.191897370799675,97.273,93.0836,37.15956818181818,51.721,39.008056818181814,49.762,1.818431818181818,2.632,0.29545454545454547,0.22727272727272727,0.25,0.22727272727272727,0.22727272727272727,0.7513636363636362,65.9396875,71.3430625,87.097,39.469,74.976,2.083,65.646,0.0,0.0,0.0,146,1,B,72,Sedan,1.0,Pass,NONE,,0.00888,39.469,2.083,0
VH-00148,73.93943181818182,10.057885076125373,95.853,91.56285000000001,36.185863636363635,52.025,39.07417045454545,49.317,1.873215909090909,2.648,0.29545454545454547,0.29545454545454547,0.3409090909090909,0.22727272727272727,0.22727272727272727,0.745909090909091,66.5574375,71.6354375,86.85408333333334,39.496,70.527,2.266,66.104,0.0,0.0,0.0,147,1,B,73,SUV,1.08,Pass,NONE,,0.01305,39.496,2.012,0
VH-00149,72.99625,10.305542600216826,97.567,91.32809999999999,36.62052272727272,50.65,38.70344318181818,49.298,1.7487499999999998,2.274,0.29545454545454547,0.3181818181818182,0.36363636363636365,0.22727272727272727,0.22727272727272727,0.745909090909091,66.1179375,69.173625,87.26416666666667,38.811,69.369,2.23,63.395,0.0,0.0,0.0,148,1,B,74,Compact,0.94,Pass,NONE,,0.01723,38.811,2.23,0
VH-00150,73.66797727272727,9.915492232298599,95.824,92.0151,36.235386363636366,50.891,38.63280681818182,48.27,1.8389431818181818,2.414,0.3409090909090909,0.2727272727272727,0.3409090909090909,0.22727272727272727,0.22727272727272727,0.745909090909091,67.6915625,69.90275,86.65683333333334,40.339,72.87,2.363,69.619,0.0,0.0,0.0,149,1,B,75,SUV,1.08,Pass,NONE,,0.02162,40.339,2.363,0
VH-00151,73.48879545454545,9.965165779037482,94.543,93.09915,36.41107954545455,49.858,39.032272727272726,50.112,1.8081136363636363,2.392,0.3181818181818182,0.20454545454545456,0.3409090909090909,0.22727272727272727,0.22727272727272727,0.744090909090909,66.4515625,70.3563125,87.04841666666665,39.143,73.007,1.985,69.971,0.0,0.0,0.0,150,2,A,1,Sedan,1.0,Pass,NONE,,0.0181,39.143,1.985,0
VH-00152,71.97475,10.446158401759524,93.355,92.0398,36.37354545454545,51.981,39.194863636363635,47.988,1.8130454545454546,2.534,0.2727272727272727,0.22727272727272727,0.3409090909090909,0.22727272727272727,0.22727272727272727,0.7477272727272727,64.5704375,68.65425,86.2745,39.177,71.42,2.077,66.82,0.0,0.0,0.0,151,2,A,2,Compact,0.94,Pass,NONE,,0.01088,39.177,2.077,0
VH-00153,73.93531818181818,10.66693423573189,94.776,93.13445,36.97365909090909,51.581,39.008329545454544,48.508,1.7847386363636362,2.709,0.25,0.22727272727272727,0.3409090909090909,0.22727272727272727,0.22727272727272727,0.7513636363636362,65.672875,71.4725625,88.23558333333334,39.849,69.022,2.074,66.357,0.0,0.0,0.0,152,2,A,3,SUV,1.08,Pass,NONE,,0.01896,39.849,2.074,0
VH-00154,74.37668181818182,10.911453391079863,96.88,94.5227,35.80679545454546,50.419,39.07453409090909,47.848,1.8233977272727273,2.377,0.25,0.3409090909090909,0.29545454545454547,0.22727272727272727,0.22727272727272727,0.7495454545454545,66.617375,71.128125,89.05383333333333,40.15,67.291,2.186,66.625,0.0,0.0,0.0,153,2,A,4,SUV,1.08,Pass,NONE,,0.02303,40.15,2.186,0
VH-00155,72.54159090909091,10.275580000193692,94.347,90.5488,35.955704545454545,48.694,38.93748863636363,47.298,1.7939204545454546,2.463,0.2727272727272727,0.2727272727272727,0.3181818181818182,0.22727272727272727,0.22727272727272727,0.7495454545454545,64.9633125,69.6113125,86.553,39.282,71.055,2.305,65.277,0.0,0.0,0.0,154,2,A,5,Compact,0.94,Pass,NONE,,0.01651,39.282,2.305,0
VH-00156,73.05077272727273,10.246189669230388,95.506,92.60785,36.59165909090909,48.806,38.83803409090909,47.608,1.802681818181818,2.414,0.3181818181818182,0.3409090909090909,0.3181818181818182,0.22727272727272727,0.22727272727272727,0.744090909090909,65.7880625,69.9274375,86.89883333333334,38.126,69.097,2.414,67.921,0.0,0.0,0.0,155,2,A,6,Compact,0.94,Pass,NONE,,0.01611,38.126,2.414,0
VH-00157,73.598,11.534253002495719,99.797,95.40085,36.27256818181818,52.411,39.090125,48.08,1.8079431818181817,2.35,0.2727272727272727,0.2727272727272727,0.36363636363636365,0.22727272727272727,0.22727272727272727,0.744090909090909,65.3145625,70.5471875,88.71033333333334,39.772,66.69,2.147,69.963,0.0,0.0,0.0,156,2,A,7,Sedan,1.0,Pass,NONE,,0.01335,39.772,2.147,0
VH-00158,73.86406818181818,10.110943731164665,95.979,94.94745,35.99577272727273,53.04,39.263738636363634,50.239,1.806125,2.313,0.3181818181818182,0.36363636363636365,0.36363636363636365,0.22727272727272727,0.22727272727272727,0.7386363636363636,66.50725,71.0034375,87.48733333333332,39.999,74.4,2.126,60.608,0.0,0.0,0.0,157,2,A,8,Sedan,1.0,Pass,NONE,,0.01696,39.999,2.126,0
VH-00159,72.75161363636363,10.505855568174573,96.224,92.83165,36.32577272727273,51.411,39.22080681818182,48.622,1.8033522727272726,2.797,0.2727272727272727,0.2727272727272727,0.36363636363636365,0.22727272727272727,0.22727272727272727,0.7495454545454545,64.9750625,69.8701875,86.96225,40.4,71.49,2.02,61.061,0.0,0.0,0.0,158,2,A,9,Compact,0.94,Pass,NONE,,0.01436,40.4,2.02,0
VH-00160,73.29738636363636,10.887368928996981,98.271,93.9023,36.46879545454545,47.814,38.87196590909091,48.657,1.7675795454545453,2.41,0.29545454545454547,0.3181818181818182,0.29545454545454547,0.22727272727272727,0.22727272727272727,0.745909090909091,65.25575,70.4546875,87.80983333333334,39.849,74.571,2.41,61.042,0.0,0.0,0.0,159,2,A,10,Sedan,1.0,Pass,NONE,,0.01299,39.849,2.41,0
VH-00161,72.44368181818182,10.76465107131223,97.738,91.55915,36.64575,51.555,38.889261363636365,47.24,1.7465454545454546,2.668,0.25,0.2727272727272727,0.36363636363636365,0.22727272727272727,0.22727272727272727,0.745909090909091,64.44725,69.58725,86.91416666666667,39.03,71.81,2.21,64.77,0.0,0.0,0.0,160,2,A,11,Compact,0.94,Pass,NONE,,0.00948,39.03,2.21,0
VH-00162,72.83395454545455,10.569980825386994,98.311,92.8448,36.378113636363636,52.583,38.66735227272727,48.376,1.801590909090909,2.527,0.2727272727272727,0.2727272727272727,0.3181818181818182,0.22727272727272727,0.22727272727272727,0.7477272727272727,65.49475,69.3781875,87.22725000000001,38.43,68.886,2.043,65.32,0.0,0.0,0.0,161,2,A,12,Compact,0.94,Pass,NONE,,0.01526,38.43,2.043,0
VH-00163,74.61047727272727,10.413074349973504,97.277,94.8691,36.14967045454545,54.738,38.92826136363636,48.183,1.8009204545454545,2.481,0.29545454545454547,0.29545454545454547,0.29545454545454547,0.22727272727272727,0.22727272727272727,0.7477272727272727,67.76725,70.848375,88.75091666666667,39.325,72.18,2.317,65.501,0.0,0.0,0.0,162,2,A,13,SUV,1.08,Pass,NONE,,0.01337,39.325,2.317,0
VH-00164,74.37895454545455,10.493305471528794,97.144,93.14605,35.290988636363636,48.471,38.81435227272727,46.848,1.791772727272727,2.383,0.3181818181818182,0.2727272727272727,0.3181818181818182,0.22727272727272727,0.22727272727272727,0.7422727272727272,67.4741875,70.8305625,88.3165,39.78,75.829,2.383,71.373,0.0,0.0,0.0,163,2,A,14,SUV,1.08,Pass,NONE,,0.0254,39.78,2.383,0
VH-00165,74.66970454545455,10.624450297308504,96.778,95.33625,36.38495454545455,48.489,38.959579545454545,49.143,1.7796136363636363,2.339,0.29545454545454547,0.2727272727272727,0.3409090909090909,0.22727272727272727,0.22727272727272727,0.744090909090909,66.6771875,71.5130625,89.53525,39.437,67.787,2.222,72.341,0.0,0.0,0.0,164,2,A,15,Truck,1.14,Pass,NONE,,0.02553,39.437,2.222,0
VH-00166,72.53309090909092,9.98870863878876,97.207,89.34155,35.761011363636364,49.678,39.04984090909091,50.321,1.7746022727272726,2.446,0.3181818181818182,0.2727272727272727,0.3409090909090909,0.22727272727272727,0.22727272727272727,0.744090909090909,65.656875,69.399875,85.879,39.364,68.593,2.379,62.719,0.0,0.0,0.0,165,2,A,16,Compact,0.94,Pass,NONE,,0.01467,39.364,2.379,0
VH-00167,73.9075,10.230168987442388,96.434,93.55980000000001,36.52781818181818,53.188,38.94330681818182,48.264,1.8094204545454544,2.846,0.29545454545454547,0.3409090909090909,0.36363636363636365,0.22727272727272727,0.22727272727272727,0.7422727272727272,66.5400625,70.58031249999999,88.16699999999999,39.788,70.347,2.154,67.191,0.0,0.0,0.0,166,2,A,17,Truck,1.14,Pass,NONE,,0.01819,39.788,2.154,0
VH-00168,73.12418181818181,9.69976479761051,95.179,91.63285,35.34175,48.982,39.05657954545455,50.833,1.8204431818181819,2.403,0.2727272727272727,0.29545454545454547,0.3181818181818182,0.22727272727272727,0.22727272727272727,0.7477272727272727,66.414125,69.7393125,86.58408333333334,40.009,72.041,2.335,69.532,0.0,0.0,0.0,167,2,A,18,Sedan,1.0,Pass,NONE,,0.01447,40.009,2.335,0
VH-00169,74.03643181818182,11.127173147347758,100.318,94.73385,36.79959090909091,49.597,38.988431818181816,47.633,1.8194886363636364,2.858,0.25,0.2727272727272727,0.36363636363636365,0.22727272727272727,0.22727272727272727,0.7477272727272727,66.3860625,71.0370625,88.23608333333334,40.566,70.849,2.141,67.522,0.0,0.0,0.0,168,2,A,19,SUV,1.08,Pass,NONE,,0.01866,40.566,2.141,0
VH-00170,73.35647727272728,10.679742132782385,95.506,92.9395,36.53777272727273,50.301,38.93269318181819,48.558,1.7906022727272728,2.401,0.22727272727272727,0.3181818181818182,0.3181818181818182,0.22727272727272727,0.22727272727272727,0.7495454545454545,65.54275,70.4261875,87.68183333333333,41.081,72.978,2.284,62.046,0.0,0.0,0.0,169,2,A,20,Sedan,1.0,Pass,NONE,,0.01664,41.081,2.284,0
VH-00171,72.97204545454545,10.754360753070735,98.63,94.4736,36.35677272727273,52.442,39.30139772727273,50.487,1.7809318181818183,2.422,0.22727272727272727,0.2727272727272727,0.36363636363636365,0.22727272727272727,0.22727272727272727,0.7477272727272727,65.856,68.9975,87.7595,39.951,70.865,2.422,67.892,0.0,0.0,0.0,170,2,A,21,Sedan,1.0,Pass,NONE,,0.01294,39.951,2.422,0
VH-00172,73.64431818181818,10.703568845760774,95.701,92.39545,36.22134090909091,49.769,38.828875,48.413,1.7767045454545454,2.283,0.2727272727272727,0.36363636363636365,0.38636363636363635,0.22727272727272727,0.22727272727272727,0.744090909090909,65.06025,71.50175,87.9465,40.375,65.906,2.283,69.545,0.0,0.0,0.0,171,2,A,22,SUV,1.08,Pass,NONE,,0.01545,39.806,2.283,0
VH-00173,72.6775,10.212240615817315,95.386,88.48075,36.505159090909096,55.264,38.954840909090905,49.108,1.7893295454545453,2.308,0.2727272727272727,0.2727272727272727,0.38636363636363635,0.22727272727272727,0.22727272727272727,0.744090909090909,64.824625,70.11206250000001,86.56858333333334,39.867,73.933,2.014,67.289,0.0,0.0,0.0,172,2,A,23,Sedan,1.0,Pass,NONE,,0.01303,39.867,2.014,0
VH-00174,73.3809090909091,9.708678984261986,93.629,90.8713,36.82901136363636,51.499,38.93410227272727,49.474,1.7895113636363638,2.2,0.29545454545454547,0.29545454545454547,0.29545454545454547,0.22727272727272727,0.22727272727272727,0.745909090909091,67.181625,69.8850625,86.30775,39.995,72.992,1.916,68.678,0.0,0.0,0.0,173,2,A,24,Sedan,1.0,Pass,NONE,,0.01586,39.995,1.916,0
VH-00175,73.34861363636364,10.42256314325601,95.52,93.7504,36.38218181818182,53.957,38.861261363636366,47.75,1.7895,2.326,0.3409090909090909,0.25,0.29545454545454547,0.22727272727272727,0.22727272727272727,0.745909090909091,65.69775,70.7740625,86.9825,39.48,66.152,1.821,67.797,0.0,0.0,0.0,174,2,A,25,Compact,0.94,Pass,NONE,,0.01518,39.48,1.821,0
VH-00176,73.25588636363636,10.846836439913178,98.951,91.10115,35.93925,50.863,38.908443181818186,49.512,1.810340909090909,2.55,0.29545454545454547,0.29545454545454547,0.3181818181818182,0.22727272727272727,0.22727272727272727,0.745909090909091,65.7419375,70.14875,87.41733333333333,39.065,67.146,2.16,67.652,0.0,0.0,0.0,175,2,A,26,Sedan,1.0,Pass,NONE,,0.01564,39.065,2.16,0
VH-00177,73.29495454545454,10.222329445885187,98.494,91.8842,35.996,50.042,39.026284090909094,50.463,1.813943181818182,2.304,0.3181818181818182,0.2727272727272727,0.29545454545454547,0.22727272727272727,0.22727272727272727,0.745909090909091,66.0124375,70.2255625,87.09750000000001,39.576,73.331,2.021,67.214,0.0,0.0,0.0,176,2,A,27,Sedan,1.0,Pass,NONE,,0.01537,39.576,2.021,0
VH-00178,73.71970454545455,10.911015412384005,101.78,94.21,36.69493181818182,49.912,39.07514772727273,48.565,1.8032386363636363,2.554,0.25,0.2727272727272727,0.38636363636363635,0.22727272727272727,0.22727272727272727,0.7477272727272727,65.372625,70.7984375,88.74416666666667,40.005,69.938,2.554,62.262,0.0,0.0,0.0,177,2,A,28,Truck,1.14,Pass,NONE,,0.01912,40.005,2.554,0
VH-00179,72.71256818181818,9.193999204227515,93.929,91.72795,35.92934090909091,51.397,38.86959090909091,48.678,1.725443181818182,2.24,0.3181818181818182,0.29545454545454547,0.3181818181818182,0.22727272727272727,0.22727272727272727,0.745909090909091,66.4563125,69.8263125,84.90258333333334,40.747,71.005,2.138,62.605,0.0,0.0,0.0,178,2,A,29,Compact,0.94,Pass,NONE,,0.01558,40.747,2.138,0
VH-00180,73.89845454545456,10.721116833645478,99.117,91.96605,36.17540909090909,48.662,39.001079545454544,47.254,1.7784090909090908,2.446,0.29545454545454547,0.3181818181818182,0.3409090909090909,0.22727272727272727,0.22727272727272727,0.7422727272727272,66.480625,70.2119375,88.70425,38.956,72.084,2.393,57.806,0.0,0.0,0.0,179,2,A,30,Truck,1.14,Pass,NONE,,0.01656,38.956,2.393,0
VH-00181,74.41440909090909,10.377528722527938,97.234,94.01530000000001,36.324068181818184,49.62,39.129670454545455,48.986,1.8074204545454544,2.522,0.29545454545454547,0.2727272727272727,0.3181818181818182,0.22727272727272727,0.22727272727272727,0.745909090909091,66.6955625,71.660375,88.37825,39.783,73.295,2.522,62.95,0.0,0.0,0.0,180,2,A,31,SUV,1.08,Pass,NONE,,0.0189,39.783,2.522,0
VH-00182,73.51872727272728,9.736838131940525,93.158,91.79665,36.50061363636364,54.288,39.139306818181815,49.555,1.8126931818181817,2.375,0.25,0.2727272727272727,0.36363636363636365,0.22727272727272727,0.22727272727272727,0.7477272727272727,65.9694375,71.0515,86.87408333333333,41.992,63.274,1.957,69.261,0.0,0.0,0.0,181,2,A,32,Compact,0.94,Pass,NONE,,0.01633,41.992,1.957,0
VH-00183,72.7255,10.822666581311307,94.551,91.1674,36.60343181818182,52.792,38.716795454545455,49.963,1.818715909090909,2.37,0.3181818181818182,0.3181818181818182,0.2727272727272727,0.22727272727272727,0.22727272727272727,0.745909090909091,64.44675,70.02493750000001,87.36458333333333,38.388,68.553,2.235,65.956,0.0,0.0,0.0,182,2,A,33,SUV,1.08,Pass,NONE,,0.02013,38.388,2.235,0
VH-00184,73.54575,10.628032334733442,96.726,94.9627,36.91818181818182,53.019,39.015795454545454,48.993,1.837897727272727,2.384,0.29545454545454547,0.29545454545454547,0.3181818181818182,0.22727272727272727,0.22727272727272727,0.745909090909091,65.9533125,70.1979375,88.13275,39.956,68.261,2.317,65.153,0.0,0.0,0.0,183,2,A,34,Sedan,1.0,Pass,NONE,,0.01206,39.956,2.317,0
VH-00185,73.38320454545455,10.570530559343993,97.859,92.88335,36.09397727272727,49.699,38.53961363636363,49.934,1.8189090909090908,2.338,0.2727272727272727,0.22727272727272727,0.3409090909090909,0.22727272727272727,0.22727272727272727,0.7477272727272727,64.2895625,71.8476875,87.55541666666666,39.217,65.282,2.338,61.606,0.0,0.0,0.0,184,2,A,35,SUV,1.08,Pass,NONE,,0.015,39.217,2.338,0
VH-00186,73.24772727272727,10.173465738537308,98.027,92.41035000000001,36.62181818181818,49.795,39.21306818181818,50.151,1.773375,2.283,0.2727272727272727,0.3181818181818182,0.29545454545454547,0.22727272727272727,0.22727272727272727,0.7477272727272727,65.50268750000001,71.162125,86.35525,39.36,71.976,2.266,69.757,0.0,0.0,0.0,185,2,A,36,SUV,1.08,Pass,NONE,,0.0183,39.36,2.178,0
VH-00187,73.35413636363636,10.492366367077192,96.418,92.50735,35.79678409090909,50.258,38.74934090909091,48.657,1.8175454545454544,2.281,0.3181818181818182,0.1590909090909091,0.36363636363636365,0.22727272727272727,0.22727272727272727,0.7477272727272727,65.638375,70.1436875,87.92241666666666,39.87,71.193,2.178,62.333,0.0,0.0,0.0,186,2,A,37,Sedan,1.0,Pass,NONE,,0.01141,39.87,2.178,0
VH-00188,72.633,10.545719030036077,92.843,91.79625,36.21531818181818,51.46,38.63652272727273,46.842,1.809840909090909,2.5,0.29545454545454547,0.3181818181818182,0.3181818181818182,0.22727272727272727,0.22727272727272727,0.7477272727272727,65.3199375,69.421125,86.66624999999999,38.186,71.407,1.811,62.399,0.0,0.0,0.0,187,2,A,38,Sedan,1.0,Pass,NONE,,0.01763,38.186,1.811,0
VH-00189,74.10218181818182,10.155552281989383,95.492,94.86165,36.110704545454546,53.98,39.12746590909091,49.073,1.778181818181818,2.481,0.3181818181818182,0.25,0.3409090909090909,0.22727272727272727,0.22727272727272727,0.7477272727272727,66.8165625,70.9169375,88.06333333333333,40.438,72.937,2.113,66.678,0.0,0.0,0.0,188,2,A,39,SUV,1.08,Pass,NONE,,0.01881,40.438,2.113,0
VH-00190,72.7644090909091,11.022131088665626,96.031,93.29715,35.71395454545455,49.409,38.93093181818182,48.101,1.8002045454545454,2.767,0.25,0.3181818181818182,0.36363636363636365,0.22727272727272727,0.22727272727272727,0.745909090909091,64.6195625,69.7423125,87.65366666666667,39.66,69.332,1.67,61.715,0.0,0.0,0.0,189,2,A,40,Compact,0.94,Pass,NONE,,0.01152,39.66,1.67,0
VH-00191,73.59456818181819,10.091637058977437,95.373,93.5538,36.14472727272727,49.585,38.90871590909091,47.865,1.8359431818181817,2.425,0.2727272727272727,0.25,0.36363636363636365,0.22727272727272727,0.22727272727272727,0.7477272727272727,66.537375,70.715625,86.84275000000001,39.096,75.065,2.266,66.845,0.0,0.0,0.0,190,2,A,41,SUV,1.08,Pass,NONE,,0.0202,39.096,2.328,0
VH-00192,73.29011363636363,10.416029152818641,97.171,92.3844,36.73455681818182,51.116,38.909670454545456,48.304,1.818125,2.287,0.3181818181818182,0.36363636363636365,0.29545454545454547,0.22727272727272727,0.22727272727272727,0.745909090909091,66.0763125,70.1065625,87.15325,39.447,69.964,2.23,71.253,0.0,0.0,0.0,191,2,A,42,SUV,1.08,Pass,NONE,,0.01725,39.447,2.23,0
VH-00193,73.11529545454545,10.205217257989641,98.681,92.59305,37.097,53.424,38.42911363636364,46.991,1.7847272727272725,2.461,0.2727272727272727,0.29545454545454547,0.3409090909090909,0.22727272727272727,0.22727272727272727,0.745909090909091,66.1574375,69.6631875,86.99525,39.407,70.771,1.866,68.033,0.0,0.0,0.0,192,2,A,43,Sedan,1.0,Pass,NONE,,0.01106,39.407,1.866,0
VH-00194,72.8155,10.341900440486274,97.076,92.2053,35.940295454545456,49.814,38.82371590909091,46.59,1.7558181818181817,2.276,0.2727272727272727,0.29545454545454547,0.3409090909090909,0.22727272727272727,0.22727272727272727,0.7477272727272727,64.890125,70.3810625,86.62858333333334,39.47,68.544,2.276,63.541,0.0,0.0,0.0,193,2,A,44,Compact,0.94,Pass,NONE,,0.01199,39.47,2.276,0
VH-00195,72.57145454545456,10.8148321847328,96.955,91.95089999999999,36.63825,50.777,38.880863636363635,48.863,1.7764659090909092,2.338,0.29545454545454547,0.29545454545454547,0.4318181818181818,0.22727272727272727,0.22727272727272727,0.7422727272727272,63.437000000000005,70.919875,86.95283333333333,40.161,70.433,2.03,58.362,0.0,0.0,0.0,194,2,A,45,Compact,0.94,Pass,NONE,,0.01906,40.161,2.03,0
VH-00196,73.17025,10.076084268795123,95.802,91.35050000000001,36.94365909090909,50.116,38.63485227272727,46.513,1.7800340909090908,2.532,0.2727272727272727,0.29545454545454547,0.36363636363636365,0.22727272727272727,0.22727272727272727,0.744090909090909,66.9641875,68.92756250000001,87.10191666666667,39.672,69.827,1.695,71.413,0.0,0.0,0.0,195,2,A,46,Compact,0.94,Pass,NONE,,0.01524,39.672,1.695,0
VH-00197,72.31406818181819,10.798108560466286,97.752,93.37575000000001,36.2835,47.799,38.969875,49.29,1.8179545454545454,2.565,0.36363636363636365,0.3181818181818182,0.36363636363636365,0.22727272727272727,0.22727272727272727,0.7368181818181818,64.1630625,69.323625,87.16933333333333,39.296,70.153,2.266,65.169,0.0,0.0,0.0,196,2,A,47,Compact,0.94,Pass,NONE,,0.01881,39.296,1.99,0
VH-00198,73.85359090909091,10.552375745549643,93.313,93.04115,36.76609090909091,51.084,38.94292045454545,48.664,1.8246590909090907,2.373,0.3181818181818182,0.29545454545454547,0.36363636363636365,0.22727272727272727,0.22727272727272727,0.7386363636363636,66.56875,70.888,87.52083333333333,40.19,70.762,2.181,68.776,0.0,0.0,0.0,197,2,A,48,SUV,1.08,Pass,NONE,,0.02575,40.19,2.181,0
VH-00199,73.75168181818182,10.153253161271566,96.319,94.04175000000001,35.88310227272728,49.691,39.048875,47.351,1.778590909090909,2.415,0.3181818181818182,0.3409090909090909,0.2727272727272727,0.22727272727272727,0.22727272727272727,0.744090909090909,67.43825,69.4649375,87.88525,40.947,73.814,2.111,69.814,0.0,0.0,0.0,198,2,A,49,Truck,1.14,Pass,NONE,,0.01893,40.947,2.111,0
VH-00200,72.73704545454545,10.855851453874239,94.774,92.2591,36.441022727272724,52.838,38.982488636363634,49.148,1.788159090909091,2.258,0.29545454545454547,0.3181818181818182,0.36363636363636365,0.22727272727272727,0.22727272727272727,0.745909090909091,65.110625,69.4915,87.233,39.516,67.397,2.25,64.649,0.0,0.0,0.0,199,2,A,50,Compact,0.94,Pass,NONE,,0.01555,39.516,2.25,0
VH-00201,74.05938636363636,9.903093029196787,97.375,93.376,35.817522727272724,49.58,39.179863636363635,50.94,1.8277954545454547,2.431,0.29545454545454547,0.25,0.3409090909090909,0.22727272727272727,0.22727272727272727,0.7440909090909091,66.948375,71.02975,87.58024999999999,39.935,72.622,1.847,67.894,0.0,0.0,0.0,200,2,A,51,Truck,1.14,Pass,NONE,,0.01581,39.935,1.847,0
VH-00202,73.38818181818182,10.937942364790354,95.931,92.02445,36.48854545454546,53.825,38.59767045454545,47.033,1.7910454545454544,2.339,0.2727272727272727,0.3181818181818182,0.36363636363636365,0.22727272727272727,0.22727272727272727,0.745909090909091,65.71975,70.024375,88.09783333333333,39.344,69.004,2.339,64.1,0.0,0.0,0.0,201,2,A,52,Sedan,1.0,Pass,NONE,,0.01403,39.344,2.339,0
VH-00203,73.92429545454546,10.727978952209437,98.637,94.82870000000001,36.35543181818181,52.983,38.87352272727273,49.036,1.7798863636363635,2.209,0.25,0.22727272727272727,0.3181818181818182,0.22727272727272727,0.22727272727272727,0.7513636363636362,66.3340625,70.48643750000001,88.62841666666667,39.083,70.581,2.209,65.049,0.0,0.0,0.0,202,2,A,53,SUV,1.08,Pass,NONE,,0.02158,39.083,2.209,0
VH-00204,73.21127272727273,10.820762498094535,95.93,93.32065,35.507363636363635,50.537,38.84544318181818,48.165,1.8096022727272727,2.464,0.36363636363636365,0.3181818181818182,0.3409090909090909,0.22727272727272727,0.22727272727272727,0.7422727272727272,65.2599375,70.3758125,87.59366666666666,40.016,71.049,2.071,68.287,0.0,0.0,0.0,203,2,A,54,SUV,1.08,Pass,NONE,,0.01837,40.016,2.071,0
VH-00205,72.88613636363635,10.067021842216802,96.832,90.5895,36.27822727272727,50.894,39.00569318181818,50.276,1.784556818181818,2.216,0.2727272727272727,0.3181818181818182,0.3181818181818182,0.22727272727272727,0.22727272727272727,0.745909090909091,65.3884375,70.3761875,86.22966666666667,38.828,71.789,2.13,65.271,0.0,0.0,0.0,204,2,A,55,Sedan,1.0,Pass,NONE,,0.01351,38.828,2.13,0
VH-00206,72.24618181818181,10.887906361781296,95.926,90.91515,36.08955681818182,50.485,38.931034090909094,48.609,1.8142386363636362,2.407,0.3409090909090909,0.2727272727272727,0.29545454545454547,0.22727272727272727,0.22727272727272727,0.744090909090909,64.53775,69.2984375,86.45441666666666,40.77,73.272,2.018,66.846,0.0,0.0,0.0,205,2,A,56,Compact,0.94,Pass,NONE,,0.01846,40.77,2.018,0
VH-00207,73.84597727272727,9.039647056519865,94.279,90.36635,36.550045454545455,51.685,38.68569318181818,47.976,1.842125,2.508,0.3181818181818182,0.3409090909090909,0.3181818181818182,0.22727272727272727,0.22727272727272727,0.744090909090909,67.3684375,71.71606249999999,85.32258333333333,38.343,67.436,2.247,69.609,0.0,0.0,0.0,206,2,A,57,SUV,1.08,Pass,NONE,,0.01653,38.343,2.247,0
VH-00208,72.50086363636363,10.086400518660415,95.635,90.3046,36.64056818181818,49.425,39.09251136363636,47.231,1.7839545454545453,2.418,0.29545454545454547,0.22727272727272727,0.3181818181818182,0.22727272727272727,0.22727272727272727,0.745909090909091,65.1093125,70.0444375,85.6315,40.594,68.389,2.418,65.272,0.0,0.0,0.0,207,2,A,58,Compact,0.94,Pass,NONE,,0.01292,40.594,2.418,0
VH-00209,73.90177272727273,9.41841778758856,96.378,91.39125,36.602886363636365,51.704,39.07879545454545,48.409,1.7403522727272729,2.508,0.29545454545454547,0.29545454545454547,0.2727272727272727,0.22727272727272727,0.22727272727272727,0.7477272727272727,66.95825,71.5056875,86.35458333333334,40.297,71.605,2.159,67.954,0.0,0.0,0.0,208,2,A,59,Sedan,1.0,Pass,NONE,,0.01542,40.297,2.159,0
VH-00210,72.64477272727272,10.646652162662559,96.434,92.97815,36.66895454545455,57.746,38.99277272727273,49.048,1.790875,2.354,0.2727272727272727,0.3181818181818182,0.3409090909090909,0.22727272727272727,0.22727272727272727,0.744090909090909,65.69,68.1881875,87.85991666666666,38.905,73.094,1.646,69.595,0.0,0.0,0.0,209,2,A,60,Sedan,1.0,Pass,NONE,,0.01499,38.905,1.646,0
VH-00211,73.7305909090909,10.509699633523883,95.996,92.49325,36.98075,49.782,39.22103409090909,49.414,1.8211136363636364,2.436,0.3181818181818182,0.22727272727272727,0.3409090909090909,0.22727272727272727,0.22727272727272727,0.7477272727272727,66.301875,70.2056875,88.33541666666667,39.818,68.103,2.209,69.907,0.0,0.0,0.0,210,2,A,61,SUV,1.08,Pass,NONE,,0.01671,39.818,2.209,0
VH-00212,73.91963636363636,10.570912765788144,98.669,94.93060000000001,35.45181818181818,49.741,38.692375,47.577,1.8041363636363636,2.55,0.25,0.3181818181818182,0.3181818181818182,0.22727272727272727,0.22727272727272727,0.7495454545454545,66.309875,70.8670625,88.13608333333333,39.46,65.18,2.26,68.899,0.0,0.0,0.0,211,2,A,62,SUV,1.08,Pass,NONE,,0.01906,39.46,2.26,0
VH-00213,73.4565909090909,10.56688371108703,96.639,91.0831,36.4545,49.558,38.90979545454545,47.43,1.8111363636363635,2.437,0.2727272727272727,0.38636363636363635,0.3181818181818182,0.22727272727272727,0.22727272727272727,0.745909090909091,66.1005625,70.2974375,87.47683333333333,39.934,69.774,2.245,63.354,0.0,0.0,0.0,212,2,A,63,Sedan,1.0,Pass,NONE,,0.01502,39.934,2.245,0
VH-00214,72.84345454545455,10.33033334398681,93.266,92.26495,36.41938636363636,50.371,38.87252272727273,47.531,1.7911704545454545,2.408,0.29545454545454547,0.22727272727272727,0.3181818181818182,0.22727272727272727,0.22727272727272727,0.7495454545454545,66.1123125,68.9461875,87.01466666666666,39.013,71.682,1.825,65.662,0.0,0.0,0.0,213,2,A,64,Compact,0.94,Pass,NONE,,0.01468,39.013,1.825,0
VH-00215,73.66556818181817,10.568627372091742,96.303,92.89235000000001,36.47888636363636,51.702,38.798784090909095,49.289,1.7344886363636363,2.116,0.29545454545454547,0.29545454545454547,0.3181818181818182,0.22727272727272727,0.22727272727272727,0.7440909090909091,65.974,70.30562499999999,88.40091666666666,37.94,69.741,2.044,68.434,0.0,0.0,0.0,214,2,A,65,Sedan,1.0,Pass,NONE,,0.01431,37.94,2.044,0
VH-00216,74.45747727272727,10.536988772643749,95.613,93.03695,35.712545454545456,50.256,38.907250000000005,48.102,1.8141590909090908,2.472,0.3181818181818182,0.36363636363636365,0.36363636363636365,0.22727272727272727,0.22727272727272727,0.744090909090909,66.92025,71.67525,88.21674999999999,38.629,64.627,2.266,67.643,0.0,0.0,0.0,215,2,A,66,Truck,1.14,Pass,NONE,,0.01706,38.629,1.976,0
VH-00217,71.58781818181818,10.144353343455213,98.862,88.3836,35.90709090909091,49.233,38.75769318181818,46.55,1.7633636363636362,2.298,0.2727272727272727,0.29545454545454547,0.3409090909090909,0.22727272727272727,0.22727272727272727,0.7477272727272727,64.247625,69.0294375,84.78591666666667,39.761,68.098,1.971,66.898,0.0,0.0,0.0,216,2,A,67,Compact,0.94,Pass,NONE,,0.0139,39.761,1.971,0
VH-00218,73.67922727272727,10.216516770597021,95.112,92.132,36.809670454545454,48.854,39.180125000000004,49.563,1.7713977272727275,2.348,0.29545454545454547,0.22727272727272727,0.36363636363636365,0.22727272727272727,0.22727272727272727,0.744090909090909,65.503875,71.7345,87.17266666666666,39.584,70.265,2.348,69.617,0.0,0.0,0.0,217,2,A,68,Truck,1.14,Pass,NONE,,0.02261,39.584,2.348,0
VH-00219,72.89895454545454,10.429259272576841,96.471,90.6831,36.32354545454546,48.951,38.854352272727276,48.647,1.8261590909090908,2.465,0.3409090909090909,0.2727272727272727,0.3181818181818182,0.22727272727272727,0.22727272727272727,0.744090909090909,65.189125,69.93062499999999,87.1365,39.623,68.41,2.242,65.219,0.0,0.0,0.0,218,2,A,69,Sedan,1.0,Pass,NONE,,0.0198,39.623,2.242,0
VH-00220,73.52627272727273,10.639205592750814,95.912,94.83815000000001,35.63845454545455,51.7,38.93296590909091,49.69,1.7605113636363638,2.339,0.29545454545454547,0.2727272727272727,0.3181818181818182,0.22727272727272727,0.22727272727272727,0.745909090909091,66.433625,69.9305625,87.77741666666667,39.099,71.393,2.339,66.941,0.0,0.0,0.0,219,2,A,70,SUV,1.08,Fail,LOW_CONFIDENCE_MULTI_CAUSAL,ST-45,0.01804,39.099,2.339,1
VH-00221,71.97561363636363,10.545187546086378,94.236,89.98575000000001,35.91772727272727,50.487,39.00723863636363,48.455,1.7565909090909089,2.317,0.25,0.3181818181818182,0.29545454545454547,0.22727272727272727,0.22727272727272727,0.7477272727272727,64.7426875,68.464125,86.30149999999999,40.114,71.385,2.284,62.838,0.0,0.0,0.0,220,2,A,71,Compact,0.94,Pass,NONE,,0.01291,40.114,2.284,0
VH-00222,73.20459090909091,9.872788860056923,96.152,91.8671,36.38422727272727,51.125,38.967738636363634,47.695,1.863681818181818,2.491,0.3181818181818182,0.25,0.3409090909090909,0.22727272727272727,0.22727272727272727,0.7477272727272727,65.5735625,70.9890625,86.33333333333333,39.118,69.912,2.22,66.243,0.0,0.0,0.0,221,2,A,72,Sedan,1.0,Pass,NONE,,0.0187,39.118,2.22,0
VH-00223,73.16468181818182,10.699961405652472,97.285,92.07015,35.94138636363636,49.645,39.15875,50.012,1.8048068181818182,2.522,0.3181818181818182,0.2727272727272727,0.29545454545454547,0.22727272727272727,0.22727272727272727,0.7495454545454545,65.249,70.188625,87.687,38.226,68.826,1.896,62.066,0.0,0.0,0.0,222,2,A,73,Compact,0.94,Pass,NONE,,0.02295,38.226,1.896,0
VH-00224,71.781,10.41091996694527,96.328,91.84985,36.954181818181816,53.61,38.99885227272727,48.487,1.789840909090909,2.438,0.25,0.36363636363636365,0.3181818181818182,0.22727272727272727,0.22727272727272727,0.7495454545454545,65.625,67.5209375,85.66908333333333,39.077,74.359,1.933,66.462,0.0,0.0,0.0,223,2,A,74,Compact,0.94,Fail,MANUAL_FIT_CHECK_VARIATION,ST-45,0.01529,39.077,1.933,1
VH-00225,74.24393181818182,10.360464047247742,97.515,93.17435,37.272045454545456,51.352,39.029022727272725,48.082,1.8308749999999998,2.397,0.25,0.3181818181818182,0.3409090909090909,0.22727272727272727,0.22727272727272727,0.745909090909091,67.15356249999999,70.8533125,88.21858333333334,39.149,72.343,1.799,68.586,0.0,0.0,0.0,224,2,A,75,SUV,1.08,Pass,NONE,,0.02187,39.149,1.799,0
VH-00226,72.2420909090909,11.030013474486662,96.166,92.55245000000001,36.678886363636366,53.982,38.922579545454546,48.836,1.7941022727272726,2.376,0.3181818181818182,0.3181818181818182,0.38636363636363635,0.22727272727272727,0.22727272727272727,0.745909090909091,63.852937499999996,69.33575,87.30275,40.282,65.993,2.266,61.742,0.0,0.0,0.0,225,2,B,1,Compact,0.94,Pass,NONE,,0.01395,40.282,1.72,0
VH-00227,73.55802272727273,10.741134025896065,98.582,92.8373,36.181613636363636,53.813,38.743125,47.723,1.771840909090909,2.247,0.29545454545454547,0.29545454545454547,0.3409090909090909,0.22727272727272727,0.22727272727272727,0.7477272727272727,65.173875,71.24725,87.81791666666668,42.3,67.784,2.104,66.092,0.29999999999999716,0.0,0.0,226,2,B,2,Truck,1.14,Pass,NONE,,0.01685,42.3,2.104,0
VH-00228,73.53777272727272,10.450614669501586,96.267,93.99754999999999,36.48781818181818,51.145,38.848125,47.053,1.7986704545454544,2.226,0.29545454545454547,0.20454545454545456,0.29545454545454547,0.22727272727272727,0.22727272727272727,0.7513636363636362,65.749875,70.540625,87.91783333333332,39.615,66.997,1.955,66.648,0.0,0.0,0.0,227,2,B,3,SUV,1.08,Fail,LOW_CONFIDENCE_MULTI_CAUSAL,ST-45,0.0185,39.615,1.955,1
VH-00229,74.52745454545455,9.997369392261522,93.835,91.2714,36.07204545454545,48.376,39.06526136363636,48.665,1.769931818181818,2.44,0.25,0.25,0.3409090909090909,0.22727272727272727,0.22727272727272727,0.745909090909091,66.893625,72.58087499999999,87.30133333333333,40.624,69.262,2.327,63.471,0.0,0.0,0.0,228,2,B,4,SUV,1.08,Pass,NONE,,0.01921,40.624,2.327,0
VH-00230,74.35188636363637,10.431866256400989,95.082,94.52925,36.30586363636364,53.448,39.257056818181816,49.388,1.8619886363636362,2.468,0.3181818181818182,0.3181818181818182,0.3409090909090909,0.22727272727272727,0.22727272727272727,0.745909090909091,67.663875,70.92025,87.84474999999999,41.146,78.922,2.26,66.176,0.0,0.0,0.0,229,2,B,5,Truck,1.14,Pass,NONE,,0.01791,41.146,2.26,0
VH-00231,74.309,10.755483283012564,97.78,94.00625000000001,36.65084090909091,53.425,39.013125,47.678,1.7712272727272727,2.465,0.29545454545454547,0.29545454545454547,0.3409090909090909,0.22727272727272727,0.22727272727272727,0.7477272727272727,66.6429375,71.049875,88.87591666666667,40.015,66.087,2.181,70.935,0.0,0.0,0.0,230,2,B,6,SUV,1.08,Pass,NONE,,0.0176,40.015,2.181,0
VH-00232,73.29281818181818,11.169225507226976,95.76,94.11395,36.807818181818185,53.379,39.09973863636364,49.842,1.8506363636363636,2.455,0.3181818181818182,0.3181818181818182,0.29545454545454547,0.22727272727272727,0.22727272727272727,0.7477272727272727,65.160125,69.817875,88.76966666666665,40.011,66.054,2.212,65.649,0.0,0.0,0.0,231,2,B,7,Sedan,1.0,Pass,NONE,,0.01701,40.011,2.212,0
VH-00233,73.10779545454545,9.920222520899669,93.583,91.77725,36.34913636363637,51.139,39.244488636363634,49.844,1.8058863636363638,2.455,0.2727272727272727,0.20454545454545456,0.3181818181818182,0.22727272727272727,0.22727272727272727,0.7495454545454545,65.702,70.79475,86.06625000000001,39.53,64.911,2.11,67.979,0.0,0.0,0.0,232,2,B,8,Sedan,1.0,Pass,NONE,,0.01494,39.53,2.11,0
VH-00234,73.65427272727273,9.891198942926042,93.981,91.34525000000001,35.90859090909091,49.418,39.346625,47.793,1.844443181818182,2.329,0.2727272727272727,0.29545454545454547,0.36363636363636365,0.22727272727272727,0.22727272727272727,0.744090909090909,67.0181875,70.736625,86.39258333333333,40.294,65.36,1.945,68.639,0.0,0.0,0.0,233,2,B,9,Sedan,1.0,Pass,NONE,,0.01487,40.294,1.945,0
VH-00235,74.31820454545455,9.321241384986667,94.767,90.6885,36.25090909090909,50.381,38.72596590909091,47.272,1.8232386363636364,2.311,0.2727272727272727,0.29545454545454547,0.3409090909090909,0.22727272727272727,0.22727272727272727,0.7495454545454545,66.9220625,72.3095625,86.85791666666667,40.105,72.355,2.049,69.305,0.0,0.0,0.0,234,2,B,10,SUV,1.08,Pass,NONE,,0.01759,40.105,2.049,0
VH-00236,73.04931818181818,10.70229235338561,96.611,93.63595,36.27938636363636,50.126,38.85303409090909,49.177,1.8024886363636363,2.577,0.2727272727272727,0.2727272727272727,0.29545454545454547,0.22727272727272727,0.22727272727272727,0.7495454545454545,66.39475,68.87225,87.49149999999999,38.737,69.785,2.357,64.067,0.0,0.0,0.0,235,2,B,11,Sedan,1.0,Pass,NONE,,0.01063,38.737,2.357,0
VH-00237,72.53540909090908,9.651295221712969,93.015,90.9392,36.8734659090909,49.198,39.002215909090914,49.093,1.785602272727273,2.418,0.29545454545454547,0.22727272727272727,0.3181818181818182,0.22727272727272727,0.22727272727272727,0.7477272727272727,64.64625,71.0884375,84.98358333333333,41.211,67.578,2.128,64.557,0.0,0.0,0.0,236,2,B,12,Compact,0.94,Pass,NONE,,0.01492,41.211,2.128,0
VH-00238,73.14934090909091,10.693800096737604,95.592,92.51530000000001,35.912625,51.405,39.14694318181818,51.209,1.7685227272727273,2.244,0.25,0.29545454545454547,0.3181818181818182,0.22727272727272727,0.22727272727272727,0.745909090909091,64.997,70.6963125,87.28983333333333,41.14,70.04,2.08,65.773,0.0,0.0,0.0,237,2,B,13,Sedan,1.0,Pass,NONE,,0.01499,41.14,2.08,0
VH-00239,72.15884090909091,10.413866743697888,95.768,90.1591,36.93275,52.056,39.14748863636363,49.434,1.7911931818181819,2.399,0.25,0.29545454545454547,0.4090909090909091,0.22727272727272727,0.22727272727272727,0.7422727272727272,64.3865625,69.3298125,86.29391666666668,41.326,65.286,2.359,64.355,0.0,0.0,0.0,238,2,B,14,Compact,0.94,Pass,NONE,,0.01603,41.326,2.359,0
VH-00240,72.55329545454546,11.134898423904755,95.846,92.8813,36.160045454545454,52.666,39.07996590909091,47.796,1.8161818181818183,2.504,0.3409090909090909,0.25,0.3409090909090909,0.22727272727272727,0.22727272727272727,0.744090909090909,64.105125,69.9199375,87.32866666666666,40.851,73.436,2.429,63.934,0.0,0.0,0.0,239,2,B,15,Compact,0.94,Pass,NONE,,0.01312,40.851,2.429,0
VH-00241,73.06597727272728,10.410420476034753,95.776,90.84705000000001,36.759181818181816,49.492,38.67039772727273,47.513,1.8087727272727272,2.565,0.3181818181818182,0.2727272727272727,0.3409090909090909,0.22727272727272727,0.22727272727272727,0.745909090909091,65.1961875,70.5803125,86.87325,40.604,74.986,2.122,71.716,0.0,0.0,0.0,240,2,B,16,Sedan,1.0,Pass,NONE,,0.01795,40.604,2.122,0
VH-00242,74.1696590909091,10.031548710555166,94.218,91.9825,36.2046590909091,51.692,38.49330681818182,46.68,1.777022727272727,2.444,0.36363636363636365,0.25,0.36363636363636365,0.22727272727272727,0.22727272727272727,0.745909090909091,66.867,71.1424375,87.94283333333334,41.208,66.19,2.412,69.108,0.0,0.0,0.0,241,2,B,17,SUV,1.08,Pass,NONE,,0.01784,41.208,2.412,0
VH-00243,72.90584090909091,11.198764678433907,95.626,93.55040000000001,36.13006818181818,53.49,39.22328409090909,49.223,1.7953977272727273,2.224,0.25,0.25,0.36363636363636365,0.22727272727272727,0.22727272727272727,0.7477272727272727,65.409125,68.9625,88.15925,40.377,73.726,2.176,64.675,0.0,0.0,0.0,242,2,B,18,Sedan,1.0,Fail,LOW_CONFIDENCE_MULTI_CAUSAL,ST-45,0.01997,40.377,2.176,1
VH-00244,73.76534090909091,9.80848051182474,94.38,91.77285,36.92527272727273,51.155,38.8765340909091,48.586,1.7884090909090908,2.488,0.3409090909090909,0.2727272727272727,0.3181818181818182,0.22727272727272727,0.22727272727272727,0.744090909090909,66.75525,71.1794375,86.56,39.475,72.871,2.269,66.713,0.0,0.0,0.0,243,2,B,19,SUV,1.08,Pass,NONE,,0.01302,39.475,2.269,0
VH-00245,73.63145454545455,10.123147693797813,97.742,92.7065,36.646499999999996,49.742,38.898897727272725,48.825,1.7667045454545454,2.443,0.29545454545454547,0.2727272727272727,0.3181818181818182,0.22727272727272727,0.22727272727272727,0.7495454545454545,66.0759375,71.096,87.08608333333332,41.117,69.369,1.985,67.203,0.0,0.0,0.0,244,2,B,20,SUV,1.08,Pass,NONE,,0.02172,41.117,1.985,0
VH-00246,74.31093181818181,10.8316092523338,100.533,93.76865000000001,35.9655,50.842,38.94660227272727,49.287,1.7947840909090909,2.346,0.2727272727272727,0.20454545454545456,0.3181818181818182,0.22727272727272727,0.22727272727272727,0.7495454545454545,66.134,71.60249999999999,88.82475,39.645,69.315,2.04,68.524,0.0,0.0,0.0,245,2,B,21,SUV,1.08,Pass,NONE,,0.01489,39.645,2.04,0
VH-00247,72.49361363636363,10.462870872459582,98.504,90.13855000000001,36.46365909090909,50.056,39.087375,49.546,1.7897954545454546,2.294,0.36363636363636365,0.29545454545454547,0.3409090909090909,0.22727272727272727,0.22727272727272727,0.745909090909091,64.77068750000001,69.727875,86.4785,39.833,70.098,1.764,61.118,0.0,0.0,0.0,246,2,B,22,Compact,0.94,Pass,NONE,,0.01641,39.833,1.764,0
VH-00248,74.22218181818181,10.472004557607168,97.425,94.843,36.76865909090909,50.582,38.58717045454545,46.593,1.8138863636363636,2.465,0.29545454545454547,0.3181818181818182,0.3409090909090909,0.22727272727272727,0.22727272727272727,0.7495454545454545,66.3891875,71.174375,88.72991666666667,39.875,69.282,2.135,66.13,0.0,0.0,0.0,247,2,B,23,SUV,1.08,Pass,NONE,,0.02659,39.875,2.135,0
VH-00249,73.50670454545455,10.88534435809899,100.241,93.39065,36.81306818181818,50.997,38.901284090909094,46.863,1.7962954545454544,2.199,0.22727272727272727,0.3181818181818182,0.3409090909090909,0.22727272727272727,0.22727272727272727,0.7477272727272727,65.5878125,70.423,88.17683333333333,39.405,75.028,2.091,63.96,0.0,0.0,0.0,248,2,B,24,SUV,1.08,Pass,NONE,,0.01833,39.405,2.091,0
VH-00250,73.18554545454545,10.273841045835546,94.526,92.0606,36.041954545454544,49.764,39.08229545454545,48.303,1.8001022727272726,2.748,0.3181818181818182,0.25,0.3181818181818182,0.22727272727272727,0.22727272727272727,0.7477272727272727,66.33806249999999,69.8586875,86.75133333333333,39.641,71.424,1.63,67.455,0.0,0.0,0.0,249,2,B,25,Compact,0.94,Pass,NONE,,0.01215,39.641,1.63,0
VH-00251,74.43745454545454,10.462692333159325,97.565,93.76385,36.35013636363636,49.104,38.948454545454545,49.004,1.7815227272727272,2.633,0.3181818181818182,0.29545454545454547,0.36363636363636365,0.22727272727272727,0.22727272727272727,0.744090909090909,67.26231250000001,71.2216875,88.29199999999999,40.772,74.647,2.124,64.281,0.0,0.0,0.0,250,2,B,26,Truck,1.14,Pass,NONE,,0.01535,40.772,2.124,0
VH-00252,72.58856818181818,10.574321040159473,94.434,91.7888,36.09879545454545,48.677,38.96601136363636,50.318,1.7958863636363638,2.345,0.3409090909090909,0.3181818181818182,0.3181818181818182,0.22727272727272727,0.22727272727272727,0.7422727272727272,64.425125,69.9096875,87.045,39.76,72.587,2.178,64.894,0.0,0.0,0.0,251,2,B,27,Sedan,1.0,Pass,NONE,,0.01361,39.76,2.178,0
VH-00253,74.02704545454546,10.857376752760047,97.119,93.40595,36.47585227272727,51.653,39.10209090909091,48.716,1.792875,2.252,0.29545454545454547,0.29545454545454547,0.4318181818181818,0.22727272727272727,0.22727272727272727,0.7404545454545454,66.4785625,70.88425,88.28208333333333,40.097,71.221,2.08,68.556,0.0,0.0,0.0,252,2,B,28,Truck,1.14,Pass,NONE,,0.01923,40.097,2.08,0
VH-00254,72.49531818181818,10.425714370198527,94.513,93.07300000000001,36.34340909090909,55.561,38.975488636363636,47.824,1.7714886363636362,2.269,0.29545454545454547,0.20454545454545456,0.29545454545454547,0.22727272727272727,0.22727272727272727,0.7477272727272727,65.108,69.5481875,86.27458333333334,40.104,72.734,2.269,64.962,0.0,0.0,0.0,253,2,B,29,Sedan,1.0,Pass,NONE,,0.0149,40.104,2.269,0
VH-00255,74.11811363636365,9.971465601535233,97.611,93.7013,36.781,50.99,39.257034090909094,49.589,1.8021022727272729,2.58,0.29545454545454547,0.25,0.29545454545454547,0.22727272727272727,0.22727272727272727,0.7513636363636362,67.0011875,70.72125,88.1365,39.625,78.753,2.093,66.861,0.0,0.0,0.0,254,2,B,30,SUV,1.08,Pass,NONE,,0.01768,39.625,2.093,0
VH-00256,72.65879545454546,10.752575852734827,95.952,94.251,35.99634090909091,51.23,39.09581818181818,46.664,1.7654204545454546,2.323,0.2727272727272727,0.29545454545454547,0.2727272727272727,0.22727272727272727,0.22727272727272727,0.7495454545454545,64.389,70.123,87.06625000000001,41.419,64.413,2.315,60.854,0.0,0.0,0.0,255,2,B,31,Sedan,1.0,Pass,NONE,,0.01618,41.419,2.315,0
VH-00257,72.3546590909091,9.881431093848377,92.158,90.36125,36.75659090909091,49.249,39.15759090909091,48.298,1.8050113636363638,2.382,0.25,0.22727272727272727,0.36363636363636365,0.22727272727272727,0.22727272727272727,0.744090909090909,65.5164375,69.1498125,85.74541666666666,40.084,73.334,2.382,64.762,0.0,0.0,0.0,256,2,B,32,Compact,0.94,Pass,NONE,,0.012,40.084,2.382,0
VH-00258,73.74318181818181,10.157477809699879,96.873,91.30825,36.79979545454545,51.669,39.05443181818182,47.487,1.8186477272727273,2.637,0.29545454545454547,0.20454545454545456,0.29545454545454547,0.22727272727272727,0.22727272727272727,0.7477272727272727,66.510375,70.218375,88.08666666666666,40.718,66.269,2.266,61.134,0.0,0.0,0.0,257,2,B,33,Sedan,1.0,Pass,NONE,,0.01793,40.718,2.266,0
VH-00259,73.42913636363636,10.629053095262195,94.477,93.7077,36.43039772727273,51.333,38.91077272727273,48.095,1.8749318181818182,2.57,0.4090909090909091,0.3409090909090909,0.29545454545454547,0.22727272727272727,0.22727272727272727,0.7368181818181818,65.3581875,70.977,87.45991666666667,40.316,69.544,1.948,63.666,0.0,0.0,0.0,258,2,B,34,Sedan,1.0,Pass,NONE,,0.01188,40.316,1.948,0
VH-00260,73.62313636363636,10.124486165752185,95.581,92.87904999999999,36.175636363636364,51.282,38.81129545454545,46.592,1.8068977272727273,2.422,0.2727272727272727,0.29545454545454547,0.3409090909090909,0.22727272727272727,0.22727272727272727,0.7422727272727272,66.2199375,71.015,86.97158333333334,40.485,71.84,2.15,66.738,0.0,0.0,0.0,259,2,B,35,SUV,1.08,Pass,NONE,,0.01546,40.485,2.15,0
VH-00261,74.05381818181819,9.98549069091081,95.406,92.12755,35.53540909090909,49.661,38.92005681818182,49.563,1.7823295454545454,2.286,0.3181818181818182,0.3409090909090909,0.3181818181818182,0.22727272727272727,0.22727272727272727,0.744090909090909,66.6244375,71.9218125,86.80233333333332,40.375,68.685,2.259,68.985,0.0,0.0,0.0,260,2,B,36,Truck,1.14,Pass,NONE,,0.01895,40.375,2.259,0
VH-00262,74.39209090909091,10.407782074605215,96.271,94.8024,36.285318181818184,49.671,38.81735227272728,47.215,1.788909090909091,2.324,0.2727272727272727,0.29545454545454547,0.3181818181818182,0.22727272727272727,0.22727272727272727,0.7477272727272727,67.8199375,70.6594375,88.13183333333335,39.398,73.153,1.929,62.672,0.0,0.0,0.0,261,2,B,37,Truck,1.14,Pass,NONE,,0.01819,39.398,1.929,0
VH-00263,72.79231818181819,10.638766447493479,97.539,94.4383,36.59518181818182,50.707,38.93817045454546,49.842,1.7958295454545452,2.321,0.25,0.29545454545454547,0.36363636363636365,0.22727272727272727,0.22727272727272727,0.7495454545454545,65.48525000000001,69.330375,87.151,40.307,70.152,2.149,64.154,0.0,0.0,0.0,262,2,B,38,Sedan,1.0,Pass,NONE,,0.01595,40.307,2.149,0
VH-00264,73.43470454545455,10.224155484723072,97.193,92.2588,36.217045454545456,47.381,38.86152272727273,47.364,1.7898181818181818,2.39,0.36363636363636365,0.25,0.3409090909090909,0.22727272727272727,0.22727272727272727,0.744090909090909,66.6895,69.7195625,87.38183333333332,40.392,72.899,2.094,60.52,0.0,0.0,0.0,263,2,B,39,SUV,1.08,Pass,NONE,,0.0156,40.392,2.094,0
VH-00265,72.06979545454546,9.852872678917333,92.709,90.4255,36.32922727272727,52.229,39.004602272727276,47.697,1.8339999999999999,2.526,0.29545454545454547,0.2727272727272727,0.38636363636363635,0.22727272727272727,0.22727272727272727,0.745909090909091,65.228875,68.7368125,85.63499999999999,41.298,68.125,2.177,64.813,0.0,0.0,0.0,264,2,B,40,Compact,0.94,Pass,NONE,,0.01333,41.298,2.177,0
VH-00266,72.82906818181817,11.037068469054272,96.27,93.71515,36.71005681818182,47.603,39.15236363636364,50.966,1.8521704545454547,2.471,0.2727272727272727,0.3181818181818182,0.2727272727272727,0.22727272727272727,0.22727272727272727,0.7477272727272727,64.5949375,70.5716875,86.81775,40.577,68.848,2.136,64.734,0.0,0.0,0.0,265,2,B,41,Sedan,1.0,Pass,NONE,,0.01646,40.577,2.136,0
VH-00267,73.17036363636363,9.909925142492739,92.19,91.1351,37.10702272727273,52.298,38.895329545454544,47.478,1.7951363636363638,2.48,0.3181818181818182,0.29545454545454547,0.36363636363636365,0.22727272727272727,0.22727272727272727,0.744090909090909,66.5863125,69.782625,86.46608333333334,39.543,70.598,2.221,66.892,0.0,0.0,0.0,266,2,B,42,Sedan,1.0,Pass,NONE,,0.01833,39.543,2.221,0
VH-00268,74.54318181818182,10.000616404892314,96.47,93.83645,36.85409090909091,51.308,39.15435227272727,49.684,1.7992045454545453,2.323,0.2727272727272727,0.36363636363636365,0.38636363636363635,0.22727272727272727,0.22727272727272727,0.7422727272727272,67.5953125,71.164875,88.31141666666667,40.36,76.092,2.113,66.892,0.0,0.0,0.0,267,2,B,43,Truck,1.14,Pass,NONE,,0.01869,40.36,2.113,0
VH-00269,73.85249999999999,10.822767050431555,97.317,93.95880000000001,36.39754545454545,53.468,38.68827272727273,48.999,1.7534204545454544,2.201,0.2727272727272727,0.3409090909090909,0.29545454545454547,0.22727272727272727,0.22727272727272727,0.744090909090909,65.8615,70.87025,88.48349999999999,40.454,71.244,1.768,64.35,0.0,0.0,0.0,268,2,B,44,SUV,1.08,Pass,NONE,,0.01961,40.454,1.768,0
VH-00270,73.27772727272728,10.375431876387823,98.954,92.67840000000001,36.43811363636364,51.748,38.88939772727272,47.737,1.818147727272727,2.413,0.2727272727272727,0.3181818181818182,0.3181818181818182,0.22727272727272727,0.22727272727272727,0.745909090909091,65.8710625,70.4070625,86.98083333333334,40.895,70.616,2.14,66.859,0.0,0.0,0.0,269,2,B,45,SUV,1.08,Pass,NONE,,0.0154,40.895,2.14,0
VH-00271,73.58554545454545,10.371388064923359,96.002,93.46424999999999,36.621840909090906,53.264,38.824875,47.048,1.839465909090909,2.525,0.25,0.25,0.4090909090909091,0.22727272727272727,0.22727272727272727,0.7440909090909091,65.824,70.76375,87.69666666666666,40.448,72.41,2.479,65.681,0.0,0.0,0.0,270,2,B,46,Sedan,1.0,Pass,NONE,,0.02123,40.448,2.479,0
VH-00272,72.04127272727273,10.44910224999578,95.895,89.49925,36.516681818181816,49.971,38.91276136363636,48.032,1.8030454545454546,2.397,0.3409090909090909,0.3409090909090909,0.22727272727272727,0.22727272727272727,0.22727272727272727,0.745909090909091,64.5624375,69.5385,85.35008333333333,40.514,67.892,1.982,67.108,0.0,0.0,0.0,271,2,B,47,Compact,0.94,Pass,NONE,,0.01393,40.514,1.982,0
VH-00273,73.8785,10.434616293187139,96.582,95.0048,37.32340909090909,52.81,39.27228409090909,48.981,1.826681818181818,2.676,0.3409090909090909,0.2727272727272727,0.36363636363636365,0.22727272727272727,0.22727272727272727,0.744090909090909,66.1505,70.83562500000001,88.23966666666666,39.974,69.069,1.874,68.47,0.0,0.0,0.0,272,2,B,48,SUV,1.08,Pass,NONE,,0.01492,39.974,1.874,0
VH-00274,74.25022727272727,10.455079466212595,96.677,94.67655,35.79693181818182,53.355,38.97447727272727,47.299,1.8358068181818181,2.368,0.2727272727272727,0.2727272727272727,0.36363636363636365,0.22727272727272727,0.22727272727272727,0.7422727272727272,67.2835,70.6170625,88.38341666666668,42.048,68.839,2.225,65.102,0.04800000000000182,0.0,0.0,273,2,B,49,Truck,1.14,Pass,NONE,,0.01498,42.048,2.225,0
VH-00275,72.62045454545455,10.666787907036479,96.929,92.71955,36.527181818181816,47.716,38.59526136363636,48.481,1.8109659090909092,2.492,0.38636363636363635,0.29545454545454547,0.29545454545454547,0.22727272727272727,0.22727272727272727,0.7422727272727272,65.2095,69.0536875,87.25741666666666,39.691,67.158,2.437,65.77,0.0,0.0,0.0,274,2,B,50,Sedan,1.0,Pass,NONE,,0.01244,39.691,2.437,0
VH-00276,74.23627272727273,10.210274454465852,96.77,94.88185,36.22811363636364,50.034,39.44264772727273,49.615,1.7763295454545456,2.266,0.22727272727272727,0.29545454545454547,0.3409090909090909,0.22727272727272727,0.22727272727272727,0.7477272727272727,67.52612500000001,70.389375,88.31233333333334,40.652,69.148,2.266,65.7,0.0,0.0,0.0,275,2,B,51,Truck,1.14,Pass,NONE,,0.02471,40.652,2.16,0
VH-00277,72.87122727272727,10.619558638101497,97.709,92.70045,36.894749999999995,53.354,38.84757954545454,48.303,1.7768522727272726,2.61,0.29545454545454547,0.29545454545454547,0.3409090909090909,0.22727272727272727,0.22727272727272727,0.7495454545454545,64.48925,70.7905,86.8215,40.906,62.793,2.181,66.931,0.0,0.0,0.0,276,2,B,52,Compact,0.94,Pass,NONE,,0.01752,40.906,2.181,0
VH-00278,73.1816590909091,10.783160213193709,98.002,90.89295,36.11925,51.94,39.16434090909091,51.17,1.8324659090909092,2.418,0.25,0.29545454545454547,0.2727272727272727,0.22727272727272727,0.22727272727272727,0.7531818181818182,65.44500000000001,70.2911875,87.35116666666666,40.969,68.838,1.961,66.962,0.0,0.0,0.0,277,2,B,53,Compact,0.94,Pass,NONE,,0.01023,40.969,1.961,0
VH-00279,73.88918181818181,10.269819076943373,95.042,93.4372,36.66010227272727,54.192,38.73261363636363,47.484,1.8006477272727273,2.449,0.29545454545454547,0.25,0.3181818181818182,0.22727272727272727,0.22727272727272727,0.7440909090909091,65.9608125,71.31031250000001,87.89883333333334,39.655,67.207,1.966,65.456,0.0,0.0,0.0,278,2,B,54,Truck,1.14,Pass,NONE,,0.01694,39.655,1.966,0
VH-00280,73.26997727272727,10.845351679221059,96.152,92.1015,36.620125,48.994,38.95972727272727,48.007,1.802522727272727,2.197,0.3181818181818182,0.3181818181818182,0.38636363636363635,0.22727272727272727,0.22727272727272727,0.7404545454545454,65.262125,70.76175,87.29141666666668,40.618,71.162,2.143,63.797,0.0,0.0,0.0,279,2,B,55,SUV,1.08,Pass,NONE,,0.01549,40.618,2.143,0
VH-00281,74.17593181818182,10.015101493518458,96.088,92.98270000000001,36.24061363636363,54.121,38.84965909090909,48.042,1.7118068181818182,2.571,0.2727272727272727,0.2727272727272727,0.3181818181818182,0.22727272727272727,0.22727272727272727,0.7440909090909091,66.8195,71.9815625,86.91033333333333,40.035,67.585,2.022,67.582,0.0,0.0,0.0,280,2,B,56,Truck,1.14,Pass,NONE,,0.01498,40.035,2.022,0
VH-00282,74.07663636363635,9.896332337040759,96.216,92.5231,37.19802272727273,53.538,38.98546590909091,49.875,1.8189318181818181,2.29,0.25,0.22727272727272727,0.36363636363636365,0.22727272727272727,0.22727272727272727,0.7477272727272727,65.8840625,72.2200625,87.4755,40.83,69.52,2.074,70.023,0.0,0.0,0.0,281,2,B,57,SUV,1.08,Pass,NONE,,0.02475,40.83,2.074,0
VH-00283,73.35229545454546,10.361037802871728,94.773,91.57125,36.73129545454545,54.901,39.03723863636364,47.366,1.7869545454545455,2.576,0.25,0.29545454545454547,0.3409090909090909,0.22727272727272727,0.22727272727272727,0.745909090909091,65.5495,70.6724375,87.32916666666667,41.234,67.233,2.266,64.511,0.0,0.0,0.0,282,2,B,58,SUV,1.08,Pass,NONE,,0.01676,41.234,2.295,0
VH-00284,72.5253409090909,10.306191541514284,98.312,90.32965,36.11225,48.939,38.80192045454545,48.052,1.8223295454545456,2.441,0.29545454545454547,0.29545454545454547,0.3181818181818182,0.22727272727272727,0.22727272727272727,0.7477272727272727,64.7363125,69.571,86.84983333333334,41.383,67.605,2.355,64.052,0.0,0.0,0.0,283,2,B,59,Compact,0.94,Fail,LOW_CONFIDENCE_MULTI_CAUSAL,ST-45,0.01457,41.383,2.355,1
VH-00285,72.95875,9.95006812907609,93.966,90.43674999999999,36.18545454545455,51.791,39.39176136363636,49.837,1.8567386363636365,2.668,0.3181818181818182,0.2727272727272727,0.3181818181818182,0.22727272727272727,0.22727272727272727,0.745909090909091,65.2326875,71.20675,85.59616666666666,41.663,68.506,2.208,61.527,0.0,0.0,0.0,284,2,B,60,Sedan,1.0,Pass,NONE,,0.01948,41.663,2.208,0
VH-00286,72.82431818181819,9.622213833583038,92.786,90.05,36.683784090909086,48.447,38.77498863636364,47.88,1.7763295454545456,2.313,0.29545454545454547,0.3409090909090909,0.38636363636363635,0.22727272727272727,0.22727272727272727,0.7404545454545454,65.682625,70.3901875,85.59208333333333,41.507,72.301,2.032,65.391,0.0,0.0,0.0,285,2,B,61,Compact,0.94,Pass,NONE,,0.01231,41.507,2.032,0
VH-00287,74.89125,10.172527721189658,100.063,93.9482,36.69547727272727,51.125,38.85601136363636,49.769,1.797443181818182,2.388,0.25,0.25,0.38636363636363635,0.22727272727272727,0.22727272727272727,0.745909090909091,67.7194375,71.855375,88.50150000000001,41.158,70.88,2.144,70.134,0.0,0.0,0.0,286,2,B,62,Truck,1.14,Pass,NONE,,0.0211,41.158,2.144,0
VH-00288,72.45711363636363,10.317055482258294,94.388,92.25875,36.11347727272727,47.266,38.90346590909091,48.042,1.824306818181818,2.25,0.2727272727272727,0.29545454545454547,0.36363636363636365,0.22727272727272727,0.22727272727272727,0.745909090909091,64.5574375,69.922625,86.36933333333333,40.971,69.24,2.161,65.764,0.0,0.0,0.0,287,2,B,63,Compact,0.94,Pass,NONE,,0.01617,40.971,2.161,0
VH-00289,72.60575,10.128715605631708,96.088,91.55024999999999,36.03597727272727,51.034,38.77034090909091,48.085,1.8173068181818182,2.617,0.29545454545454547,0.3409090909090909,0.36363636363636365,0.22727272727272727,0.22727272727272727,0.744090909090909,65.2789375,69.712625,86.23233333333333,40.796,69.877,2.178,65.602,0.0,0.0,0.0,288,2,B,64,Compact,0.94,Pass,NONE,,0.01111,40.796,2.178,0
VH-00290,74.55809090909091,9.464528771960294,95.219,91.31855,36.21575,48.226,39.13918181818182,48.761,1.7794772727272727,2.558,0.29545454545454547,0.38636363636363635,0.3181818181818182,0.22727272727272727,0.22727272727272727,0.744090909090909,67.660125,71.8428125,87.37575,39.876,73.294,2.558,69.098,0.0,0.0,0.0,289,2,B,65,SUV,1.08,Pass,NONE,,0.01606,39.876,2.558,0
VH-00291,74.42604545454546,10.239157191775407,93.745,93.0702,36.465886363636365,50.505,39.15957954545455,48.67,1.8241590909090908,2.492,0.29545454545454547,0.3181818181818182,0.3181818181818182,0.22727272727272727,0.22727272727272727,0.744090909090909,67.08506249999999,71.2888125,88.397,40.962,71.198,2.264,69.397,0.0,0.0,0.0,290,2,B,66,SUV,1.08,Pass,NONE,,0.01853,40.962,2.264,0
VH-00292,73.71120454545455,10.842534387030202,97.561,93.89925,36.54968181818182,50.145,38.851806818181814,47.877,1.8191363636363638,2.583,0.2727272727272727,0.3181818181818182,0.29545454545454547,0.22727272727272727,0.22727272727272727,0.7531818181818182,65.56125,71.18,87.95275,40.576,71.553,2.263,66.189,0.0,0.0,0.0,291,2,B,67,Sedan,1.0,Pass,NONE,,0.02026,40.576,2.263,0
VH-00293,74.17690909090909,10.592456038227201,96.411,94.5678,36.3395,51.465,38.95640909090909,48.698,1.8480113636363635,2.691,0.29545454545454547,0.22727272727272727,0.36363636363636365,0.22727272727272727,0.22727272727272727,0.744090909090909,66.37843749999999,71.577625,88.04058333333334,42.954,73.488,2.135,63.668,0.9540000000000006,0.0,0.0,292,2,B,68,Sedan,1.0,Pass,NONE,,0.01917,42.954,2.135,0
VH-00294,73.3944090909091,10.98592801664438,98.53,95.23265,36.054818181818185,51.769,39.22073863636364,48.647,1.8230340909090907,2.293,0.2727272727272727,0.25,0.3181818181818182,0.22727272727272727,0.22727272727272727,0.7513636363636362,65.1494375,70.7740625,87.8815,40.858,66.722,2.134,66.033,0.0,0.0,0.0,293,2,B,69,Sedan,1.0,Pass,NONE,,0.01645,40.858,2.134,0
VH-00295,74.21554545454545,10.200618785276559,96.273,94.3435,36.918386363636365,50.958,39.08921590909091,48.996,1.7631590909090908,2.217,0.2727272727272727,0.3181818181818182,0.3409090909090909,0.22727272727272727,0.22727272727272727,0.744090909090909,67.1243125,70.6236875,88.45966666666668,40.254,69.297,2.217,70.43,0.0,0.0,0.0,294,2,B,70,SUV,1.08,Pass,NONE,,0.01978,40.254,2.217,0
VH-00296,73.33704545454545,10.622574977879733,99.356,94.2948,35.639818181818185,50.287,38.837295454545455,49.245,1.814306818181818,2.389,0.3181818181818182,0.29545454545454547,0.4090909090909091,0.22727272727272727,0.22727272727272727,0.7386363636363636,66.421625,69.8179375,87.24975,42.068,70.109,2.298,64.764,0.06799999999999784,0.0,0.0,295,2,B,71,Sedan,1.0,Pass,NONE,,0.01484,42.068,2.298,0
VH-00297,73.89413636363636,10.471170520720008,96.393,92.96575000000001,36.16951136363636,48.849,39.07346590909091,48.757,1.8233068181818182,2.558,0.29545454545454547,0.3181818181818182,0.36363636363636365,0.22727272727272727,0.22727272727272727,0.7422727272727272,66.130625,71.2701875,87.74408333333334,40.104,71.931,2.068,66.093,0.0,0.0,0.0,296,2,B,72,SUV,1.08,Pass,NONE,,0.01646,40.104,2.068,0
VH-00298,74.34875,10.48743027279534,100.351,92.3969,35.921875,47.721,38.86444318181818,48.909,1.8242386363636363,2.531,0.29545454545454547,0.2727272727272727,0.38636363636363635,0.22727272727272727,0.22727272727272727,0.744090909090909,66.22093749999999,71.49775,88.98716666666667,41.732,69.139,1.96,64.213,0.0,0.0,0.0,297,2,B,73,Truck,1.14,Pass,NONE,,0.02173,41.732,1.96,0
VH-00299,73.85813636363636,10.027757526198377,95.899,91.6957,36.44210227272727,48.589,38.94780681818182,47.175,1.8011477272727274,2.477,0.2727272727272727,0.29545454545454547,0.3409090909090909,0.22727272727272727,0.22727272727272727,0.745909090909091,66.7008125,71.0031875,87.20783333333333,41.189,73.965,2.477,66.344,0.0,0.0,0.0,298,2,B,74,SUV,1.08,Pass,NONE,,0.01813,41.189,2.477,0
VH-00300,73.03381818181818,10.647556366172687,97.102,93.6134,36.65063636363636,49.403,38.97257954545454,47.834,1.7712954545454545,2.467,0.2727272727272727,0.29545454545454547,0.25,0.22727272727272727,0.22727272727272727,0.7495454545454545,65.3245,70.5531875,86.62041666666666,42.109,66.725,2.294,66.578,0.10900000000000176,0.0,0.0,299,2,B,75,Sedan,1.0,Pass,NONE,,0.01138,42.109,2.294,0
VH-00301,73.16961363636364,10.127916896440508,94.657,92.89655,35.793454545454544,46.762,38.86907954545455,46.317,1.761625,2.316,0.25,0.29545454545454547,0.3181818181818182,0.22727272727272727,0.22727272727272727,0.7477272727272727,65.102625,70.8930625,86.961,40.904,70.062,2.213,66.003,0.0,0.0,0.0,300,3,A,1,SUV,1.08,Pass,NONE,,0.01533,40.904,2.213,0
VH-00302,72.04911363636364,11.121280960217158,95.924,91.76975,36.09884090909091,51.116,39.18298863636364,48.69,1.800534090909091,2.784,0.29545454545454547,0.29545454545454547,0.3181818181818182,0.22727272727272727,0.22727272727272727,0.7477272727272727,63.3545,69.4636875,87.08916666666666,39.34,68.697,1.857,71.005,0.0,0.0,0.0,301,3,A,2,Compact,0.94,Pass,NONE,,0.01404,39.34,1.857,0
VH-00303,73.7405,10.10011813769269,94.451,92.08195,37.22692045454546,53.804,38.45528409090909,46.317,1.8061931818181818,2.685,0.29545454545454547,0.2727272727272727,0.3181818181818182,0.22727272727272727,0.22727272727272727,0.745909090909091,66.740875,70.5351875,87.34708333333333,41.71,69.571,2.591,64.707,0.0,0.0,0.0,302,3,A,3,SUV,1.08,Pass,NONE,,0.01415,41.71,2.591,0
VH-00304,73.19809090909091,10.606667106486487,98.074,92.07405,37.03281818181818,51.259,39.30380681818182,48.489,1.7352954545454544,2.383,0.25,0.2727272727272727,0.36363636363636365,0.22727272727272727,0.22727272727272727,0.7477272727272727,65.09725,70.7525625,87.25991666666665,41.923,66.804,2.359,67.583,0.0,0.0,0.0,303,3,A,4,Sedan,1.0,Pass,NONE,,0.01376,41.923,2.359,0
VH-00305,71.80434090909091,10.614818255721977,94.685,93.51345,36.48364772727273,51.221,38.80369318181818,46.923,1.8209772727272728,2.405,0.29545454545454547,0.2727272727272727,0.4090909090909091,0.22727272727272727,0.22727272727272727,0.7404545454545454,63.849,68.866875,86.32808333333332,40.289,70.76,2.207,65.315,0.0,0.0,0.0,304,3,A,5,Compact,0.94,Pass,NONE,,0.01898,40.289,2.207,0
VH-00306,72.34052272727273,10.338812271509623,95.465,90.27275,36.05688636363636,56.104,38.88161363636363,47.487,1.8335,2.421,0.2727272727272727,0.3181818181818182,0.2727272727272727,0.22727272727272727,0.22727272727272727,0.7495454545454545,64.6763125,70.06825,85.58916666666666,40.747,70.621,2.002,67.068,0.0,0.0,0.0,305,3,A,6,Compact,0.94,Pass,NONE,,0.00952,40.747,2.002,0
VH-00307,73.0425909090909,10.248952684595544,98.388,91.1005,36.54588636363636,50.149,39.275715909090906,47.536,1.6966363636363637,2.351,0.2727272727272727,0.3181818181818182,0.3409090909090909,0.22727272727272727,0.22727272727272727,0.7477272727272727,65.6193125,69.9440625,87.07166666666666,40.229,71.305,2.123,66.126,0.0,0.0,0.0,306,3,A,7,Sedan,1.0,Pass,NONE,,0.0115,40.229,2.123,0
VH-00308,74.5785,10.458460306218315,99.487,93.86405,37.19413636363636,49.911,38.77801136363637,46.972,1.796875,2.258,0.22727272727272727,0.3181818181818182,0.3409090909090909,0.22727272727272727,0.22727272727272727,0.744090909090909,67.13,71.2449375,88.95458333333333,41.596,69.583,2.258,65.757,0.0,0.0,0.0,307,3,A,8,Truck,1.14,Pass,NONE,,0.01728,41.596,2.258,0
VH-00309,73.52161363636364,10.027913470317824,95.67,91.1583,35.99925,50.421,39.30980681818182,49.85,1.7902386363636362,2.175,0.22727272727272727,0.25,0.3181818181818182,0.22727272727272727,0.22727272727272727,0.7495454545454545,65.9245,71.3049375,86.60666666666667,41.039,70.684,2.128,65.832,0.0,0.0,0.0,308,3,A,9,Sedan,1.0,Pass,NONE,,0.01581,41.039,2.128,0
VH-00310,73.30536363636364,10.937414128494073,97.438,94.47315,36.231625,53.981,39.02526136363636,49.091,1.8450795454545454,2.588,0.3181818181818182,0.29545454545454547,0.29545454545454547,0.22727272727272727,0.22727272727272727,0.7477272727272727,65.489375,70.0759375,88.03258333333333,43.849,74.009,2.379,62.04,1.8489999999999966,0.0,0.0,309,3,A,10,Sedan,1.0,Pass,NONE,,0.02158,43.849,2.379,0
VH-00311,72.7955909090909,9.983992570244942,93.946,89.56255,36.50059090909091,51.862,38.73501136363637,48.567,1.8105000000000002,2.432,0.29545454545454547,0.25,0.3181818181818182,0.22727272727272727,0.22727272727272727,0.7513636363636362,65.2360625,70.2441875,86.27683333333334,41.479,72.765,2.072,63.504,0.0,0.0,0.0,310,3,A,11,Compact,0.94,Pass,NONE,,0.01649,41.479,2.072,0
VH-00312,73.94388636363637,10.836563050812204,97.252,92.28179999999999,37.08584090909091,50.625,38.93990909090909,48.444,1.797977272727273,2.49,0.29545454545454547,0.29545454545454547,0.38636363636363635,0.22727272727272727,0.22727272727272727,0.744090909090909,65.5240625,72.309625,87.34933333333333,40.916,73.633,2.071,62.691,0.0,0.0,0.0,311,3,A,12,SUV,1.08,Pass,NONE,,0.02002,40.916,2.071,0
VH-00313,73.67886363636363,10.639264097629692,100.007,95.84360000000001,36.390772727272726,49.343,38.89392045454545,47.906,1.8367613636363636,2.907,0.2727272727272727,0.29545454545454547,0.3409090909090909,0.22727272727272727,0.22727272727272727,0.745909090909091,66.4739375,70.0806875,88.08300000000001,40.509,70.143,2.333,69.28,0.0,0.0,0.0,312,3,A,13,SUV,1.08,Pass,NONE,,0.01443,40.509,2.333,0
VH-00314,72.79918181818181,10.628189890017318,95.738,91.2025,36.79804545454545,50.477,38.854409090909094,47.726,1.839056818181818,2.83,0.2727272727272727,0.29545454545454547,0.38636363636363635,0.22727272727272727,0.22727272727272727,0.7422727272727272,64.873625,70.100875,86.96433333333333,41.809,66.78,2.367,68.606,0.0,0.0,0.0,313,3,A,14,Sedan,1.0,Pass,NONE,,0.01339,41.809,2.367,0
VH-00315,74.11993181818183,10.895201250897978,98.59,96.03225,36.85356818181818,51.585,38.978375,46.992,1.8223522727272725,2.333,0.29545454545454547,0.25,0.3181818181818182,0.22727272727272727,0.22727272727272727,0.7477272727272727,66.9985625,70.650625,88.24083333333334,41.19,69.865,2.191,63.597,0.0,0.0,0.0,314,3,A,15,SUV,1.08,Pass,NONE,,0.01431,41.19,2.191,0
VH-00316,73.79245454545455,9.911088752185593,95.087,92.9279,36.17270454545454,51.92,38.70830681818182,48.502,1.8312272727272727,2.631,0.3181818181818182,0.29545454545454547,0.36363636363636365,0.22727272727272727,0.22727272727272727,0.7422727272727272,67.111875,70.7975625,86.69308333333333,40.012,71.457,2.631,71.519,0.0,0.0,0.0,315,3,A,16,SUV,1.08,Pass,NONE,,0.02063,40.012,2.631,0
VH-00317,72.67229545454546,10.361391887237408,94.283,92.35695000000001,36.15788636363636,51.284,38.854079545454546,47.715,1.8264886363636363,2.522,0.2727272727272727,0.29545454545454547,0.36363636363636365,0.22727272727272727,0.22727272727272727,0.7422727272727272,64.8291875,69.7328125,87.04908333333333,41.049,67.972,2.231,63.028,0.0,0.0,0.0,316,3,A,17,Compact,0.94,Pass,NONE,,0.01462,41.049,2.231,0
VH-00318,73.90234090909091,10.541482502295134,96.53,93.67845,36.19840909090909,49.534,38.99990909090909,47.916,1.842965909090909,2.55,0.29545454545454547,0.3181818181818182,0.3181818181818182,0.22727272727272727,0.22727272727272727,0.745909090909091,65.926125,71.389375,87.88791666666667,41.371,69.566,2.55,65.613,0.0,0.0,0.0,317,3,A,18,SUV,1.08,Pass,NONE,,0.02266,41.371,2.55,0
VH-00319,73.01595454545455,10.148646748955999,93.952,92.45755,35.864045454545455,50.748,39.111329545454545,49.069,1.851056818181818,2.293,0.25,0.25,0.3181818181818182,0.22727272727272727,0.22727272727272727,0.7495454545454545,65.20225,70.771375,86.427,39.839,73.43,2.233,68.513,0.0,0.0,0.0,318,3,A,19,Sedan,1.0,Pass,NONE,,0.01428,39.839,2.233,0
VH-00320,73.63968181818183,11.21966361634108,96.576,95.01595,36.64368181818182,51.929,38.48821590909091,47.33,1.8412613636363637,2.687,0.2727272727272727,0.25,0.29545454545454547,0.22727272727272727,0.22727272727272727,0.7495454545454545,65.69568749999999,70.4339375,88.50600000000001,40.894,69.132,2.687,65.044,0.0,0.0,0.0,319,3,A,20,SUV,1.08,Pass,NONE,,0.02127,40.894,2.687,0
VH-00321,73.19304545454546,10.230862876961464,94.725,92.54805,36.140136363636366,48.531,38.94769318181818,49.669,1.7597613636363638,2.245,0.29545454545454547,0.29545454545454547,0.36363636363636365,0.22727272727272727,0.22727272727272727,0.7422727272727272,66.23075,69.7836875,87.02191666666666,41.785,68.257,2.167,69.456,0.0,0.0,0.0,320,3,A,21,Sedan,1.0,Pass,NONE,,0.01581,41.785,2.167,0
VH-00322,72.44652272727272,10.699952785135208,94.328,92.42455,36.552,48.42,38.97573863636364,48.323,1.7858863636363635,2.42,0.25,0.3181818181818182,0.3409090909090909,0.22727272727272727,0.22727272727272727,0.744090909090909,64.5950625,69.5463125,86.78208333333333,41.48,66.391,2.42,63.451,0.0,0.0,0.0,321,3,A,22,SUV,1.08,Pass,NONE,,0.01878,41.48,2.42,0
VH-00323,74.4658409090909,10.350763369092093,96.939,93.1653,35.53431818181818,48.494,39.07330681818182,48.597,1.844284090909091,2.499,0.2727272727272727,0.25,0.2727272727272727,0.22727272727272727,0.22727272727272727,0.7513636363636362,67.4014375,71.039625,88.45333333333333,41.077,74.959,2.203,70.715,0.0,0.0,0.0,322,3,A,23,Truck,1.14,Pass,NONE,,0.01638,41.077,2.203,0
VH-00324,73.95497727272726,11.295055290822056,99.232,94.63995,36.53193181818182,49.22,39.13592045454545,50.462,1.7571363636363635,2.558,0.3181818181818182,0.22727272727272727,0.3181818181818182,0.22727272727272727,0.22727272727272727,0.7477272727272727,65.4575625,71.277375,88.855,39.68,73.047,1.953,65.456,0.0,0.0,0.0,323,3,A,24,Compact,0.94,Pass,NONE,,0.01165,39.68,1.953,0
VH-00325,73.7426590909091,10.497363542632716,99.227,93.00255,36.515795454545454,50.72,38.82117045454545,49.145,1.8184431818181819,2.43,0.3181818181818182,0.25,0.3409090909090909,0.22727272727272727,0.22727272727272727,0.7495454545454545,66.1454375,70.6635625,87.97775,41.566,72.202,2.099,66.253,0.0,0.0,0.0,324,3,A,25,SUV,1.08,Pass,NONE,,0.01742,41.566,2.099,0
VH-00326,74.49697727272728,10.260292399135155,97.518,93.0491,36.26386363636363,54.851,39.10544318181818,49.712,1.7988522727272729,2.45,0.29545454545454547,0.29545454545454547,0.3409090909090909,0.22727272727272727,0.22727272727272727,0.7477272727272727,66.781,71.62325,88.61658333333332,40.67,72.76,2.45,66.083,0.0,0.0,0.0,325,3,A,26,Truck,1.14,Pass,NONE,,0.01497,40.67,2.45,0
VH-00327,73.54070454545455,10.336672996259809,94.891,92.5616,35.99018181818182,50.034,39.26094318181818,49.87,1.81075,2.461,0.2727272727272727,0.2727272727272727,0.3181818181818182,0.22727272727272727,0.22727272727272727,0.7495454545454545,66.1020625,71.0415,86.79116666666665,40.905,70.047,2.44,62.208,0.0,0.0,0.0,326,3,A,27,Sedan,1.0,Pass,NONE,,0.01247,40.905,2.44,0
VH-00328,73.76363636363637,10.013287709259847,98.354,92.38244999999999,36.61275,54.731,38.646511363636364,47.259,1.7760681818181816,2.398,0.2727272727272727,0.3181818181818182,0.2727272727272727,0.22727272727272727,0.22727272727272727,0.7513636363636362,66.68325,70.733125,87.24483333333335,41.936,69.31,2.342,71.263,0.0,0.0,0.0,327,3,A,28,SUV,1.08,Pass,NONE,,0.01994,41.936,2.342,0
VH-00329,74.3545909090909,9.279670368840376,93.881,91.1295,36.01209090909091,48.8,38.90539772727273,47.857,1.8155113636363636,2.771,0.3409090909090909,0.25,0.4318181818181818,0.22727272727272727,0.22727272727272727,0.7404545454545454,68.0989375,71.77012500000001,86.14141666666667,40.762,71.446,2.771,66.371,0.0,0.0,0.0,328,3,A,29,Truck,1.14,Pass,NONE,,0.01712,40.762,2.771,0
VH-00330,73.99161363636364,11.439912087432397,97.7,96.15755,37.15697727272727,53.074,38.87392045454545,48.246,1.8257159090909092,2.359,0.25,0.25,0.36363636363636365,0.22727272727272727,0.22727272727272727,0.7495454545454545,65.447375,70.2340625,90.394,40.846,69.869,2.27,65.643,0.0,0.0,0.0,329,3,A,30,SUV,1.08,Pass,NONE,,0.01967,40.846,2.27,0
VH-00331,73.78681818181818,10.763699425151684,96.532,94.84275,36.14354545454545,48.629,39.115852272727274,47.951,1.7771818181818182,2.385,0.3409090909090909,0.29545454545454547,0.3181818181818182,0.22727272727272727,0.22727272727272727,0.7477272727272727,66.1281875,70.995625,87.71991666666668,41.333,69.088,2.385,59.132,0.0,0.0,0.0,330,3,A,31,Sedan,1.0,Pass,NONE,,0.02183,41.333,2.385,0
VH-00332,73.30311363636363,10.445472403437405,94.885,92.71804999999999,36.37470454545455,54.004,39.04057954545454,47.677,1.813909090909091,2.513,0.29545454545454547,0.2727272727272727,0.36363636363636365,0.22727272727272727,0.22727272727272727,0.745909090909091,65.5996875,70.369375,87.48599999999999,40.397,73.04,2.513,68.844,0.0,0.0,0.0,331,3,A,32,Sedan,1.0,Pass,NONE,,0.01438,40.397,2.513,0
VH-00333,73.57229545454545,10.288236026578291,96.01,93.732,36.45553409090909,50.024,39.04270454545454,49.685,1.8506931818181818,2.753,0.3409090909090909,0.36363636363636365,0.29545454545454547,0.22727272727272727,0.22727272727272727,0.7422727272727272,66.8676875,69.9329375,87.36425000000001,42.065,70.973,2.753,69.611,0.06499999999999773,0.0,0.0,332,3,A,33,Sedan,1.0,Pass,NONE,,0.01592,42.065,2.753,0
VH-00334,72.38186363636363,10.935204170935378,96.423,93.5879,36.12347727272727,53.999,38.98257954545455,47.615,1.8211931818181817,2.751,0.3181818181818182,0.25,0.38636363636363635,0.22727272727272727,0.22727272727272727,0.745909090909091,64.3741875,69.40825,87.02358333333332,41.719,71.123,2.751,66.056,0.0,0.0,0.0,333,3,A,34,Compact,0.94,Pass,NONE,,0.01073,41.719,2.751,0
VH-00335,73.75138636363637,10.4418610370479,98.144,94.6631,36.48456818181818,52.624,39.08764772727273,48.463,1.8411250000000001,2.626,0.29545454545454547,0.25,0.38636363636363635,0.22727272727272727,0.22727272727272727,0.744090909090909,67.17175,70.14987500000001,87.32625,40.588,73.788,2.626,69.3,0.0,0.0,0.0,334,3,A,35,Truck,1.14,Pass,NONE,,0.02011,40.588,2.626,0
VH-00336,72.78386363636363,11.188749335913418,93.304,92.65135000000001,36.39840909090909,51.775,39.064477272727274,49.2,1.8107727272727272,2.422,0.29545454545454547,0.2727272727272727,0.38636363636363635,0.22727272727272727,0.22727272727272727,0.744090909090909,64.25075,70.08625,87.75816666666667,40.854,74.532,2.411,62.225,0.0,0.0,0.0,335,3,A,36,Sedan,1.0,Pass,NONE,,0.01608,40.854,2.411,0
VH-00337,73.17847727272728,10.583209194754518,94.463,93.21075,36.806568181818186,52.328,38.948738636363636,50.421,1.824818181818182,2.531,0.2727272727272727,0.2727272727272727,0.36363636363636365,0.22727272727272727,0.22727272727272727,0.7477272727272727,66.105,69.7645,87.16175,43.416,71.675,2.457,64.751,1.4159999999999968,0.0,0.0,336,3,A,37,Sedan,1.0,Pass,NONE,,0.01646,43.416,2.457,0
VH-00338,73.75577272727273,11.16535574343149,97.106,94.6526,36.22672727272727,49.766,38.97494318181818,48.246,1.8001136363636363,2.658,0.2727272727272727,0.2727272727272727,0.2727272727272727,0.22727272727272727,0.22727272727272727,0.7495454545454545,65.3698125,71.0641875,88.52583333333332,41.488,68.693,2.658,63.138,0.0,0.0,0.0,337,3,A,38,SUV,1.08,Pass,NONE,,0.01665,41.488,2.658,0
VH-00339,72.55831818181818,10.015876220009185,95.687,90.5957,36.386863636363636,52.943,38.893193181818184,47.406,1.8311136363636364,2.404,0.2727272727272727,0.2727272727272727,0.3181818181818182,0.22727272727272727,0.22727272727272727,0.7495454545454545,65.7170625,69.1920625,86.16833333333334,42.671,66.269,2.386,66.239,0.6709999999999994,0.0,0.0,338,3,A,39,Compact,0.94,Pass,NONE,,0.01887,42.671,2.386,0
VH-00340,73.81256818181818,10.164925619782387,96.157,91.70660000000001,36.66993181818182,51.997,38.812886363636366,47.428,1.807318181818182,2.376,0.29545454545454547,0.36363636363636365,0.3409090909090909,0.22727272727272727,0.22727272727272727,0.7404545454545454,66.24962500000001,71.196875,87.38408333333332,42.272,71.084,2.224,64.535,0.27199999999999847,0.0,0.0,339,3,A,40,SUV,1.08,Pass,NONE,,0.01846,42.272,2.224,0
VH-00341,73.19815909090909,10.467546997118864,93.956,92.22585000000001,35.86265909090909,49.655,39.116125000000004,50.19,1.7902045454545457,2.274,0.3181818181818182,0.22727272727272727,0.36363636363636365,0.22727272727272727,0.22727272727272727,0.7477272727272727,65.55737500000001,70.0345,87.60408333333334,42.769,65.695,2.274,66.842,0.7689999999999984,0.0,0.0,340,3,A,41,Sedan,1.0,Pass,NONE,,0.01818,42.769,2.274,0
VH-00342,74.32220454545455,10.070325605182665,97.655,91.352,36.36179545454545,49.803,38.784079545454546,48.415,1.7979545454545454,2.623,0.2727272727272727,0.29545454545454547,0.3181818181818182,0.22727272727272727,0.22727272727272727,0.7477272727272727,66.9344375,71.6344375,87.75625000000001,42.104,70.865,2.623,68.244,0.1039999999999992,0.0,0.0,341,3,A,42,Truck,1.14,Pass,NONE,,0.01918,42.104,2.623,0
VH-00343,74.36852272727273,10.622518836948787,96.814,93.6057,36.790704545454545,50.063,39.08668181818182,49.217,1.7569886363636364,2.267,0.25,0.25,0.3181818181818182,0.22727272727272727,0.22727272727272727,0.7477272727272727,66.2440625,71.4989375,89.02725,40.036,67.93,2.266,65.624,0.0,0.0,0.0,342,3,A,43,SUV,1.08,Pass,NONE,,0.01673,40.036,2.448,0
VH-00344,73.19456818181818,9.877860161357628,96.206,90.75315,36.69809090909091,50.542,39.40396590909091,49.142,1.8504545454545456,2.62,0.3181818181818182,0.2727272727272727,0.3181818181818182,0.22727272727272727,0.22727272727272727,0.7495454545454545,66.301125,70.300125,86.24508333333334,41.994,71.149,2.62,66.615,0.0,0.0,0.0,343,3,A,44,Compact,0.94,Pass,NONE,,0.01321,41.994,2.62,0
VH-00345,72.39459090909091,10.78062275958892,97.763,91.4739,36.43444318181818,52.176,39.06353409090909,48.876,1.7590795454545456,2.382,0.2727272727272727,0.29545454545454547,0.3181818181818182,0.22727272727272727,0.22727272727272727,0.745909090909091,64.0801875,69.454625,87.40041666666667,42.471,71.223,2.382,67.426,0.47099999999999653,0.0,0.0,344,3,A,45,Compact,0.94,Pass,NONE,,0.01759,42.471,2.382,0
VH-00346,74.25011363636364,10.36092008398804,96.598,93.4006,37.530818181818184,55.167,38.72968181818182,49.02,1.7668977272727273,2.708,0.22727272727272727,0.25,0.4090909090909091,0.22727272727272727,0.22727272727272727,0.7422727272727272,66.86875,71.020625,88.39791666666667,42.044,72.327,2.708,71.787,0.04399999999999693,0.0,0.0,345,3,A,46,Truck,1.14,Pass,NONE,,0.01893,42.044,2.708,0
VH-00347,73.01293181818181,9.940616595441584,95.369,91.17395,36.27163636363636,50.59,39.27945454545455,49.192,1.8206590909090907,2.637,0.2727272727272727,0.3181818181818182,0.2727272727272727,0.22727272727272727,0.22727272727272727,0.7495454545454545,65.46625,70.5256875,86.39150000000001,41.734,67.794,2.637,66.912,0.0,0.0,0.0,346,3,A,47,Compact,0.94,Pass,NONE,,0.01417,41.734,2.637,0
VH-00348,72.81972727272726,10.023112855756889,94.285,91.2924,36.271204545454545,50.967,38.902375,48.204,1.8214886363636362,2.434,0.25,0.2727272727272727,0.2727272727272727,0.22727272727272727,0.22727272727272727,0.755,65.5764375,70.1786875,85.99883333333332,42.528,69.628,2.434,67.286,0.5279999999999987,0.0,0.0,347,3,A,48,Compact,0.94,Pass,NONE,,0.01375,42.528,2.434,0
VH-00349,74.46434090909091,9.406907009518562,95.199,92.16775000000001,35.988,50.578,38.932556818181816,49.144,1.8281022727272727,2.675,0.3409090909090909,0.36363636363636365,0.36363636363636365,0.22727272727272727,0.22727272727272727,0.7368181818181818,68.32325,71.4468125,86.67583333333333,40.375,72.82,2.675,63.098,0.0,0.0,0.0,348,3,A,49,SUV,1.08,Pass,NONE,,0.01755,43.287,2.675,0
VH-00350,73.66297727272728,10.232282978541972,97.073,93.3807,36.553045454545455,49.586,38.94171590909091,49.165,1.7742727272727272,2.672,0.2727272727272727,0.25,0.29545454545454547,0.22727272727272727,0.22727272727272727,0.7531818181818182,66.4559375,70.9400625,86.90291666666667,42.7,70.686,2.506,67.104,0.7000000000000028,0.0,0.0,349,3,A,50,SUV,1.08,Pass,NONE,,0.01434,42.7,2.506,0
VH-00351,73.79554545454545,10.335033379306232,97.657,93.28955,37.15620454545455,50.361,39.080647727272726,47.77,1.843715909090909,2.721,0.2727272727272727,0.3181818181818182,0.29545454545454547,0.22727272727272727,0.22727272727272727,0.7513636363636362,66.413875,71.163,87.14783333333332,42.859,72.298,2.721,67.226,0.8590000000000018,0.0,0.0,350,3,A,51,SUV,1.08,Pass,NONE,,0.01396,42.859,2.721,0
VH-00352,73.38784090909091,10.06276760428374,97.193,93.00165,36.24576136363636,47.95,39.02015909090909,49.128,1.842818181818182,2.994,0.29545454545454547,0.29545454545454547,0.36363636363636365,0.22727272727272727,0.22727272727272727,0.7422727272727272,66.173625,70.1596875,87.31099999999999,42.609,73.724,2.994,66.729,0.6090000000000018,0.0,0.0,351,3,A,52,Sedan,1.0,Pass,NONE,,0.01805,42.609,2.994,0
VH-00353,72.85300000000001,10.59186222509284,95.743,90.5845,35.557,48.152,39.28778409090909,49.251,1.7646363636363638,2.872,0.29545454545454547,0.29545454545454547,0.3181818181818182,0.22727272727272727,0.22727272727272727,0.7440909090909091,65.7523125,69.493875,86.79941666666667,43.189,71.181,2.872,64.345,1.189,0.0,0.0,352,3,A,53,Compact,0.94,Pass,NONE,,0.01701,43.189,2.872,0
VH-00354,74.13222727272728,10.716678708993623,97.644,92.43655000000001,36.29004545454546,52.411,39.32821590909091,49.195,1.8122159090909091,2.808,0.2727272727272727,0.25,0.3181818181818182,0.22727272727272727,0.22727272727272727,0.7513636363636362,66.7271875,70.56587499999999,88.76074999999999,42.123,71.821,2.808,66.837,0.12299999999999756,0.0,0.0,353,3,A,54,Truck,1.14,Pass,NONE,,0.02076,42.123,2.808,0
VH-00355,74.78970454545454,10.852958974034312,99.076,95.18435,36.27070454545455,52.017,39.080704545454545,48.219,1.8237840909090908,2.736,0.29545454545454547,0.3181818181818182,0.25,0.22727272727272727,0.22727272727272727,0.7477272727272727,67.06975,71.1128125,89.9855,42.237,72.275,2.736,68.105,0.23700000000000188,0.0,0.0,354,3,A,55,Truck,1.14,Pass,NONE,,0.02079,42.237,2.736,0
VH-00356,75.52136363636363,10.117160616223352,96.229,92.9967,35.860738636363635,50.039,39.11998863636364,49.065,1.8487386363636362,2.478,0.3409090909090909,0.36363636363636365,0.29545454545454547,0.22727272727272727,0.22727272727272727,0.7422727272727272,68.1695,72.755375,89.01183333333334,42.153,74.589,2.465,65.314,0.1529999999999987,0.0,0.0,355,3,A,56,Truck,1.14,Pass,NONE,,0.01894,42.153,2.465,0
VH-00357,74.37340909090909,10.325719442963727,98.549,95.025,36.915409090909094,49.323,39.07756818181818,49.187,1.7947499999999998,3.072,0.29545454545454547,0.29545454545454547,0.25,0.22727272727272727,0.22727272727272727,0.7495454545454545,66.559125,71.9420625,88.03425,42.575,72.487,3.072,61.1,0.5750000000000028,0.0,0.0,356,3,A,57,Truck,1.14,Pass,NONE,,0.02672,42.575,3.072,0
VH-00358,73.90322727272728,10.1315738208178,95.24,94.5997,36.33675,51.198,39.00268181818182,48.985,1.7988749999999998,2.956,0.2727272727272727,0.3181818181818182,0.38636363636363635,0.22727272727272727,0.22727272727272727,0.744090909090909,66.6706875,70.7591875,87.73866666666667,42.692,66.969,2.956,68.343,0.6920000000000002,0.0,0.0,357,3,A,58,Truck,1.14,Pass,NONE,,0.01997,42.692,2.956,0
VH-00359,72.44495454545455,10.302722146393771,94.085,93.0852,36.29725,50.119,38.91069318181818,47.249,1.8575454545454546,2.96,0.36363636363636365,0.22727272727272727,0.3181818181818182,0.22727272727272727,0.22727272727272727,0.745909090909091,64.90893750000001,69.278375,86.71508333333333,43.9,71.945,2.96,67.676,1.8999999999999986,0.0,0.0,358,3,A,59,Compact,0.94,Pass,NONE,,0.01629,43.9,2.96,0
VH-00360,74.24788636363637,9.906111996831212,94.671,93.41975000000001,36.70320454545455,51.06,39.05046590909091,48.417,1.8493522727272727,3.14,0.2727272727272727,0.2727272727272727,0.2727272727272727,0.22727272727272727,0.22727272727272727,0.7513636363636362,67.5571875,70.9121875,87.61641666666667,42.778,69.13,3.14,66.957,0.7779999999999987,0.040000000000000036,0.031119999999999974,359,3,A,60,SUV,1.08,Pass,NONE,,0.01717,42.778,3.14,0
VH-00361,74.00025,10.66926576477043,100.015,93.17264999999999,35.90922727272727,48.825,39.109272727272725,49.906,1.8001363636363636,3.089,0.29545454545454547,0.25,0.3181818181818182,0.22727272727272727,0.22727272727272727,0.745909090909091,65.913125,71.2185,88.49208333333333,42.751,69.964,3.089,64.71,0.7509999999999977,0.0,0.0,360,3,A,61,SUV,1.08,Pass,NONE,,0.01645,42.751,3.089,0
VH-00362,72.14954545454545,10.583555850457175,93.494,90.67670000000001,36.18845454545454,49.878,38.87081818181818,47.832,1.78975,2.392,0.29545454545454547,0.2727272727272727,0.3181818181818182,0.22727272727272727,0.22727272727272727,0.7495454545454545,63.81575,70.658,85.25,42.714,70.427,2.266,67.481,0.7139999999999986,0.0,0.0,361,3,A,62,Sedan,1.0,Pass,NONE,,0.01438,42.714,3.001,0
VH-00363,73.18115909090909,10.432966076823403,96.175,92.97825,36.392590909090906,51.118,39.031465909090905,48.275,1.8275681818181817,3.094,0.25,0.25,0.3181818181818182,0.22727272727272727,0.22727272727272727,0.7495454545454545,65.3018125,70.6413125,87.07341666666667,43.287,70.924,3.094,66.012,1.286999999999999,0.0,0.0,362,3,A,63,Sedan,1.0,Pass,NONE,,0.02039,43.287,3.094,0
VH-00364,73.20268181818182,9.878564088699603,94.122,90.1798,36.17115909090909,51.202,39.227897727272726,48.655,1.788465909090909,2.751,0.2727272727272727,0.25,0.29545454545454547,0.22727272727272727,0.22727272727272727,0.7477272727272727,66.6063125,69.645,86.74141666666667,42.979,72.529,2.751,66.783,0.9789999999999992,0.0,0.0,363,3,A,64,Compact,0.94,Pass,NONE,,0.01677,42.979,2.751,0
VH-00365,73.65272727272726,11.1236587973638,97.697,94.0433,37.18009090909091,53.061,39.20193181818182,49.07,1.7923977272727272,2.768,0.22727272727272727,0.3409090909090909,0.3409090909090909,0.22727272727272727,0.22727272727272727,0.744090909090909,65.4844375,70.353,88.94341666666666,43.061,69.775,2.768,64.272,1.061,0.0,0.0,364,3,A,65,SUV,1.08,Pass,NONE,,0.01702,43.061,2.768,0
VH-00366,73.59154545454545,10.603337963803186,95.851,93.17835,36.37009090909091,49.917,38.76564772727273,47.991,1.7812727272727273,2.907,0.2727272727272727,0.38636363636363635,0.38636363636363635,0.22727272727272727,0.22727272727272727,0.7422727272727272,66.076,70.237625,88.08416666666666,43.323,74.039,2.907,64.557,1.3230000000000004,0.0,0.0,365,3,A,66,Sedan,1.0,Pass,NONE,,0.01583,43.323,2.907,0
VH-00367,72.59831818181819,10.819302079053033,95.57,91.3011,36.07993181818182,52.101,38.84343181818181,49.481,1.7878295454545456,3.069,0.2727272727272727,0.18181818181818182,0.38636363636363635,0.22727272727272727,0.22727272727272727,0.7422727272727272,65.4735625,68.917125,87.00625000000001,40.375,72.622,3.069,72.817,0.0,0.0,0.0,366,3,A,67,Sedan,1.0,Pass,NONE,,0.01947,41.891,3.069,0
VH-00368,72.6295,10.61501933418476,95.369,92.332,36.767511363636366,49.384,39.21969318181818,47.255,1.797215909090909,2.943,0.3181818181818182,0.3409090909090909,0.38636363636363635,0.22727272727272727,0.22727272727272727,0.7422727272727272,65.499875,69.25275,86.63799999999999,43.089,71.813,2.943,65.412,1.0889999999999986,0.0,0.0,367,3,A,68,Compact,0.94,Pass,NONE,,0.01237,43.089,2.943,0
VH-00369,74.59225,10.772862550905293,99.51,95.30045,36.513977272727274,54.59,38.882568181818186,48.031,1.8375681818181817,2.949,0.29545454545454547,0.25,0.3181818181818182,0.22727272727272727,0.22727272727272727,0.7477272727272727,66.5543125,71.8663125,88.94408333333332,43.411,74.068,2.949,71.94,1.4110000000000014,0.0,0.0,368,3,A,69,SUV,1.08,Pass,NONE,,0.01836,43.411,2.949,0
VH-00370,73.66315909090909,10.94794118256451,98.158,94.88135,36.25109090909091,52.696,39.22490909090909,48.406,1.7954431818181817,3.445,0.29545454545454547,0.29545454545454547,0.2727272727272727,0.22727272727272727,0.22727272727272727,0.7477272727272727,66.77612500000001,69.3321875,88.62049999999999,43.227,66.086,3.445,73.708,1.2269999999999968,0.34499999999999975,0.42331499999999855,369,3,A,70,Compact,0.94,Pass,NONE,,0.01784,43.227,3.445,0
VH-00371,73.78822727272727,10.130281577077055,93.786,91.29555,36.533818181818184,48.559,38.72230681818182,47.457,1.7959204545454546,3.058,0.29545454545454547,0.25,0.2727272727272727,0.22727272727272727,0.22727272727272727,0.7513636363636362,66.71187499999999,70.4523125,87.67125,40.375,71.117,3.058,70.829,0.0,0.0,0.0,370,3,A,71,SUV,1.08,Pass,NONE,,0.02024,43.211,3.058,0
VH-00372,73.34818181818183,10.844336822921171,96.927,93.4717,36.97968181818182,52.105,39.261852272727275,49.909,1.8487386363636362,3.327,0.25,0.2727272727272727,0.3181818181818182,0.22727272727272727,0.22727272727272727,0.7495454545454545,64.992375,70.9298125,87.71375,42.743,69.926,3.327,65.095,0.7430000000000021,0.22699999999999987,0.16866100000000037,371,3,A,72,Compact,0.94,Pass,NONE,,0.01885,42.743,3.327,0
VH-00373,72.82965909090909,10.438769356192127,96.263,91.82945,35.66851136363636,51.227,38.75061363636364,47.446,1.8303068181818183,3.196,0.29545454545454547,0.2727272727272727,0.29545454545454547,0.22727272727272727,0.22727272727272727,0.7477272727272727,65.3176875,69.8574375,86.80858333333333,42.588,71.632,3.196,67.696,0.588000000000001,0.09600000000000009,0.056448000000000144,372,3,A,73,Compact,0.94,Pass,NONE,,0.01221,42.588,3.196,0
VH-00374,73.00527272727273,9.815384323207228,97.825,91.7032,36.250625,52.813,38.724647727272725,49.325,1.8197954545454544,3.614,0.3181818181818182,0.36363636363636365,0.3181818181818182,0.22727272727272727,0.22727272727272727,0.744090909090909,66.01825,70.417625,85.7715,42.495,71.358,3.614,68.957,0.49499999999999744,0.5139999999999998,0.2544299999999986,373,3,A,74,SUV,1.08,Pass,NONE,,0.02269,42.495,3.614,0
VH-00375,74.1424090909091,10.759592510478418,95.714,94.7793,36.833068181818184,54.888,38.68896590909091,47.673,1.8278068181818183,3.107,0.3409090909090909,0.25,0.3409090909090909,0.22727272727272727,0.22727272727272727,0.744090909090909,66.1736875,71.0365625,88.9085,43.502,73.567,3.107,62.659,1.5020000000000024,0.007000000000000117,0.010514000000000193,374,3,A,75,Sedan,1.0,Pass,NONE,,0.01791,43.502,3.107,0
VH-00376,73.85875,10.904592768539063,100.598,94.5042,36.289545454545454,49.282,39.09678409090909,48.394,1.80175,3.198,0.3181818181818182,0.3181818181818182,0.3181818181818182,0.22727272727272727,0.22727272727272727,0.744090909090909,65.72262500000001,71.1358125,88.33749999999999,42.924,73.777,3.198,66.229,0.9239999999999995,0.09799999999999986,0.09055199999999983,375,3,B,1,Sedan,1.0,Pass,NONE,,0.01502,42.924,3.198,0
VH-00377,74.09415909090909,10.037605581577248,99.649,93.01230000000001,36.74886363636364,48.706,39.14996590909091,48.299,1.7977272727272726,3.202,0.25,0.29545454545454547,0.3409090909090909,0.22727272727272727,0.22727272727272727,0.745909090909091,67.840125,70.5926875,87.1015,43.311,73.043,3.202,66.725,1.311,0.10199999999999987,0.1337219999999998,376,3,B,2,SUV,1.08,Pass,NONE,,0.02023,43.311,3.202,0
VH-00378,74.10229545454546,10.154143703559496,95.236,92.4406,36.25275,50.936,39.00072727272727,51.514,1.8195681818181817,3.672,0.2727272727272727,0.29545454545454547,0.3409090909090909,0.22727272727272727,0.22727272727272727,0.7422727272727272,66.86375,71.278375,87.51891666666666,43.557,69.394,3.672,66.737,1.5570000000000022,0.5720000000000001,0.8906040000000013,377,3,B,3,SUV,1.08,Pass,NONE,,0.03754,43.557,3.672,0
VH-00379,73.72525,10.721224361973196,96.445,94.2626,37.04747727272727,52.478,38.82080681818182,48.139,1.802681818181818,3.777,0.2727272727272727,0.29545454545454547,0.29545454545454547,0.22727272727272727,0.22727272727272727,0.7495454545454545,65.707625,71.2773125,87.67933333333333,43.783,74.273,3.777,69.991,1.7830000000000013,0.677,1.207091000000001,378,3,B,4,Sedan,1.0,Pass,NONE,,0.03971,43.783,3.777,0
VH-00380,73.19470454545454,10.13631354386366,93.693,92.07185000000001,36.561977272727276,51.1,39.00154545454546,48.602,1.7733295454545455,3.193,0.2727272727272727,0.3409090909090909,0.3181818181818182,0.22727272727272727,0.22727272727272727,0.744090909090909,65.5753125,70.7169375,86.65758333333333,44.146,71.433,3.193,68.765,2.146000000000001,0.09299999999999997,0.199578,379,3,B,5,SUV,1.08,Pass,NONE,,0.02438,44.146,3.193,0
VH-00381,73.95697727272727,10.839789250694473,95.247,93.97895,35.75745454545454,50.607,39.00273863636364,47.914,1.8439772727272727,3.448,0.22727272727272727,0.29545454545454547,0.3409090909090909,0.22727272727272727,0.22727272727272727,0.7495454545454545,65.3871875,71.4475625,88.72925,45.265,73.237,3.448,68.631,3.2650000000000006,0.34799999999999986,1.1362199999999998,380,3,B,6,SUV,1.08,Pass,NONE,,0.04033,45.265,3.448,0
VH-00382,73.34147727272727,10.316096784149357,93.178,91.01075,36.45343181818182,48.104,39.26905681818182,50.126,1.8424090909090909,3.239,0.25,0.3181818181818182,0.2727272727272727,0.22727272727272727,0.22727272727272727,0.7477272727272727,65.242375,71.0558125,87.18783333333333,43.454,68.385,3.239,64.764,1.4540000000000006,0.1389999999999998,0.20210599999999979,381,3,B,7,Sedan,1.0,Pass,NONE,,0.01907,43.454,3.239,0
VH-00383,75.02918181818183,11.21419546466271,101.564,97.2796,36.55911363636364,50.23,38.88460227272727,48.584,1.8771704545454546,3.406,0.2727272727272727,0.22727272727272727,0.3409090909090909,0.22727272727272727,0.22727272727272727,0.7477272727272727,67.20456250000001,71.315,90.41425,45.285,75.914,3.406,68.06,3.2849999999999966,0.30600000000000005,1.005209999999999,382,3,B,8,Truck,1.14,Fail,LOW_CONFIDENCE_MULTI_CAUSAL,ST-45,0.03964,45.285,3.406,1
VH-00384,74.1621590909091,10.731765447738056,97.794,92.97665,35.76238636363637,51.854,39.26864772727273,48.096,1.8117613636363636,3.62,0.3181818181818182,0.36363636363636365,0.36363636363636365,0.22727272727272727,0.22727272727272727,0.744090909090909,66.072875,71.4163125,88.609,44.672,78.26,3.62,71.376,2.671999999999997,0.52,1.3894399999999985,383,3,B,9,Sedan,1.0,Pass,NONE,,0.04058,44.672,3.62,0
VH-00385,72.77627272727273,9.921685008720154,97.099,91.37405000000001,36.70690909090909,52.35,39.27194318181818,48.405,1.8753295454545453,3.338,0.25,0.3181818181818182,0.4090909090909091,0.22727272727272727,0.22727272727272727,0.745909090909091,65.2975625,70.045375,86.38908333333335,44.93,74.7,3.338,63.054,2.9299999999999997,0.238,0.6973399999999998,384,3,B,10,Compact,0.94,Fail,LOW_CONFIDENCE_MULTI_CAUSAL,ST-45,0.02724,44.93,3.338,1
VH-00386,73.12138636363636,10.655382917864634,95.942,93.74785000000001,36.50454545454546,49.601,39.286625,48.94,1.8575000000000002,3.401,0.2727272727272727,0.25,0.3409090909090909,0.22727272727272727,0.22727272727272727,0.7513636363636362,65.363625,69.60525,88.15325,44.707,67.011,3.401,65.802,2.7070000000000007,0.3009999999999997,0.8148069999999994,385,3,B,11,Sedan,1.0,Pass,NONE,,0.02887,44.707,3.401,0
VH-00387,73.47781818181818,10.426313766469484,95.048,92.67989999999999,36.114943181818184,49.834,39.079420454545456,47.922,1.8498636363636365,3.516,0.3409090909090909,0.3181818181818182,0.3181818181818182,0.22727272727272727,0.22727272727272727,0.7422727272727272,67.290125,68.944375,87.77266666666667,44.111,73.828,3.516,69.467,2.110999999999997,0.4159999999999999,0.8781759999999986,386,3,B,12,Sedan,1.0,Pass,NONE,,0.02697,44.111,3.516,0
VH-00388,74.82056818181819,10.929172651930623,96.999,94.99785,37.33688636363636,56.397,39.14748863636363,48.021,1.7740795454545455,3.317,0.2727272727272727,0.3181818181818182,0.29545454545454547,0.22727272727272727,0.22727272727272727,0.7495454545454545,67.33687499999999,71.4665625,89.27083333333333,44.585,73.484,3.317,68.046,2.585000000000001,0.21700000000000008,0.5609450000000004,387,3,B,13,SUV,1.08,Pass,NONE,,0.02395,44.585,3.317,0
VH-00389,72.49595454545455,10.194784553432656,97.074,91.781,36.584784090909096,50.334,38.855965909090905,47.483,1.8116931818181818,3.694,0.3181818181818182,0.38636363636363635,0.3181818181818182,0.22727272727272727,0.22727272727272727,0.7422727272727272,64.9564375,70.3186875,85.45166666666667,42.919,68.207,3.694,67.983,0.9189999999999969,0.5939999999999999,0.5458859999999981,388,3,B,14,Compact,0.94,Pass,NONE,,0.02567,42.919,3.694,0
VH-00390,74.75086363636363,9.912743190578869,93.503,93.01095,36.44382954545454,54.689,39.06530681818182,47.684,1.8307499999999999,3.539,0.3409090909090909,0.29545454545454547,0.3409090909090909,0.22727272727272727,0.22727272727272727,0.745909090909091,67.46781250000001,72.03456249999999,88.08333333333333,44.163,73.133,3.539,68.474,2.1629999999999967,0.43900000000000006,0.9495569999999987,389,3,B,15,SUV,1.08,Pass,NONE,,0.04855,44.163,3.539,0
VH-00391,73.19602272727273,10.99970626349597,99.996,94.05275,35.962931818181815,52.148,38.62527272727272,47.583,1.7982500000000001,3.716,0.2727272727272727,0.22727272727272727,0.36363636363636365,0.22727272727272727,0.22727272727272727,0.745909090909091,65.6686875,70.0390625,87.44175,43.82,71.723,3.716,71.514,1.8200000000000003,0.6160000000000001,1.1211200000000003,390,3,B,16,Compact,0.94,Pass,NONE,,0.03239,43.82,3.716,0
VH-00392,72.72270454545455,10.665856300907432,93.905,93.5202,36.528136363636364,53.695,38.81160227272727,49.383,1.8481136363636361,3.7,0.25,0.22727272727272727,0.3409090909090909,0.22727272727272727,0.22727272727272727,0.7495454545454545,65.97025000000001,68.7805,86.98225000000001,44.795,71.638,3.7,73.296,2.7950000000000017,0.6000000000000001,1.6770000000000014,391,3,B,17,Compact,0.94,Pass,NONE,,0.06326,44.795,3.7,0
VH-00393,73.85397727272726,10.40068675838202,97.447,89.93725,35.80069318181818,49.332,38.91177272727273,47.653,1.8509090909090908,3.577,0.3181818181818182,0.3181818181818182,0.2727272727272727,0.22727272727272727,0.22727272727272727,0.744090909090909,66.77875,70.2289375,88.121,45.239,74.925,3.577,67.66,3.238999999999997,0.47699999999999987,1.5450029999999983,392,3,B,18,Sedan,1.0,Pass,NONE,,0.04266,45.239,3.577,0
VH-00394,74.14218181818181,10.03907307699486,96.365,94.45865,36.93309090909091,54.031,39.11382954545454,47.171,1.8430795454545454,3.182,0.29545454545454547,0.36363636363636365,0.3181818181818182,0.22727272727272727,0.22727272727272727,0.745909090909091,66.7515625,71.92575,86.95158333333332,45.146,77.073,3.182,66.992,3.146000000000001,0.08199999999999985,0.2579719999999996,393,3,B,19,Truck,1.14,Pass,NONE,,0.02758,45.146,3.182,0
VH-00395,73.27654545454546,10.29039478858136,95.448,94.106,36.21279545454546,51.749,39.142,49.088,1.7830227272727273,3.46,0.3181818181818182,0.20454545454545456,0.3181818181818182,0.22727272727272727,0.22727272727272727,0.745909090909091,65.9479375,70.19475,87.15708333333333,45.422,73.434,3.46,64.914,3.421999999999997,0.3599999999999999,1.2319199999999986,394,3,B,20,Sedan,1.0,Pass,NONE,,0.0558,45.422,3.46,0
VH-00396,74.84538636363636,10.896647750390432,96.426,93.2972,36.533545454545454,50.327,39.00360227272727,48.774,1.8763295454545454,3.389,0.22727272727272727,0.3181818181818182,0.29545454545454547,0.22727272727272727,0.22727272727272727,0.7495454545454545,67.6734375,71.24668750000001,89.20625,44.211,73.312,3.389,68.278,2.2109999999999985,0.2889999999999997,0.638978999999999,395,3,B,21,Truck,1.14,Pass,NONE,,0.02884,44.211,3.389,0
VH-00397,74.51125,11.121927924150564,96.676,95.72135,36.100795454545455,48.097,39.18577272727273,48.662,1.8408181818181817,3.961,0.29545454545454547,0.3181818181818182,0.3409090909090909,0.22727272727272727,0.22727272727272727,0.745909090909091,66.71575,70.872,89.75758333333333,43.905,67.741,3.961,72.289,1.9050000000000011,0.8609999999999998,1.6402050000000006,396,3,B,22,SUV,1.08,Pass,NONE,,0.05839,43.905,3.961,0
VH-00398,73.07970454545455,10.369897753705407,96.802,91.2642,36.61570454545455,51.139,39.136829545454546,48.18,1.7683977272727274,3.306,0.25,0.3181818181818182,0.36363636363636365,0.22727272727272727,0.22727272727272727,0.745909090909091,65.2295625,70.7105625,86.70541666666666,44.839,67.787,3.306,66.7,2.8389999999999986,0.20599999999999996,0.5848339999999996,397,3,B,23,Compact,0.94,Pass,NONE,,0.02285,44.839,3.306,0
VH-00399,73.96331818181818,10.926529734364008,97.031,95.04655,35.784079545454546,51.306,39.459056818181814,48.973,1.829590909090909,3.723,0.2727272727272727,0.3409090909090909,0.25,0.22727272727272727,0.22727272727272727,0.7477272727272727,66.2150625,70.2228125,89.28166666666668,44.981,72.334,3.723,72.458,2.9810000000000016,0.6229999999999998,1.8571630000000003,398,3,B,24,Compact,0.94,Pass,NONE,,0.05097,44.981,3.723,0
VH-00400,73.66131818181817,10.880878078393806,94.33,91.83879999999999,36.70556818181819,51.057,39.33053409090909,49.475,1.8027499999999999,3.569,0.3409090909090909,0.25,0.3409090909090909,0.22727272727272727,0.22727272727272727,0.745909090909091,65.879375,70.7305625,87.94491666666666,44.66,72.236,3.569,73.504,2.6599999999999966,0.46899999999999986,1.247539999999998,399,3,B,25,Sedan,1.0,Pass,NONE,,0.04399,44.66,3.569,0
VH-00401,75.03956818181818,10.931480966068696,98.683,96.8421,36.748886363636366,51.854,38.82910227272727,46.853,1.8749772727272727,3.851,0.3181818181818182,0.29545454545454547,0.29545454545454547,0.22727272727272727,0.22727272727272727,0.7477272727272727,67.1,72.215375,89.39125,44.99,72.905,3.851,70.572,2.990000000000002,0.7509999999999999,2.245490000000001,400,3,B,26,SUV,1.08,Pass,NONE,,0.13456,44.99,3.851,0
VH-00402,72.85113636363636,10.985473470739501,97.599,93.98545,36.409136363636364,51.185,39.19921590909091,48.831,1.8453181818181819,3.86,0.29545454545454547,0.29545454545454547,0.29545454545454547,0.22727272727272727,0.22727272727272727,0.7513636363636362,65.4803125,68.735,88.16708333333334,43.795,65.992,3.86,70.155,1.7950000000000017,0.7599999999999998,1.364200000000001,401,3,B,27,Compact,0.94,Pass,NONE,,0.03688,43.795,3.86,0
VH-00403,74.16170454545454,11.950962632395308,100.722,95.14365,36.222522727272725,51.964,39.26725,49.918,1.795784090909091,3.657,0.2727272727272727,0.25,0.3181818181818182,0.22727272727272727,0.22727272727272727,0.7513636363636362,65.290875,70.9093125,90.32600000000001,46.572,78.625,3.657,66.934,4.572000000000003,0.5569999999999999,2.546604000000001,402,3,B,28,Compact,0.94,Pass,NONE,,0.07298,46.572,3.657,0
VH-00404,75.10895454545454,10.447406926422365,97.232,95.74355000000001,36.448136363636365,49.504,39.16494318181818,49.148,1.8322840909090907,3.583,0.29545454545454547,0.2727272727272727,0.2727272727272727,0.22727272727272727,0.22727272727272727,0.7495454545454545,67.816,71.9533125,89.04041666666666,46.081,79.159,3.583,73.231,4.081000000000003,0.4830000000000001,1.971123000000002,403,3,B,29,SUV,1.08,Pass,NONE,,0.07721,46.081,3.583,0
VH-00405,73.18513636363637,10.910418403911665,98.901,92.85575,35.784181818181814,52.574,39.20698863636364,48.139,1.9147727272727273,3.95,0.25,0.3181818181818182,0.3409090909090909,0.22727272727272727,0.22727272727272727,0.7477272727272727,64.942125,70.36812499999999,87.93183333333333,45.455,69.17,3.95,72.588,3.4549999999999983,0.8500000000000001,2.9367499999999986,404,3,B,30,Compact,0.94,Pass,NONE,,0.12941,45.455,3.95,0
VH-00406,74.45545454545454,10.740848523179434,97.405,94.73065,36.4205,52.105,39.40419318181818,49.769,1.8910227272727271,3.888,0.2727272727272727,0.2727272727272727,0.3409090909090909,0.22727272727272727,0.22727272727272727,0.7477272727272727,66.3701875,71.965125,88.55624999999999,45.249,73.743,3.888,70.879,3.2490000000000023,0.7879999999999998,2.5602120000000013,405,3,B,31,Truck,1.14,Pass,NONE,,0.133,45.249,3.888,0
VH-00407,75.55184090909091,10.963406746341647,100.515,94.37695,36.317704545454546,51.853,39.57564772727273,49.034,1.8149090909090908,3.969,0.2727272727272727,0.25,0.2727272727272727,0.22727272727272727,0.22727272727272727,0.7495454545454545,67.7559375,72.0815,90.57350000000001,46.333,75.639,3.969,74.633,4.332999999999998,0.8689999999999998,3.7653769999999978,406,3,B,32,SUV,1.08,Pass,NONE,,0.33126,46.333,3.969,0
VH-00408,74.23675,11.739287496949991,100.478,96.15740000000001,35.78540909090909,48.922,39.081886363636364,47.0,1.8388295454545456,3.52,0.2727272727272727,0.29545454545454547,0.3181818181818182,0.22727272727272727,0.22727272727272727,0.7477272727272727,65.751,70.994625,89.87391666666667,45.713,71.097,3.52,65.525,3.713000000000001,0.41999999999999993,1.55946,407,3,B,33,SUV,1.08,Pass,NONE,,0.07497,45.713,3.52,0
VH-00409,73.11434090909091,10.697171806067246,97.483,94.73620000000001,36.27968181818182,51.074,39.27140909090909,51.702,1.8313977272727273,3.815,0.3409090909090909,0.2727272727272727,0.3181818181818182,0.22727272727272727,0.22727272727272727,0.7440909090909091,65.4144375,69.7700625,87.83991666666667,44.527,71.978,3.815,65.321,2.527000000000001,0.7149999999999999,1.8068050000000004,408,3,B,34,Compact,0.94,Pass,NONE,,0.04687,44.527,3.815,0
VH-00410,75.51381818181818,10.294373695379765,98.82,95.8118,36.528681818181816,50.946,39.047352272727274,47.907,1.8466249999999997,3.883,0.2727272727272727,0.2727272727272727,0.29545454545454547,0.22727272727272727,0.22727272727272727,0.7495454545454545,68.8170625,71.5024375,89.79133333333334,46.333,74.015,3.883,68.816,4.332999999999998,0.7829999999999999,3.3927389999999984,409,3,B,35,Truck,1.14,Pass,NONE,,0.18682,46.333,3.883,0
VH-00411,74.28195454545454,10.689889359086646,102.141,94.5502,36.83888636363636,50.826,39.15809090909091,48.387,1.7979431818181817,3.877,0.29545454545454547,0.25,0.3409090909090909,0.22727272727272727,0.22727272727272727,0.745909090909091,66.977875,70.7820625,88.68725,45.083,67.212,3.877,75.501,3.0829999999999984,0.7769999999999997,2.3954909999999976,410,3,B,36,SUV,1.08,Pass,NONE,,0.12127,45.083,3.877,0
VH-00412,74.93438636363636,11.879322017330685,102.119,98.35125,36.168136363636364,49.953,39.039829545454545,48.9,1.8174886363636362,4.293,0.3409090909090909,0.2727272727272727,0.2727272727272727,0.22727272727272727,0.22727272727272727,0.745909090909091,66.680875,70.5456875,91.79066666666667,46.045,71.535,4.293,73.885,4.045000000000002,1.193,4.825685000000003,411,3,B,37,SUV,1.08,Pass,NONE,,0.53494,46.045,4.293,0
VH-00413,73.40620454545454,10.236269064094452,96.596,90.95405000000001,35.54393181818182,49.275,38.85178409090909,46.317,1.8348409090909092,3.926,0.2727272727272727,0.25,0.38636363636363635,0.22727272727272727,0.22727272727272727,0.745909090909091,65.5964375,70.96375,87.07583333333334,44.203,72.387,3.926,68.892,2.203000000000003,0.8260000000000001,1.8196780000000026,412,3,B,38,SUV,1.08,Pass,NONE,,0.07245,44.203,3.926,0
VH-00414,76.44606818181818,11.548779223510275,100.117,97.8775,36.28904545454546,51.426,39.082443181818185,48.538,1.8566136363636365,4.06,0.29545454545454547,0.3181818181818182,0.3409090909090909,0.22727272727272727,0.22727272727272727,0.7495454545454545,68.2803125,72.8568125,92.11941666666667,47.309,81.321,4.06,69.696,5.3089999999999975,0.9599999999999995,5.096639999999995,413,3,B,39,SUV,1.08,Pass,NONE,,0.63478,47.309,4.06,0
VH-00415,74.63311363636363,10.88075900698944,97.933,95.9388,36.38248863636364,56.438,39.184374999999996,49.374,1.8334545454545454,3.76,0.2727272727272727,0.2727272727272727,0.3181818181818182,0.22727272727272727,0.22727272727272727,0.745909090909091,66.8411875,71.2079375,89.58924999999999,45.156,72.311,3.76,69.998,3.155999999999999,0.6599999999999997,2.082959999999998,414,3,B,40,Sedan,1.0,Pass,NONE,,0.06333,45.156,3.76,0
VH-00416,73.67631818181817,11.036168862074367,97.431,94.10005,36.68843181818182,50.163,38.86782954545455,48.892,1.7901704545454544,3.643,0.2727272727272727,0.25,0.36363636363636365,0.22727272727272727,0.22727272727272727,0.745909090909091,65.101375,71.1605,88.464,45.791,70.581,3.643,69.388,3.790999999999997,0.5429999999999997,2.0585129999999974,415,3,B,41,Sedan,1.0,Pass,NONE,,0.05824,45.791,3.643,0
VH-00417,75.92220454545455,11.543700860722241,102.123,98.0672,35.33531818181818,49.654,39.25543181818182,48.938,1.848159090909091,4.033,0.25,0.3181818181818182,0.3181818181818182,0.22727272727272727,0.22727272727272727,0.7477272727272727,67.183125,72.443375,92.21274999999999,46.531,77.493,4.033,67.691,4.530999999999999,0.9330000000000003,4.227423,416,3,B,42,Truck,1.14,Fail,S12_TEMP_X_S15_VIBRATION,ST-45,0.32355,46.531,4.033,1
VH-00418,74.5005909090909,10.699112685048116,100.959,92.6577,36.44309090909091,51.848,39.01444318181819,49.016,1.8225568181818181,3.891,0.25,0.29545454545454547,0.4090909090909091,0.22727272727272727,0.22727272727272727,0.745909090909091,66.1200625,72.499,88.34341666666667,45.96,71.914,3.891,72.29,3.960000000000001,0.7909999999999999,3.1323600000000003,417,3,B,43,Sedan,1.0,Pass,NONE,,0.1898,45.96,3.891,0
VH-00419,74.02518181818182,11.582889281423187,97.719,96.74575,36.73690909090909,52.105,38.992875,49.723,1.8607954545454546,4.008,0.22727272727272727,0.2727272727272727,0.29545454545454547,0.22727272727272727,0.22727272727272727,0.7495454545454545,64.355375,71.8794375,89.77924999999999,46.291,72.822,4.008,67.432,4.290999999999997,0.9079999999999999,3.8962279999999967,418,3,B,44,Compact,0.94,Pass,NONE,,0.2409,46.291,4.008,0
VH-00420,75.66845454545454,11.262389156369697,100.374,95.99990000000001,36.25936363636364,57.179,39.052147727272725,47.876,1.8728749999999998,3.877,0.25,0.29545454545454547,0.38636363636363635,0.22727272727272727,0.22727272727272727,0.745909090909091,68.2844375,71.504625,91.06558333333334,46.473,76.581,3.877,70.634,4.472999999999999,0.7769999999999997,3.475520999999998,419,3,B,45,Truck,1.14,Fail,S12_TEMP_X_S15_VIBRATION,ST-45,0.24547,46.473,3.877,1
VH-00421,74.08681818181819,9.955015515792113,93.512,91.90425,36.113738636363635,50.133,39.02828409090909,47.608,1.8475,3.839,0.2727272727272727,0.29545454545454547,0.3409090909090909,0.22727272727272727,0.22727272727272727,0.745909090909091,65.982125,72.386875,87.15966666666667,45.733,74.468,3.839,68.073,3.732999999999997,0.7389999999999999,2.7586869999999974,420,3,B,46,SUV,1.08,Fail,S12_TEMP_X_S15_VIBRATION,ST-45,0.15918,45.733,3.839,1
VH-00422,72.87543181818181,10.56105516750372,95.237,91.72555000000001,35.888954545454546,50.91,39.02017045454546,49.118,1.8338977272727275,3.908,0.29545454545454547,0.3409090909090909,0.29545454545454547,0.22727272727272727,0.22727272727272727,0.7495454545454545,65.700625,69.1688125,87.384,45.086,75.145,3.908,68.853,3.0859999999999985,0.8079999999999998,2.4934879999999984,421,3,B,47,Compact,0.94,Pass,NONE,,0.09396,45.086,3.908,0
VH-00423,75.41379545454545,10.249117326894257,96.932,93.72975000000001,36.27369318181818,50.236,39.28132954545455,49.077,1.8631022727272728,4.255,0.3409090909090909,0.29545454545454547,0.38636363636363635,0.22727272727272727,0.22727272727272727,0.744090909090909,68.627,71.97375,89.04958333333333,44.885,76.016,4.255,78.997,2.884999999999998,1.1549999999999998,3.3321749999999972,422,3,B,48,SUV,1.08,Pass,NONE,,0.20159,44.885,4.255,0
VH-00424,73.35784090909091,11.15595720293137,98.019,91.82815000000001,36.58381818181818,55.439,38.99498863636364,50.001,1.8718522727272726,3.771,0.36363636363636365,0.2727272727272727,0.3181818181818182,0.22727272727272727,0.22727272727272727,0.7477272727272727,65.6928125,69.224375,89.08916666666666,45.438,76.198,3.771,71.017,3.4380000000000024,0.6709999999999998,2.306898000000001,423,3,B,49,Compact,0.94,Pass,NONE,,0.08194,45.438,3.771,0
VH-00425,76.44915909090909,10.898870698791933,99.556,96.57355,36.67994318181818,50.596,39.003409090909095,48.351,1.836306818181818,4.113,0.3181818181818182,0.29545454545454547,0.3181818181818182,0.22727272727272727,0.22727272727272727,0.7422727272727272,68.41912500000001,73.32525,91.32108333333333,46.288,77.01,4.113,73.486,4.287999999999997,1.0130000000000003,4.343743999999998,424,3,B,50,Truck,1.14,Pass,NONE,,0.42378,46.288,4.113,0
VH-00426,73.73772727272727,10.670118090416107,94.857,93.98175,37.389,51.477,39.439102272727276,49.261,1.8112954545454547,3.833,0.3181818181818182,0.2727272727272727,0.3181818181818182,0.22727272727272727,0.22727272727272727,0.745909090909091,66.5360625,69.8326875,88.54666666666667,45.807,69.174,3.833,72.237,3.807000000000002,0.7330000000000001,2.790531000000002,425,3,B,51,Sedan,1.0,Pass,NONE,,0.18613,45.807,3.833,0
VH-00427,75.28738636363636,11.542258825755901,99.811,96.52355,36.49389772727273,50.353,39.37630681818182,50.244,1.8310454545454546,4.177,0.3181818181818182,0.2727272727272727,0.3409090909090909,0.22727272727272727,0.22727272727272727,0.7477272727272727,67.1795,71.27525,91.44741666666665,47.436,72.848,4.177,70.993,5.436,1.0769999999999995,5.8545719999999974,426,3,B,52,Compact,0.94,Fail,S12_TEMP_X_S15_VIBRATION,ST-45,0.59537,47.436,4.177,1
VH-00428,73.68797727272728,11.011239054307161,97.263,91.84795,36.53547727272727,52.465,38.982352272727276,50.382,1.7967045454545454,4.217,0.3409090909090909,0.2727272727272727,0.3409090909090909,0.22727272727272727,0.22727272727272727,0.7440909090909091,65.571625,70.4600625,88.81366666666666,46.356,72.692,4.217,71.151,4.356000000000002,1.1169999999999995,4.865652,427,3,B,53,Compact,0.94,Pass,NONE,,0.39995,46.356,4.217,0
VH-00429,75.92586363636363,12.070546924259073,98.952,98.7445,36.03134090909091,49.939,39.32542045454546,50.405,1.8598068181818184,4.062,0.25,0.22727272727272727,0.3181818181818182,0.22727272727272727,0.22727272727272727,0.7513636363636362,66.982375,72.1025,92.94833333333332,47.364,77.053,4.062,69.524,5.363999999999997,0.9620000000000002,5.160167999999999,428,3,B,54,SUV,1.08,Fail,S12_TEMP_X_S15_VIBRATION,ST-45,0.47966,47.364,4.062,1
VH-00430,74.65829545454545,11.104649519781722,98.376,95.89654999999999,35.986954545454545,49.983,39.179443181818186,49.432,1.8513068181818182,4.157,0.3181818181818182,0.29545454545454547,0.3409090909090909,0.22727272727272727,0.22727272727272727,0.7477272727272727,67.5481875,70.3248125,89.91641666666668,45.451,72.461,4.157,75.82,3.4510000000000005,1.057,3.6477070000000005,429,3,B,55,Compact,0.94,Fail,S12_TEMP_X_S15_VIBRATION,ST-45,0.23359,45.451,4.157,1
VH-00431,75.57768181818182,11.096671348322657,99.624,96.0423,36.759454545454545,49.574,38.995068181818176,50.6,1.8985227272727272,4.293,0.3409090909090909,0.22727272727272727,0.3181818181818182,0.22727272727272727,0.22727272727272727,0.7477272727272727,67.389875,72.4966875,90.60275,45.958,74.242,4.293,72.396,3.9579999999999984,1.193,4.721893999999998,430,3,B,56,SUV,1.08,Fail,S12_TEMP_X_S15_VIBRATION,ST-45,0.46001,45.958,4.293,1
VH-00432,74.22479545454546,10.828495980040183,97.525,95.57815000000001,36.679750000000006,48.976,39.104409090909094,48.607,1.8616590909090909,4.402,0.29545454545454547,0.29545454545454547,0.29545454545454547,0.22727272727272727,0.22727272727272727,0.7495454545454545,67.6149375,69.1941875,89.74541666666666,45.781,70.243,4.402,76.31,3.780999999999999,1.302,4.9228619999999985,431,3,B,57,Sedan,1.0,Fail,S12_TEMP_X_S15_VIBRATION,ST-45,0.47095,45.781,4.402,1
VH-00433,74.11836363636364,11.594746884108938,98.782,95.79795,36.60340909090909,51.391,39.12228409090909,47.805,1.888090909090909,4.384,0.25,0.2727272727272727,0.36363636363636365,0.22727272727272727,0.22727272727272727,0.745909090909091,66.1325625,70.0074375,90.24733333333334,44.714,69.579,4.384,73.464,2.7139999999999986,1.2840000000000003,3.4847759999999988,432,3,B,58,Compact,0.94,Pass,NONE,,0.16774,44.714,4.384,0
VH-00434,75.34731818181818,11.631431661711169,100.991,97.8889,36.69101136363636,50.712,39.20461363636363,50.494,1.9012727272727274,4.786,0.36363636363636365,0.3181818181818182,0.36363636363636365,0.22727272727272727,0.22727272727272727,0.7404545454545454,67.1340625,71.53756249999999,91.378,45.744,77.192,4.786,74.541,3.7439999999999998,1.6859999999999995,6.312383999999998,433,3,B,59,SUV,1.08,Fail,S12_TEMP_X_S15_VIBRATION,ST-45,0.76451,45.744,4.786,1
VH-00435,74.68879545454546,11.304159040297998,98.145,95.4341,36.426500000000004,49.853,39.085170454545455,47.428,1.841215909090909,4.179,0.2727272727272727,0.29545454545454547,0.38636363636363635,0.22727272727272727,0.22727272727272727,0.745909090909091,66.0006875,71.387625,90.67450000000001,46.246,70.018,4.179,71.057,4.246000000000002,1.0790000000000002,4.581434000000003,434,3,B,60,Sedan,1.0,Pass,NONE,,0.40007,46.246,4.179,0
VH-00436,74.58747727272727,11.188930980564836,98.409,97.31285,35.803022727272726,48.261,39.20014772727273,47.911,1.8278295454545452,4.202,0.2727272727272727,0.3181818181818182,0.3409090909090909,0.22727272727272727,0.22727272727272727,0.745909090909091,67.0525625,71.0091875,89.40508333333332,45.799,77.926,4.202,76.952,3.7989999999999995,1.1019999999999999,4.1864979999999985,435,3,B,61,Compact,0.94,Pass,NONE,,0.38453,45.799,4.202,0
VH-00437,74.94481818181818,11.041319531171498,98.822,94.84245,35.70784090909091,50.027,39.03307954545455,47.254,1.8444204545454546,4.37,0.3181818181818182,0.3409090909090909,0.3409090909090909,0.22727272727272727,0.22727272727272727,0.7422727272727272,66.9455,71.5475625,90.14025,40.375,74.385,4.37,72.037,0.0,1.27,0.0,436,3,B,62,Sedan,1.0,Pass,NONE,,0.41187,45.56,4.37,0
VH-00438,75.63893181818182,11.45370690355103,102.711,98.86025000000001,36.61920454545455,52.29,39.137625,48.367,1.8802159090909092,4.068,0.25,0.3409090909090909,0.3181818181818182,0.22727272727272727,0.22727272727272727,0.744090909090909,67.26050000000001,71.9893125,91.67633333333333,46.567,76.052,4.068,72.256,4.567,0.9679999999999995,4.420855999999998,437,3,B,63,SUV,1.08,Fail,S12_TEMP_X_S15_VIBRATION,ST-45,0.37913,46.567,4.068,1
VH-00439,74.20856818181818,11.64263745672481,98.849,96.66555,36.235772727272725,54.085,39.01752272727273,49.559,1.8630227272727273,4.53,0.2727272727272727,0.36363636363636365,0.3181818181818182,0.22727272727272727,0.22727272727272727,0.745909090909091,65.9316875,70.3581875,90.37825,45.214,74.928,4.53,66.757,3.2139999999999986,1.4300000000000002,4.596019999999998,438,3,B,64,Compact,0.94,Pass,NONE,,0.40238,45.214,4.53,0
VH-00440,74.31863636363636,10.97347968193361,98.439,96.27785,35.89454545454546,49.99,39.09035227272727,48.732,1.8197954545454544,4.095,0.2727272727272727,0.29545454545454547,0.3181818181818182,0.22727272727272727,0.22727272727272727,0.7477272727272727,67.11875,70.4171875,89.12041666666666,46.124,69.673,4.095,77.057,4.124000000000002,0.9949999999999997,4.103380000000001,439,3,B,65,Compact,0.94,Pass,NONE,,0.40489,46.124,4.095,0
VH-00441,75.81577272727272,11.899509248945963,103.402,97.81815,36.476636363636366,53.107,39.337090909090904,48.281,1.9145113636363638,4.499,0.29545454545454547,0.38636363636363635,0.2727272727272727,0.22727272727272727,0.22727272727272727,0.744090909090909,67.2836875,72.1983125,92.01516666666667,46.437,73.315,4.499,77.421,4.436999999999998,1.3989999999999996,6.207362999999995,440,3,B,66,SUV,1.08,Fail,S12_TEMP_X_S15_VIBRATION,ST-45,0.72144,46.437,4.499,1
VH-00442,74.64604545454546,11.78948719115653,97.91,94.99775,36.68605681818182,50.248,39.17044318181818,49.781,1.8574886363636365,4.102,0.3409090909090909,0.2727272727272727,0.3409090909090909,0.22727272727272727,0.22727272727272727,0.7477272727272727,66.26025,70.3551875,91.54825,47.326,73.703,4.102,69.265,5.3260000000000005,1.0020000000000002,5.336652000000002,441,3,B,67,Compact,0.94,Fail,S12_TEMP_X_S15_VIBRATION,ST-45,0.51327,47.326,4.102,1
VH-00443,74.29477272727273,11.061270592022272,98.684,94.6479,35.84497727272728,48.313,39.31251136363636,49.112,1.8597727272727271,4.264,0.29545454545454547,0.3409090909090909,0.3181818181818182,0.22727272727272727,0.22727272727272727,0.7477272727272727,65.9006875,71.24025,89.55958333333332,45.551,74.913,4.264,68.312,3.551000000000002,1.1640000000000001,4.133364000000003,442,3,B,68,SUV,1.08,Fail,S12_TEMP_X_S15_VIBRATION,ST-45,0.28633,45.551,4.264,1
VH-00444,75.6251590909091,11.34880417620797,98.918,97.35445,36.18678409090909,49.809,39.19428409090909,49.184,1.83625,4.389,0.3409090909090909,0.29545454545454547,0.3181818181818182,0.22727272727272727,0.22727272727272727,0.744090909090909,67.5185625,71.762625,91.584,45.185,75.687,4.389,72.942,3.1850000000000023,1.2890000000000001,4.105465000000003,443,3,B,69,SUV,1.08,Fail,S12_TEMP_X_S15_VIBRATION,ST-45,0.37478,45.185,4.389,1
VH-00445,74.46731818181819,11.970936521372568,102.726,96.46515,35.7125,50.373,38.985125,48.212,1.8640113636363635,4.212,0.2727272727272727,0.29545454545454547,0.38636363636363635,0.22727272727272727,0.22727272727272727,0.745909090909091,65.7008125,70.87075,90.95141666666666,45.922,72.448,4.212,68.936,3.921999999999997,1.1119999999999997,4.361263999999995,444,3,B,70,Compact,0.94,Fail,S12_TEMP_X_S15_VIBRATION,ST-45,0.29206,45.922,4.212,1
VH-00446,74.98434090909092,11.585483657523874,100.006,97.23335,35.93939772727273,49.537,39.12414772727273,49.071,1.903181818181818,4.281,0.2727272727272727,0.2727272727272727,0.36363636363636365,0.22727272727272727,0.22727272727272727,0.7422727272727272,67.3331875,70.688375,90.91383333333333,46.058,77.917,4.281,69.108,4.058,1.1809999999999996,4.792497999999998,445,3,B,71,Sedan,1.0,Fail,S12_TEMP_X_S15_VIBRATION,ST-45,0.41648,46.058,4.281,1
VH-00447,73.99311363636365,11.664806740324158,99.02,96.16584999999999,36.21213636363637,49.725,39.023875000000004,49.606,1.8549886363636363,4.358,0.3181818181818182,0.3181818181818182,0.3181818181818182,0.22727272727272727,0.22727272727272727,0.745909090909091,66.696625,68.9025625,90.50916666666666,45.701,72.264,4.358,74.634,3.7010000000000005,1.2579999999999996,4.655857999999999,446,3,B,72,Compact,0.94,Pass,NONE,,0.43177,45.701,4.358,0
VH-00448,74.68497727272728,11.371199614547718,100.996,96.2655,36.15890909090909,52.46,38.985761363636364,48.841,1.8569545454545455,4.153,0.3181818181818182,0.3181818181818182,0.36363636363636365,0.22727272727272727,0.22727272727272727,0.7386363636363636,66.79593750000001,70.8243125,90.35125,45.277,70.008,4.153,69.649,3.277000000000001,1.0529999999999995,3.4506809999999994,447,3,B,73,SUV,1.08,Pass,NONE,,0.24608,45.277,4.153,0
VH-00449,74.90979545454546,11.125570955987966,97.572,96.03720000000001,36.36014772727273,48.581,39.226875,48.521,1.8211249999999999,4.294,0.29545454545454547,0.36363636363636365,0.29545454545454547,0.22727272727272727,0.22727272727272727,0.745909090909091,66.992125,70.97125,90.71808333333333,45.648,75.756,4.294,70.846,3.6480000000000032,1.1939999999999995,4.355712000000002,448,3,B,74,Sedan,1.0,Fail,S12_TEMP_X_S15_VIBRATION,ST-45,0.38591,45.648,4.294,1
VH-00450,75.04918181818182,11.671318953130717,100.176,98.02255,36.44163636363636,48.475,39.259170454545455,49.281,1.8538068181818181,4.333,0.38636363636363635,0.20454545454545456,0.3181818181818182,0.22727272727272727,0.22727272727272727,0.7422727272727272,67.4544375,70.6669375,91.0185,46.761,75.818,4.333,75.076,4.761000000000003,1.233,5.870313000000004,449,3,B,75,Compact,0.94,Fail,S12_TEMP_X_S15_VIBRATION,ST-45,0.71467,46.761,4.333,1
VH-00451,73.96836363636363,10.727179949951756,95.519,93.71725,36.40418181818182,53.476,39.03814772727273,48.2,1.8869886363636363,3.889,0.29545454545454547,0.29545454545454547,0.3181818181818182,0.22727272727272727,0.22727272727272727,0.7477272727272727,66.006,71.4814375,87.90075,44.347,75.555,3.889,70.489,2.3470000000000013,0.7889999999999997,1.8517830000000004,450,4,A,1,Sedan,1.0,Pass,NONE,,0.04976,44.347,3.889,0
VH-00452,74.70111363636364,10.556254004839671,96.717,93.2829,36.38272727272727,53.399,39.450852272727275,49.481,1.8792613636363635,4.32,0.2727272727272727,0.25,0.29545454545454547,0.22727272727272727,0.22727272727272727,0.7513636363636362,66.847,71.5894375,89.32216666666666,45.098,71.617,4.32,69.091,3.097999999999999,1.2200000000000002,3.779559999999999,451,4,A,2,SUV,1.08,Fail,S12_TEMP_X_S15_VIBRATION,ST-45,0.24592,45.098,4.32,1
VH-00453,74.45797727272726,11.305095653892426,99.037,93.92225,36.060375,50.404,39.24728409090909,47.94,1.8692386363636364,4.463,0.2727272727272727,0.29545454545454547,0.2727272727272727,0.22727272727272727,0.22727272727272727,0.745909090909091,65.94225,71.802875,89.35241666666667,43.925,76.227,4.463,72.381,1.9249999999999972,1.363,2.623774999999996,452,4,A,3,Sedan,1.0,Pass,NONE,,0.13332,43.925,4.463,0
VH-00454,74.72243181818182,12.142543504665113,99.667,97.13235,36.11236363636363,55.986,39.019988636363635,48.326,1.8422386363636363,4.304,0.2727272727272727,0.36363636363636365,0.3181818181818182,0.22727272727272727,0.22727272727272727,0.744090909090909,65.5401875,71.47743750000001,91.29208333333334,44.759,77.685,4.304,73.683,2.7590000000000003,1.2040000000000002,3.321836000000001,453,4,A,4,Truck,1.14,Fail,S12_TEMP_X_S15_VIBRATION,ST-45,0.19678,44.759,4.304,1
VH-00455,75.02488636363637,10.95161688437535,99.337,96.26520000000001,35.60342045454546,49.836,39.008261363636365,48.408,1.854659090909091,4.664,0.3409090909090909,0.22727272727272727,0.3181818181818182,0.22727272727272727,0.22727272727272727,0.7477272727272727,66.951875,72.1298125,89.649,44.121,74.283,4.664,76.855,2.121000000000002,1.5639999999999996,3.3172440000000027,454,4,A,5,SUV,1.08,Pass,NONE,,0.21745,44.121,4.664,0
VH-00456,74.00443181818183,11.335267997565758,99.47,95.52865,35.78993181818182,50.22,38.857988636363636,47.132,1.8442272727272728,4.462,0.2727272727272727,0.2727272727272727,0.3181818181818182,0.22727272727272727,0.22727272727272727,0.7513636363636362,65.94443749999999,70.61125,89.27533333333334,44.308,72.663,4.462,73.047,2.308,1.3619999999999997,3.143495999999999,455,4,A,6,Compact,0.94,Pass,NONE,,0.15842,44.308,4.462,0
VH-00457,74.76363636363637,12.111243519375858,100.062,97.29515,35.900409090909086,50.721,39.18898863636363,46.85,1.8371250000000001,4.275,0.22727272727272727,0.25,0.3409090909090909,0.22727272727272727,0.22727272727272727,0.7495454545454545,66.02025,70.575875,92.00516666666668,45.574,71.259,4.275,70.129,3.573999999999998,1.1750000000000003,4.199449999999999,456,4,A,7,SUV,1.08,Pass,NONE,,0.32678,45.574,4.275,0
VH-00458,74.36229545454545,11.538938286131078,96.84,95.6362,37.04759090909091,50.538,39.0845,46.859,1.8165340909090908,4.308,0.29545454545454547,0.2727272727272727,0.36363636363636365,0.22727272727272727,0.22727272727272727,0.7422727272727272,66.08775,70.586625,90.42925000000001,45.428,76.531,4.308,73.232,3.4279999999999973,1.2079999999999997,4.141023999999995,457,4,A,8,Sedan,1.0,Fail,S12_TEMP_X_S15_VIBRATION,ST-45,0.33891,45.428,4.308,1
VH-00459,74.72311363636364,11.562972560230655,99.989,95.34305,36.60503409090909,50.685,39.382965909090906,49.519,1.8412954545454545,4.073,0.29545454545454547,0.25,0.36363636363636365,0.22727272727272727,0.22727272727272727,0.745909090909091,66.201375,71.3790625,90.54416666666667,43.83,77.223,4.073,71.66,1.8299999999999983,0.9730000000000003,1.780589999999999,458,4,A,9,SUV,1.08,Pass,NONE,,0.06959,43.83,4.073,0
VH-00460,73.40768181818181,10.659330034299847,96.919,92.33625,36.876363636363635,52.526,39.13321590909091,48.479,1.8946022727272727,4.468,0.29545454545454547,0.29545454545454547,0.2727272727272727,0.22727272727272727,0.22727272727272727,0.745909090909091,65.80875,69.58775,88.63283333333334,44.278,70.845,4.468,71.993,2.2779999999999987,1.3679999999999999,3.1163039999999977,459,4,A,10,Compact,0.94,Pass,NONE,,0.20316,44.278,4.468,0
VH-00461,74.08027272727273,11.275227747637711,99.184,93.8089,36.347863636363634,50.297,39.10270454545454,48.156,1.866465909090909,4.653,0.3181818181818182,0.3181818181818182,0.29545454545454547,0.22727272727272727,0.22727272727272727,0.7477272727272727,65.828,70.6569375,89.64774999999999,43.871,69.419,4.653,73.401,1.8710000000000022,1.5529999999999995,2.9056630000000023,460,4,A,11,Compact,0.94,Pass,NONE,,0.11749,43.871,4.653,0
VH-00462,73.34056818181818,10.58300609555238,94.64,92.29955000000001,36.20368181818182,50.26,38.99478409090909,48.863,1.8911818181818183,4.32,0.25,0.2727272727272727,0.29545454545454547,0.22727272727272727,0.22727272727272727,0.7513636363636362,65.250375,70.731125,87.60674999999999,43.722,65.831,4.32,69.766,1.7220000000000013,1.2200000000000002,2.100840000000002,461,4,A,12,Compact,0.94,Fail,S12_TEMP_X_S15_VIBRATION,ST-45,0.09684,43.722,4.32,1
VH-00463,73.81475,10.425968353051772,96.947,93.49955,36.744795454545454,52.42,39.01718181818182,47.393,1.8650568181818181,4.496,0.3409090909090909,0.2727272727272727,0.3181818181818182,0.22727272727272727,0.22727272727272727,0.745909090909091,66.7694375,70.0791875,88.18925,43.611,66.538,4.496,72.628,1.610999999999997,1.3960000000000004,2.2489559999999966,462,4,A,13,Sedan,1.0,Pass,NONE,,0.09529,43.611,4.496,0
VH-00464,75.80445454545455,12.068898707883065,101.542,99.6732,36.19672727272727,49.565,39.050397727272724,48.003,1.8955113636363636,4.4,0.36363636363636365,0.22727272727272727,0.3409090909090909,0.22727272727272727,0.22727272727272727,0.744090909090909,67.13575,72.17775,92.19833333333334,45.381,75.717,4.4,77.483,3.3810000000000002,1.3000000000000003,4.3953000000000015,463,4,A,14,SUV,1.08,Fail,S12_TEMP_X_S15_VIBRATION,ST-45,0.39752,45.381,4.4,1
VH-00465,74.3405,10.739796887560143,98.256,94.6506,36.477715909090904,50.161,38.80256818181818,50.666,1.8062613636363636,4.416,0.29545454545454547,0.2727272727272727,0.36363636363636365,0.22727272727272727,0.22727272727272727,0.745909090909091,68.026625,70.03675,88.49733333333334,42.752,72.404,4.416,79.144,0.7520000000000024,1.3160000000000003,0.9896320000000034,464,4,A,15,SUV,1.08,Pass,NONE,,0.03799,42.752,4.416,0
VH-00466,74.89009090909092,10.444063667869903,97.37,95.04995,36.84763636363636,53.878,39.170215909090906,47.516,1.9424090909090908,4.499,0.22727272727272727,0.2727272727272727,0.3181818181818182,0.22727272727272727,0.22727272727272727,0.7495454545454545,67.9313125,70.547,89.95925,42.841,72.574,4.499,71.486,0.8410000000000011,1.3989999999999996,1.1765590000000012,465,4,A,16,SUV,1.08,Pass,NONE,,0.04878,42.841,4.499,0
VH-00467,74.95911363636364,11.18493739462453,99.126,97.20030000000001,35.481227272727274,53.784,38.720159090909085,47.765,1.8305340909090908,4.469,0.29545454545454547,0.3409090909090909,0.3181818181818182,0.22727272727272727,0.22727272727272727,0.744090909090909,67.494375,70.972375,90.22775,40.375,74.19,4.469,69.891,0.0,1.3690000000000002,0.0,466,4,A,17,SUV,1.08,Pass,NONE,,0.35384,45.135,4.469,0
VH-00468,75.24704545454546,11.464605280184923,96.987,95.36749999999999,36.77690909090909,51.253,39.12546590909091,47.974,1.8943636363636365,4.635,0.22727272727272727,0.3181818181818182,0.3181818181818182,0.22727272727272727,0.22727272727272727,0.7495454545454545,67.4044375,71.247875,91.03608333333334,45.3,70.243,4.635,76.273,3.299999999999997,1.5349999999999997,5.065499999999995,467,4,A,18,Sedan,1.0,Pass,NONE,,0.5157,45.3,4.635,0
VH-00469,74.56690909090909,10.714600377398936,96.144,93.8014,35.550636363636364,49.068,38.592693181818184,46.462,1.8732840909090909,4.959,0.3181818181818182,0.2727272727272727,0.3409090909090909,0.22727272727272727,0.22727272727272727,0.7477272727272727,66.7119375,71.6400625,88.94266666666665,43.221,75.76,4.959,79.693,1.2209999999999965,1.8589999999999995,2.269838999999993,468,4,A,19,Sedan,1.0,Pass,NONE,,0.11131,43.221,4.959,0
VH-00470,73.72695454545455,10.34872591631014,96.553,94.04395,36.59234090909091,49.872,38.98996590909091,48.731,1.8029431818181818,2.266,0.25,0.3181818181818182,0.3181818181818182,0.22727272727272727,0.22727272727272727,0.745909090909091,66.7659375,70.1838125,87.7325,43.515,69.517,2.266,75.67,1.5150000000000006,0.0,0.0,469,4,A,20,Compact,0.94,Pass,NONE,,0.09045,43.515,4.592,0
VH-00471,75.00668181818182,11.668016544488294,104.323,94.7407,35.831511363636366,48.419,39.032625,49.877,1.8555795454545454,5.102,0.3181818181818182,0.2727272727272727,0.38636363636363635,0.22727272727272727,0.22727272727272727,0.745909090909091,67.26375,71.11975,90.51316666666666,44.549,71.678,5.102,72.71,2.5489999999999995,2.0020000000000002,5.103097999999999,470,4,A,21,Compact,0.94,Pass,NONE,,0.4611,44.549,5.102,0
VH-00472,73.63981818181819,10.492720529286402,95.52,93.07315,36.599613636363635,50.801,38.848420454545455,47.67,1.8741136363636364,4.392,0.29545454545454547,0.29545454545454547,0.29545454545454547,0.22727272727272727,0.22727272727272727,0.7495454545454545,66.512125,70.19575,87.7355,43.146,75.126,4.392,77.522,1.1460000000000008,1.2920000000000003,1.4806320000000013,471,4,A,22,Compact,0.94,Pass,NONE,,0.04282,43.146,4.392,0
VH-00473,74.39120454545456,11.53417242437999,98.369,96.3465,35.39329545454546,51.966,38.97780681818182,47.914,1.833227272727273,4.823,0.3181818181818182,0.2727272727272727,0.3181818181818182,0.22727272727272727,0.22727272727272727,0.7477272727272727,66.4349375,70.4450625,90.26108333333333,43.914,72.587,4.823,73.763,1.9140000000000015,1.7230000000000003,3.297822000000003,472,4,A,23,Compact,0.94,Fail,S12_TEMP_X_S15_VIBRATION,ST-45,0.16201,43.914,4.823,1
VH-00474,74.32663636363635,11.318798461359728,98.376,96.38415,36.642340909090905,54.038,39.05539772727273,49.35,1.8580227272727272,4.863,0.29545454545454547,0.3409090909090909,0.3181818181818182,0.22727272727272727,0.22727272727272727,0.745909090909091,66.4516875,70.9073125,89.38566666666667,43.599,72.431,4.863,79.536,1.5989999999999966,1.7630000000000003,2.8190369999999945,473,4,A,24,Compact,0.94,Fail,S12_TEMP_X_S15_VIBRATION,ST-45,0.16161,43.599,4.863,1
VH-00475,75.38797727272727,10.525223019210692,98.759,94.5862,35.80406818181818,49.036,39.360977272727276,49.488,1.8246136363636365,4.669,0.29545454545454547,0.2727272727272727,0.3409090909090909,0.22727272727272727,0.22727272727272727,0.7477272727272727,67.78125,72.4633125,89.42983333333332,43.133,75.651,4.669,72.992,1.1330000000000027,1.5689999999999995,1.7776770000000037,474,4,A,25,Truck,1.14,Pass,NONE,,0.1067,43.133,4.669,0
VH-00476,74.13638636363636,10.754896507812763,98.105,94.78095,36.69654545454545,51.775,39.18936363636363,51.461,1.9061704545454545,4.649,0.29545454545454547,0.29545454545454547,0.36363636363636365,0.22727272727272727,0.22727272727272727,0.7440909090909091,67.171625,70.1875,88.68791666666668,42.923,69.927,4.649,80.317,0.9230000000000018,1.549,1.4297270000000029,475,4,A,26,Compact,0.94,Pass,NONE,,0.03938,42.923,4.649,0
VH-00477,72.83988636363637,10.72858323773983,95.37,91.99719999999999,36.29781818181818,51.253,38.77676136363636,48.31,1.8590795454545452,4.794,0.22727272727272727,0.29545454545454547,0.36363636363636365,0.22727272727272727,0.22727272727272727,0.745909090909091,65.5984375,69.3794375,87.10908333333333,42.19,71.466,4.794,72.763,0.18999999999999773,1.6939999999999995,0.32185999999999604,476,4,A,27,Compact,0.94,Pass,NONE,,0.02032,42.19,4.794,0
VH-00478,74.20025,10.62960730667817,95.609,92.99730000000001,36.233943181818184,48.843,39.02198863636364,48.58,1.8911022727272728,4.494,0.2727272727272727,0.29545454545454547,0.3181818181818182,0.22727272727272727,0.22727272727272727,0.745909090909091,66.8265,70.6078125,88.82183333333334,44.053,67.329,4.494,80.114,2.0529999999999973,1.3939999999999997,2.8618819999999956,477,4,A,28,Sedan,1.0,Pass,NONE,,0.10921,44.053,4.494,0
VH-00479,74.37793181818182,11.127341033850598,99.635,94.241,36.251909090909095,51.102,38.96401136363637,48.152,1.888431818181818,4.624,0.25,0.2727272727272727,0.3181818181818182,0.22727272727272727,0.22727272727272727,0.7495454545454545,66.784875,70.3279375,89.902,44.015,74.483,4.624,72.715,2.0150000000000006,1.5239999999999996,3.07086,478,4,A,29,Sedan,1.0,Pass,NONE,,0.15919,44.015,4.624,0
VH-00480,74.86695454545455,11.149099974008847,98.645,95.24395,36.24063636363636,51.6,38.82794318181818,47.501,1.8857159090909092,4.806,0.29545454545454547,0.3181818181818182,0.29545454545454547,0.22727272727272727,0.22727272727272727,0.7477272727272727,66.506,71.6768125,90.26841666666667,44.288,72.209,4.806,74.298,2.2879999999999967,1.706,3.9033279999999944,479,4,A,30,SUV,1.08,Pass,NONE,,0.30214,44.288,4.806,0
VH-00481,72.85600000000001,10.539180553733107,95.752,91.61435,36.15534090909091,51.21,38.987852272727274,46.325,1.8558750000000002,4.788,0.3409090909090909,0.3409090909090909,0.2727272727272727,0.22727272727272727,0.22727272727272727,0.7495454545454545,66.2123125,68.762125,87.17275,42.772,71.075,4.788,69.913,0.7719999999999985,1.6880000000000002,1.3031359999999976,480,4,A,31,Sedan,1.0,Pass,NONE,,0.04383,42.772,4.788,0
VH-00482,73.82452272727272,10.963848529638978,96.109,93.89755,36.30106818181818,53.724,39.00753409090909,49.025,1.8297386363636363,4.584,0.3181818181818182,0.29545454545454547,0.29545454545454547,0.22727272727272727,0.22727272727272727,0.7495454545454545,65.7055,70.3885625,89.23116666666665,43.951,71.079,4.584,73.509,1.9510000000000005,1.4839999999999995,2.8952839999999997,481,4,A,32,Compact,0.94,Pass,NONE,,0.14638,43.951,4.584,0
VH-00483,73.71829545454545,10.47752869534793,94.666,92.07715,36.51169318181818,52.287,38.72826136363636,47.949,1.8082045454545452,4.591,0.29545454545454547,0.25,0.3409090909090909,0.22727272727272727,0.22727272727272727,0.745909090909091,66.4724375,70.7363125,87.35541666666667,43.513,68.367,4.591,78.126,1.5129999999999981,1.491,2.255882999999997,482,4,A,33,Compact,0.94,Pass,NONE,,0.07409,43.513,4.591,0
VH-00484,73.75038636363637,11.051376471599319,96.402,93.38605,35.98227272727273,49.083,39.05401136363636,48.498,1.852647727272727,4.612,0.2727272727272727,0.3409090909090909,0.3409090909090909,0.22727272727272727,0.22727272727272727,0.7495454545454545,65.89387500000001,70.38625,88.71125,43.308,72.976,4.612,77.031,1.3079999999999998,1.512,1.9776959999999997,483,4,A,34,Sedan,1.0,Pass,NONE,,0.07964,43.308,4.612,0
VH-00485,73.20906818181818,10.956994814607521,98.116,94.8505,36.720363636363636,50.695,38.78855681818182,47.669,1.8971022727272726,4.925,0.2727272727272727,0.36363636363636365,0.3181818181818182,0.22727272727272727,0.22727272727272727,0.744090909090909,64.9258125,70.36525,88.04516666666666,43.325,67.588,4.925,73.069,1.3250000000000028,1.8249999999999997,2.4181250000000047,484,4,A,35,Compact,0.94,Pass,NONE,,0.11368,43.325,4.925,0
VH-00486,75.19563636363637,10.712598920529752,102.346,95.71205,36.581579545454545,50.224,39.20855681818182,47.784,1.8367386363636364,4.752,0.29545454545454547,0.29545454545454547,0.4318181818181818,0.22727272727272727,0.22727272727272727,0.7404545454545454,67.91856250000001,71.65625,89.61758333333334,43.519,74.168,4.752,76.55,1.5189999999999984,1.6519999999999997,2.509387999999997,485,4,A,36,Truck,1.14,Pass,NONE,,0.13388,43.519,4.752,0
VH-00487,74.7145,10.877157266919623,103.221,94.19664999999999,36.2865,52.009,39.07061363636364,47.788,1.8305568181818181,4.979,0.29545454545454547,0.25,0.38636363636363635,0.22727272727272727,0.22727272727272727,0.7422727272727272,66.7144375,71.942375,89.07741666666668,43.84,69.304,4.979,77.413,1.8400000000000034,1.879,3.457360000000006,486,4,A,37,SUV,1.08,Pass,NONE,,0.26824,43.84,4.979,0
VH-00488,73.41047727272728,11.428592923399352,96.289,93.8511,36.53206818181818,52.43,39.19323863636364,49.282,1.8380113636363637,4.685,0.2727272727272727,0.3409090909090909,0.3181818181818182,0.22727272727272727,0.22727272727272727,0.7477272727272727,65.2305625,70.3809375,88.35641666666668,43.88,69.585,4.685,72.836,1.8800000000000026,1.5849999999999995,2.979800000000003,487,4,A,38,Compact,0.94,Fail,S12_TEMP_X_S15_VIBRATION,ST-45,0.11727,43.88,4.685,1
VH-00489,75.01677272727272,10.772639845899953,95.243,92.54344999999999,36.36115909090909,51.728,38.958102272727274,50.227,1.8384545454545453,5.137,0.2727272727272727,0.29545454545454547,0.3181818181818182,0.22727272727272727,0.22727272727272727,0.7477272727272727,66.787,72.1106875,89.86458333333333,43.661,66.174,5.137,81.12,1.6610000000000014,2.0369999999999995,3.3834570000000017,488,4,A,39,Sedan,1.0,Pass,NONE,,0.18985,43.661,5.137,0
VH-00490,74.65015909090909,11.462251964181409,99.45,97.6577,36.45909090909091,54.72,38.87119318181818,50.093,1.8998295454545455,4.754,0.25,0.29545454545454547,0.3409090909090909,0.22727272727272727,0.22727272727272727,0.7477272727272727,66.5706875,70.77075,90.59533333333333,44.235,69.635,4.754,74.267,2.2349999999999994,1.6539999999999995,3.696689999999998,489,4,A,40,Sedan,1.0,Pass,NONE,,0.23869,44.235,4.754,0
VH-00491,74.43922727272728,10.288032283810509,97.875,94.32115,36.58596590909091,54.554,38.87823863636363,48.888,1.8854545454545453,4.694,0.2727272727272727,0.29545454545454547,0.38636363636363635,0.22727272727272727,0.22727272727272727,0.7404545454545454,67.766625,70.0783125,89.15058333333333,42.962,73.805,4.694,75.018,0.9620000000000033,1.5939999999999999,1.5334280000000051,490,4,A,41,SUV,1.08,Pass,NONE,,0.05647,42.962,4.694,0
VH-00492,73.87240909090909,10.381812812347043,95.757,94.30065,36.65184090909091,53.437,39.06732954545455,47.001,1.8422613636363636,4.754,0.29545454545454547,0.2727272727272727,0.3409090909090909,0.22727272727272727,0.22727272727272727,0.7477272727272727,67.2791875,70.0733125,87.72883333333334,43.846,71.007,4.754,77.702,1.8459999999999965,1.6539999999999995,3.0532839999999934,491,4,A,42,Compact,0.94,Pass,NONE,,0.18777,43.846,4.754,0
VH-00493,73.9579090909091,11.079548519091022,97.146,95.1066,36.54138636363636,50.844,39.24840909090909,48.947,1.841090909090909,4.685,0.3181818181818182,0.3181818181818182,0.29545454545454547,0.22727272727272727,0.22727272727272727,0.7495454545454545,66.8665625,69.3808125,89.51583333333333,43.449,71.173,4.685,77.118,1.448999999999998,1.5849999999999995,2.2966649999999964,492,4,A,43,Compact,0.94,Pass,NONE,,0.07849,43.449,4.685,0
VH-00494,73.92859090909091,10.126015050625632,96.282,94.6221,36.20845454545454,55.515,39.361,49.775,1.8578636363636363,4.539,0.2727272727272727,0.38636363636363635,0.3409090909090909,0.22727272727272727,0.22727272727272727,0.7422727272727272,67.3443125,70.551125,87.21091666666666,42.11,69.442,4.539,78.375,0.10999999999999943,1.4389999999999996,0.15828999999999913,493,4,A,44,SUV,1.08,Pass,NONE,,0.01814,42.11,4.539,0
VH-00495,73.23209090909091,11.102112409133307,96.921,93.32530000000001,36.448477272727274,52.974,39.200829545454546,47.683,1.8431022727272726,4.536,0.3181818181818182,0.29545454545454547,0.3181818181818182,0.22727272727272727,0.22727272727272727,0.7422727272727272,65.9944375,69.3201875,88.09816666666667,42.495,71.891,4.536,78.291,0.49499999999999744,1.4359999999999995,0.7108199999999961,494,4,A,45,Compact,0.94,Pass,NONE,,0.02397,42.495,4.536,0
VH-00496,74.20693181818181,11.060179460249161,98.919,94.91225,37.194545454545455,52.724,39.175625,48.3,1.8435113636363634,4.349,0.29545454545454547,0.25,0.36363636363636365,0.22727272727272727,0.22727272727272727,0.7477272727272727,66.34125,71.053625,88.89891666666666,43.045,72.611,4.349,72.693,1.0450000000000017,1.249,1.3052050000000022,495,4,A,46,SUV,1.08,Pass,NONE,,0.0461,43.045,4.349,0
VH-00497,75.32122727272727,10.843945083335758,98.631,96.22875,36.00025,50.293,39.007647727272726,48.606,1.8892272727272728,4.622,0.29545454545454547,0.29545454545454547,0.29545454545454547,0.22727272727272727,0.22727272727272727,0.744090909090909,68.047875,71.6393125,89.92825,43.788,75.14,4.622,78.887,1.7879999999999967,1.5219999999999998,2.7213359999999946,496,4,A,47,SUV,1.08,Pass,NONE,,0.12868,43.788,4.622,0
VH-00498,72.81918181818182,11.11256032556985,96.603,93.57535,35.761568181818184,50.533,39.05814772727273,48.029,1.8387613636363638,4.413,0.2727272727272727,0.25,0.36363636363636365,0.22727272727272727,0.22727272727272727,0.7495454545454545,64.0450625,70.209875,87.99708333333332,43.675,69.07,4.413,73.734,1.6749999999999972,1.3130000000000002,2.1992749999999965,497,4,A,48,Compact,0.94,Pass,NONE,,0.1208,43.675,4.413,0
VH-00499,73.9745909090909,10.561248957849777,96.159,94.6803,36.71784090909091,51.788,39.092988636363636,48.422,1.8175454545454544,4.283,0.22727272727272727,0.3409090909090909,0.2727272727272727,0.22727272727272727,0.22727272727272727,0.7477272727272727,66.7098125,70.4998125,88.294,43.563,68.587,4.283,75.657,1.5630000000000024,1.1830000000000003,1.8490290000000031,498,4,A,49,SUV,1.08,Pass,NONE,,0.08543,43.563,4.283,0
VH-00500,75.41506818181819,11.088091547152464,103.978,97.8542,36.21325,48.581,39.53478409090909,50.945,1.8550113636363634,4.733,0.3181818181818182,0.3181818181818182,0.3181818181818182,0.22727272727272727,0.22727272727272727,0.744090909090909,67.6125,72.117875,90.21475,42.441,68.485,4.733,79.718,0.4410000000000025,1.6329999999999996,0.7201530000000039,499,4,A,50,SUV,1.08,Pass,NONE,,0.03414,42.441,4.733,0
VH-00501,72.62770454545455,11.228499685610103,99.511,93.60615,36.45581818181818,50.375,38.800920454545455,48.329,1.842647727272727,4.218,0.2727272727272727,0.18181818181818182,0.3409090909090909,0.22727272727272727,0.22727272727272727,0.7477272727272727,64.2491875,69.50225,87.96633333333334,43.335,68.868,4.218,68.127,1.3350000000000009,1.1179999999999999,1.4925300000000008,500,4,A,51,Compact,0.94,Pass,NONE,,0.06272,43.335,4.218,0
VH-00502,74.18988636363636,10.608118793434759,97.922,93.95734999999999,37.26218181818182,53.231,39.04706818181818,49.674,1.885375,4.636,0.2727272727272727,0.3409090909090909,0.38636363636363635,0.22727272727272727,0.22727272727272727,0.744090909090909,67.497,70.4713125,88.07183333333334,40.375,70.651,4.636,78.216,0.0,1.536,0.0,501,4,A,52,Sedan,1.0,Pass,NONE,,0.09277,43.308,4.636,0
VH-00503,73.75122727272728,10.470022302598665,96.379,93.72405,36.181681818181815,53.515,38.921488636363634,48.165,1.8070113636363636,4.633,0.3181818181818182,0.3409090909090909,0.36363636363636365,0.22727272727272727,0.22727272727272727,0.744090909090909,66.1815625,70.6665625,87.957,42.859,70.23,4.633,76.626,0.8590000000000018,1.533,1.3168470000000025,502,4,A,53,Compact,0.94,Fail,LOW_CONFIDENCE_MULTI_CAUSAL,ST-45,0.04619,42.859,4.633,1
VH-00504,73.21611363636363,10.56104544951808,93.052,92.18345,36.10447727272727,50.032,39.249125,50.71,1.8754318181818184,4.4,0.2727272727272727,0.25,0.3409090909090909,0.22727272727272727,0.22727272727272727,0.7477272727272727,65.6420625,70.225,87.303,43.347,65.301,4.4,69.358,1.3470000000000013,1.3000000000000003,1.751100000000002,503,4,A,54,Sedan,1.0,Pass,NONE,,0.08368,43.347,4.4,0
VH-00505,75.07554545454546,10.823942651953098,98.32,94.62445,36.05111363636364,51.329,39.18392045454545,48.995,1.8382386363636363,4.671,0.25,0.36363636363636365,0.29545454545454547,0.22727272727272727,0.22727272727272727,0.7477272727272727,67.23225,71.5264375,90.26541666666667,43.302,68.423,4.671,75.77,1.3019999999999996,1.5710000000000002,2.0454419999999995,504,4,A,55,SUV,1.08,Pass,NONE,,0.07995,43.302,4.671,0
VH-00506,73.16427272727273,10.285523993986248,95.565,89.73275,35.58713636363637,51.783,39.235772727272725,49.131,1.8335568181818183,4.572,0.3181818181818182,0.29545454545454547,0.2727272727272727,0.22727272727272727,0.22727272727272727,0.745909090909091,66.014375,69.661125,87.36833333333334,43.334,71.02,4.572,71.735,1.3340000000000032,1.472,1.9636480000000047,505,4,A,56,Compact,0.94,Pass,NONE,,0.08495,43.334,4.572,0
VH-00507,74.32006818181819,11.340339026140324,98.216,96.08250000000001,35.97506818181818,47.851,39.095715909090906,49.06,1.8259204545454544,2.735,0.3409090909090909,0.2727272727272727,0.36363636363636365,0.22727272727272727,0.22727272727272727,0.7404545454545454,66.4699375,70.3928125,90.02325,44.683,73.761,2.266,74.499,2.683,0.0,0.0,506,4,A,57,SUV,1.08,Pass,NONE,,0.14056,44.683,4.05,0
VH-00508,73.18625,10.774399872404269,99.783,93.14725,36.622068181818186,53.877,39.13494318181818,49.655,1.792590909090909,4.416,0.25,0.3409090909090909,0.29545454545454547,0.22727272727272727,0.22727272727272727,0.7477272727272727,65.3491875,70.16825,87.65966666666667,41.05,71.003,4.416,70.567,0.0,1.3160000000000003,0.0,507,4,A,58,Sedan,1.0,Pass,NONE,,0.01604,41.05,4.416,0
VH-00509,73.81936363636363,10.904125191425251,98.132,95.46875000000001,37.07493181818182,52.266,38.76478409090909,48.925,1.7913295454545455,4.328,0.29545454545454547,0.3181818181818182,0.3409090909090909,0.22727272727272727,0.22727272727272727,0.745909090909091,66.4350625,69.8028125,89.02050000000001,43.045,71.367,4.328,74.98,1.0450000000000017,1.2280000000000002,1.2832600000000023,508,4,A,59,SUV,1.08,Pass,NONE,,0.05694,43.045,4.328,0
VH-00510,74.96620454545454,10.535150291042964,102.928,93.87060000000001,37.13638636363636,52.59,39.05919318181818,48.973,1.872840909090909,4.354,0.22727272727272727,0.25,0.3409090909090909,0.22727272727272727,0.22727272727272727,0.7495454545454545,67.754125,71.516375,89.18208333333332,43.405,73.92,4.354,71.563,1.4050000000000011,1.254,1.7618700000000014,509,4,A,60,Truck,1.14,Pass,NONE,,0.04924,43.405,4.354,0
VH-00511,74.38484090909091,10.9879575306347,102.59,93.55195,35.463454545454546,51.079,39.20915909090909,48.465,1.8601136363636364,4.013,0.2727272727272727,0.29545454545454547,0.36363636363636365,0.22727272727272727,0.22727272727272727,0.7422727272727272,66.05425,71.2440625,89.68,44.07,72.573,4.013,74.506,2.0700000000000003,0.9129999999999998,1.88991,510,4,A,61,SUV,1.08,Pass,NONE,,0.06883,44.07,4.013,0
VH-00512,73.99434090909091,10.883454265146863,100.952,94.221,36.43027272727273,52.65,38.75565909090909,47.827,1.825159090909091,4.003,0.2727272727272727,0.2727272727272727,0.2727272727272727,0.22727272727272727,0.22727272727272727,0.7513636363636362,65.8085625,71.3484375,88.43658333333333,41.322,65.268,4.003,70.383,0.0,0.903,0.0,511,4,A,62,SUV,1.08,Pass,NONE,,0.01752,41.322,4.003,0
VH-00513,73.31720454545454,10.084050931532737,93.584,92.3726,36.820068181818186,51.915,38.875420454545456,46.626,1.8704204545454546,4.457,0.36363636363636365,0.29545454545454547,0.29545454545454547,0.22727272727272727,0.22727272727272727,0.7422727272727272,65.818,70.652625,86.86891666666668,42.223,68.795,4.457,69.243,0.22299999999999898,1.3569999999999998,0.3026109999999986,512,4,A,63,Sedan,1.0,Pass,NONE,,0.01665,42.223,4.457,0
VH-00514,72.66545454545455,10.794105625465207,95.833,93.4098,36.77035227272727,52.818,38.861875,47.015,1.8220681818181816,3.991,0.38636363636363635,0.3409090909090909,0.2727272727272727,0.22727272727272727,0.22727272727272727,0.744090909090909,65.53087500000001,68.8394375,87.27958333333333,42.613,76.028,3.991,70.122,0.6129999999999995,0.891,0.5461829999999996,513,4,A,64,Compact,0.94,Pass,NONE,,0.01605,42.613,3.991,0
VH-00515,73.34981818181818,11.109126721948615,96.92,92.21470000000001,36.971863636363636,54.376,38.97588636363636,49.196,1.9005681818181819,4.497,0.29545454545454547,0.29545454545454547,0.3181818181818182,0.22727272727272727,0.22727272727272727,0.745909090909091,65.7540625,69.422625,88.71375,42.54,65.907,4.497,70.226,0.5399999999999991,1.3969999999999998,0.7543799999999987,514,4,A,65,Sedan,1.0,Pass,NONE,,0.03328,42.54,4.497,0
VH-00516,73.861,10.776132092904248,96.737,93.5441,36.23375,52.398,38.997625,48.833,1.8500454545454545,4.099,0.29545454545454547,0.3181818181818182,0.36363636363636365,0.22727272727272727,0.22727272727272727,0.745909090909091,67.21525,69.565,88.45,42.443,73.293,4.099,75.767,0.44299999999999784,0.9990000000000001,0.44255699999999787,515,4,A,66,SUV,1.08,Pass,NONE,,0.02287,42.443,4.099,0
VH-00517,73.32811363636364,10.82778640697897,99.99,91.41565,36.02102272727273,48.7,39.032579545454546,50.567,1.8678636363636363,4.171,0.2727272727272727,0.25,0.3181818181818182,0.22727272727272727,0.22727272727272727,0.7513636363636362,65.347875,70.1853125,88.15883333333333,42.282,74.504,4.171,68.894,0.2819999999999965,1.0710000000000002,0.3020219999999963,516,4,A,67,Sedan,1.0,Pass,NONE,,0.01645,42.282,4.171,0
VH-00518,73.83122727272728,10.170755179626045,97.366,93.6737,36.48978409090909,54.442,39.036875,49.266,1.892784090909091,4.693,0.2727272727272727,0.22727272727272727,0.29545454545454547,0.22727272727272727,0.22727272727272727,0.7495454545454545,66.2129375,70.9951875,87.77033333333333,42.236,71.995,4.693,75.623,0.2359999999999971,1.5929999999999995,0.3759479999999953,517,4,A,68,SUV,1.08,Pass,NONE,,0.02475,42.236,4.693,0
VH-00519,73.43311363636363,10.522983627690719,98.013,95.3088,35.84677272727273,51.493,38.84892045454546,48.42,1.88575,4.225,0.25,0.22727272727272727,0.3409090909090909,0.22727272727272727,0.22727272727272727,0.7495454545454545,66.4905625,69.6331875,87.75641666666667,42.918,68.321,4.225,69.542,0.9179999999999993,1.1249999999999996,1.0327499999999987,518,4,A,69,Sedan,1.0,Pass,NONE,,0.03193,42.918,4.225,0
VH-00520,73.87481818181818,10.322532340451243,95.472,93.02255,35.94160227272727,51.443,38.85245454545455,46.626,1.8592613636363637,4.133,0.29545454545454547,0.3409090909090909,0.3409090909090909,0.22727272727272727,0.22727272727272727,0.745909090909091,66.618875,70.675125,87.81566666666667,42.642,69.643,4.133,70.637,0.642000000000003,1.033,0.663186000000003,519,4,A,70,Sedan,1.0,Pass,NONE,,0.02006,42.642,4.133,0
VH-00521,73.00609090909091,9.565285961560537,94.218,92.6562,37.127204545454546,54.668,39.249897727272725,47.948,1.8356931818181819,4.113,0.2727272727272727,0.29545454545454547,0.3409090909090909,0.22727272727272727,0.22727272727272727,0.7477272727272727,65.897625,70.3815625,85.98341666666666,42.016,66.92,4.113,71.056,0.015999999999998238,1.0130000000000003,0.01620799999999822,520,4,A,71,Sedan,1.0,Pass,NONE,,0.01263,42.016,4.113,0
VH-00522,72.98093181818182,10.774257652942369,97.7,90.6929,36.2145,49.039,39.029011363636364,47.689,1.86625,4.078,0.25,0.3409090909090909,0.38636363636363635,0.22727272727272727,0.22727272727272727,0.744090909090909,64.934375,70.5245625,86.98483333333333,40.833,66.676,4.078,73.431,0.0,0.9780000000000002,0.0,521,4,A,72,Compact,0.94,Pass,NONE,,0.01245,40.833,4.078,0
VH-00523,74.17243181818182,9.903934603133754,96.27,93.29180000000001,36.58977272727273,53.251,39.140147727272726,49.231,1.8338522727272726,4.202,0.29545454545454547,0.22727272727272727,0.3409090909090909,0.22727272727272727,0.22727272727272727,0.7495454545454545,67.3374375,70.7155,87.895,41.787,68.67,4.202,72.119,0.0,1.1019999999999999,0.0,522,4,A,73,SUV,1.08,Pass,NONE,,0.01562,41.787,4.202,0
VH-00524,74.62720454545455,11.09020507407754,99.826,95.47075000000001,36.682522727272726,49.029,39.148329545454544,48.258,1.8236931818181816,4.234,0.2727272727272727,0.3181818181818182,0.3409090909090909,0.22727272727272727,0.22727272727272727,0.7477272727272727,67.4055625,70.827375,89.32249999999999,42.912,69.077,4.234,77.12,0.911999999999999,1.134,1.034207999999999,523,4,A,74,Truck,1.14,Pass,NONE,,0.04273,42.912,4.234,0
VH-00525,73.51938636363637,10.840725821439424,97.753,94.1222,35.99581818181818,50.758,39.008125,47.775,1.7877954545454544,4.07,0.29545454545454547,0.29545454545454547,0.3181818181818182,0.22727272727272727,0.22727272727272727,0.7495454545454545,66.5551875,69.5404375,88.11025000000001,42.52,70.822,4.07,72.421,0.5200000000000031,0.9700000000000002,0.5044000000000032,524,4,A,75,SUV,1.08,Pass,NONE,,0.02656,42.52,4.07,0
VH-00526,74.21031818181818,10.50959444877876,94.402,93.3903,36.478818181818184,52.962,38.74702272727273,49.57,1.8779886363636364,4.271,0.38636363636363635,0.22727272727272727,0.29545454545454547,0.22727272727272727,0.22727272727272727,0.745909090909091,66.65925,70.6675625,89.00208333333335,43.222,74.231,4.271,68.271,1.2220000000000013,1.1709999999999998,1.4309620000000014,525,4,B,1,Truck,1.14,Pass,NONE,,0.07276,43.222,4.271,0
VH-00527,74.12409090909091,10.347463823224444,100.334,93.66455,37.13254545454545,51.619,39.23627272727273,51.316,1.8409431818181816,4.065,0.29545454545454547,0.25,0.3409090909090909,0.22727272727272727,0.22727272727272727,0.7495454545454545,67.1630625,70.4338125,88.32583333333334,43.032,72.903,4.065,75.701,1.0319999999999965,0.9650000000000003,0.9958799999999969,526,4,B,2,Sedan,1.0,Pass,NONE,,0.04079,43.032,4.065,0
VH-00528,74.72095454545455,10.251370170371318,97.923,93.4758,36.285318181818184,49.531,38.84078409090909,47.065,1.8092386363636364,3.778,0.29545454545454547,0.25,0.3181818181818182,0.22727272727272727,0.22727272727272727,0.745909090909091,67.42818749999999,71.207875,89.12875000000001,42.196,70.711,3.778,73.366,0.19599999999999795,0.6779999999999999,0.1328879999999986,527,4,B,3,Truck,1.14,Pass,NONE,,0.02253,42.196,3.778,0
VH-00529,73.63965909090909,10.709777052253942,98.004,93.29475,36.329136363636366,53.222,38.97378409090909,50.001,1.8653977272727273,3.707,0.2727272727272727,0.3409090909090909,0.36363636363636365,0.22727272727272727,0.22727272727272727,0.745909090909091,65.1391875,71.4218125,87.93075,42.646,68.618,3.707,65.771,0.6460000000000008,0.6069999999999998,0.3921220000000003,528,4,B,4,Sedan,1.0,Pass,NONE,,0.02129,42.646,3.707,0
VH-00530,75.03995454545453,10.286399198116033,96.282,94.6183,36.110181818181815,48.653,38.74380681818182,51.235,1.903306818181818,4.052,0.2727272727272727,0.22727272727272727,0.3409090909090909,0.22727272727272727,0.22727272727272727,0.7477272727272727,67.4145,72.0571875,89.18425,42.25,70.154,4.052,74.465,0.25,0.9519999999999995,0.23799999999999988,529,4,B,5,Truck,1.14,Pass,NONE,,0.02719,42.25,4.052,0
VH-00531,73.32111363636363,10.634321295004732,97.134,93.13055,36.28398863636364,47.086,38.883647727272724,48.397,1.8059886363636364,3.713,0.3181818181818182,0.25,0.3181818181818182,0.22727272727272727,0.22727272727272727,0.745909090909091,65.612375,70.1090625,87.88216666666666,42.139,66.029,3.713,70.226,0.1390000000000029,0.613,0.08520700000000178,530,4,B,6,Sedan,1.0,Pass,NONE,,0.01829,42.139,3.713,0
VH-00532,73.65247727272727,9.422501125740851,93.891,91.34179999999999,36.61409090909091,51.146,38.673784090909095,46.73,1.8792045454545454,3.979,0.25,0.25,0.36363636363636365,0.22727272727272727,0.22727272727272727,0.744090909090909,66.393625,71.8373125,85.75116666666666,42.609,69.864,3.979,73.07,0.6090000000000018,0.879,0.5353110000000015,531,4,B,7,SUV,1.08,Pass,NONE,,0.02275,42.609,3.979,0
VH-00533,73.84175,10.426535952045738,96.267,93.54935,35.63875,51.853,39.12045454545454,48.007,1.8268522727272727,3.629,0.3409090909090909,0.3409090909090909,0.36363636363636365,0.22727272727272727,0.22727272727272727,0.744090909090909,65.8529375,70.966875,88.32666666666667,42.135,68.314,3.629,69.102,0.134999999999998,0.5289999999999999,0.07141499999999894,532,4,B,8,Sedan,1.0,Pass,NONE,,0.0124,42.135,3.629,0
VH-00534,74.27322727272727,10.454562991464295,96.448,92.95309999999999,35.892340909090905,48.209,38.70078409090909,46.585,1.7976022727272727,3.714,0.29545454545454547,0.3181818181818182,0.4090909090909091,0.22727272727272727,0.22727272727272727,0.744090909090909,66.441625,71.93725,87.83,42.741,69.633,3.714,74.131,0.7409999999999997,0.6139999999999999,0.4549739999999997,533,4,B,9,Truck,1.14,Pass,NONE,,0.023,42.741,3.714,0
VH-00535,73.21615909090909,10.410312961234432,98.856,93.39920000000001,36.206227272727276,50.613,38.99655681818182,50.228,1.8587045454545454,3.772,0.4090909090909091,0.29545454545454547,0.3181818181818182,0.22727272727272727,0.22727272727272727,0.7404545454545454,66.6935625,69.075875,87.43333333333334,43.449,73.04,3.772,68.306,1.448999999999998,0.6719999999999997,0.9737279999999983,534,4,B,10,Compact,0.94,Pass,NONE,,0.03053,43.449,3.772,0
VH-00536,73.69602272727273,10.813899671984695,97.772,92.8246,36.17182954545455,50.65,38.85632954545454,47.434,1.8118181818181818,3.69,0.3181818181818182,0.2727272727272727,0.3181818181818182,0.22727272727272727,0.22727272727272727,0.744090909090909,65.592625,71.119,87.93658333333333,42.979,71.619,3.69,62.628,0.9789999999999992,0.5899999999999999,0.5776099999999994,535,4,B,11,Sedan,1.0,Pass,NONE,,0.03025,42.979,3.69,0
VH-00537,72.44565909090909,10.663808499700636,101.223,90.83615,37.12627272727273,49.969,38.914193181818185,49.347,1.8764545454545454,3.668,0.2727272727272727,0.2727272727272727,0.3181818181818182,0.22727272727272727,0.22727272727272727,0.7495454545454545,65.4325625,68.7548125,86.71758333333332,41.495,72.872,3.668,71.95,0.0,0.5680000000000001,0.0,536,4,B,12,Compact,0.94,Pass,NONE,,0.0174,41.495,3.668,0
VH-00538,72.30829545454546,10.236606424822787,93.917,92.83795,36.49601136363636,52.717,39.24651136363636,49.489,1.8200113636363637,3.805,0.3181818181818182,0.2727272727272727,0.29545454545454547,0.22727272727272727,0.22727272727272727,0.7477272727272727,64.87956249999999,69.2865625,86.24225,42.359,64.099,3.805,67.883,0.35900000000000176,0.7050000000000001,0.2530950000000013,537,4,B,13,Compact,0.94,Pass,NONE,,0.01772,42.359,3.805,0
VH-00539,74.02538636363637,10.295075192505623,97.362,92.66155,35.63702272727273,50.366,39.27701136363636,49.203,1.8730113636363634,3.962,0.3181818181818182,0.29545454545454547,0.38636363636363635,0.22727272727272727,0.22727272727272727,0.7368181818181818,66.3360625,71.2296875,88.00541666666668,43.479,74.751,3.962,68.727,1.4789999999999992,0.8620000000000001,1.2748979999999994,538,4,B,14,Sedan,1.0,Pass,NONE,,0.05096,43.479,3.962,0
VH-00540,73.24472727272727,10.68199368283698,99.733,94.48825000000001,36.564704545454546,49.201,39.03494318181818,47.643,1.8785113636363635,4.218,0.2727272727272727,0.36363636363636365,0.29545454545454547,0.22727272727272727,0.22727272727272727,0.7495454545454545,65.54625,70.327,87.39966666666668,41.818,68.434,4.218,72.172,0.0,1.1179999999999999,0.0,539,4,B,15,Sedan,1.0,Pass,NONE,,0.01919,41.818,4.218,0
VH-00541,73.78372727272728,10.536366258055487,96.81,93.39555,36.34446590909091,51.778,38.996852272727274,48.361,1.7850681818181817,2.34,0.38636363636363635,0.3181818181818182,0.36363636363636365,0.22727272727272727,0.22727272727272727,0.744090909090909,66.480125,70.842375,87.44366666666667,43.327,70.787,2.266,66.721,1.3269999999999982,0.0,0.0,540,4,B,16,Sedan,1.0,Pass,NONE,,0.02379,43.327,3.537,0
VH-00542,73.14547727272726,10.64036963094762,95.502,93.7465,35.22427272727273,48.665,39.28253409090909,49.939,1.7720681818181818,3.682,0.29545454545454547,0.25,0.3409090909090909,0.22727272727272727,0.22727272727272727,0.7477272727272727,65.26575,70.0191875,87.82016666666668,41.669,70.611,3.682,73.445,0.0,0.5819999999999999,0.0,541,4,B,17,Compact,0.94,Pass,NONE,,0.01305,41.669,3.682,0
VH-00543,73.11506818181819,10.627114661021537,96.826,93.17530000000001,36.88481818181818,53.934,39.30942045454545,52.629,1.8102954545454544,4.051,0.2727272727272727,0.2727272727272727,0.36363636363636365,0.22727272727272727,0.22727272727272727,0.745909090909091,65.2340625,70.275375,87.40933333333334,42.094,68.594,4.051,71.248,0.0940000000000012,0.9510000000000001,0.08939400000000114,542,4,B,18,Sedan,1.0,Pass,NONE,,0.0139,42.094,4.051,0
VH-00544,74.34654545454545,10.443926276437102,98.177,92.3315,35.84768181818182,48.725,39.18460227272727,48.157,1.7901590909090908,3.795,0.25,0.20454545454545456,0.3181818181818182,0.22727272727272727,0.22727272727272727,0.7477272727272727,66.6726875,71.482125,88.39758333333333,42.527,70.205,3.795,70.149,0.527000000000001,0.6949999999999998,0.3662650000000006,543,4,B,19,Truck,1.14,Pass,NONE,,0.02522,42.527,3.795,0
VH-00545,73.04593181818183,10.728908764376408,96.211,92.40245,36.83947727272727,53.021,39.02980681818182,47.599,1.7952727272727274,3.743,0.2727272727272727,0.36363636363636365,0.38636363636363635,0.22727272727272727,0.22727272727272727,0.745909090909091,64.9240625,70.000625,87.9355,42.867,65.801,3.743,66.363,0.8669999999999973,0.6429999999999998,0.5574809999999981,544,4,B,20,Compact,0.94,Pass,NONE,,0.02214,42.867,3.743,0
VH-00546,73.64831818181818,10.078427301575884,96.681,93.59285000000001,36.774272727272724,52.585,38.977534090909096,49.324,1.849375,3.33,0.29545454545454547,0.22727272727272727,0.4318181818181818,0.22727272727272727,0.22727272727272727,0.7368181818181818,67.106375,69.8120625,87.48591666666665,40.375,74.159,3.33,70.138,0.0,0.22999999999999998,0.0,545,4,B,21,SUV,1.08,Pass,NONE,,0.01537,42.026,3.33,0
VH-00547,72.79613636363636,10.558622295151494,97.792,96.1013,36.88225,52.72,38.884738636363636,49.093,1.8101818181818181,3.622,0.25,0.25,0.3181818181818182,0.22727272727272727,0.22727272727272727,0.7495454545454545,65.7235625,69.238625,86.96958333333333,40.739,69.97,3.622,65.377,0.0,0.5219999999999998,0.0,546,4,B,22,Sedan,1.0,Pass,NONE,,0.0171,40.739,3.622,0
VH-00548,73.28279545454546,9.841034795229058,97.26,89.78605,36.19409090909091,49.74,39.30380681818182,48.817,1.8305795454545455,3.901,0.22727272727272727,0.29545454545454547,0.2727272727272727,0.22727272727272727,0.22727272727272727,0.7513636363636362,66.465625,69.880125,86.90925,42.831,69.313,3.901,73.729,0.8310000000000031,0.8009999999999997,0.6656310000000022,547,4,B,23,SUV,1.08,Pass,NONE,,0.03365,42.831,3.901,0
VH-00549,73.60429545454545,10.450067026778575,97.123,93.7741,37.37740909090909,54.733,38.94543181818182,48.094,1.8137159090909092,3.492,0.2727272727272727,0.20454545454545456,0.3181818181818182,0.22727272727272727,0.22727272727272727,0.7477272727272727,65.7716875,70.8598125,87.70708333333333,41.379,69.599,3.492,72.866,0.0,0.3919999999999999,0.0,548,4,B,24,Compact,0.94,Pass,NONE,,0.01346,41.379,3.492,0
VH-00550,73.26270454545455,10.319783289548026,94.401,92.5077,36.59502272727273,50.435,38.80017045454545,49.974,1.8538636363636363,3.757,0.22727272727272727,0.2727272727272727,0.3409090909090909,0.22727272727272727,0.22727272727272727,0.7495454545454545,66.15356249999999,69.8998125,87.22541666666666,41.913,68.924,3.757,70.252,0.0,0.657,0.0,549,4,B,25,Sedan,1.0,Fail,PAINT_ENVIRONMENT_VARIATION,ST-45,0.01573,41.913,3.757,1
VH-00551,74.75147727272727,10.399379904341428,99.614,93.7406,36.40210227272728,49.82,38.85848863636364,48.766,1.8188068181818182,3.413,0.3181818181818182,0.2727272727272727,0.3181818181818182,0.22727272727272727,0.22727272727272727,0.7404545454545454,68.09406249999999,70.6318125,89.12091666666667,41.328,71.871,3.413,70.658,0.0,0.3129999999999997,0.0,550,4,B,26,Truck,1.14,Pass,NONE,,0.021,41.328,3.413,0
VH-00552,73.03406818181817,10.409579763646,93.901,91.75545,36.726738636363635,48.503,38.93382954545455,47.988,1.7839659090909092,3.883,0.25,0.2727272727272727,0.36363636363636365,0.22727272727272727,0.22727272727272727,0.744090909090909,65.2469375,70.26231250000001,87.11258333333335,41.666,68.585,3.883,71.297,0.0,0.7829999999999999,0.0,551,4,B,27,Sedan,1.0,Pass,NONE,,0.01766,41.666,3.883,0
VH-00553,73.48109090909091,11.23577615501025,99.232,96.8211,35.7145,51.516,38.61272727272728,47.722,1.819556818181818,3.38,0.22727272727272727,0.29545454545454547,0.3181818181818182,0.22727272727272727,0.22727272727272727,0.7477272727272727,65.5501875,69.8046875,88.9575,42.701,69.906,3.38,67.497,0.7010000000000005,0.2799999999999998,0.19628,552,4,B,28,Sedan,1.0,Pass,NONE,,0.01848,42.701,3.38,0
VH-00554,73.56993181818183,10.406392204610269,97.644,90.43,35.97434090909091,49.525,39.07339772727273,48.609,1.807090909090909,3.962,0.2727272727272727,0.3181818181818182,0.29545454545454547,0.22727272727272727,0.22727272727272727,0.7477272727272727,66.2204375,70.6680625,87.23841666666668,40.882,68.701,3.962,72.117,0.0,0.8620000000000001,0.0,553,4,B,29,Sedan,1.0,Pass,NONE,,0.01598,40.882,3.962,0
VH-00555,73.64204545454545,10.960769127134787,97.053,94.57685,35.878113636363636,51.176,38.939693181818186,49.581,1.8574318181818184,3.569,0.3409090909090909,0.36363636363636365,0.38636363636363635,0.22727272727272727,0.22727272727272727,0.7386363636363636,65.922875,70.3358125,88.34258333333332,43.07,74.541,3.569,71.491,1.0700000000000003,0.46899999999999986,0.50183,554,4,B,30,Sedan,1.0,Pass,NONE,,0.02612,43.07,3.569,0
VH-00556,74.07668181818181,10.075070709597162,94.229,91.89675000000001,36.816568181818184,52.992,38.695750000000004,47.398,1.812852272727273,3.333,0.25,0.3409090909090909,0.3409090909090909,0.22727272727272727,0.22727272727272727,0.744090909090909,66.557875,71.138625,88.01916666666666,40.727,69.699,3.333,70.407,0.0,0.2330000000000001,0.0,555,4,B,31,Truck,1.14,Pass,NONE,,0.01667,40.727,3.333,0
VH-00557,73.14056818181818,9.528367334701716,95.28,91.91545,35.899,49.962,38.86869318181818,49.159,1.8075909090909088,3.378,0.29545454545454547,0.29545454545454547,0.3409090909090909,0.22727272727272727,0.22727272727272727,0.7477272727272727,66.00625,70.624625,86.00758333333333,41.4,68.989,3.378,65.441,0.0,0.278,0.0,556,4,B,32,Sedan,1.0,Pass,NONE,,0.01432,41.4,3.378,0
VH-00558,72.38554545454545,10.739726377906678,95.387,93.7281,36.53792045454546,49.288,38.90751136363636,47.151,1.827943181818182,3.259,0.3409090909090909,0.3181818181818182,0.4318181818181818,0.22727272727272727,0.22727272727272727,0.7422727272727272,64.447,69.474875,86.85116666666666,42.346,67.617,3.259,67.105,0.34599999999999653,0.1589999999999998,0.05501399999999938,557,4,B,33,Compact,0.94,Pass,NONE,,0.01754,42.346,3.259,0
VH-00559,72.84311363636363,10.836623195862822,97.292,92.86210000000001,36.48431818181818,51.911,39.117647727272725,49.596,1.8382045454545455,3.365,0.29545454545454547,0.38636363636363635,0.3409090909090909,0.22727272727272727,0.22727272727272727,0.744090909090909,64.9851875,70.3160625,86.68975,39.794,71.012,3.365,64.807,0.0,0.2650000000000001,0.0,558,4,B,34,Sedan,1.0,Pass,NONE,,0.01886,39.794,3.365,0
VH-00560,73.62188636363636,10.34467570774523,95.656,92.95615,36.57011363636364,50.287,38.98836363636364,48.272,1.8373409090909092,3.425,0.22727272727272727,0.29545454545454547,0.3409090909090909,0.22727272727272727,0.22727272727272727,0.7495454545454545,66.1435625,70.4048125,87.88241666666666,41.939,67.89,3.425,70.241,0.0,0.32499999999999973,0.0,559,4,B,35,Sedan,1.0,Pass,NONE,,0.01098,41.939,3.425,0
VH-00561,73.32415909090909,10.252981004845827,95.868,91.27905,35.84947727272727,48.1,39.23382954545454,47.959,1.8297272727272726,3.313,0.2727272727272727,0.2727272727272727,0.3181818181818182,0.22727272727272727,0.22727272727272727,0.744090909090909,66.654,69.93675,86.73424999999999,42.766,70.222,3.313,68.129,0.7659999999999982,0.21300000000000008,0.1631579999999997,560,4,B,36,SUV,1.08,Pass,NONE,,0.01751,42.766,3.313,0
VH-00562,73.20520454545455,10.698348550191014,95.103,92.6347,36.827977272727274,51.325,38.99873863636364,49.985,1.7688636363636363,3.723,0.22727272727272727,0.29545454545454547,0.25,0.22727272727272727,0.22727272727272727,0.755,65.37587500000001,69.85875,88.10625,42.338,70.827,3.723,66.298,0.33800000000000097,0.6229999999999998,0.21057400000000054,561,4,B,37,Compact,0.94,Pass,NONE,,0.0225,42.338,3.723,0
VH-00563,73.11165909090909,10.027940890780378,93.953,92.4305,36.53213636363636,50.602,38.99885227272727,48.888,1.8152954545454547,2.981,0.29545454545454547,0.22727272727272727,0.29545454545454547,0.22727272727272727,0.22727272727272727,0.7495454545454545,65.91275,70.163,86.64175,41.978,73.353,2.981,64.982,0.0,0.0,0.0,562,4,B,38,Sedan,1.0,Pass,NONE,,0.02036,41.978,2.981,0
VH-00564,73.45365909090908,10.057742337502473,95.127,93.13365,35.64063636363637,50.492,39.12826136363636,48.456,1.7883295454545454,3.468,0.3181818181818182,0.29545454545454547,0.29545454545454547,0.22727272727272727,0.22727272727272727,0.7477272727272727,65.9405,71.1305,86.56875000000001,40.68,65.626,3.468,72.154,0.0,0.3679999999999999,0.0,563,4,B,39,Sedan,1.0,Pass,NONE,,0.02003,40.68,3.468,0
VH-00565,72.70529545454545,10.838561248336068,95.048,92.38170000000001,36.423477272727276,51.83,38.837125,46.317,1.8085568181818181,3.477,0.2727272727272727,0.2727272727272727,0.36363636363636365,0.22727272727272727,0.22727272727272727,0.745909090909091,64.7704375,68.9729375,88.26158333333335,41.546,66.823,3.477,67.914,0.0,0.3769999999999998,0.0,564,4,B,40,Sedan,1.0,Pass,NONE,,0.01733,41.546,3.477,0
VH-00566,74.04840909090909,10.792742023549541,96.978,95.3896,36.186204545454544,48.503,39.046136363636364,50.106,1.8333977272727273,3.641,0.25,0.25,0.3409090909090909,0.22727272727272727,0.22727272727272727,0.7477272727272727,66.6620625,70.4436875,88.70316666666668,42.406,75.698,3.641,73.949,0.4059999999999988,0.5409999999999999,0.21964599999999931,565,4,B,41,SUV,1.08,Pass,NONE,,0.02469,42.406,3.641,0
VH-00567,73.2236590909091,10.386732901613016,98.06,94.39845,35.98610227272727,50.83,38.99559090909091,47.477,1.8602840909090907,3.599,0.3409090909090909,0.22727272727272727,0.3181818181818182,0.22727272727272727,0.22727272727272727,0.7495454545454545,65.45400000000001,70.7125,86.93141666666666,41.12,69.805,3.599,64.105,0.0,0.4990000000000001,0.0,566,4,B,42,Compact,0.94,Pass,NONE,,0.01575,41.12,3.599,0
VH-00568,73.91754545454545,10.491791321667657,94.645,93.41145,36.61390909090909,52.127,39.06703409090909,49.408,1.8131477272727272,3.424,0.36363636363636365,0.36363636363636365,0.25,0.22727272727272727,0.22727272727272727,0.7422727272727272,65.92325,71.208,88.18933333333332,41.231,69.282,3.424,65.554,0.0,0.32399999999999984,0.0,567,4,B,43,Truck,1.14,Pass,NONE,,0.01525,41.231,3.424,0
VH-00569,73.82070454545455,10.084586570902417,95.024,91.9184,36.69629545454546,51.589,38.76997727272727,47.145,1.8236590909090908,3.345,0.3409090909090909,0.29545454545454547,0.3181818181818182,0.22727272727272727,0.22727272727272727,0.7477272727272727,67.1951875,70.812125,86.66616666666665,43.047,76.577,3.345,71.91,1.046999999999997,0.2450000000000001,0.2565149999999994,568,4,B,44,Sedan,1.0,Pass,NONE,,0.01906,43.047,3.345,0
VH-00570,74.00084090909091,10.31648969491388,98.752,93.89315,36.037318181818186,47.97,38.79328409090909,49.84,1.799034090909091,3.452,0.3409090909090909,0.29545454545454547,0.3181818181818182,0.22727272727272727,0.22727272727272727,0.7477272727272727,66.897,70.6940625,87.88166666666666,39.845,70.242,3.452,66.126,0.0,0.35199999999999987,0.0,569,4,B,45,SUV,1.08,Pass,NONE,,0.01498,39.845,3.452,0
VH-00571,73.04545454545455,10.57016767694894,96.358,93.1114,36.369181818181815,50.232,39.10275,47.994,1.8354204545454544,3.159,0.29545454545454547,0.3409090909090909,0.3181818181818182,0.22727272727272727,0.22727272727272727,0.745909090909091,65.9500625,69.40531250000001,87.35950000000001,41.741,67.865,3.159,63.091,0.0,0.05899999999999972,0.0,570,4,B,46,Compact,0.94,Pass,NONE,,0.01598,41.741,3.159,0
VH-00572,73.3183409090909,10.505707952287304,98.679,92.4839,36.37893181818182,54.381,39.002511363636366,48.049,1.83375,2.655,0.2727272727272727,0.3181818181818182,0.3409090909090909,0.22727272727272727,0.22727272727272727,0.744090909090909,65.7996875,70.1199375,87.60775000000001,39.245,71.094,2.655,68.464,0.0,0.0,0.0,571,4,B,47,SUV,1.08,Pass,NONE,,0.01643,39.245,2.655,0
VH-00573,74.10945454545454,10.635359965818603,97.03,94.48615,36.09770454545455,48.119,38.83842045454546,48.407,1.821568181818182,3.457,0.29545454545454547,0.3181818181818182,0.3409090909090909,0.22727272727272727,0.22727272727272727,0.744090909090909,66.62375,70.236625,89.25416666666666,40.445,69.118,3.457,70.503,0.0,0.35699999999999976,0.0,572,4,B,48,Truck,1.14,Pass,NONE,,0.01744,40.445,3.457,0
VH-00574,74.62686363636364,10.340214611579906,99.544,94.24334999999999,37.79875,54.736,39.06076136363636,46.844,1.8025681818181818,3.25,0.2727272727272727,0.3409090909090909,0.29545454545454547,0.22727272727272727,0.22727272727272727,0.7422727272727272,67.4845625,71.152125,88.78291666666667,41.028,68.016,3.25,74.346,0.0,0.1499999999999999,0.0,573,4,B,49,SUV,1.08,Pass,NONE,,0.01639,41.028,3.25,0
VH-00575,73.60238636363637,10.617049027698515,98.49,93.70215,37.175295454545456,52.364,39.030795454545455,48.413,1.8014886363636364,2.976,0.22727272727272727,0.25,0.4090909090909091,0.22727272727272727,0.22727272727272727,0.7440909090909091,66.0433125,70.3300625,88.04424999999999,40.899,75.302,2.976,68.656,0.0,0.0,0.0,574,4,B,50,SUV,1.08,Pass,NONE,,0.01706,40.899,2.976,0
VH-00576,72.76159090909091,10.905522877152725,95.14,94.0386,36.11739772727273,50.816,39.06198863636364,49.455,1.810284090909091,3.123,0.3409090909090909,0.38636363636363635,0.3409090909090909,0.22727272727272727,0.22727272727272727,0.7404545454545454,65.28075,69.3911875,87.22991666666667,40.375,68.719,3.123,70.263,0.0,0.02300000000000013,0.0,575,4,B,51,Compact,0.94,Pass,NONE,,0.01567,40.568,3.123,0
VH-00577,73.86627272727273,9.93581379109592,93.219,92.06575,36.10693181818181,54.058,38.91073863636364,48.373,1.831431818181818,3.421,0.2727272727272727,0.4090909090909091,0.3181818181818182,0.22727272727272727,0.22727272727272727,0.7422727272727272,66.9635,70.6945,87.29899999999999,40.375,74.106,3.421,69.745,0.0,0.32099999999999973,0.0,576,4,B,52,Compact,0.94,Pass,NONE,,0.01865,39.1,3.421,0
VH-00578,74.26311363636364,11.120680266577113,98.08,94.6624,36.25081818181818,49.901,39.12492045454545,50.103,1.8556136363636364,3.083,0.3181818181818182,0.29545454545454547,0.3181818181818182,0.22727272727272727,0.22727272727272727,0.745909090909091,67.3755,70.156625,88.92191666666668,40.309,71.701,3.083,69.091,0.0,0.0,0.0,577,4,B,53,Truck,1.14,Pass,NONE,,0.01873,40.309,3.083,0
VH-00579,72.96227272727273,10.307381201169179,94.838,91.20005,36.493249999999996,50.068,39.19943181818182,49.275,1.8409204545454545,2.962,0.29545454545454547,0.3181818181818182,0.3181818181818182,0.22727272727272727,0.22727272727272727,0.745909090909091,65.0271875,70.7605,86.47808333333334,42.582,70.371,2.962,64.951,0.5820000000000007,0.0,0.0,578,4,B,54,Sedan,1.0,Pass,NONE,,0.01741,42.582,2.962,0
VH-00580,73.53481818181818,10.342792952544132,94.425,92.27965,37.00097727272727,51.734,38.930443181818184,47.498,1.8175454545454544,2.266,0.22727272727272727,0.3181818181818182,0.36363636363636365,0.22727272727272727,0.22727272727272727,0.7477272727272727,65.746125,70.91918749999999,87.40724999999999,39.556,73.219,2.266,65.051,0.0,0.0,0.0,579,4,B,55,Sedan,1.0,Pass,NONE,,0.01442,39.556,3.076,0
VH-00581,73.03427272727272,10.432771453595628,94.413,91.56835,35.63970454545454,49.236,39.11875,49.525,1.8073863636363638,3.203,0.2727272727272727,0.3181818181818182,0.3409090909090909,0.22727272727272727,0.22727272727272727,0.745909090909091,66.1918125,69.6141875,86.71766666666667,41.036,74.919,3.203,68.411,0.0,0.10299999999999976,0.0,580,4,B,56,Compact,0.94,Pass,NONE,,0.01374,41.036,3.203,0
VH-00582,72.24374999999999,9.831225342079398,96.433,91.18505,36.54420454545454,52.261,39.195465909090906,48.479,1.812284090909091,3.123,0.25,0.29545454545454547,0.25,0.22727272727272727,0.22727272727272727,0.7513636363636362,65.4739375,69.072,85.49916666666667,40.394,67.504,3.123,61.621,0.0,0.02300000000000013,0.0,581,4,B,57,Compact,0.94,Pass,NONE,,0.01327,40.394,3.123,0
VH-00583,72.56518181818181,9.970660240956562,93.891,90.1578,35.843011363636364,49.88,39.061738636363636,47.272,1.8051363636363638,2.931,0.29545454545454547,0.29545454545454547,0.36363636363636365,0.22727272727272727,0.22727272727272727,0.745909090909091,65.4930625,69.805375,85.67441666666667,39.349,69.247,2.931,64.317,0.0,0.0,0.0,582,4,B,58,SUV,1.08,Pass,NONE,,0.02361,39.349,2.931,0
VH-00584,73.51950000000001,10.720888017497472,98.207,95.4426,35.409386363636365,53.407,38.976079545454546,47.996,1.8149090909090908,2.956,0.3181818181818182,0.29545454545454547,0.2727272727272727,0.22727272727272727,0.22727272727272727,0.7477272727272727,65.88725,70.49487500000001,87.72866666666665,40.028,71.66,2.956,63.572,0.0,0.0,0.0,583,4,B,59,Sedan,1.0,Pass,NONE,,0.01575,40.028,2.956,0
VH-00585,73.45459090909091,10.414124994935861,96.689,93.69295,35.58302272727273,51.298,39.021465909090914,48.488,1.8205568181818181,3.351,0.2727272727272727,0.36363636363636365,0.3181818181818182,0.22727272727272727,0.22727272727272727,0.7386363636363636,65.748375,70.39225,87.81266666666666,40.099,69.068,3.351,65.609,0.0,0.2509999999999999,0.0,584,4,B,60,Sedan,1.0,Pass,NONE,,0.01748,40.099,3.351,0
VH-00586,72.86079545454545,11.303993037201286,97.878,95.6378,36.01913636363636,51.156,39.05246590909091,49.052,1.8569090909090908,2.656,0.3181818181818182,0.2727272727272727,0.3409090909090909,0.22727272727272727,0.22727272727272727,0.7422727272727272,64.5218125,70.4340625,87.21508333333333,40.736,71.019,2.656,63.866,0.0,0.0,0.0,585,4,B,61,Sedan,1.0,Pass,NONE,,0.01625,40.736,2.656,0
VH-00587,72.8515,10.547896709771095,95.696,93.73485,36.835874999999994,52.419,38.59126136363636,48.672,1.8395909090909088,2.615,0.2727272727272727,0.2727272727272727,0.3181818181818182,0.22727272727272727,0.22727272727272727,0.7495454545454545,66.086875,69.17099999999999,86.77833333333332,39.373,66.849,2.615,63.039,0.0,0.0,0.0,586,4,B,62,Sedan,1.0,Pass,NONE,,0.01233,39.373,2.615,0
VH-00588,74.48004545454545,10.701393421451082,97.633,94.34535,37.11243181818182,50.215,39.03626136363636,49.565,1.8036931818181818,3.007,0.29545454545454547,0.2727272727272727,0.36363636363636365,0.22727272727272727,0.22727272727272727,0.745909090909091,66.5403125,71.6011875,88.90483333333333,40.991,64.569,3.007,63.312,0.0,0.0,0.0,587,4,B,63,Truck,1.14,Pass,NONE,,0.02036,40.991,3.007,0
VH-00589,72.68113636363636,10.989815694734299,97.216,90.97064999999999,35.856227272727274,54.29,38.703511363636366,46.418,1.8111704545454546,2.722,0.25,0.3181818181818182,0.36363636363636365,0.22727272727272727,0.22727272727272727,0.744090909090909,65.3579375,68.6596875,87.80733333333332,41.043,66.094,2.722,63.907,0.0,0.0,0.0,588,4,B,64,Compact,0.94,Pass,NONE,,0.01074,41.043,2.722,0
VH-00590,72.84261363636364,9.483451896356486,95.486,88.5903,35.54270454545454,46.453,39.14271590909091,48.294,1.8159772727272725,2.553,0.22727272727272727,0.3181818181818182,0.3181818181818182,0.22727272727272727,0.22727272727272727,0.7495454545454545,66.035875,70.4176875,85.1515,40.685,73.967,2.553,67.576,0.0,0.0,0.0,589,4,B,65,Compact,0.94,Pass,NONE,,0.01743,40.685,2.553,0
VH-00591,73.59763636363635,10.71850559718035,100.562,90.27825,36.879931818181824,52.03,38.90601136363636,48.3,1.8008068181818182,2.674,0.22727272727272727,0.3181818181818182,0.36363636363636365,0.22727272727272727,0.22727272727272727,0.745909090909091,66.249875,70.1218125,88.02908333333333,40.639,70.555,2.674,70.882,0.0,0.0,0.0,590,4,B,66,SUV,1.08,Pass,NONE,,0.02231,40.639,2.674,0
VH-00592,73.10193181818182,10.60777700535051,98.595,92.6083,36.025045454545456,50.064,38.86153409090909,48.132,1.8349886363636363,2.673,0.25,0.3181818181818182,0.4090909090909091,0.22727272727272727,0.22727272727272727,0.745909090909091,66.48675,68.9238125,87.493,39.923,72.818,2.673,65.508,0.0,0.0,0.0,591,4,B,67,SUV,1.08,Pass,NONE,,0.02284,39.923,2.673,0
VH-00593,74.44347727272726,10.827409717264699,98.59,95.40275,36.42629545454545,51.322,38.915124999999996,48.785,1.8657954545454545,2.817,0.2727272727272727,0.2727272727272727,0.36363636363636365,0.22727272727272727,0.22727272727272727,0.7477272727272727,66.40825,71.994125,88.42291666666667,41.155,75.823,2.817,68.101,0.0,0.0,0.0,592,4,B,68,SUV,1.08,Fail,LOW_CONFIDENCE_MULTI_CAUSAL,ST-45,0.02329,41.155,2.817,1
VH-00594,73.07027272727272,10.459014975105038,94.219,93.1579,36.62372727272727,51.085,38.74307954545455,47.117,1.8463295454545454,3.107,0.3181818181818182,0.3181818181818182,0.36363636363636365,0.22727272727272727,0.22727272727272727,0.745909090909091,65.9388125,69.618375,87.18141666666666,41.068,73.634,3.107,66.188,0.0,0.007000000000000117,0.0,593,4,B,69,Sedan,1.0,Pass,NONE,,0.01348,41.068,3.107,0
VH-00595,72.76981818181818,10.703248355593836,94.002,92.95445,36.26443181818182,52.132,39.20873863636364,49.16,1.798625,3.177,0.25,0.25,0.3409090909090909,0.22727272727272727,0.22727272727272727,0.7513636363636362,65.5115,69.342,87.01799999999999,40.302,72.459,3.177,68.713,0.0,0.07699999999999996,0.0,594,4,B,70,Sedan,1.0,Pass,NONE,,0.0127,40.302,3.177,0
VH-00596,73.4645,11.04309884782305,98.529,93.46905,37.25848863636364,55.474,38.753795454545454,49.39,1.8086022727272726,3.006,0.3181818181818182,0.2727272727272727,0.29545454545454547,0.22727272727272727,0.22727272727272727,0.7477272727272727,65.356875,69.8505625,89.09325,39.177,71.944,3.006,61.136,0.0,0.0,0.0,595,4,B,71,Compact,0.94,Pass,NONE,,0.01164,39.177,3.006,0
VH-00597,73.33561363636363,10.206781129881163,97.175,90.83035,36.43509090909091,51.399,38.85503409090909,46.317,1.7722159090909089,2.51,0.29545454545454547,0.29545454545454547,0.3181818181818182,0.22727272727272727,0.22727272727272727,0.7495454545454545,66.158625,69.9406875,87.43149999999999,41.437,70.276,2.51,67.874,0.0,0.0,0.0,596,4,B,72,Sedan,1.0,Pass,NONE,,0.01326,41.437,2.51,0
VH-00598,73.91275,10.130010282886952,95.88,94.2364,36.55672727272727,54.564,39.18176136363636,48.553,1.828340909090909,2.662,0.25,0.29545454545454547,0.38636363636363635,0.22727272727272727,0.22727272727272727,0.745909090909091,66.60068749999999,71.0451875,87.48558333333334,40.366,70.768,2.662,67.51,0.0,0.0,0.0,597,4,B,73,Sedan,1.0,Pass,NONE,,0.0113,40.366,2.662,0
VH-00599,74.22872727272727,10.225665451396793,96.239,92.69955,36.713795454545455,48.295,38.92653409090909,47.742,1.8111249999999999,2.71,0.29545454545454547,0.2727272727272727,0.3181818181818182,0.22727272727272727,0.22727272727272727,0.745909090909091,66.327875,71.6435,88.21016666666667,40.383,68.767,2.71,64.055,0.0,0.0,0.0,598,4,B,74,SUV,1.08,Pass,NONE,,0.01815,40.383,2.71,0
VH-00600,74.29154545454546,10.82750400160917,97.843,94.0724,36.56802272727273,56.542,39.068965909090906,46.416,1.8258522727272726,2.504,0.3181818181818182,0.29545454545454547,0.29545454545454547,0.22727272727272727,0.22727272727272727,0.7440909090909091,67.0214375,70.5386875,88.98883333333333,41.084,74.062,2.504,68.705,0.0,0.0,0.0,599,4,B,75,Truck,1.14,Pass,NONE,,0.02436,41.084,2.504,0
VH-00601,71.68334090909092,10.578659472254289,94.006,92.17115,36.21247727272727,50.696,38.990556818181815,48.84,1.8312840909090908,2.65,0.29545454545454547,0.3181818181818182,0.25,0.22727272727272727,0.22727272727272727,0.7495454545454545,64.61631249999999,67.9190625,86.12508333333334,40.016,65.876,2.65,63.883,0.0,0.0,0.0,600,5,A,1,Compact,0.94,Pass,NONE,,0.01628,40.016,2.65,0
VH-00602,73.20224999999999,10.937483674140642,99.361,95.34255,36.01322727272727,48.504,39.062988636363634,48.817,1.8482727272727273,2.941,0.2727272727272727,0.2727272727272727,0.3409090909090909,0.22727272727272727,0.22727272727272727,0.7495454545454545,65.1684375,70.3269375,87.74775,39.762,70.082,2.941,63.57,0.0,0.0,0.0,601,5,A,2,Sedan,1.0,Pass,NONE,,0.01977,39.762,2.941,0
VH-00603,72.42002272727272,9.712785238668395,93.378,88.9674,36.736613636363636,51.818,39.18203409090909,50.209,1.8088863636363635,2.814,0.2727272727272727,0.3181818181818182,0.3181818181818182,0.22727272727272727,0.22727272727272727,0.745909090909091,65.8370625,69.1970625,85.49458333333332,40.908,71.197,2.814,65.415,0.0,0.0,0.0,602,5,A,3,Compact,0.94,Pass,NONE,,0.01289,40.908,2.814,0
VH-00604,72.5070909090909,10.642984608975635,96.847,93.74075,36.16677272727273,53.641,39.00168181818182,49.749,1.8445340909090908,2.554,0.3181818181818182,0.29545454545454547,0.36363636363636365,0.22727272727272727,0.22727272727272727,0.7386363636363636,64.391375,69.674,87.1055,39.216,67.955,2.554,66.489,0.0,0.0,0.0,603,5,A,4,Sedan,1.0,Pass,NONE,,0.01668,39.216,2.554,0
VH-00605,73.14675,10.029229980702105,93.027,91.22855,36.44206818181818,50.938,39.12584090909091,48.277,1.8024545454545453,2.817,0.3181818181818182,0.2727272727272727,0.3181818181818182,0.22727272727272727,0.22727272727272727,0.744090909090909,66.26056249999999,70.081375,86.4155,39.138,72.597,2.243,68.699,0.0,0.0,0.0,604,5,A,5,Compact,0.94,Pass,NONE,,0.01116,39.138,2.243,0
VH-00606,72.43145454545454,10.723614958985772,96.806,91.44725,36.491704545454546,53.138,39.13819318181818,47.742,1.8004772727272729,2.906,0.3181818181818182,0.29545454545454547,0.36363636363636365,0.22727272727272727,0.22727272727272727,0.7422727272727272,64.8129375,69.214125,86.87925,40.716,67.423,2.906,66.28,0.0,0.0,0.0,605,5,A,6,Sedan,1.0,Pass,NONE,,0.01629,40.716,2.906,0
VH-00607,72.8161590909091,10.762209931143717,95.033,92.819,36.46931818181818,52.596,38.95346590909091,48.639,1.8077954545454544,2.453,0.2727272727272727,0.25,0.36363636363636365,0.22727272727272727,0.22727272727272727,0.744090909090909,65.46362500000001,69.3436875,87.2495,39.824,71.305,2.178,69.537,0.0,0.0,0.0,606,5,A,7,Compact,0.94,Pass,NONE,,0.01566,39.824,2.178,0
VH-00608,74.83622727272727,10.050296017539441,97.568,93.57045,36.74618181818182,52.844,38.89614772727273,48.235,1.8879204545454547,2.864,0.2727272727272727,0.29545454545454547,0.2727272727272727,0.22727272727272727,0.22727272727272727,0.7495454545454545,67.2745625,72.3685625,88.20866666666666,39.32,70.466,2.864,67.353,0.0,0.0,0.0,607,5,A,8,SUV,1.08,Pass,NONE,,0.02108,39.32,2.864,0
VH-00609,72.46390909090908,10.469460146492048,94.434,92.09415000000001,36.38792045454546,48.369,39.01902272727273,48.063,1.8189204545454545,2.562,0.3181818181818182,0.3181818181818182,0.3181818181818182,0.22727272727272727,0.22727272727272727,0.7422727272727272,64.8098125,69.4836875,86.64300000000001,39.283,71.54,2.562,64.718,0.0,0.0,0.0,608,5,A,9,Compact,0.94,Pass,NONE,,0.01567,39.283,2.562,0
VH-00610,72.74552272727273,9.971817355505689,92.032,91.38319999999999,36.60004545454546,49.56,38.91321590909091,48.028,1.7703295454545454,2.601,0.2727272727272727,0.29545454545454547,0.3409090909090909,0.22727272727272727,0.22727272727272727,0.7477272727272727,65.919125,69.8291875,85.73583333333333,39.928,69.968,2.601,63.306,0.0,0.0,0.0,609,5,A,10,Compact,0.94,Pass,NONE,,0.01821,39.928,2.601,0
VH-00611,72.80565909090909,10.806138754802983,95.156,93.5373,36.72692045454546,53.072,38.82603409090909,48.105,1.7721022727272726,2.599,0.29545454545454547,0.29545454545454547,0.36363636363636365,0.22727272727272727,0.22727272727272727,0.744090909090909,64.673125,70.138875,87.20474999999999,39.761,65.37,2.599,63.918,0.0,0.0,0.0,610,5,A,11,Compact,0.94,Pass,NONE,,0.01393,39.761,2.599,0
VH-00612,73.56486363636363,11.14713859329747,94.946,93.40515,36.95102272727273,54.365,39.007965909090906,49.222,1.7859886363636364,2.775,0.29545454545454547,0.22727272727272727,0.38636363636363635,0.22727272727272727,0.22727272727272727,0.744090909090909,65.22175,70.3494375,88.97625,38.151,68.722,2.775,65.065,0.0,0.0,0.0,611,5,A,12,SUV,1.08,Pass,NONE,,0.02067,38.151,2.775,0
VH-00613,73.94668181818182,9.952777417133913,96.506,92.76835,36.504,48.844,39.001920454545456,48.535,1.8339772727272725,2.648,0.2727272727272727,0.22727272727272727,0.3181818181818182,0.22727272727272727,0.22727272727272727,0.7513636363636362,66.75325000000001,71.6663125,86.57841666666667,38.847,70.052,2.218,68.992,0.0,0.0,0.0,612,5,A,13,SUV,1.08,Pass,NONE,,0.0138,38.847,2.218,0
VH-00614,73.1118409090909,10.724602181472545,93.079,92.2402,36.829,49.377,38.92965909090909,49.175,1.7885795454545457,2.59,0.25,0.2727272727272727,0.38636363636363635,0.22727272727272727,0.22727272727272727,0.744090909090909,64.8403125,70.9201875,87.06275,38.874,68.675,2.48,63.123,0.0,0.0,0.0,613,5,A,14,Sedan,1.0,Pass,NONE,,0.01551,38.874,2.48,0
VH-00615,73.46988636363636,10.25362792566364,96.895,93.9686,37.57627272727273,51.289,39.000454545454545,50.48,1.8130113636363634,2.477,0.3181818181818182,0.29545454545454547,0.2727272727272727,0.22727272727272727,0.22727272727272727,0.744090909090909,66.1566875,70.2190625,87.55525,39.884,68.977,2.203,67.885,0.0,0.0,0.0,614,5,A,15,SUV,1.08,Pass,NONE,,0.0189,39.884,2.203,0
VH-00616,73.41343181818182,10.833822779540881,99.453,94.65125,35.863454545454545,49.474,39.25242045454545,48.351,1.851715909090909,2.413,0.2727272727272727,0.29545454545454547,0.2727272727272727,0.22727272727272727,0.22727272727272727,0.745909090909091,66.17075,69.9175,87.73158333333333,40.53,72.638,2.408,73.825,0.0,0.0,0.0,615,5,A,16,Sedan,1.0,Pass,NONE,,0.019,40.53,2.408,0
VH-00617,73.16577272727272,10.377572740947544,94.096,92.5094,36.90475,51.659,38.86980681818182,48.046,1.7876136363636363,2.595,0.29545454545454547,0.3181818181818182,0.29545454545454547,0.22727272727272727,0.22727272727272727,0.7477272727272727,66.00574999999999,69.7243125,87.30108333333334,37.457,71.636,2.422,66.862,0.0,0.0,0.0,616,5,A,17,Compact,0.94,Pass,NONE,,0.01402,37.457,2.422,0
VH-00618,72.50352272727274,10.979616349650744,97.954,93.54815,36.15793181818182,51.724,38.99453409090909,48.929,1.8288522727272727,2.481,0.25,0.2727272727272727,0.3181818181818182,0.22727272727272727,0.22727272727272727,0.7495454545454545,64.3815,69.6350625,87.15749999999998,40.767,71.23,2.481,63.878,0.0,0.0,0.0,617,5,A,18,Sedan,1.0,Pass,NONE,,0.02125,40.767,2.481,0
VH-00619,73.92411363636364,10.25253125005226,97.525,92.25030000000001,36.82125,54.104,38.98972727272727,49.467,1.8085227272727273,2.734,0.25,0.3181818181818182,0.38636363636363635,0.22727272727272727,0.22727272727272727,0.7422727272727272,66.3965,70.9746875,87.8935,38.717,64.925,2.32,65.18,0.0,0.0,0.0,618,5,A,19,Sedan,1.0,Pass,NONE,,0.01766,38.717,2.32,0
VH-00620,73.73486363636363,10.369607887881509,97.451,94.72120000000001,35.80131818181818,50.457,38.759556818181814,49.719,1.8571363636363636,2.765,0.29545454545454547,0.29545454545454547,0.36363636363636365,0.22727272727272727,0.22727272727272727,0.7495454545454545,67.2636875,69.5654375,87.92233333333333,39.3,71.396,2.765,68.096,0.0,0.0,0.0,619,5,A,20,Sedan,1.0,Pass,NONE,,0.01226,39.3,2.765,0
VH-00621,72.16090909090909,10.404541908086328,93.499,92.01085,36.19711363636364,50.419,38.54448863636364,47.232,1.8707840909090907,2.476,0.2727272727272727,0.2727272727272727,0.29545454545454547,0.22727272727272727,0.22727272727272727,0.7495454545454545,64.8883125,68.48625,86.75725,38.792,72.543,2.276,61.719,0.0,0.0,0.0,620,5,A,21,Compact,0.94,Pass,NONE,,0.01741,38.792,2.276,0
VH-00622,72.64084090909091,9.818631534315747,94.403,88.75575,36.13731818181818,54.291,39.14485227272727,49.083,1.8502613636363636,2.703,0.25,0.29545454545454547,0.36363636363636365,0.22727272727272727,0.22727272727272727,0.745909090909091,66.00512499999999,69.3536875,85.87133333333333,39.844,70.25,2.703,67.97,0.0,0.0,0.0,621,5,A,22,Compact,0.94,Pass,NONE,,0.01365,39.844,2.703,0
VH-00623,74.72813636363637,10.049260587379827,96.85,94.6786,37.23284090909091,53.001,38.93296590909091,48.401,1.771215909090909,2.687,0.2727272727272727,0.29545454545454547,0.3409090909090909,0.22727272727272727,0.22727272727272727,0.745909090909091,68.0080625,71.562625,87.90891666666666,38.7,71.782,2.687,67.285,0.0,0.0,0.0,622,5,A,23,Truck,1.14,Pass,NONE,,0.01798,38.7,2.687,0
VH-00624,73.95836363636364,10.242118369844333,95.045,92.29289999999999,37.31790909090909,55.792,38.72718181818181,47.404,1.8497727272727273,2.732,0.2727272727272727,0.3409090909090909,0.2727272727272727,0.22727272727272727,0.22727272727272727,0.7513636363636362,66.8804375,70.7173125,87.717,39.227,71.699,2.439,64.082,0.0,0.0,0.0,623,5,A,24,SUV,1.08,Pass,NONE,,0.01862,39.227,2.439,0
VH-00625,72.86690909090909,9.668853691750309,93.502,89.07995,36.45427272727273,49.407,38.804261363636364,49.613,1.7716704545454542,2.373,0.25,0.2727272727272727,0.29545454545454547,0.22727272727272727,0.22727272727272727,0.7531818181818182,66.633,69.0284375,86.29674999999999,39.588,69.031,2.373,67.011,0.0,0.0,0.0,624,5,A,25,Sedan,1.0,Pass,NONE,,0.0153,39.588,2.373,0
VH-00626,73.8966590909091,9.831256230366737,94.069,93.40684999999999,35.653977272727275,51.511,39.08652272727273,49.154,1.8253522727272726,2.824,0.29545454545454547,0.3181818181818182,0.29545454545454547,0.22727272727272727,0.22727272727272727,0.745909090909091,67.6711875,70.39574999999999,86.86516666666667,40.309,73.669,2.64,68.972,0.0,0.0,0.0,625,5,A,26,SUV,1.08,Pass,NONE,,0.02084,40.309,2.64,0
VH-00627,72.0734090909091,10.307376580308276,93.228,89.97385,36.04477272727273,50.635,38.81203409090909,48.811,1.846306818181818,2.546,0.2727272727272727,0.3181818181818182,0.29545454545454547,0.22727272727272727,0.22727272727272727,0.7513636363636362,65.0311875,68.7760625,85.85950000000001,39.789,70.602,2.546,68.065,0.0,0.0,0.0,626,5,A,27,Compact,0.94,Pass,NONE,,0.01453,39.789,2.546,0
VH-00628,72.85804545454545,9.775751290832408,94.391,90.2133,35.394375,51.588,38.66895454545455,47.971,1.7699204545454543,2.27,0.29545454545454547,0.29545454545454547,0.36363636363636365,0.22727272727272727,0.22727272727272727,0.744090909090909,65.7915,70.0155625,86.07008333333333,38.596,68.036,2.27,69.081,0.0,0.0,0.0,627,5,A,28,Compact,0.94,Pass,NONE,,0.01246,38.596,2.27,0
VH-00629,73.09795454545454,10.263740840668053,93.195,91.81845,36.064159090909094,49.733,38.89573863636363,49.36,1.8290340909090907,2.574,0.2727272727272727,0.25,0.3409090909090909,0.22727272727272727,0.22727272727272727,0.7495454545454545,65.42699999999999,70.323875,87.02466666666668,38.778,74.068,2.322,69.111,0.0,0.0,0.0,628,5,A,29,Compact,0.94,Pass,NONE,,0.01143,38.778,2.322,0
VH-00630,74.01263636363636,9.683092517471001,94.682,90.95585,36.61938636363636,49.991,38.86646590909091,47.912,1.7342613636363637,2.686,0.29545454545454547,0.3181818181818182,0.3181818181818182,0.22727272727272727,0.22727272727272727,0.7477272727272727,67.5384375,70.72975,87.02208333333334,39.322,73.04,1.99,64.212,0.0,0.0,0.0,629,5,A,30,SUV,1.08,Pass,NONE,,0.01791,39.322,1.99,0
VH-00631,72.54604545454545,10.787370233565989,96.443,93.70995,35.286897727272724,51.832,38.81918181818182,47.681,1.8111704545454543,2.663,0.2727272727272727,0.36363636363636365,0.3409090909090909,0.22727272727272727,0.22727272727272727,0.7422727272727272,65.46075,68.3671875,87.56491666666666,39.728,68.343,2.508,62.106,0.0,0.0,0.0,630,5,A,31,Compact,0.94,Pass,NONE,,0.01681,39.728,2.508,0
VH-00632,72.52868181818182,11.090860129315214,97.055,92.9002,36.36063636363636,55.343,38.775124999999996,48.513,1.7418636363636362,2.265,0.25,0.3409090909090909,0.3409090909090909,0.22727272727272727,0.22727272727272727,0.7495454545454545,64.427375,69.2009375,87.76741666666668,39.837,70.615,2.265,64.026,0.0,0.0,0.0,631,5,A,32,Compact,0.94,Pass,NONE,,0.01622,39.837,2.265,0
VH-00633,73.27972727272727,10.397625340172045,94.451,91.42150000000001,35.94040909090909,51.054,38.79953409090909,47.101,1.7860227272727272,2.775,0.3181818181818182,0.29545454545454547,0.3181818181818182,0.22727272727272727,0.22727272727272727,0.7477272727272727,65.8000625,69.80075,87.89125,39.075,69.971,2.404,67.22,0.0,0.0,0.0,632,5,A,33,Sedan,1.0,Pass,NONE,,0.01638,39.075,2.404,0
VH-00634,73.40611363636364,10.03393388090241,96.613,91.9345,36.01997727272727,51.238,39.007999999999996,48.834,1.7222613636363635,2.387,0.29545454545454547,0.3181818181818182,0.36363636363636365,0.22727272727272727,0.22727272727272727,0.744090909090909,65.9275625,70.7125,86.969,40.238,73.752,2.107,64.675,0.0,0.0,0.0,633,5,A,34,Compact,0.94,Pass,NONE,,0.01668,40.238,2.107,0
VH-00635,72.5829090909091,10.095790363379713,94.851,90.64695,36.079511363636364,52.737,38.77254545454545,48.361,1.829715909090909,2.388,0.29545454545454547,0.3409090909090909,0.36363636363636365,0.22727272727272727,0.22727272727272727,0.745909090909091,65.0785625,69.9335,86.12124999999999,38.775,72.989,2.263,64.971,0.0,0.0,0.0,634,5,A,35,Compact,0.94,Pass,NONE,,0.01582,38.775,2.263,0
VH-00636,75.02406818181818,10.079383278470608,96.479,94.8945,36.55053409090909,51.464,39.18597727272727,48.577,1.853568181818182,2.771,0.3181818181818182,0.3409090909090909,0.3409090909090909,0.22727272727272727,0.22727272727272727,0.7422727272727272,68.68424999999999,71.481125,88.20108333333333,40.91,75.026,2.337,66.688,0.0,0.0,0.0,635,5,A,36,Truck,1.14,Pass,NONE,,0.01878,40.91,2.337,0
VH-00637,73.66663636363636,10.611934681227876,98.63,90.98179999999999,37.443636363636365,53.365,38.81497727272727,50.197,1.817431818181818,2.382,0.3181818181818182,0.3181818181818182,0.3181818181818182,0.22727272727272727,0.22727272727272727,0.7440909090909091,66.2048125,70.362,88.02191666666666,38.649,66.787,2.346,62.651,0.0,0.0,0.0,636,5,A,37,Compact,0.94,Pass,NONE,,0.0135,38.649,2.346,0
VH-00638,73.05563636363637,10.23889654095212,98.116,92.8366,36.53777272727273,50.146,39.17032954545454,48.079,1.7857272727272728,2.512,0.22727272727272727,0.29545454545454547,0.3181818181818182,0.22727272727272727,0.22727272727272727,0.7495454545454545,66.00874999999999,70.104375,86.3865,39.756,69.61,2.277,71.521,0.0,0.0,0.0,637,5,A,38,Compact,0.94,Pass,NONE,,0.01341,39.756,2.277,0
VH-00639,73.68070454545455,11.047181329609879,102.08,94.37655000000001,35.947272727272725,49.392,39.183125,48.47,1.7893181818181818,2.673,0.25,0.3181818181818182,0.3409090909090909,0.22727272727272727,0.22727272727272727,0.7477272727272727,65.6615,70.490375,88.62675,40.013,73.679,2.141,64.14,0.0,0.0,0.0,638,5,A,39,SUV,1.08,Pass,NONE,,0.01635,40.013,2.141,0
VH-00640,73.15715909090909,10.276560577337285,94.079,91.7957,36.02143181818182,49.328,39.008238636363636,48.26,1.8302500000000002,2.648,0.29545454545454547,0.2727272727272727,0.3181818181818182,0.22727272727272727,0.22727272727272727,0.744090909090909,65.6045625,70.291625,87.048,39.084,72.276,2.648,64.272,0.0,0.0,0.0,639,5,A,40,Sedan,1.0,Pass,NONE,,0.01515,39.084,2.648,0
VH-00641,73.45365909090908,10.844244178886363,96.073,91.61819999999999,35.97745454545455,49.42,39.024102272727276,49.17,1.7772613636363637,2.308,0.2727272727272727,0.29545454545454547,0.29545454545454547,0.22727272727272727,0.22727272727272727,0.7495454545454545,65.496625,70.18825,88.41691666666667,39.705,69.127,2.134,62.804,0.0,0.0,0.0,640,5,A,41,Sedan,1.0,Pass,NONE,,0.01633,39.705,2.134,0
VH-00642,74.13461363636362,10.593959628707927,96.871,95.1362,36.68772727272727,50.31,38.719125,47.116,1.7948068181818184,2.614,0.2727272727272727,0.20454545454545456,0.3181818181818182,0.22727272727272727,0.22727272727272727,0.7513636363636362,67.4229375,70.4621875,87.98008333333333,39.601,71.749,2.266,67.108,0.0,0.0,0.0,641,5,A,42,Truck,1.14,Pass,NONE,,0.02042,39.601,1.894,0
VH-00643,72.28034090909091,10.74072603094297,96.664,92.4783,36.905727272727276,52.372,38.99805681818182,50.139,1.8942727272727273,2.407,0.29545454545454547,0.25,0.38636363636363635,0.22727272727272727,0.22727272727272727,0.744090909090909,65.4793125,68.3906875,86.53458333333333,40.608,72.202,2.241,64.174,0.0,0.0,0.0,642,5,A,43,Compact,0.94,Pass,NONE,,0.01863,40.608,2.241,0
VH-00644,73.90447727272728,10.931754533720463,98.367,96.11874999999999,36.50840909090909,50.966,38.864363636363635,48.81,1.7637272727272728,2.27,0.29545454545454547,0.29545454545454547,0.36363636363636365,0.22727272727272727,0.22727272727272727,0.7477272727272727,65.9838125,70.153125,89.46716666666667,39.257,71.583,2.27,66.929,0.0,0.0,0.0,643,5,A,44,SUV,1.08,Pass,NONE,,0.01592,39.257,2.27,0
VH-00645,74.51788636363636,10.461646493687283,96.904,94.38745,36.32781818181818,49.913,39.13879545454545,50.292,1.7975,2.846,0.29545454545454547,0.3181818181818182,0.3409090909090909,0.22727272727272727,0.22727272727272727,0.744090909090909,67.142375,71.0365625,88.99366666666667,39.247,65.559,2.221,70.39,0.0,0.0,0.0,644,5,A,45,Truck,1.14,Pass,NONE,,0.01783,39.247,2.221,0
VH-00646,72.66779545454546,10.30441256707713,94.407,90.20295,36.606,50.139,38.640761363636365,47.262,1.79,2.618,0.3181818181818182,0.29545454545454547,0.3409090909090909,0.22727272727272727,0.22727272727272727,0.7477272727272727,65.1696875,69.48162500000001,86.9135,39.921,73.987,2.289,63.035,0.0,0.0,0.0,645,5,A,46,Compact,0.94,Pass,NONE,,0.01393,39.921,2.289,0
VH-00647,74.07745454545454,9.969487795511993,98.077,91.52885,35.92870454545454,49.243,39.11639772727273,49.474,1.8404545454545456,2.402,0.22727272727272727,0.25,0.2727272727272727,0.22727272727272727,0.22727272727272727,0.7531818181818182,67.255375,71.0905625,87.15608333333334,40.232,76.673,2.18,67.103,0.0,0.0,0.0,646,5,A,47,SUV,1.08,Pass,NONE,,0.02902,40.232,2.18,0
VH-00648,73.89443181818181,11.595925345704416,104.191,93.10255,36.849590909090914,55.454,38.831840909090914,47.547,1.7473636363636365,2.454,0.29545454545454547,0.29545454545454547,0.29545454545454547,0.22727272727272727,0.22727272727272727,0.7477272727272727,64.837125,71.3645625,89.344,39.064,68.425,2.178,66.056,0.0,0.0,0.0,647,5,A,48,SUV,1.08,Pass,NONE,,0.01963,39.064,2.178,0
VH-00649,72.71454545454546,10.539347291149834,94.668,92.25540000000001,36.184625,49.129,38.74723863636364,48.366,1.7474886363636364,2.36,0.25,0.3181818181818182,0.38636363636363635,0.22727272727272727,0.22727272727272727,0.745909090909091,65.82575,69.192125,86.59616666666666,39.525,73.412,2.266,68.646,0.0,0.0,0.0,648,5,A,49,Compact,0.94,Pass,NONE,,0.01524,39.525,2.11,0
VH-00650,73.93504545454545,10.346871853883016,95.864,93.4597,36.02472727272727,51.713,38.995011363636365,48.533,1.8434772727272728,2.378,0.3181818181818182,0.38636363636363635,0.36363636363636365,0.22727272727272727,0.22727272727272727,0.7422727272727272,66.0398125,71.03993750000001,88.32216666666666,39.076,72.757,2.331,65.746,0.0,0.0,0.0,649,5,A,50,SUV,1.08,Pass,NONE,,0.01764,39.076,2.331,0
VH-00651,74.15445454545454,10.38849162776827,97.309,94.0967,36.075545454545455,52.598,38.59792045454546,47.994,1.7951818181818182,2.348,0.2727272727272727,0.25,0.36363636363636365,0.22727272727272727,0.22727272727272727,0.745909090909091,66.402375,71.07025,88.60283333333332,39.636,68.081,2.142,62.008,0.0,0.0,0.0,650,5,A,51,SUV,1.08,Pass,NONE,,0.01528,39.636,2.142,0
VH-00652,72.87345454545454,10.411845142766753,96.271,90.9255,35.348738636363635,48.594,38.74810227272727,48.747,1.8321136363636363,2.641,0.29545454545454547,0.3181818181818182,0.3181818181818182,0.22727272727272727,0.22727272727272727,0.7477272727272727,64.9596875,70.11631249999999,87.10133333333333,39.809,69.892,1.924,67.474,0.0,0.0,0.0,651,5,A,52,Sedan,1.0,Pass,NONE,,0.01552,39.809,1.924,0
VH-00653,73.0835909090909,10.239686037878997,98.308,91.29860000000001,36.56523863636364,51.313,38.79481818181818,48.598,1.7961136363636363,2.661,0.2727272727272727,0.3409090909090909,0.3409090909090909,0.22727272727272727,0.22727272727272727,0.7422727272727272,66.15025,69.619375,86.947,40.375,71.134,1.993,69.993,0.0,0.0,0.0,652,5,A,53,Sedan,1.0,Pass,NONE,,0.01684,38.883,1.993,0
VH-00654,72.39654545454545,10.878414520795662,95.27,92.56710000000001,36.05847727272727,50.248,39.14873863636364,48.379,1.8180227272727272,2.498,0.29545454545454547,0.3181818181818182,0.3409090909090909,0.22727272727272727,0.22727272727272727,0.7477272727272727,64.096875,69.969875,86.69833333333334,39.345,66.194,1.915,68.511,0.0,0.0,0.0,653,5,A,54,Compact,0.94,Pass,NONE,,0.01161,39.345,1.915,0
VH-00655,73.45995454545454,10.447842180586571,95.798,95.12245,36.56725,51.575,38.924170454545454,48.437,1.8310227272727273,2.407,0.3181818181818182,0.20454545454545456,0.3409090909090909,0.22727272727272727,0.22727272727272727,0.744090909090909,66.2058125,70.063125,87.66125,39.712,70.987,2.387,65.96,0.0,0.0,0.0,654,5,A,55,Sedan,1.0,Pass,NONE,,0.01548,39.712,2.387,0
VH-00656,72.66370454545455,9.9082664843367,96.805,90.96785,36.352647727272725,49.841,39.134738636363636,48.884,1.798784090909091,2.538,0.3181818181818182,0.3181818181818182,0.3409090909090909,0.22727272727272727,0.22727272727272727,0.744090909090909,65.0635625,70.78025,85.3085,38.98,72.282,2.266,64.68,0.0,0.0,0.0,655,5,A,56,Compact,0.94,Pass,NONE,,0.01376,38.98,2.239,0
VH-00657,73.82711363636363,9.889404676078925,97.446,92.70360000000001,36.57820454545455,52.285,38.771511363636364,48.177,1.797806818181818,2.315,0.2727272727272727,0.2727272727272727,0.29545454545454547,0.22727272727272727,0.22727272727272727,0.7495454545454545,67.0091875,70.3448125,87.56075,40.375,69.75,2.091,65.019,0.0,0.0,0.0,656,5,A,57,Compact,0.94,Pass,NONE,,0.01312,39.35,2.091,0
VH-00658,72.99861363636363,10.420628346041392,94.122,92.97279999999999,36.62384090909091,53.436,38.90628409090909,47.252,1.7882045454545454,2.392,0.25,0.2727272727272727,0.3181818181818182,0.22727272727272727,0.22727272727272727,0.7495454545454545,66.9300625,68.4104375,87.20758333333333,38.951,72.655,2.238,70.287,0.0,0.0,0.0,657,5,A,58,Compact,0.94,Pass,NONE,,0.01487,38.951,2.238,0
VH-00659,73.23672727272728,10.090297071625665,96.585,91.1492,36.31690909090909,50.135,38.93784090909091,49.567,1.7945,2.266,0.3409090909090909,0.25,0.3409090909090909,0.22727272727272727,0.22727272727272727,0.744090909090909,66.679125,69.411375,87.08066666666667,39.74,74.419,1.959,63.843,0.0,0.0,0.0,658,5,A,59,Sedan,1.0,Pass,NONE,,0.01878,39.74,1.959,0
VH-00660,72.69890909090908,10.865201649084307,95.714,93.82255,36.55890909090909,49.883,39.26878409090909,48.54,1.7506022727272728,2.294,0.3409090909090909,0.22727272727272727,0.29545454545454547,0.22727272727272727,0.22727272727272727,0.745909090909091,64.6095625,69.8046875,87.34366666666666,39.525,71.838,1.901,63.57,0.0,0.0,0.0,659,5,A,60,Compact,0.94,Pass,NONE,,0.01856,39.525,1.901,0
VH-00661,73.16075,11.080713485811794,100.828,93.24155,36.594249999999995,55.183,38.745965909090906,47.629,1.7652386363636365,2.449,0.2727272727272727,0.36363636363636365,0.29545454545454547,0.22727272727272727,0.22727272727272727,0.7495454545454545,65.381,69.63675,88.23241666666667,40.375,75.178,1.893,62.66,0.0,0.0,0.0,660,5,A,61,Compact,0.94,Pass,NONE,,0.01402,39.507,1.893,0
VH-00662,71.93593181818181,10.241912415436667,96.592,91.70565,36.93693181818182,48.776,38.82253409090909,48.483,1.7890681818181817,2.355,0.25,0.25,0.3181818181818182,0.22727272727272727,0.22727272727272727,0.7495454545454545,65.1114375,68.2548125,85.94341666666666,39.0,68.057,2.216,65.229,0.0,0.0,0.0,661,5,A,62,Compact,0.94,Pass,NONE,,0.01262,39.0,2.216,0
VH-00663,73.59918181818182,9.956782464026258,96.919,91.51074999999999,35.90479545454545,50.967,38.97332954545454,47.8,1.7885795454545452,2.502,0.3181818181818182,0.3181818181818182,0.38636363636363635,0.22727272727272727,0.22727272727272727,0.7404545454545454,66.2079375,71.4294375,86.34716666666667,39.389,73.845,2.241,64.849,0.0,0.0,0.0,662,5,A,63,Sedan,1.0,Pass,NONE,,0.02174,39.389,2.241,0
VH-00664,72.88990909090909,10.53344146332578,98.503,92.46875,36.493272727272725,54.204,38.99419318181818,50.39,1.8141590909090908,2.241,0.2727272727272727,0.29545454545454547,0.25,0.22727272727272727,0.22727272727272727,0.7513636363636362,65.2704375,70.2419375,86.57983333333334,39.682,67.705,2.194,65.238,0.0,0.0,0.0,663,5,A,64,Compact,0.94,Pass,NONE,,0.01487,39.682,2.194,0
VH-00665,72.84336363636363,10.867102170570757,95.513,93.22445,36.75422727272727,49.38,38.88517045454545,49.33,1.769375,2.501,0.36363636363636365,0.29545454545454547,0.3409090909090909,0.22727272727272727,0.22727272727272727,0.7422727272727272,64.0154375,70.713375,87.45391666666667,39.67,63.726,2.077,64.559,0.0,0.0,0.0,664,5,A,65,Compact,0.94,Pass,NONE,,0.01308,39.67,2.077,0
VH-00666,74.12543181818181,10.670260979345173,99.045,93.71365,36.87893181818182,54.242,38.90421590909091,49.046,1.838590909090909,2.42,0.25,0.2727272727272727,0.3181818181818182,0.22727272727272727,0.22727272727272727,0.7495454545454545,66.090125,71.28999999999999,88.61975,40.085,69.852,1.988,61.629,0.0,0.0,0.0,665,5,A,66,SUV,1.08,Pass,NONE,,0.02471,40.085,1.988,0
VH-00667,73.57306818181819,10.92932323145256,96.0,93.66865,36.72477272727272,49.664,38.991375,49.881,1.8517045454545453,2.326,0.3409090909090909,0.29545454545454547,0.36363636363636365,0.22727272727272727,0.22727272727272727,0.745909090909091,65.6374375,69.969125,88.95916666666666,38.991,69.903,2.267,67.382,0.0,0.0,0.0,666,5,A,67,Sedan,1.0,Fail,LOW_CONFIDENCE_MULTI_CAUSAL,ST-45,0.01485,38.991,2.267,1
VH-00668,74.59559090909092,10.247353571732631,95.73,92.53869999999999,35.565295454545456,48.296,38.82789772727273,49.113,1.7868068181818182,2.374,0.25,0.29545454545454547,0.2727272727272727,0.22727272727272727,0.22727272727272727,0.7513636363636362,67.3883125,71.71375,88.04775000000001,39.23,70.218,2.046,65.335,0.0,0.0,0.0,667,5,A,68,Truck,1.14,Pass,NONE,,0.0151,39.23,2.046,0
VH-00669,72.19163636363636,10.4250989668849,94.752,93.5086,36.945249999999994,50.751,38.993249999999996,47.471,1.803568181818182,2.375,0.25,0.36363636363636365,0.3181818181818182,0.22727272727272727,0.22727272727272727,0.7477272727272727,64.826125,68.8209375,86.50658333333332,40.148,66.902,1.832,66.034,0.0,0.0,0.0,668,5,A,69,Compact,0.94,Pass,NONE,,0.01478,40.148,1.832,0
VH-00670,73.5001590909091,10.014496952251752,96.391,91.87950000000001,36.162704545454545,49.199,38.86630681818182,49.275,1.7759431818181817,2.606,0.2727272727272727,0.29545454545454547,0.38636363636363635,0.22727272727272727,0.22727272727272727,0.7477272727272727,66.743,69.627625,87.67308333333334,39.177,74.125,2.131,63.645,0.0,0.0,0.0,669,5,A,70,SUV,1.08,Pass,NONE,,0.01659,39.177,2.131,0
VH-00671,72.42356818181818,9.919306355619758,93.06,91.56025,36.23645454545454,50.876,38.97321590909091,47.621,1.8137045454545453,2.525,0.29545454545454547,0.25,0.3409090909090909,0.22727272727272727,0.22727272727272727,0.7477272727272727,65.0160625,70.19200000000001,85.27566666666667,41.161,67.307,2.266,66.854,0.0,0.0,0.0,670,5,A,71,Compact,0.94,Pass,NONE,,0.01403,41.161,2.266,0
VH-00672,73.83525,10.36438939321492,99.032,93.94275,36.339954545454546,52.246,38.892022727272725,47.49,1.8110113636363636,2.504,0.3181818181818182,0.29545454545454547,0.36363636363636365,0.22727272727272727,0.22727272727272727,0.745909090909091,67.532875,70.03031250000001,87.31166666666667,39.643,71.674,2.504,66.216,0.0,0.0,0.0,671,5,A,72,Sedan,1.0,Pass,NONE,,0.01755,39.643,2.504,0
VH-00673,73.73825000000001,10.275568006990131,97.025,94.3168,35.90204545454546,49.888,39.19201136363636,49.731,1.814534090909091,2.476,0.3181818181818182,0.2727272727272727,0.3181818181818182,0.22727272727272727,0.22727272727272727,0.745909090909091,66.349375,70.7185,87.61641666666667,38.553,67.05,2.316,59.928,0.0,0.0,0.0,672,5,A,73,SUV,1.08,Pass,NONE,,0.01548,38.553,2.316,0
VH-00674,73.3816590909091,10.757405507517664,100.887,94.6897,35.76352272727273,51.384,39.15103409090909,48.768,1.7919772727272727,2.474,0.29545454545454547,0.3181818181818182,0.29545454545454547,0.22727272727272727,0.22727272727272727,0.7422727272727272,65.97862500000001,69.7433125,88.1035,41.035,68.495,2.094,66.671,0.0,0.0,0.0,673,5,A,74,Sedan,1.0,Pass,NONE,,0.01155,41.035,2.094,0
VH-00675,73.07847727272727,10.212262502407391,97.012,92.31725,36.37888636363636,51.781,39.065125,47.831,1.763875,2.435,0.25,0.25,0.3181818181818182,0.22727272727272727,0.22727272727272727,0.7495454545454545,65.7216875,70.163375,86.77433333333333,39.786,69.698,2.351,67.337,0.0,0.0,0.0,674,5,A,75,Compact,0.94,Pass,NONE,,0.01252,39.786,2.351,0
VH-00676,72.54886363636363,11.231427254228159,98.983,94.30720000000001,35.86445454545455,50.022,38.989875,49.522,1.8709431818181819,2.547,0.3181818181818182,0.29545454545454547,0.3409090909090909,0.22727272727272727,0.22727272727272727,0.744090909090909,65.1978125,68.4185,87.85741666666667,40.87,68.26,1.927,66.012,0.0,0.0,0.0,675,5,B,1,Compact,0.94,Pass,NONE,,0.01205,40.87,1.927,0
VH-00677,73.27436363636365,10.284492231964812,98.24,90.5714,36.7795,48.067,39.16732954545454,51.401,1.8223409090909088,2.508,0.29545454545454547,0.2727272727272727,0.3409090909090909,0.22727272727272727,0.22727272727272727,0.7495454545454545,65.3071875,70.5494375,87.5305,40.349,68.717,2.103,66.048,0.0,0.0,0.0,676,5,B,2,Sedan,1.0,Pass,NONE,,0.01098,40.349,2.103,0
VH-00678,72.85072727272727,10.072396436320492,97.526,90.6545,36.43538636363636,50.105,38.66819318181818,46.974,1.7639886363636363,2.33,0.29545454545454547,0.2727272727272727,0.29545454545454547,0.22727272727272727,0.22727272727272727,0.7513636363636362,65.83825,70.18,85.76166666666667,39.483,72.196,2.087,66.3,0.0,0.0,0.0,677,5,B,3,Sedan,1.0,Pass,NONE,,0.01272,39.483,2.087,0
VH-00679,73.73968181818181,9.296937089452808,99.327,91.49715,36.53540909090909,51.917,39.027522727272725,47.542,1.8395795454545456,2.613,0.25,0.3181818181818182,0.29545454545454547,0.22727272727272727,0.22727272727272727,0.7477272727272727,67.7886875,69.718875,87.03541666666666,39.793,73.431,2.119,67.455,0.0,0.0,0.0,678,5,B,4,SUV,1.08,Pass,NONE,,0.01992,39.793,2.119,0
VH-00680,73.58027272727273,10.865842966183093,96.242,92.5534,35.38338636363636,51.624,38.918125,49.024,1.7545,2.362,0.2727272727272727,0.29545454545454547,0.36363636363636365,0.22727272727272727,0.22727272727272727,0.745909090909091,65.66,70.255375,88.57383333333333,40.558,68.401,1.809,67.23,0.0,0.0,0.0,679,5,B,5,Truck,1.14,Pass,NONE,,0.02115,40.558,1.809,0
VH-00681,73.42693181818181,10.530577179785976,97.018,94.38210000000001,36.74918181818182,50.148,39.10694318181818,48.477,1.7676022727272729,2.337,0.29545454545454547,0.2727272727272727,0.2727272727272727,0.22727272727272727,0.22727272727272727,0.7495454545454545,65.95775,69.952,88.01908333333334,39.388,70.744,2.077,65.385,0.0,0.0,0.0,680,5,B,6,Sedan,1.0,Pass,NONE,,0.01381,39.388,2.077,0
VH-00682,73.72545454545455,10.419341456792498,99.062,93.58030000000001,35.89959090909091,48.512,39.05218181818182,47.284,1.796693181818182,2.405,0.25,0.2727272727272727,0.3409090909090909,0.22727272727272727,0.22727272727272727,0.7495454545454545,67.255,69.845125,87.5265,40.635,72.34,2.405,70.826,0.0,0.0,0.0,681,5,B,7,SUV,1.08,Pass,NONE,,0.02281,40.635,2.405,0
VH-00683,73.32406818181818,10.262221590473828,96.313,91.0155,36.35759090909091,50.339,38.51048863636364,47.207,1.8654545454545455,2.833,0.2727272727272727,0.3409090909090909,0.2727272727272727,0.22727272727272727,0.22727272727272727,0.7477272727272727,66.207125,70.2799375,86.87216666666666,41.207,70.663,2.107,68.656,0.0,0.0,0.0,682,5,B,8,Sedan,1.0,Pass,NONE,,0.0114,41.207,2.107,0
VH-00684,74.52990909090909,10.162166553511648,97.098,94.2016,35.96215909090909,50.502,39.375875,49.833,1.7554318181818183,2.44,0.25,0.3181818181818182,0.29545454545454547,0.22727272727272727,0.22727272727272727,0.7513636363636362,67.42675,71.073375,88.60950000000001,40.818,72.923,2.021,70.216,0.0,0.0,0.0,683,5,B,9,SUV,1.08,Pass,NONE,,0.01245,40.818,2.021,0
VH-00685,74.82736363636364,10.836376677312414,101.352,92.9179,36.05386363636364,49.519,39.07029545454546,49.406,1.7965795454545452,2.52,0.29545454545454547,0.20454545454545456,0.29545454545454547,0.22727272727272727,0.22727272727272727,0.7531818181818182,67.259125,71.4001875,89.48791666666666,40.265,68.114,2.121,68.278,0.0,0.0,0.0,684,5,B,10,Truck,1.14,Pass,NONE,,0.0248,40.265,2.121,0
VH-00686,73.42702272727273,10.081988463173547,95.129,93.28359999999999,37.483852272727276,53.928,38.94225,48.074,1.7579431818181817,2.594,0.2727272727272727,0.29545454545454547,0.3181818181818182,0.22727272727272727,0.22727272727272727,0.7440909090909091,66.3619375,70.420875,86.85533333333332,40.795,73.277,2.034,64.8,0.0,0.0,0.0,685,5,B,11,Sedan,1.0,Pass,NONE,,0.01662,40.795,2.034,0
VH-00687,73.8996590909091,10.71823875444829,97.005,93.1904,36.63868181818182,49.963,38.91053409090909,48.121,1.754181818181818,2.171,0.3181818181818182,0.3409090909090909,0.29545454545454547,0.22727272727272727,0.22727272727272727,0.744090909090909,66.2140625,70.78212500000001,88.30383333333333,40.375,71.532,2.141,67.041,0.0,0.0,0.0,686,5,B,12,Sedan,1.0,Pass,NONE,,0.0152,40.782,2.141,0
VH-00688,72.19502272727273,10.39683677629691,96.255,90.0039,36.35788636363637,49.509,39.098136363636364,47.674,1.7287613636363637,2.257,0.3181818181818182,0.25,0.38636363636363635,0.22727272727272727,0.22727272727272727,0.745909090909091,64.466125,69.09168749999999,86.63799999999999,40.893,70.008,2.257,61.472,0.0,0.0,0.0,687,5,B,13,Compact,0.94,Pass,NONE,,0.01419,40.893,2.257,0
VH-00689,73.47970454545454,9.85406506031913,96.564,91.5663,36.74970454545455,53.417,39.237170454545456,50.466,1.7519772727272729,2.456,0.25,0.3409090909090909,0.3181818181818182,0.22727272727272727,0.22727272727272727,0.7495454545454545,66.886875,70.94875,85.64475,41.505,75.399,2.204,71.557,0.0,0.0,0.0,688,5,B,14,SUV,1.08,Pass,NONE,,0.01803,41.505,2.204,0
VH-00690,73.1521590909091,10.54324181852379,94.707,92.75874999999999,36.31495454545455,51.32,39.14607954545455,49.342,1.7191704545454547,2.228,0.25,0.2727272727272727,0.29545454545454547,0.22727272727272727,0.22727272727272727,0.7477272727272727,65.4041875,70.5914375,86.89708333333333,40.209,72.22,2.06,66.099,0.0,0.0,0.0,689,5,B,15,Compact,0.94,Pass,NONE,,0.01472,40.209,2.06,0
VH-00691,73.75352272727274,9.585063356995146,92.727,90.58375,35.627204545454546,51.427,39.2640909090909,49.089,1.759125,2.534,0.3181818181818182,0.18181818181818182,0.3409090909090909,0.22727272727272727,0.22727272727272727,0.7477272727272727,66.6195625,70.6920625,87.34741666666667,40.073,69.268,2.01,67.04,0.0,0.0,0.0,690,5,B,16,Sedan,1.0,Pass,NONE,,0.01776,40.073,2.01,0
VH-00692,73.04497727272728,10.228843012362857,95.018,93.67760000000001,36.693,51.533,38.579772727272726,47.897,1.8558636363636365,2.521,0.2727272727272727,0.2727272727272727,0.3409090909090909,0.22727272727272727,0.22727272727272727,0.745909090909091,65.5104375,70.1953125,86.89058333333334,38.433,69.196,2.299,65.871,0.0,0.0,0.0,691,5,B,17,Sedan,1.0,Pass,NONE,,0.0176,38.433,2.299,0
VH-00693,73.30556818181819,10.947615841960754,96.862,93.03825,36.722375,53.542,38.85810227272727,47.538,1.7892727272727271,2.266,0.3181818181818182,0.3181818181818182,0.29545454545454547,0.22727272727272727,0.22727272727272727,0.745909090909091,64.8053125,70.581,88.27199999999999,40.245,70.594,2.169,66.973,0.0,0.0,0.0,692,5,B,18,Compact,0.94,Pass,NONE,,0.01346,40.245,2.169,0
VH-00694,74.34538636363636,11.21930375946973,99.149,95.2863,35.58779545454546,49.16,38.72769318181818,47.872,1.7937613636363636,2.144,0.29545454545454547,0.22727272727272727,0.2727272727272727,0.22727272727272727,0.22727272727272727,0.7495454545454545,67.582875,69.9645625,89.20316666666668,37.591,73.241,2.13,64.747,0.0,0.0,0.0,693,5,B,19,SUV,1.08,Pass,NONE,,0.01418,37.591,2.13,0
VH-00695,73.47390909090909,10.540668415366554,100.033,90.08165,35.66613636363636,49.418,39.03228409090909,47.062,1.8402272727272726,2.348,0.29545454545454547,0.2727272727272727,0.3181818181818182,0.22727272727272727,0.22727272727272727,0.7495454545454545,65.805125,70.407125,87.78800000000001,39.362,73.983,1.764,66.257,0.0,0.0,0.0,694,5,B,20,Sedan,1.0,Pass,NONE,,0.01168,39.362,1.764,0
VH-00696,73.34393181818182,10.924172689441136,101.338,92.74100000000001,35.93314772727273,48.02,39.07503409090909,48.34,1.8205795454545457,2.424,0.3181818181818182,0.3409090909090909,0.2727272727272727,0.22727272727272727,0.22727272727272727,0.7404545454545454,65.5696875,70.460375,87.55433333333333,41.498,72.141,2.421,61.985,0.0,0.0,0.0,695,5,B,21,Sedan,1.0,Pass,NONE,,0.02099,41.498,2.421,0
VH-00697,72.9886590909091,10.191648747057755,94.276,93.1894,35.85188636363636,48.74,38.84830681818182,47.333,1.8551818181818183,2.609,0.3181818181818182,0.3181818181818182,0.3409090909090909,0.22727272727272727,0.22727272727272727,0.7495454545454545,65.82125,69.0789375,87.75816666666667,40.489,66.983,1.959,67.679,0.0,0.0,0.0,696,5,B,22,Sedan,1.0,Pass,NONE,,0.01713,40.489,1.959,0
VH-00698,74.00013636363636,10.279164319012107,96.8,95.3742,35.834295454545455,50.955,39.01923863636363,49.035,1.7582727272727274,2.43,0.25,0.3181818181818182,0.3181818181818182,0.22727272727272727,0.22727272727272727,0.7477272727272727,67.2309375,71.079625,86.91975000000001,40.443,70.583,2.399,70.897,0.0,0.0,0.0,697,5,B,23,SUV,1.08,Pass,NONE,,0.01601,40.443,2.399,0
VH-00699,72.08768181818182,10.222913676439843,91.914,90.79745,36.28911363636364,53.531,38.880556818181816,49.261,1.7941022727272726,2.316,0.25,0.3181818181818182,0.36363636363636365,0.22727272727272727,0.22727272727272727,0.744090909090909,64.6118125,69.1564375,85.96383333333334,41.101,65.824,2.077,64.164,0.0,0.0,0.0,698,5,B,24,Sedan,1.0,Pass,NONE,,0.0163,41.101,2.077,0
VH-00700,73.92540909090908,10.641922335346338,97.534,94.85105,36.26897727272728,54.739,38.825909090909086,49.653,1.742215909090909,2.552,0.29545454545454547,0.29545454545454547,0.29545454545454547,0.22727272727272727,0.22727272727272727,0.7513636363636365,66.2979375,70.781,88.28791666666666,40.791,69.445,1.879,63.872,0.0,0.0,0.0,699,5,B,25,SUV,1.08,Pass,NONE,,0.02087,40.791,1.879,0
VH-00701,73.78613636363637,10.373883587097309,96.389,94.38235,36.440965909090906,53.595,39.055465909090906,47.632,1.7819090909090909,2.458,0.3181818181818182,0.25,0.3409090909090909,0.22727272727272727,0.22727272727272727,0.7477272727272727,65.934875,71.026625,87.93383333333333,40.608,69.29,2.458,67.582,0.0,0.0,0.0,700,5,B,26,SUV,1.08,Pass,NONE,,0.01525,40.608,2.458,0
VH-00702,73.89036363636363,10.809328596259,97.016,94.61525,36.197590909090906,50.399,38.989329545454545,48.674,1.7876022727272727,2.279,0.29545454545454547,0.3409090909090909,0.3409090909090909,0.22727272727272727,0.22727272727272727,0.7477272727272727,66.7648125,69.5205625,89.21749999999999,40.018,73.003,2.279,68.475,0.0,0.0,0.0,701,5,B,27,SUV,1.08,Pass,NONE,,0.01574,40.018,2.279,0
VH-00703,74.43218181818182,10.105258737519781,97.262,93.1619,36.840613636363635,50.123,39.074965909090906,48.411,1.7761363636363638,2.373,0.22727272727272727,0.2727272727272727,0.3409090909090909,0.22727272727272727,0.22727272727272727,0.7477272727272727,66.6986875,72.02431250000001,87.954,39.923,73.316,2.373,65.397,0.0,0.0,0.0,702,5,B,28,Truck,1.14,Pass,NONE,,0.01597,39.923,2.373,0
VH-00704,73.56620454545454,10.088163032772261,94.557,91.09440000000001,36.78331818181818,52.439,38.954875,50.141,1.7234545454545454,2.15,0.2727272727272727,0.2727272727272727,0.3181818181818182,0.22727272727272727,0.22727272727272727,0.7477272727272727,66.3695,70.5359375,87.20216666666666,41.074,65.952,2.078,68.73,0.0,0.0,0.0,703,5,B,29,SUV,1.08,Pass,NONE,,0.01724,41.074,2.078,0
VH-00705,72.26095454545454,10.85601750815743,99.548,91.42035,36.27730681818181,48.734,38.904863636363636,49.553,1.7464886363636365,2.536,0.3181818181818182,0.2727272727272727,0.3181818181818182,0.22727272727272727,0.22727272727272727,0.745909090909091,64.885625,68.6388125,86.92424999999999,39.538,67.797,2.067,64.606,0.0,0.0,0.0,704,5,B,30,Compact,0.94,Pass,NONE,,0.01167,39.538,2.067,0
VH-00706,73.90118181818183,10.44524528366571,95.478,95.03535,35.79984090909091,49.043,38.81015909090909,47.236,1.781090909090909,2.52,0.25,0.3181818181818182,0.3409090909090909,0.22727272727272727,0.22727272727272727,0.745909090909091,67.237875,69.65956249999999,88.44108333333334,40.967,67.08,2.15,69.577,0.0,0.0,0.0,705,5,B,31,SUV,1.08,Pass,NONE,,0.02656,40.967,2.15,0
VH-00707,73.7311590909091,10.999394325699981,96.803,94.20530000000001,36.24521590909091,49.899,38.721613636363635,48.62,1.791818181818182,2.25,0.3181818181818182,0.29545454545454547,0.38636363636363635,0.22727272727272727,0.22727272727272727,0.7404545454545454,65.563125,70.239875,89.27691666666668,40.124,68.933,2.05,64.986,0.0,0.0,0.0,706,5,B,32,SUV,1.08,Pass,NONE,,0.01332,40.124,2.05,0
VH-00708,73.64415909090908,10.305665770541044,96.122,94.94565,36.345147727272725,49.704,38.94115909090909,47.895,1.7929659090909091,2.505,0.38636363636363635,0.29545454545454547,0.29545454545454547,0.22727272727272727,0.22727272727272727,0.744090909090909,65.889,70.942375,87.58675,42.473,72.326,2.159,63.728,0.472999999999999,0.0,0.0,707,5,B,33,SUV,1.08,Pass,NONE,,0.02176,42.473,2.159,0
VH-00709,73.60895454545454,9.912682590369808,98.212,92.3167,36.72296590909091,52.339,39.03060227272727,49.714,1.798284090909091,2.42,0.29545454545454547,0.2727272727272727,0.3409090909090909,0.22727272727272727,0.22727272727272727,0.745909090909091,67.3218125,70.2465,86.47508333333333,40.217,75.146,2.051,69.181,0.0,0.0,0.0,708,5,B,34,SUV,1.08,Pass,NONE,,0.01817,40.217,2.051,0
VH-00710,72.33272727272727,10.528823491251838,95.218,92.7993,35.63877272727273,49.913,38.95548863636364,47.847,1.8413636363636363,2.438,0.3181818181818182,0.29545454545454547,0.36363636363636365,0.22727272727272727,0.22727272727272727,0.7477272727272727,65.1541875,68.42,87.12108333333333,40.052,69.11,2.438,62.147,0.0,0.0,0.0,709,5,B,35,Compact,0.94,Pass,NONE,,0.01675,40.052,2.438,0
VH-00711,72.71725,10.333492437666093,95.932,93.98405000000001,36.283750000000005,50.716,38.98546590909091,47.325,1.8497954545454542,2.881,0.29545454545454547,0.29545454545454547,0.3409090909090909,0.22727272727272727,0.22727272727272727,0.7495454545454545,64.6315,70.4598125,86.50816666666667,40.342,70.412,2.373,66.598,0.0,0.0,0.0,710,5,B,36,Compact,0.94,Pass,NONE,,0.01251,40.342,2.373,0
VH-00712,73.59493181818182,9.714268011293656,95.091,90.8447,36.238409090909094,52.122,38.98161363636364,49.986,1.8114545454545452,2.29,0.29545454545454547,0.29545454545454547,0.4318181818181818,0.22727272727272727,0.22727272727272727,0.7422727272727272,66.3023125,71.0043125,86.77258333333333,40.345,70.742,1.983,70.511,0.0,0.0,0.0,711,5,B,37,Sedan,1.0,Pass,NONE,,0.01541,40.345,1.983,0
VH-00713,72.80490909090909,10.14712798596905,92.968,91.4857,35.79127272727273,49.017,38.79059090909091,47.748,1.8276363636363635,2.354,0.29545454545454547,0.22727272727272727,0.4090909090909091,0.22727272727272727,0.22727272727272727,0.7422727272727272,65.62825,69.9915625,86.12491666666666,40.241,75.056,1.928,65.947,0.0,0.0,0.0,712,5,B,38,Compact,0.94,Pass,NONE,,0.00866,40.241,1.928,0
VH-00714,73.787,10.096250178874262,99.781,92.02375,36.74072727272728,48.011,38.90780681818182,48.645,1.8104318181818184,2.424,0.29545454545454547,0.2727272727272727,0.36363636363636365,0.22727272727272727,0.22727272727272727,0.745909090909091,66.56675,70.90925,87.25099999999999,41.277,75.489,2.157,68.938,0.0,0.0,0.0,713,5,B,39,Sedan,1.0,Pass,NONE,,0.01657,41.277,2.157,0
VH-00715,73.20777272727273,10.340876983329567,94.672,93.8148,36.07422727272728,50.324,38.92373863636363,48.559,1.772840909090909,2.472,0.2727272727272727,0.2727272727272727,0.36363636363636365,0.22727272727272727,0.22727272727272727,0.7477272727272727,65.5005625,70.741,86.77308333333333,41.434,70.279,2.238,62.542,0.0,0.0,0.0,714,5,B,40,Sedan,1.0,Pass,NONE,,0.01714,41.434,2.238,0
VH-00716,73.73904545454546,10.206014072775902,96.422,93.19195,36.49552272727272,52.156,38.93002272727273,48.636,1.789056818181818,2.368,0.2727272727272727,0.29545454545454547,0.29545454545454547,0.22727272727272727,0.22727272727272727,0.7477272727272727,67.28399999999999,69.7546875,87.65825000000001,39.266,74.591,2.117,64.493,0.0,0.0,0.0,715,5,B,41,Truck,1.14,Pass,NONE,,0.01882,39.266,2.117,0
VH-00717,73.88643181818182,10.43722268457161,96.48,94.13154999999999,36.68631818181819,50.987,38.85306818181818,48.733,1.7735681818181817,2.694,0.2727272727272727,0.29545454545454547,0.22727272727272727,0.22727272727272727,0.22727272727272727,0.7513636363636365,67.0428125,69.9370625,88.27708333333334,39.494,69.073,2.257,65.675,0.0,0.0,0.0,716,5,B,42,Sedan,1.0,Pass,NONE,,0.01375,39.494,2.257,0
VH-00718,73.6128409090909,9.683068673080342,95.252,91.37395,36.71225,56.487,38.94436363636363,50.921,1.8369545454545453,2.296,0.2727272727272727,0.36363636363636365,0.29545454545454547,0.22727272727272727,0.22727272727272727,0.7477272727272727,66.19175,71.22562500000001,86.69058333333334,40.823,69.825,2.13,65.625,0.0,0.0,0.0,717,5,B,43,Sedan,1.0,Pass,NONE,,0.01394,40.823,2.13,0
VH-00719,74.37379545454546,9.994670416008226,94.275,92.4381,37.12445454545454,55.246,39.08655681818181,47.82,1.7716477272727273,2.344,0.2727272727272727,0.29545454545454547,0.2727272727272727,0.22727272727272727,0.22727272727272727,0.7477272727272727,67.5538125,71.3650625,87.47874999999999,40.897,70.046,2.072,69.821,0.0,0.0,0.0,718,5,B,44,SUV,1.08,Pass,NONE,,0.02609,40.897,2.072,0
VH-00720,72.98072727272728,10.598810776562551,94.477,93.38580000000002,36.82263636363636,48.573,38.83861363636363,47.74,1.806181818181818,2.573,0.25,0.3409090909090909,0.36363636363636365,0.22727272727272727,0.22727272727272727,0.744090909090909,65.050375,70.6384375,86.67758333333335,39.496,69.993,2.194,69.07,0.0,0.0,0.0,719,5,B,45,Compact,0.94,Pass,NONE,,0.01764,39.496,2.194,0
VH-00721,73.72786363636364,10.75447134611743,95.986,93.9792,36.29652272727273,48.444,39.041045454545454,49.46,1.7425454545454544,2.369,0.3181818181818182,0.3181818181818182,0.36363636363636365,0.22727272727272727,0.22727272727272727,0.7386363636363636,66.0608125,70.517,88.23174999999999,40.022,73.576,1.811,65.743,0.0,0.0,0.0,720,5,B,46,SUV,1.08,Pass,NONE,,0.01904,40.022,1.811,0
VH-00722,72.92888636363637,10.605385339349477,93.858,92.5131,36.67180681818182,49.304,39.34230681818182,49.985,1.8503749999999999,2.595,0.3181818181818182,0.29545454545454547,0.38636363636363635,0.22727272727272727,0.22727272727272727,0.7422727272727272,65.42325,69.66018749999999,87.29466666666667,41.42,69.271,2.15,65.241,0.0,0.0,0.0,721,5,B,47,Sedan,1.0,Pass,NONE,,0.01616,41.42,2.15,0
VH-00723,74.4825909090909,10.83924788929088,100.509,93.53795,36.72321590909091,52.044,39.21425,49.824,1.8176704545454543,2.657,0.3181818181818182,0.29545454545454547,0.3409090909090909,0.22727272727272727,0.22727272727272727,0.7404545454545454,67.019875,70.72387499999999,89.4445,40.065,71.699,1.827,65.359,0.0,0.0,0.0,722,5,B,48,SUV,1.08,Pass,NONE,,0.01561,40.065,1.827,0
VH-00724,73.37965909090909,10.277681163101944,93.754,91.419,36.63627272727273,52.364,39.01768181818182,47.184,1.7811136363636364,2.49,0.2727272727272727,0.3181818181818182,0.36363636363636365,0.22727272727272727,0.22727272727272727,0.744090909090909,66.0474375,69.9780625,87.69141666666667,40.254,67.605,2.326,66.213,0.0,0.0,0.0,723,5,B,49,Compact,0.94,Pass,NONE,,0.01063,40.254,2.326,0
VH-00725,73.8289090909091,10.73582993795355,97.143,91.91095,36.20579545454546,50.652,39.18986363636364,49.64,1.7876931818181818,2.441,0.29545454545454547,0.25,0.3409090909090909,0.22727272727272727,0.22727272727272727,0.7477272727272727,66.26025,70.804625,87.95283333333333,39.217,72.987,1.99,63.676,0.0,0.0,0.0,724,5,B,50,SUV,1.08,Pass,NONE,,0.02235,39.217,1.99,0
VH-00726,74.26656818181817,9.52382806902069,95.099,91.27485,36.792272727272724,50.48,38.97368181818182,48.983,1.787,2.899,0.25,0.2727272727272727,0.3409090909090909,0.22727272727272727,0.22727272727272727,0.7477272727272727,67.394,71.526625,87.08325,40.632,75.105,1.992,67.359,0.0,0.0,0.0,725,5,B,51,SUV,1.08,Pass,NONE,,0.0213,40.632,1.992,0
VH-00727,73.70688636363637,10.0497289011588,96.919,90.10725,37.048545454545454,50.053,38.808784090909086,49.224,1.8083863636363637,2.459,0.22727272727272727,0.25,0.3409090909090909,0.22727272727272727,0.22727272727272727,0.7477272727272727,66.146125,71.21787499999999,87.10658333333333,39.878,71.91,2.175,58.47,0.0,0.0,0.0,726,5,B,52,SUV,1.08,Pass,NONE,,0.01981,39.878,2.175,0
VH-00728,73.32054545454547,10.114815496724075,96.522,91.33415000000001,35.73728409090909,50.558,38.4025,48.315,1.7726363636363636,2.546,0.29545454545454547,0.25,0.3181818181818182,0.22727272727272727,0.22727272727272727,0.745909090909091,66.1615,70.22381250000001,86.99491666666667,39.522,68.903,2.142,59.657,0.0,0.0,0.0,727,5,B,53,Sedan,1.0,Pass,NONE,,0.01161,39.522,2.142,0
VH-00729,73.37797727272726,10.432899673826189,96.733,91.10535,36.298795454545456,49.567,38.903625,48.084,1.817738636363636,2.501,0.29545454545454547,0.25,0.3181818181818182,0.22727272727272727,0.22727272727272727,0.7495454545454545,65.58775,70.904625,87.06275,39.49,71.832,2.01,64.652,0.0,0.0,0.0,728,5,B,54,Sedan,1.0,Pass,NONE,,0.01857,39.49,2.01,0
VH-00730,73.26359090909091,10.07357501104604,97.188,93.85215000000001,36.26640909090909,48.153,38.67569318181818,48.003,1.7957500000000002,2.323,0.29545454545454547,0.29545454545454547,0.3409090909090909,0.22727272727272727,0.22727272727272727,0.7477272727272727,66.2050625,70.272,86.66375,39.421,71.492,1.926,66.055,0.0,0.0,0.0,729,5,B,55,Sedan,1.0,Pass,NONE,,0.01261,39.421,1.926,0
VH-00731,72.14420454545454,10.30921388422398,95.715,89.91635000000001,36.22084090909091,56.31,39.12327272727273,48.371,1.7724659090909092,2.325,0.25,0.36363636363636365,0.29545454545454547,0.22727272727272727,0.22727272727272727,0.745909090909091,64.117,69.368375,86.54825,40.702,71.424,1.819,62.536,0.0,0.0,0.0,730,5,B,56,Compact,0.94,Pass,NONE,,0.01437,40.702,1.819,0
VH-00732,73.78779545454546,9.886391122260157,95.756,91.70439999999999,36.32034090909091,50.405,38.85634090909091,48.658,1.7985340909090908,2.562,0.3181818181818182,0.29545454545454547,0.3181818181818182,0.22727272727272727,0.22727272727272727,0.744090909090909,67.1609375,70.1834375,87.42941666666667,40.311,74.157,1.917,64.986,0.0,0.0,0.0,731,5,B,57,SUV,1.08,Pass,NONE,,0.01866,40.311,1.917,0
VH-00733,74.08936363636364,10.845666619568991,96.465,92.9303,35.21213636363637,47.632,39.010397727272725,50.035,1.8119431818181817,2.466,0.29545454545454547,0.2727272727272727,0.3181818181818182,0.22727272727272727,0.22727272727272727,0.7422727272727272,66.9433125,69.78975,89.35025,40.629,73.765,2.106,69.915,0.0,0.0,0.0,732,5,B,58,Truck,1.14,Pass,NONE,,0.02112,40.629,2.106,0
VH-00734,73.51115909090909,10.334019432208569,95.31,91.6078,36.7725,49.122,38.74510227272727,47.559,1.823840909090909,2.513,0.3181818181818182,0.2727272727272727,0.36363636363636365,0.22727272727272727,0.22727272727272727,0.744090909090909,65.505375,70.905875,87.65925,39.787,70.426,2.44,67.349,0.0,0.0,0.0,733,5,B,59,Sedan,1.0,Pass,NONE,,0.01774,39.787,2.44,0
VH-00735,73.46038636363636,9.884736055847075,95.342,91.8492,36.48227272727273,50.671,38.86875,47.864,1.7975795454545453,2.522,0.29545454545454547,0.25,0.4090909090909091,0.22727272727272727,0.22727272727272727,0.744090909090909,67.6705625,69.6218125,86.29825,41.856,77.294,2.053,66.177,0.0,0.0,0.0,734,5,B,60,Sedan,1.0,Pass,NONE,,0.01442,41.856,2.053,0
VH-00736,73.96125,11.055678991328504,98.006,94.19475,35.50246590909091,51.287,38.99077272727273,48.501,1.7671590909090908,2.451,0.29545454545454547,0.22727272727272727,0.2727272727272727,0.22727272727272727,0.22727272727272727,0.745909090909091,66.738125,69.6371875,89.3575,38.881,68.986,2.358,69.131,0.0,0.0,0.0,735,5,B,61,Sedan,1.0,Pass,NONE,,0.01464,38.881,2.358,0
VH-00737,73.86206818181819,10.100938315607529,94.759,93.63015,36.388954545454546,53.157,38.96282954545455,49.047,1.8271818181818182,2.354,0.3181818181818182,0.3181818181818182,0.3409090909090909,0.22727272727272727,0.22727272727272727,0.745909090909091,66.1428125,71.236125,87.65566666666666,39.171,72.736,2.354,69.066,0.0,0.0,0.0,736,5,B,62,Sedan,1.0,Pass,NONE,,0.01402,39.171,2.354,0
VH-00738,72.88531818181819,10.258927993256632,94.248,92.12775,36.65745454545454,50.68,39.05704545454545,48.479,1.8118522727272726,2.485,0.2727272727272727,0.3181818181818182,0.36363636363636365,0.22727272727272727,0.22727272727272727,0.745909090909091,66.0413125,69.8473125,86.06133333333334,41.744,74.457,2.09,66.696,0.0,0.0,0.0,737,5,B,63,Compact,0.94,Pass,NONE,,0.01285,41.744,2.09,0
VH-00739,72.69204545454546,10.370918615441854,94.855,91.7125,36.92368181818182,54.958,38.93969318181818,49.876,1.834806818181818,2.521,0.2727272727272727,0.22727272727272727,0.3181818181818182,0.22727272727272727,0.22727272727272727,0.7495454545454545,65.707875,69.1674375,86.70375,39.835,66.282,2.521,67.397,0.0,0.0,0.0,738,5,B,64,Compact,0.94,Pass,NONE,,0.01349,39.835,2.521,0
VH-00740,72.71520454545454,9.581099248919886,91.617,90.9019,36.11561363636363,49.536,38.96206818181818,47.203,1.8308977272727274,2.266,0.29545454545454547,0.3409090909090909,0.3409090909090909,0.22727272727272727,0.22727272727272727,0.744090909090909,66.5086875,68.790375,86.22366666666666,40.279,67.321,2.266,66.712,0.0,0.0,0.0,739,5,B,65,Compact,0.94,Pass,NONE,,0.01386,40.279,2.115,0
VH-00741,74.508,10.035920770957215,94.98,93.30575,36.35311363636364,52.738,38.88240909090909,47.706,1.7659090909090909,2.466,0.25,0.2727272727272727,0.3409090909090909,0.22727272727272727,0.22727272727272727,0.745909090909091,66.5983125,72.97975,87.09191666666668,40.808,72.003,2.111,67.197,0.0,0.0,0.0,740,5,B,66,SUV,1.08,Pass,NONE,,0.0203,40.808,2.111,0
VH-00742,74.04884090909091,10.42470234016676,94.259,92.81235,36.94492045454545,50.983,38.89546590909091,50.188,1.7726818181818182,2.494,0.29545454545454547,0.25,0.3409090909090909,0.22727272727272727,0.22727272727272727,0.745909090909091,66.29650000000001,71.328625,88.01225,39.949,70.841,1.725,65.73,0.0,0.0,0.0,741,5,B,67,SUV,1.08,Pass,NONE,,0.01702,39.949,1.725,0
VH-00743,74.4403409090909,10.791895490432953,97.46,93.49515,36.149136363636366,49.149,39.129636363636365,48.996,1.7982727272727272,2.277,0.2727272727272727,0.3181818181818182,0.3409090909090909,0.22727272727272727,0.22727272727272727,0.744090909090909,66.802875,71.154625,89.00458333333334,41.099,71.918,1.981,69.247,0.0,0.0,0.0,742,5,B,68,SUV,1.08,Pass,NONE,,0.01534,41.099,1.981,0
VH-00744,72.61702272727273,10.807335787021007,97.546,91.63135000000001,36.88513636363636,52.782,39.09731818181818,50.341,1.783284090909091,2.46,0.22727272727272727,0.3181818181818182,0.38636363636363635,0.22727272727272727,0.22727272727272727,0.744090909090909,64.8531875,69.34468749999999,87.33191666666666,40.976,73.3,2.46,62.468,0.0,0.0,0.0,743,5,B,69,Compact,0.94,Pass,NONE,,0.01028,40.976,2.46,0
VH-00745,72.75922727272727,10.016219267381388,96.613,90.05265,36.25270454545454,52.006,39.159045454545456,49.714,1.7767045454545454,2.316,0.2727272727272727,0.3181818181818182,0.38636363636363635,0.22727272727272727,0.22727272727272727,0.7422727272727272,64.9166875,70.658125,86.01741666666668,39.192,69.719,2.166,63.378,0.0,0.0,0.0,744,5,B,70,Sedan,1.0,Pass,NONE,,0.01264,39.192,2.166,0
VH-00746,72.64563636363636,10.37805475811185,94.641,93.02495,36.294045454545454,47.701,38.75797727272727,47.408,1.7992954545454545,2.3,0.3181818181818182,0.2727272727272727,0.36363636363636365,0.22727272727272727,0.22727272727272727,0.745909090909091,65.5463125,69.298375,86.57441666666666,40.536,67.312,1.749,61.341,0.0,0.0,0.0,745,5,B,71,Compact,0.94,Pass,NONE,,0.01656,40.536,1.749,0
VH-00747,72.17786363636364,10.256778544967586,93.247,90.96715,35.877238636363636,54.147,38.84160227272727,47.894,1.7532954545454544,2.694,0.29545454545454547,0.29545454545454547,0.3181818181818182,0.22727272727272727,0.22727272727272727,0.7477272727272727,63.4765,70.668375,85.79233333333333,40.038,66.899,2.117,65.43,0.0,0.0,0.0,746,5,B,72,Compact,0.94,Pass,NONE,,0.01113,40.038,2.117,0
VH-00748,73.52177272727273,10.010040189645027,96.458,90.92245,36.996261363636364,51.877,38.873988636363634,49.076,1.7882613636363636,2.252,0.2727272727272727,0.38636363636363635,0.3181818181818182,0.22727272727272727,0.22727272727272727,0.7404545454545454,66.5460625,70.479625,86.87891666666667,38.657,72.044,1.692,71.261,0.0,0.0,0.0,747,5,B,73,Sedan,1.0,Pass,NONE,,0.01859,38.657,1.692,0
VH-00749,73.08890909090908,9.444045530996945,96.266,91.50750000000001,36.40747727272728,49.064,39.452670454545455,49.281,1.8189545454545453,2.647,0.3181818181818182,0.3181818181818182,0.3181818181818182,0.22727272727272727,0.22727272727272727,0.7477272727272727,66.63493749999999,70.5145625,85.12666666666667,40.647,74.125,2.188,69.948,0.0,0.0,0.0,748,5,B,74,Sedan,1.0,Pass,NONE,,0.01503,40.647,2.188,0
VH-00750,73.93020454545454,10.075782943966802,94.888,91.60799999999999,35.78929545454545,52.654,39.01410227272727,48.637,1.7661363636363634,2.223,0.3409090909090909,0.25,0.3409090909090909,0.22727272727272727,0.22727272727272727,0.7477272727272727,66.435875,71.375875,87.32841666666667,40.274,67.484,2.042,72.567,0.0,0.0,0.0,749,5,B,75,SUV,1.08,Pass,NONE,,0.01343,40.274,2.042,0
VH-00751,73.5870909090909,10.51489463795797,100.965,91.73485,36.16509090909091,48.646,39.16925,48.445,1.7559431818181819,2.553,0.3181818181818182,0.2727272727272727,0.2727272727272727,0.22727272727272727,0.22727272727272727,0.7495454545454545,65.8601875,70.9554375,87.3985,40.363,67.893,2.021,66.866,0.0,0.0,0.0,750,6,A,1,SUV,1.08,Pass,NONE,,0.01421,40.363,2.021,0
VH-00752,72.50427272727273,10.262432533531475,95.121,90.1924,35.88004545454545,49.63,39.086079545454545,49.2,1.794193181818182,2.524,0.2727272727272727,0.29545454545454547,0.36363636363636365,0.22727272727272727,0.22727272727272727,0.7422727272727272,66.043,68.552125,86.38883333333332,40.107,67.06,2.139,69.375,0.0,0.0,0.0,751,6,A,2,Sedan,1.0,Pass,NONE,,0.01383,40.107,2.139,0
VH-00753,72.50856818181818,9.985672772336038,96.683,90.5107,35.388431818181814,47.826,39.05567045454546,48.53,1.8328636363636364,2.478,0.2727272727272727,0.29545454545454547,0.3409090909090909,0.22727272727272727,0.22727272727272727,0.745909090909091,65.832375,68.763625,86.40341666666666,39.006,70.969,2.141,62.863,0.0,0.0,0.0,752,6,A,3,Compact,0.94,Pass,NONE,,0.01624,39.006,2.141,0
VH-00754,72.64802272727273,10.827767092469887,94.831,92.2641,37.21820454545455,53.523,38.82202272727273,48.125,1.793443181818182,2.385,0.29545454545454547,0.38636363636363635,0.3181818181818182,0.22727272727272727,0.22727272727272727,0.7404545454545454,65.455625,69.1555625,86.8945,38.494,72.007,2.266,68.552,0.0,0.0,0.0,753,6,A,4,Compact,0.94,Fail,LOW_CONFIDENCE_MULTI_CAUSAL,ST-45,0.01121,38.494,1.487,1
VH-00755,73.71327272727272,9.93069440501269,94.202,91.1427,36.119181818181815,50.648,39.05526136363636,50.025,1.7947613636363635,2.355,0.25,0.29545454545454547,0.36363636363636365,0.22727272727272727,0.22727272727272727,0.7477272727272727,67.267375,69.763,87.57483333333333,40.081,73.599,2.239,67.241,0.0,0.0,0.0,754,6,A,5,SUV,1.08,Pass,NONE,,0.01458,40.081,2.239,0
VH-00756,74.00493181818182,9.927982352920166,94.829,92.23065000000001,36.71756818181819,51.33,38.62764772727273,49.014,1.753,2.284,0.22727272727272727,0.2727272727272727,0.3181818181818182,0.22727272727272727,0.22727272727272727,0.7513636363636362,66.7230625,71.1711875,87.49241666666667,37.972,76.412,2.068,63.032,0.0,0.0,0.0,755,6,A,6,SUV,1.08,Pass,NONE,,0.01726,37.972,2.068,0
VH-00757,73.22806818181817,10.37773588785308,93.679,93.0514,36.30888636363636,51.652,38.86089772727273,48.963,1.8365227272727274,2.348,0.29545454545454547,0.29545454545454547,0.3409090909090909,0.22727272727272727,0.22727272727272727,0.7477272727272727,65.7650625,70.0431875,87.42525,40.386,73.821,2.29,63.622,0.0,0.0,0.0,756,6,A,7,Sedan,1.0,Pass,NONE,,0.0135,40.386,2.29,0
VH-00758,72.40743181818182,10.313093827633336,93.278,92.00695,36.42636363636364,53.064,38.95330681818182,48.601,1.8345113636363635,2.313,0.22727272727272727,0.2727272727272727,0.2727272727272727,0.22727272727272727,0.22727272727272727,0.7513636363636362,65.7140625,68.62412499999999,86.37633333333333,40.384,69.462,2.085,69.409,0.0,0.0,0.0,757,6,A,8,Compact,0.94,Pass,NONE,,0.01335,40.384,2.085,0
VH-00759,74.19490909090909,10.08029581934464,98.79,93.8336,36.53179545454546,53.597,39.02977272727273,47.703,1.845602272727273,2.482,0.25,0.22727272727272727,0.3409090909090909,0.22727272727272727,0.22727272727272727,0.7477272727272727,67.2439375,70.856125,87.91458333333333,38.682,75.504,1.856,66.891,0.0,0.0,0.0,758,6,A,9,Truck,1.14,Pass,NONE,,0.01495,38.682,1.856,0
VH-00760,72.78913636363636,10.364243430562079,95.748,93.17555,36.13906818181818,47.649,38.760386363636364,49.169,1.837556818181818,2.536,0.2727272727272727,0.25,0.3181818181818182,0.22727272727272727,0.22727272727272727,0.7477272727272727,65.3718125,70.0745625,86.29833333333333,38.795,71.642,2.533,69.02,0.0,0.0,0.0,759,6,A,10,Sedan,1.0,Pass,NONE,,0.01082,38.795,2.533,0
VH-00761,72.87036363636363,10.244848252910266,95.388,92.28565,36.15534090909091,52.546,39.065125,49.999,1.8210454545454546,2.381,0.3181818181818182,0.3409090909090909,0.36363636363636365,0.22727272727272727,0.22727272727272727,0.7422727272727272,64.5936875,70.9151875,86.51283333333333,39.798,69.155,2.266,63.378,0.0,0.0,0.0,760,6,A,11,Sedan,1.0,Pass,NONE,,0.01281,39.798,2.299,0
VH-00762,73.66647727272726,10.411000274728732,96.746,91.2732,36.59854545454545,50.423,38.79325,49.403,1.7957954545454546,2.375,0.29545454545454547,0.2727272727272727,0.29545454545454547,0.22727272727272727,0.22727272727272727,0.7477272727272727,66.3445625,70.4180625,87.76025,40.14,69.083,2.241,67.623,0.0,0.0,0.0,761,6,A,12,SUV,1.08,Pass,NONE,,0.01992,40.14,2.241,0
VH-00763,72.36552272727273,10.470600845664917,95.454,92.26180000000001,36.762477272727274,48.871,39.104170454545454,47.184,1.7959545454545454,2.309,0.29545454545454547,0.29545454545454547,0.3181818181818182,0.22727272727272727,0.22727272727272727,0.745909090909091,65.5660625,68.07906249999999,87.14675,38.375,70.296,1.992,68.809,0.0,0.0,0.0,762,6,A,13,Compact,0.94,Pass,NONE,,0.01576,38.375,1.992,0
VH-00764,72.73586363636365,10.401966291291203,96.463,91.8648,36.760681818181816,52.688,39.027511363636364,49.782,1.8148522727272727,2.318,0.29545454545454547,0.3409090909090909,0.3409090909090909,0.22727272727272727,0.22727272727272727,0.7422727272727272,66.413375,68.7135625,86.52891666666666,39.135,71.161,1.804,68.82,0.0,0.0,0.0,763,6,A,14,Compact,0.94,Pass,NONE,,0.01058,39.135,1.804,0
VH-00765,72.93813636363637,9.029205709718566,92.394,90.30555000000001,35.53506818181818,52.622,38.649784090909094,47.97,1.7897159090909092,2.529,0.2727272727272727,0.38636363636363635,0.25,0.22727272727272727,0.22727272727272727,0.7477272727272727,66.5626875,70.35725,84.87991666666666,40.018,68.947,2.259,63.737,0.0,0.0,0.0,764,6,A,15,Compact,0.94,Pass,NONE,,0.01711,40.018,2.259,0
VH-00766,74.25515909090909,10.034270170661266,98.447,93.5839,36.16409090909091,52.602,38.93503409090909,49.955,1.79625,2.289,0.25,0.25,0.3181818181818182,0.22727272727272727,0.22727272727272727,0.7513636363636362,66.3663125,71.834,88.00183333333332,39.524,69.858,2.103,70.071,0.0,0.0,0.0,765,6,A,16,SUV,1.08,Pass,NONE,,0.01896,39.524,2.103,0
VH-00767,73.82304545454545,10.384660106752152,96.041,94.0246,36.91613636363636,53.69,39.054375,48.691,1.8476136363636364,2.594,0.29545454545454547,0.29545454545454547,0.3181818181818182,0.22727272727272727,0.22727272727272727,0.7477272727272727,66.4881875,70.4749375,88.06700000000001,39.228,71.997,2.234,68.11,0.0,0.0,0.0,766,6,A,17,Sedan,1.0,Pass,NONE,,0.01419,39.228,2.234,0
VH-00768,74.23122727272727,10.75071256018861,98.686,95.9534,36.186204545454544,52.634,38.92069318181819,48.14,1.834465909090909,2.448,0.2727272727272727,0.2727272727272727,0.29545454545454547,0.22727272727272727,0.22727272727272727,0.7513636363636362,66.2248125,71.3986875,88.68316666666668,39.395,70.487,2.187,64.675,0.0,0.0,0.0,767,6,A,18,Truck,1.14,Pass,NONE,,0.0158,39.395,2.187,0
VH-00769,73.6069090909091,10.28884568935944,98.637,94.0265,35.88680681818182,50.001,38.89396590909091,48.107,1.7959772727272727,2.469,0.3181818181818182,0.29545454545454547,0.3409090909090909,0.22727272727272727,0.22727272727272727,0.744090909090909,66.248375,70.526375,87.52566666666667,39.466,70.306,2.141,70.49,0.0,0.0,0.0,768,6,A,19,SUV,1.08,Pass,NONE,,0.01949,39.466,2.141,0
VH-00770,72.97704545454545,10.85085137792389,94.638,93.4003,36.30134090909091,52.148,38.63044318181818,48.398,1.7530568181818182,2.244,0.3181818181818182,0.3181818181818182,0.3181818181818182,0.22727272727272727,0.22727272727272727,0.7477272727272727,65.444875,69.4803125,87.68225,38.654,66.402,1.98,66.141,0.0,0.0,0.0,769,6,A,20,Sedan,1.0,Pass,NONE,,0.01236,38.654,1.98,0
VH-00771,74.10397727272726,10.339114265263206,97.261,91.2432,36.03361363636364,48.378,39.04579545454545,49.342,1.8264204545454545,2.433,0.25,0.22727272727272727,0.3409090909090909,0.22727272727272727,0.22727272727272727,0.745909090909091,67.3485,70.698125,87.65241666666667,38.983,69.475,1.901,65.576,0.0,0.0,0.0,770,6,A,21,SUV,1.08,Pass,NONE,,0.01619,38.983,1.901,0
VH-00772,72.87404545454545,9.783453879476268,94.523,90.3059,36.174727272727274,48.588,38.88485227272727,49.622,1.777125,2.446,0.2727272727272727,0.3409090909090909,0.3181818181818182,0.22727272727272727,0.22727272727272727,0.7477272727272727,65.241125,70.8096875,85.80375,40.129,68.117,1.857,63.72,0.0,0.0,0.0,771,6,A,22,Sedan,1.0,Pass,NONE,,0.01384,40.129,1.857,0
VH-00773,73.50897727272728,9.210565266820229,93.466,91.2763,35.86218181818182,51.165,38.860693181818185,48.768,1.812715909090909,2.423,0.2727272727272727,0.36363636363636365,0.3181818181818182,0.22727272727272727,0.22727272727272727,0.744090909090909,67.2661875,70.4898125,85.85825,40.264,72.569,2.01,74.653,0.0,0.0,0.0,772,6,A,23,Sedan,1.0,Pass,NONE,,0.01415,40.264,2.01,0
VH-00774,73.64856818181818,10.673106213800041,96.518,93.96260000000001,36.81193181818182,50.068,39.03031818181818,48.896,1.78375,2.448,0.2727272727272727,0.29545454545454547,0.3409090909090909,0.22727272727272727,0.22727272727272727,0.745909090909091,66.4304375,70.1465625,87.94208333333334,39.14,70.488,1.935,65.699,0.0,0.0,0.0,773,6,A,24,SUV,1.08,Pass,NONE,,0.01701,39.14,1.935,0
VH-00775,72.66620454545455,10.525809050447887,96.306,94.0159,36.44561363636364,49.269,38.89356818181818,48.285,1.8149318181818181,2.513,0.29545454545454547,0.29545454545454547,0.2727272727272727,0.22727272727272727,0.22727272727272727,0.7495454545454545,64.9948125,69.047875,87.71916666666665,38.848,67.359,2.099,63.102,0.0,0.0,0.0,774,6,A,25,Compact,0.94,Pass,NONE,,0.01537,38.848,2.099,0
VH-00776,73.93609090909091,10.19748529379301,94.565,92.388,35.66129545454545,47.546,38.790625,48.726,1.8065227272727271,2.584,0.3181818181818182,0.25,0.3409090909090909,0.22727272727272727,0.22727272727272727,0.7513636363636362,66.2133125,71.13312499999999,87.97041666666667,39.687,72.211,1.887,66.69,0.0,0.0,0.0,775,6,A,26,Sedan,1.0,Pass,NONE,,0.01353,39.687,1.887,0
VH-00777,74.5378409090909,11.089691032966593,103.107,94.08735,37.40472727272727,54.685,38.709375,50.372,1.8060795454545455,2.429,0.3181818181818182,0.2727272727272727,0.2727272727272727,0.22727272727272727,0.22727272727272727,0.7495454545454545,66.7886875,71.2915625,89.19841666666667,39.551,75.95,2.161,66.024,0.0,0.0,0.0,776,6,A,27,SUV,1.08,Pass,NONE,,0.01777,39.551,2.161,0
VH-00778,74.72500000000001,10.546538678306893,99.341,93.32505,36.89825,52.609,39.09096590909091,49.242,1.795818181818182,2.35,0.29545454545454547,0.29545454545454547,0.3409090909090909,0.22727272727272727,0.22727272727272727,0.7422727272727272,67.6903125,71.5841875,88.29233333333333,38.615,64.687,2.35,66.519,0.0,0.0,0.0,777,6,A,28,Truck,1.14,Pass,NONE,,0.02017,38.615,2.35,0
VH-00779,73.94720454545455,9.789030071865444,96.068,91.5839,36.484272727272725,50.128,38.947193181818186,48.388,1.8131136363636364,2.786,0.3409090909090909,0.29545454545454547,0.36363636363636365,0.22727272727272727,0.22727272727272727,0.744090909090909,66.9893125,70.946,87.226,38.971,74.348,2.154,64.003,0.0,0.0,0.0,778,6,A,29,Sedan,1.0,Pass,NONE,,0.01719,38.971,2.154,0
VH-00780,74.366,10.414516925460237,95.878,93.92375,36.74634090909091,51.813,38.85269318181818,48.41,1.7942500000000001,2.407,0.3409090909090909,0.3409090909090909,0.3181818181818182,0.22727272727272727,0.22727272727272727,0.744090909090909,66.6103125,71.859375,88.04908333333333,38.971,71.769,2.178,66.917,0.0,0.0,0.0,779,6,A,30,SUV,1.08,Pass,NONE,,0.02208,38.971,2.178,0
VH-00781,73.63647727272728,10.178748946493892,93.519,90.92645,36.50567045454545,48.429,38.83085227272728,47.878,1.797409090909091,2.359,0.2727272727272727,0.22727272727272727,0.4090909090909091,0.22727272727272727,0.22727272727272727,0.7440909090909091,66.353875,70.88225,87.01891666666667,39.789,71.85,1.839,69.986,0.0,0.0,0.0,780,6,A,31,Sedan,1.0,Pass,NONE,,0.01759,39.789,1.839,0
VH-00782,73.38172727272728,9.968706592792891,93.123,91.9143,37.26265909090909,53.824,38.80198863636363,46.992,1.8473749999999998,2.561,0.25,0.29545454545454547,0.4090909090909091,0.22727272727272727,0.22727272727272727,0.744090909090909,66.6769375,69.96475,86.87741666666666,38.529,67.287,1.987,71.85,0.0,0.0,0.0,781,6,A,32,Sedan,1.0,Pass,NONE,,0.01292,38.529,1.987,0
VH-00783,74.5218409090909,11.086872343878161,98.151,96.24645000000001,35.74281818181818,47.788,38.98648863636364,47.542,1.788159090909091,2.5,0.3181818181818182,0.29545454545454547,0.3181818181818182,0.22727272727272727,0.22727272727272727,0.7477272727272727,66.4724375,71.6715,89.05483333333332,40.08,74.057,1.298,64.753,0.0,0.0,0.0,782,6,A,33,Truck,1.14,Pass,NONE,,0.02347,40.08,1.298,0
VH-00784,72.55334090909092,10.461412735188395,98.238,91.70825,36.414522727272725,51.474,38.65605681818182,47.846,1.7986477272727273,2.458,0.2727272727272727,0.3181818181818182,0.36363636363636365,0.22727272727272727,0.22727272727272727,0.745909090909091,64.609625,69.661,87.00141666666667,39.953,67.566,1.72,64.741,0.0,0.0,0.0,783,6,A,34,Compact,0.94,Pass,NONE,,0.01396,39.953,1.72,0
VH-00785,72.29427272727273,9.809462724693226,94.03,89.7322,35.98319318181819,50.09,39.18281818181818,49.246,1.8082500000000001,2.743,0.2727272727272727,0.2727272727272727,0.3409090909090909,0.22727272727272727,0.22727272727272727,0.7477272727272727,64.601375,70.135375,85.42999999999999,38.481,73.144,2.311,64.761,0.0,0.0,0.0,784,6,A,35,Compact,0.94,Pass,NONE,,0.01449,38.481,2.311,0
VH-00786,73.0524090909091,10.340934277700901,96.262,92.32175,35.77694318181818,49.691,39.02377272727273,49.058,1.7846590909090911,2.467,0.3409090909090909,0.29545454545454547,0.36363636363636365,0.22727272727272727,0.22727272727272727,0.7404545454545454,65.2744375,70.336375,87.04441666666666,41.827,68.796,2.393,63.48,0.0,0.0,0.0,785,6,A,36,Compact,0.94,Pass,NONE,,0.01435,41.827,2.393,0
VH-00787,73.03688636363637,11.160222580959301,98.325,94.3754,35.72261363636364,49.813,38.63548863636364,46.942,1.7427045454545456,2.378,0.2727272727272727,0.3181818181818182,0.36363636363636365,0.22727272727272727,0.22727272727272727,0.7440909090909091,64.843375,69.87075,88.18308333333334,39.77,70.084,1.931,63.645,0.0,0.0,0.0,786,6,A,37,Sedan,1.0,Pass,NONE,,0.01388,39.77,1.931,0
VH-00788,72.37120454545455,10.903589269464812,95.902,94.0809,37.11784090909091,52.869,38.82346590909091,47.561,1.7483977272727274,2.431,0.2727272727272727,0.3409090909090909,0.36363636363636365,0.22727272727272727,0.22727272727272727,0.745909090909091,64.0910625,69.8215625,86.81091666666667,40.108,70.108,1.48,62.118,0.0,0.0,0.0,787,6,A,38,Compact,0.94,Pass,NONE,,0.02222,40.108,1.48,0
VH-00789,73.51022727272726,10.789554735437711,96.432,94.0425,36.13722727272727,52.348,38.79128409090909,48.699,1.7017954545454546,2.204,0.3181818181818182,0.29545454545454547,0.3181818181818182,0.22727272727272727,0.22727272727272727,0.7477272727272727,65.7214375,70.1836875,88.33066666666667,40.39,73.629,1.729,66.304,0.0,0.0,0.0,788,6,A,39,SUV,1.08,Pass,NONE,,0.01823,40.39,1.729,0
VH-00790,73.74370454545455,10.028998801335467,96.189,92.43605000000001,36.09309090909091,50.94,38.928602272727275,48.841,1.7504886363636365,2.375,0.3181818181818182,0.2727272727272727,0.3181818181818182,0.22727272727272727,0.22727272727272727,0.745909090909091,66.2975625,71.108,87.18616666666667,40.351,70.411,2.141,62.463,0.0,0.0,0.0,789,6,A,40,Sedan,1.0,Pass,NONE,,0.01663,40.351,2.141,0
VH-00791,73.77725,10.062897939264142,97.287,92.233,36.643477272727274,50.34,38.90453409090909,50.495,1.8351136363636364,2.628,0.29545454545454547,0.29545454545454547,0.3409090909090909,0.22727272727272727,0.22727272727272727,0.7477272727272727,66.6351875,71.2285625,86.69824999999999,37.927,69.952,2.384,65.595,0.0,0.0,0.0,790,6,A,41,Sedan,1.0,Pass,NONE,,0.0148,37.927,2.384,0
VH-00792,73.95302272727272,10.481130399023378,96.522,93.45465000000002,36.73114772727273,50.862,38.924,47.11,1.8482045454545455,2.967,0.36363636363636365,0.29545454545454547,0.36363636363636365,0.22727272727272727,0.22727272727272727,0.7422727272727272,67.0319375,70.659625,87.57233333333333,39.552,75.781,2.266,65.999,0.0,0.0,0.0,791,6,A,42,Truck,1.14,Pass,NONE,,0.0247,39.552,2.05,0
VH-00793,73.9231590909091,10.577826986900432,96.571,94.83350000000002,36.369204545454544,48.55,39.05357954545455,49.33,1.778659090909091,2.243,0.2727272727272727,0.25,0.3181818181818182,0.22727272727272727,0.22727272727272727,0.745909090909091,65.96075,71.5240625,87.7385,40.836,67.437,1.949,66.788,0.0,0.0,0.0,792,6,A,43,SUV,1.08,Pass,NONE,,0.0134,40.836,1.949,0
VH-00794,73.31340909090909,10.840749567146636,96.654,93.7911,36.13856818181818,51.213,39.09201136363636,49.628,1.7889772727272728,2.432,0.29545454545454547,0.29545454545454547,0.3409090909090909,0.22727272727272727,0.22727272727272727,0.744090909090909,66.0899375,69.8084375,87.618,39.997,67.046,2.233,62.506,0.0,0.0,0.0,793,6,A,44,Compact,0.94,Pass,NONE,,0.01564,39.997,2.233,0
VH-00795,73.85511363636364,9.83644389849207,94.663,93.1791,36.57697727272727,50.296,38.95042045454546,52.911,1.8432727272727272,2.255,0.2727272727272727,0.22727272727272727,0.38636363636363635,0.22727272727272727,0.22727272727272727,0.745909090909091,66.59106249999999,70.9545625,87.40791666666667,38.496,71.566,2.251,65.597,0.0,0.0,0.0,794,6,A,45,Sedan,1.0,Pass,NONE,,0.01557,38.496,2.251,0
VH-00796,72.86584090909092,10.475337052785001,95.711,91.28085,35.90622727272727,52.231,39.06944318181818,46.5,1.8123977272727272,2.266,0.29545454545454547,0.38636363636363635,0.3181818181818182,0.22727272727272727,0.22727272727272727,0.7422727272727272,65.1035625,69.77175,87.34100000000001,39.568,64.585,2.108,68.665,0.0,0.0,0.0,795,6,A,46,Sedan,1.0,Pass,NONE,,0.01589,39.568,2.108,0
VH-00797,73.74865909090909,10.481393758161955,96.507,92.50874999999999,36.63459090909091,54.837,39.00485227272728,49.603,1.832409090909091,2.302,0.22727272727272727,0.29545454545454547,0.29545454545454547,0.22727272727272727,0.22727272727272727,0.7513636363636362,67.2018125,69.6795625,87.90325,39.303,72.327,2.052,70.105,0.0,0.0,0.0,796,6,A,47,Truck,1.14,Pass,NONE,,0.01716,39.303,2.052,0
VH-00798,73.18922727272728,10.404337460581404,98.019,92.87395000000001,36.21835227272727,50.755,38.957193181818184,47.58,1.7570568181818182,2.527,0.36363636363636365,0.22727272727272727,0.3409090909090909,0.22727272727272727,0.22727272727272727,0.745909090909091,66.4309375,69.53031250000001,87.07883333333332,38.896,77.102,2.041,67.585,0.0,0.0,0.0,797,6,A,48,Sedan,1.0,Pass,NONE,,0.01449,38.896,2.041,0
VH-00799,72.882,10.616718813837593,97.564,91.30505000000001,36.25818181818182,51.618,38.81281818181818,48.949,1.830465909090909,2.879,0.29545454545454547,0.3181818181818182,0.36363636363636365,0.22727272727272727,0.22727272727272727,0.745909090909091,66.1635,69.0315,86.97399999999999,40.319,73.304,1.889,67.557,0.0,0.0,0.0,798,6,A,49,Compact,0.94,Pass,NONE,,0.01594,40.319,1.889,0
VH-00800,72.39670454545454,10.197949309541544,97.091,92.2182,36.59942045454545,50.358,38.98323863636364,50.52,1.79275,2.44,0.29545454545454547,0.2727272727272727,0.3181818181818182,0.22727272727272727,0.22727272727272727,0.7477272727272727,64.8444375,69.78818749999999,85.94441666666667,38.683,70.814,2.073,67.295,0.0,0.0,0.0,799,6,A,50,Compact,0.94,Pass,NONE,,0.01452,38.683,2.073,0
VH-00801,73.53593181818182,10.100343336088681,93.692,91.25115000000001,36.17605681818182,52.054,39.026624999999996,50.649,1.771659090909091,2.357,0.2727272727272727,0.3181818181818182,0.3181818181818182,0.22727272727272727,0.22727272727272727,0.745909090909091,66.439375,70.4633125,87.09483333333333,40.054,74.8,1.749,70.788,0.0,0.0,0.0,800,6,A,51,Sedan,1.0,Pass,NONE,,0.01718,40.054,1.749,0
VH-00802,71.9454090909091,10.222359656411616,94.265,91.02455,36.199704545454544,50.555,39.28180681818182,49.426,1.8200227272727274,2.414,0.3181818181818182,0.29545454545454547,0.3181818181818182,0.22727272727272727,0.22727272727272727,0.745909090909091,64.7668125,68.7913125,85.72233333333332,38.882,68.919,2.39,65.916,0.0,0.0,0.0,801,6,A,52,Compact,0.94,Pass,NONE,,0.01408,38.882,2.39,0
VH-00803,72.96325,9.501295992689506,93.352,91.38445,35.97815909090909,50.215,39.119443181818184,50.347,1.865409090909091,2.611,0.3181818181818182,0.25,0.29545454545454547,0.22727272727272727,0.22727272727272727,0.7495454545454545,65.9963125,70.3730625,85.70608333333332,38.812,68.881,2.014,65.203,0.0,0.0,0.0,802,6,A,53,Compact,0.94,Pass,NONE,,0.01337,38.812,2.014,0
VH-00804,72.95540909090909,10.296720693407927,95.65,91.4367,36.245374999999996,48.684,39.04656818181818,48.324,1.7658977272727272,2.554,0.36363636363636365,0.29545454545454547,0.2727272727272727,0.22727272727272727,0.22727272727272727,0.7422727272727272,65.73975,69.8033125,86.77908333333333,40.467,71.985,2.554,67.655,0.0,0.0,0.0,803,6,A,54,Compact,0.94,Pass,NONE,,0.01223,40.467,2.554,0
VH-00805,72.83440909090909,9.970209909661188,94.054,90.84885,36.38968181818182,54.763,38.885352272727275,47.451,1.8107386363636364,2.535,0.29545454545454547,0.3181818181818182,0.3181818181818182,0.22727272727272727,0.22727272727272727,0.7477272727272727,65.70025,70.3163125,85.70408333333334,40.581,69.469,2.208,65.72,0.0,0.0,0.0,804,6,A,55,Compact,0.94,Pass,NONE,,0.01675,40.581,2.208,0
VH-00806,73.06002272727272,10.224050468195843,96.611,92.68945000000001,36.18763636363636,49.613,39.06403409090909,48.352,1.8332045454545456,2.625,0.29545454545454547,0.20454545454545456,0.2727272727272727,0.22727272727272727,0.22727272727272727,0.7495454545454545,66.0301875,70.3280625,86.07575000000001,40.032,71.062,2.198,61.418,0.0,0.0,0.0,805,6,A,56,Compact,0.94,Pass,NONE,,0.01246,40.032,2.198,0
VH-00807,73.20068181818182,10.716928095465729,99.371,93.55685000000001,36.688306818181815,49.712,39.236125,49.512,1.7705340909090908,2.354,0.29545454545454547,0.25,0.38636363636363635,0.22727272727272727,0.22727272727272727,0.745909090909091,65.2028125,70.5578125,87.38833333333334,40.522,73.615,1.879,66.266,0.0,0.0,0.0,806,6,A,57,SUV,1.08,Pass,NONE,,0.01606,40.522,1.879,0
VH-00808,73.1069090909091,10.305964373408335,97.641,92.20465,36.05378409090909,50.203,38.949715909090905,50.461,1.8064545454545453,2.272,0.3181818181818182,0.3181818181818182,0.3409090909090909,0.22727272727272727,0.22727272727272727,0.7404545454545454,65.7498125,70.4451875,86.46533333333333,38.218,68.343,2.246,68.382,0.0,0.0,0.0,807,6,A,58,Compact,0.94,Pass,NONE,,0.01043,38.218,2.246,0
VH-00809,72.90322727272728,10.379872219636571,96.605,91.2138,35.881170454545455,49.709,38.88946590909091,48.954,1.7713181818181818,2.512,0.2727272727272727,0.2727272727272727,0.3409090909090909,0.22727272727272727,0.22727272727272727,0.745909090909091,65.7576875,69.8775625,86.46483333333333,38.709,72.936,2.268,67.975,0.0,0.0,0.0,808,6,A,59,Compact,0.94,Pass,NONE,,0.01256,38.709,2.268,0
VH-00810,74.09377272727274,10.582305338286508,100.418,92.04505,36.446090909090906,54.033,38.93876136363636,48.061,1.8208295454545456,2.462,0.25,0.2727272727272727,0.3181818181818182,0.22727272727272727,0.22727272727272727,0.7477272727272727,66.7198125,70.9504375,88.11683333333333,39.665,73.196,1.965,64.666,0.0,0.0,0.0,809,6,A,60,Truck,1.14,Pass,NONE,,0.02027,39.665,1.965,0
VH-00811,72.52461363636364,10.919460377705247,98.092,93.45825,36.594545454545454,49.023,38.890375,48.725,1.7808749999999998,2.445,0.36363636363636365,0.2727272727272727,0.3181818181818182,0.22727272727272727,0.22727272727272727,0.745909090909091,65.7558125,68.529875,86.87599999999999,39.138,73.507,1.823,66.078,0.0,0.0,0.0,810,6,A,61,Compact,0.94,Pass,NONE,,0.01179,39.138,1.823,0
VH-00812,73.63024999999999,9.925255071703297,97.102,92.10895000000001,36.77468181818182,50.255,38.98672727272727,49.614,1.7870113636363636,2.298,0.2727272727272727,0.3409090909090909,0.36363636363636365,0.22727272727272727,0.22727272727272727,0.7422727272727272,65.8156875,71.5558125,86.81558333333334,38.241,66.729,1.98,67.858,0.0,0.0,0.0,811,6,A,62,Sedan,1.0,Pass,NONE,,0.01905,38.241,1.98,0
VH-00813,72.719,10.190799386678897,92.85,90.19780000000002,36.846909090909094,52.362,39.32145454545454,50.334,1.7971249999999999,2.633,0.29545454545454547,0.29545454545454547,0.3409090909090909,0.22727272727272727,0.22727272727272727,0.7477272727272727,65.74175,69.522,86.28466666666667,40.213,67.789,2.3,63.24,0.0,0.0,0.0,812,6,A,63,Compact,0.94,Pass,NONE,,0.01502,40.213,2.3,0
VH-00814,72.06643181818183,10.63344738209586,95.436,91.85505,36.602000000000004,52.547,39.02798863636363,48.961,1.7427613636363637,2.41,0.29545454545454547,0.3181818181818182,0.4090909090909091,0.22727272727272727,0.22727272727272727,0.745909090909091,63.9371875,69.4396875,86.40775000000001,39.659,66.852,1.889,63.166,0.0,0.0,0.0,813,6,A,64,Compact,0.94,Pass,NONE,,0.01458,39.659,1.889,0
VH-00815,73.54674999999999,9.57673831964846,93.47,91.32275,36.37886363636364,48.356,39.115022727272724,50.052,1.8505227272727274,2.356,0.3181818181818182,0.3409090909090909,0.3181818181818182,0.22727272727272727,0.22727272727272727,0.745909090909091,66.34175,71.1626875,86.33216666666665,39.578,65.261,1.91,70.082,0.0,0.0,0.0,814,6,A,65,SUV,1.08,Pass,NONE,,0.0203,39.578,1.91,0
VH-00816,73.09765909090909,10.672993997987543,95.456,94.44435,36.193431818181814,50.33,38.911875,47.821,1.76975,2.471,0.29545454545454547,0.3181818181818182,0.3181818181818182,0.22727272727272727,0.22727272727272727,0.745909090909091,64.568875,70.9686875,87.30799999999999,40.375,69.613,1.85,65.355,0.0,0.0,0.0,815,6,A,66,Sedan,1.0,Pass,NONE,,0.01857,40.093,1.85,0
VH-00817,73.32584090909091,10.075544585531432,97.369,92.71045,36.08234090909091,49.897,38.93605681818182,48.214,1.7672954545454544,2.431,0.25,0.3181818181818182,0.3181818181818182,0.22727272727272727,0.22727272727272727,0.7495454545454545,66.4553125,70.178,86.68366666666667,39.506,71.98,2.038,75.624,0.0,0.0,0.0,816,6,A,67,Sedan,1.0,Pass,NONE,,0.01486,39.506,2.038,0
VH-00818,72.93613636363636,10.90489930770592,96.382,92.5792,36.351113636363635,50.764,38.618829545454545,49.313,1.7970681818181817,2.43,0.25,0.29545454545454547,0.3181818181818182,0.22727272727272727,0.22727272727272727,0.7495454545454545,65.4621875,69.1375625,87.96616666666667,38.635,71.246,1.905,64.793,0.0,0.0,0.0,817,6,A,68,Sedan,1.0,Pass,NONE,,0.01562,38.635,1.905,0
VH-00819,72.22015909090909,9.357579397654282,94.522,89.54025,36.212681818181814,50.227,38.72348863636363,46.72,1.7878749999999999,2.36,0.29545454545454547,0.3181818181818182,0.3409090909090909,0.22727272727272727,0.22727272727272727,0.7477272727272727,65.928375,69.1724375,84.67283333333334,40.165,68.481,1.959,64.902,0.0,0.0,0.0,818,6,A,69,Compact,0.94,Pass,NONE,,0.00945,40.165,1.959,0
VH-00820,72.93445454545454,10.430995937766431,97.568,95.04845,36.120363636363635,50.289,39.10528409090909,47.557,1.7788181818181819,2.44,0.2727272727272727,0.3181818181818182,0.3181818181818182,0.22727272727272727,0.22727272727272727,0.745909090909091,65.62775,69.782625,86.87916666666666,39.091,69.231,2.023,68.667,0.0,0.0,0.0,819,6,A,70,Sedan,1.0,Pass,NONE,,0.01386,39.091,2.023,0
VH-00821,73.34540909090909,11.3938894360054,96.481,95.1118,35.64702272727273,50.842,38.73227272727273,47.69,1.832818181818182,2.394,0.2727272727272727,0.20454545454545456,0.2727272727272727,0.22727272727272727,0.22727272727272727,0.7495454545454545,66.3734375,68.692375,88.84541666666667,40.413,74.83,1.822,63.162,0.0,0.0,0.0,820,6,A,71,Sedan,1.0,Pass,NONE,,0.0198,40.413,1.822,0
VH-00822,74.02831818181818,10.624771246287654,100.094,93.9423,35.53911363636364,49.973,39.03334090909091,49.694,1.818090909090909,2.61,0.2727272727272727,0.18181818181818182,0.36363636363636365,0.22727272727272727,0.22727272727272727,0.7477272727272727,66.55975,70.4344375,88.77825,38.933,70.224,1.944,66.388,0.0,0.0,0.0,821,6,A,72,Truck,1.14,Pass,NONE,,0.02709,38.933,1.944,0
VH-00823,73.44179545454546,10.765622572605483,99.465,93.72155,36.14477272727272,48.636,38.74401136363636,46.566,1.8064431818181816,2.712,0.29545454545454547,0.36363636363636365,0.36363636363636365,0.22727272727272727,0.22727272727272727,0.745909090909091,66.4180625,69.9944375,87.40325,38.838,74.175,1.87,70.391,0.0,0.0,0.0,822,6,A,73,Sedan,1.0,Pass,NONE,,0.01135,38.838,1.87,0
VH-00824,73.92184090909092,9.599511038766703,95.332,92.85730000000001,35.86320454545454,53.036,39.47621590909091,48.898,1.7874318181818183,2.656,0.25,0.20454545454545456,0.3181818181818182,0.22727272727272727,0.22727272727272727,0.7513636363636362,67.307125,71.3775,86.13391666666666,41.253,74.677,2.335,62.04,0.0,0.0,0.0,823,6,A,74,SUV,1.08,Pass,NONE,,0.0132,41.253,2.335,0
VH-00825,73.97313636363637,10.664771406071637,98.456,94.56005,35.883295454545454,50.762,39.15651136363636,51.556,1.7927954545454545,2.605,0.3409090909090909,0.2727272727272727,0.2727272727272727,0.22727272727272727,0.22727272727272727,0.7477272727272727,66.5235,70.507875,88.52633333333334,40.144,71.357,2.385,71.133,0.0,0.0,0.0,824,6,A,75,SUV,1.08,Pass,NONE,,0.01596,40.144,2.385,0
VH-00826,73.8751590909091,9.71141078521642,96.543,90.3502,36.30443181818182,49.769,38.65096590909091,46.529,1.7963977272727272,2.466,0.2727272727272727,0.25,0.3409090909090909,0.22727272727272727,0.22727272727272727,0.745909090909091,66.3184375,71.705,86.84433333333334,40.392,68.201,1.888,66.602,0.0,0.0,0.0,825,6,B,1,Sedan,1.0,Fail,MANUAL_FIT_CHECK_VARIATION,ST-45,0.01051,40.392,1.888,1
VH-00827,74.37425,10.443962776213361,97.2,92.70139999999999,36.28031818181818,49.359,38.94619318181818,48.99,1.8375681818181817,2.747,0.22727272727272727,0.29545454545454547,0.36363636363636365,0.22727272727272727,0.22727272727272727,0.745909090909091,66.7420625,71.6785625,88.14475,39.912,72.377,1.842,66.883,0.0,0.0,0.0,826,6,B,2,Truck,1.14,Pass,NONE,,0.01267,39.912,1.842,0
VH-00828,72.9541590909091,10.825066612273018,97.046,93.22760000000001,36.55052272727273,55.009,38.99071590909091,49.439,1.7896363636363637,2.411,0.2727272727272727,0.25,0.3409090909090909,0.22727272727272727,0.22727272727272727,0.7495454545454545,65.521125,69.4951875,87.47683333333333,41.057,70.89,2.286,70.053,0.0,0.0,0.0,827,6,B,3,Compact,0.94,Pass,NONE,,0.01315,41.057,2.286,0
VH-00829,73.20918181818182,9.600773576566578,93.946,90.07615,37.07448863636363,50.697,39.21339772727273,49.369,1.8081704545454544,2.612,0.2727272727272727,0.22727272727272727,0.2727272727272727,0.22727272727272727,0.22727272727272727,0.7531818181818182,65.5193125,71.592,85.61858333333333,40.047,71.223,2.064,61.149,0.0,0.0,0.0,828,6,B,4,SUV,1.08,Pass,NONE,,0.02179,40.047,2.064,0
VH-00830,72.1175,10.940544137439222,95.986,91.86245,36.338625,50.255,38.982397727272726,50.218,1.752727272727273,2.312,0.29545454545454547,0.22727272727272727,0.3409090909090909,0.22727272727272727,0.22727272727272727,0.7477272727272727,64.639375,68.322375,87.1485,41.467,67.165,1.848,64.239,0.0,0.0,0.0,829,6,B,5,Compact,0.94,Pass,NONE,,0.01541,41.467,1.848,0
VH-00831,72.00636363636364,10.738647095704781,95.425,92.5043,35.77334090909091,46.941,38.94196590909091,49.626,1.7943295454545456,2.489,0.38636363636363635,0.25,0.2727272727272727,0.22727272727272727,0.22727272727272727,0.745909090909091,64.1620625,68.8976875,86.61033333333334,40.363,62.949,2.236,60.128,0.0,0.0,0.0,830,6,B,6,Compact,0.94,Pass,NONE,,0.01162,40.363,2.236,0
VH-00832,72.70256818181818,10.625516938226841,96.756,92.0425,35.852318181818184,49.177,39.11839772727273,47.835,1.7779545454545456,2.46,0.22727272727272727,0.3181818181818182,0.4090909090909091,0.22727272727272727,0.22727272727272727,0.7422727272727272,65.2528125,69.6914375,86.65041666666667,41.274,69.974,2.154,67.065,0.0,0.0,0.0,831,6,B,7,Compact,0.94,Pass,NONE,,0.01663,41.274,2.154,0
VH-00833,72.5265,10.11684506502731,91.629,89.7544,36.205147727272724,49.622,39.19569318181818,50.211,1.7682272727272725,2.796,0.29545454545454547,0.29545454545454547,0.3409090909090909,0.22727272727272727,0.22727272727272727,0.744090909090909,65.6215,68.8378125,86.65141666666666,40.847,70.168,2.166,70.729,0.0,0.0,0.0,832,6,B,8,Compact,0.94,Pass,NONE,,0.01878,40.847,2.166,0
VH-00834,73.24672727272728,10.265137904721968,94.669,91.9522,36.39661363636364,51.045,38.83298863636364,47.525,1.830465909090909,2.565,0.2727272727272727,0.25,0.2727272727272727,0.22727272727272727,0.22727272727272727,0.7513636363636362,65.4650625,71.2583125,86.2735,39.339,67.333,2.154,63.232,0.0,0.0,0.0,833,6,B,9,Sedan,1.0,Pass,NONE,,0.02702,39.339,2.154,0
VH-00835,73.67465909090909,9.708974704432526,94.696,92.2431,36.11668181818182,50.633,38.863749999999996,47.838,1.8343068181818183,2.379,0.29545454545454547,0.22727272727272727,0.38636363636363635,0.22727272727272727,0.22727272727272727,0.744090909090909,66.56325,70.4813125,87.41433333333333,40.467,69.507,2.174,65.496,0.0,0.0,0.0,834,6,B,10,Truck,1.14,Pass,NONE,,0.02273,40.467,2.174,0
VH-00836,72.64800000000001,10.249893324459075,92.912,90.8953,36.69479545454545,53.408,38.83755681818182,47.8,1.8376136363636364,2.367,0.2727272727272727,0.3181818181818182,0.3181818181818182,0.22727272727272727,0.22727272727272727,0.7477272727272727,64.9435625,69.8884375,86.60000000000001,41.231,73.173,2.111,64.835,0.0,0.0,0.0,835,6,B,11,Compact,0.94,Pass,NONE,,0.01442,41.231,2.111,0
VH-00837,73.08702272727272,10.232285826345437,96.162,93.39695,35.54111363636363,49.331,38.76043181818182,47.144,1.8548522727272727,2.675,0.29545454545454547,0.36363636363636365,0.3409090909090909,0.22727272727272727,0.22727272727272727,0.7422727272727272,65.4183125,70.3729375,86.93075,40.494,71.424,2.262,67.243,0.0,0.0,0.0,836,6,B,12,Compact,0.94,Pass,NONE,,0.0136,40.494,2.262,0
VH-00838,73.87013636363636,9.995420566767251,94.412,91.17175,35.80773863636364,51.019,38.82528409090909,50.236,1.8187613636363635,2.622,0.38636363636363635,0.3181818181818182,0.3409090909090909,0.22727272727272727,0.22727272727272727,0.7368181818181818,66.341625,70.9768125,87.76591666666667,40.209,72.181,2.161,67.344,0.0,0.0,0.0,837,6,B,13,Compact,0.94,Pass,NONE,,0.0186,40.209,2.161,0
VH-00839,74.52490909090909,11.148584377375014,98.887,96.77785,35.89722727272727,52.238,38.68635227272727,51.241,1.808715909090909,2.471,0.2727272727272727,0.3181818181818182,0.36363636363636365,0.22727272727272727,0.22727272727272727,0.744090909090909,65.873,72.327,88.99133333333333,39.909,74.719,2.361,64.331,0.0,0.0,0.0,838,6,B,14,SUV,1.08,Pass,NONE,,0.01413,39.909,2.361,0
VH-00840,73.79154545454546,9.905796922625877,98.861,90.49535,36.675920454545455,53.987,38.75970454545455,47.251,1.7736590909090908,2.364,0.29545454545454547,0.2727272727272727,0.3181818181818182,0.22727272727272727,0.22727272727272727,0.7513636363636362,66.86075,70.3656875,87.60041666666666,40.89,68.41,1.806,66.663,0.0,0.0,0.0,839,6,B,15,Truck,1.14,Pass,NONE,,0.02409,40.89,1.806,0
VH-00841,73.02638636363636,9.58749219147897,93.939,92.16665,36.94790909090909,54.727,38.880897727272725,47.109,1.8092386363636364,2.5,0.29545454545454547,0.29545454545454547,0.3409090909090909,0.22727272727272727,0.22727272727272727,0.745909090909091,65.96187499999999,70.4875625,85.83083333333333,40.603,70.828,2.105,62.59,0.0,0.0,0.0,840,6,B,16,Sedan,1.0,Pass,NONE,,0.01253,40.603,2.105,0
VH-00842,72.20809090909091,10.306212404713879,94.777,93.03525,36.17621590909091,49.375,38.97867045454546,48.554,1.8192386363636361,2.468,0.29545454545454547,0.36363636363636365,0.29545454545454547,0.22727272727272727,0.22727272727272727,0.745909090909091,64.6200625,69.4405625,86.01549999999999,39.528,71.274,2.423,67.166,0.0,0.0,0.0,841,6,B,17,Compact,0.94,Pass,NONE,,0.01509,39.528,2.423,0
VH-00843,73.32879545454546,10.221834213002985,95.397,93.10715,36.76597727272727,47.839,39.21636363636364,49.915,1.8399545454545454,2.524,0.29545454545454547,0.25,0.3181818181818182,0.22727272727272727,0.22727272727272727,0.7513636363636362,65.8818125,70.635125,86.84966666666666,40.059,75.103,2.19,68.337,0.0,0.0,0.0,842,6,B,18,Sedan,1.0,Pass,NONE,,0.01527,40.059,2.19,0
VH-00844,72.63077272727273,10.305650576630814,95.79,91.44545000000001,36.23059090909091,51.049,39.40148863636364,49.81,1.793784090909091,2.575,0.29545454545454547,0.29545454545454547,0.29545454545454547,0.22727272727272727,0.22727272727272727,0.7422727272727272,64.964375,69.96525,86.40666666666668,40.375,63.224,2.015,66.811,0.0,0.0,0.0,843,6,B,19,Compact,0.94,Pass,NONE,,0.01479,40.918,2.015,0
VH-00845,73.51704545454545,9.985698682812957,95.199,92.56230000000001,36.39029545454545,53.023,38.626056818181816,47.757,1.83225,2.454,0.2727272727272727,0.29545454545454547,0.3181818181818182,0.22727272727272727,0.22727272727272727,0.744090909090909,66.0409375,71.31775,86.41758333333333,40.697,70.656,2.08,61.72,0.0,0.0,0.0,844,6,B,20,SUV,1.08,Fail,FINAL_TORQUE_VARIATION,ST-45,0.02066,40.697,2.08,1
VH-00846,73.17693181818181,9.960895888534319,94.054,91.54780000000001,36.11931818181818,50.944,39.047931818181816,48.615,1.8036931818181818,2.335,0.2727272727272727,0.3409090909090909,0.3409090909090909,0.22727272727272727,0.22727272727272727,0.745909090909091,66.01325,70.28975,86.57808333333332,40.311,74.178,1.827,65.599,0.0,0.0,0.0,845,6,B,21,Compact,0.94,Pass,NONE,,0.01372,40.311,1.827,0
VH-00847,74.40020454545454,10.815036953521028,100.71,93.53575,36.565022727272726,52.722,38.87065909090909,47.828,1.8043636363636362,2.331,0.3409090909090909,0.36363636363636365,0.38636363636363635,0.22727272727272727,0.22727272727272727,0.7422727272727272,66.5315625,71.5525,88.68866666666666,42.189,71.961,2.064,66.984,0.18900000000000006,0.0,0.0,846,6,B,22,Truck,1.14,Pass,NONE,,0.0209,42.189,2.064,0
VH-00848,72.75988636363637,11.154051530494465,99.87,95.20179999999999,36.33675,50.872,39.140795454545454,48.061,1.8304318181818182,2.321,0.2727272727272727,0.3181818181818182,0.36363636363636365,0.22727272727272727,0.22727272727272727,0.745909090909091,64.9011875,69.2353125,87.93758333333334,40.193,71.768,2.205,67.967,0.0,0.0,0.0,847,6,B,23,Compact,0.94,Pass,NONE,,0.01196,40.193,2.205,0
VH-00849,74.70975,10.833623607589946,98.947,96.82885,36.59078409090909,50.753,39.13077272727273,48.155,1.8127727272727272,2.446,0.36363636363636365,0.29545454545454547,0.3181818181818182,0.22727272727272727,0.22727272727272727,0.744090909090909,66.5241875,72.104875,89.097,38.816,69.412,1.782,65.899,0.0,0.0,0.0,848,6,B,24,SUV,1.08,Pass,NONE,,0.01688,38.816,1.782,0
VH-00850,72.78504545454545,10.094183376796629,92.419,91.3129,36.36789772727273,50.14,39.214102272727274,48.682,1.8115,2.374,0.3409090909090909,0.2727272727272727,0.29545454545454547,0.22727272727272727,0.22727272727272727,0.744090909090909,65.9364375,69.5264375,86.26133333333333,40.374,65.192,1.939,66.674,0.0,0.0,0.0,849,6,B,25,Sedan,1.0,Pass,NONE,,0.02448,40.374,1.939,0
VH-00851,73.38022727272727,10.402802576013736,96.073,94.0048,37.19015909090909,53.394,38.85678409090909,48.033,1.8162272727272728,2.433,0.3181818181818182,0.2727272727272727,0.3181818181818182,0.22727272727272727,0.22727272727272727,0.7513636363636362,66.26825,69.869375,87.544,39.91,71.143,2.098,62.405,0.0,0.0,0.0,850,6,B,26,SUV,1.08,Pass,NONE,,0.01713,39.91,2.098,0
VH-00852,72.94190909090909,10.821387072718075,101.308,94.61265,37.00568181818182,47.94,38.58228409090909,49.686,1.8028409090909092,2.448,0.25,0.2727272727272727,0.2727272727272727,0.22727272727272727,0.22727272727272727,0.7531818181818182,64.8290625,70.61125,86.86658333333334,38.846,63.928,1.956,65.631,0.0,0.0,0.0,851,6,B,27,Compact,0.94,Pass,NONE,,0.0152,38.846,1.956,0
VH-00853,74.26804545454546,10.642955501731613,97.871,92.52935000000001,35.660545454545456,49.279,39.03725,49.679,1.771272727272727,2.266,0.29545454545454547,0.38636363636363635,0.36363636363636365,0.22727272727272727,0.22727272727272727,0.7422727272727272,66.0110625,71.797875,88.57091666666668,40.339,71.637,2.266,67.573,0.0,0.0,0.0,852,6,B,28,SUV,1.08,Fail,LOW_CONFIDENCE_MULTI_CAUSAL,ST-45,0.01738,40.339,2.281,1
VH-00854,74.02911363636363,10.343138348381657,94.375,92.93525000000001,37.182863636363635,51.984,38.94378409090909,49.038,1.8036136363636361,2.688,0.25,0.25,0.3181818181818182,0.22727272727272727,0.22727272727272727,0.7495454545454545,66.3455,70.73875,88.66108333333334,39.725,67.354,1.845,68.521,0.0,0.0,0.0,853,6,B,29,Truck,1.14,Pass,NONE,,0.02212,39.725,1.845,0
VH-00855,72.54606818181819,10.805916745754304,95.313,92.3214,36.26055681818182,49.836,38.85192045454546,48.268,1.7391931818181818,2.237,0.3181818181818182,0.36363636363636365,0.29545454545454547,0.22727272727272727,0.22727272727272727,0.7422727272727272,64.9595625,69.18781249999999,87.13908333333335,40.05,68.016,2.125,67.684,0.0,0.0,0.0,854,6,B,30,Compact,0.94,Pass,NONE,,0.01697,40.05,2.125,0
VH-00856,73.75263636363637,10.48920967402329,99.219,92.94810000000001,36.245090909090905,51.773,38.981238636363635,48.617,1.8361818181818181,2.446,0.25,0.25,0.3409090909090909,0.22727272727272727,0.22727272727272727,0.7495454545454545,65.928,70.7555625,88.18158333333334,39.52,71.498,1.956,66.122,0.0,0.0,0.0,855,6,B,31,Sedan,1.0,Pass,NONE,,0.01546,39.52,1.956,0
VH-00857,73.12625,9.897840713838134,95.146,89.96520000000001,36.00147727272727,52.021,38.981375,50.932,1.7911363636363637,2.314,0.3181818181818182,0.22727272727272727,0.3409090909090909,0.22727272727272727,0.22727272727272727,0.745909090909091,65.7828125,70.8629375,85.93525,41.119,72.12,2.009,63.023,0.0,0.0,0.0,856,6,B,32,Sedan,1.0,Pass,NONE,,0.01664,41.119,2.009,0
VH-00858,73.16970454545455,10.0461823376763,97.401,92.25995,37.31309090909091,54.28,39.066579545454545,47.989,1.8361363636363635,2.556,0.29545454545454547,0.25,0.29545454545454547,0.22727272727272727,0.22727272727272727,0.7513636363636362,66.5558125,70.021125,86.18633333333332,40.317,68.979,1.976,69.089,0.0,0.0,0.0,857,6,B,33,Sedan,1.0,Pass,NONE,,0.01161,40.317,1.976,0
VH-00859,72.11529545454545,9.933892210284961,91.914,89.182,35.93206818181818,49.328,38.96179545454545,47.89,1.7785000000000002,2.243,0.29545454545454547,0.3409090909090909,0.29545454545454547,0.22727272727272727,0.22727272727272727,0.7477272727272727,64.5076875,69.346125,85.95100000000001,40.14,65.902,2.019,64.755,0.0,0.0,0.0,858,6,B,34,Compact,0.94,Pass,NONE,,0.0223,40.14,2.019,0
VH-00860,73.62315909090908,10.815139646752264,94.027,92.79125,36.5415,53.03,38.67019318181818,47.896,1.7885454545454544,2.351,0.3181818181818182,0.36363636363636365,0.3409090909090909,0.22727272727272727,0.22727272727272727,0.745909090909091,64.6346875,71.816625,88.01650000000001,40.102,72.453,1.924,64.945,0.0,0.0,0.0,859,6,B,35,Truck,1.14,Pass,NONE,,0.01831,40.102,1.924,0
VH-00861,74.11861363636363,10.194727591319205,94.802,93.33295000000001,36.56153409090909,55.204,39.15748863636364,48.329,1.763375,2.317,0.3181818181818182,0.25,0.36363636363636365,0.22727272727272727,0.22727272727272727,0.745909090909091,66.9091875,71.0095625,87.87658333333333,40.612,74.298,1.998,66.4,0.0,0.0,0.0,860,6,B,36,SUV,1.08,Pass,NONE,,0.01493,40.612,1.998,0
VH-00862,72.51986363636364,10.398990442034773,94.889,92.09,36.36859090909091,49.72,39.062397727272725,50.735,1.7637272727272728,2.294,0.3181818181818182,0.36363636363636365,0.36363636363636365,0.22727272727272727,0.22727272727272727,0.7404545454545454,64.8610625,69.703125,86.48725,40.86,69.911,2.089,65.408,0.0,0.0,0.0,861,6,B,37,Sedan,1.0,Pass,NONE,,0.01453,40.86,2.089,0
VH-00863,75.07202272727272,9.713157536303672,97.041,92.26855,36.219795454545455,50.076,38.967875,48.613,1.7908863636363634,2.562,0.25,0.25,0.36363636363636365,0.22727272727272727,0.22727272727272727,0.7477272727272727,68.0803125,72.2464375,88.16175,41.203,72.737,2.011,70.168,0.0,0.0,0.0,862,6,B,38,Truck,1.14,Pass,NONE,,0.01772,41.203,2.011,0
VH-00864,73.74786363636363,10.409719712489881,94.115,93.43155,35.72656818181818,50.279,38.80528409090909,48.654,1.7824545454545453,2.431,0.3181818181818182,0.2727272727272727,0.38636363636363635,0.22727272727272727,0.22727272727272727,0.744090909090909,66.0476875,71.3440625,87.21983333333333,40.454,71.763,1.989,61.158,0.0,0.0,0.0,863,6,B,39,SUV,1.08,Pass,NONE,,0.01366,40.454,1.989,0
VH-00865,75.13097727272726,10.862942477917352,99.342,96.3905,36.30138636363636,51.517,39.01103409090909,49.174,1.8313181818181818,2.406,0.29545454545454547,0.22727272727272727,0.3409090909090909,0.22727272727272727,0.22727272727272727,0.7477272727272727,67.5486875,71.7046875,89.80908333333333,39.279,76.618,2.101,70.209,0.0,0.0,0.0,864,6,B,40,Truck,1.14,Pass,NONE,,0.01564,39.279,2.101,0
VH-00866,73.00440909090909,9.379434974101795,93.475,92.2017,36.14488636363637,48.085,39.074647727272726,46.668,1.8362045454545453,2.406,0.3409090909090909,0.3181818181818182,0.3181818181818182,0.22727272727272727,0.22727272727272727,0.744090909090909,66.5075625,69.7749375,85.97283333333333,40.737,69.751,2.172,69.842,0.0,0.0,0.0,865,6,B,41,Compact,0.94,Pass,NONE,,0.01053,40.737,2.172,0
VH-00867,72.37536363636364,9.9253506483449,95.393,90.43270000000001,36.767329545454544,52.361,38.89663636363636,48.921,1.8607954545454546,2.579,0.3181818181818182,0.29545454545454547,0.29545454545454547,0.22727272727272727,0.22727272727272727,0.745909090909091,65.3968125,69.36868750000001,85.68900000000001,40.291,69.314,2.386,68.002,0.0,0.0,0.0,866,6,B,42,Compact,0.94,Pass,NONE,,0.01148,40.291,2.386,0
VH-00868,72.90331818181818,10.888196290228487,95.529,93.18595,36.231,54.639,39.019397727272725,47.669,1.7809545454545452,2.802,0.29545454545454547,0.3181818181818182,0.3181818181818182,0.22727272727272727,0.22727272727272727,0.7477272727272727,64.5300625,70.4305,87.36475,39.846,72.686,1.952,66.482,0.0,0.0,0.0,867,6,B,43,Compact,0.94,Pass,NONE,,0.01018,39.846,1.952,0
VH-00869,72.76422727272727,10.955662891354693,98.037,92.16040000000001,36.96154545454545,53.179,39.11689772727272,48.318,1.7942386363636365,2.367,0.25,0.3181818181818182,0.3181818181818182,0.22727272727272727,0.22727272727272727,0.745909090909091,66.1045625,68.6335625,87.15133333333334,39.518,73.725,2.296,62.089,0.0,0.0,0.0,868,6,B,44,Sedan,1.0,Pass,NONE,,0.01306,39.518,2.296,0
VH-00870,72.53856818181818,11.111817983670353,94.202,92.67085,36.20127272727273,49.555,38.97873863636364,48.18,1.80575,2.56,0.3181818181818182,0.3409090909090909,0.2727272727272727,0.22727272727272727,0.22727272727272727,0.745909090909091,64.882375,68.9723125,87.50183333333332,39.995,70.241,1.886,61.04,0.0,0.0,0.0,869,6,B,45,Compact,0.94,Pass,NONE,,0.01597,39.995,1.886,0
VH-00871,73.82395454545454,9.829055841843198,94.568,93.55425,36.893738636363636,52.159,38.82175,48.225,1.8298636363636362,2.278,0.2727272727272727,0.3181818181818182,0.3181818181818182,0.22727272727272727,0.22727272727272727,0.745909090909091,66.2549375,71.5861875,86.89966666666668,39.986,72.465,2.245,65.716,0.0,0.0,0.0,870,6,B,46,Sedan,1.0,Pass,NONE,,0.01538,39.986,2.245,0
VH-00872,73.30520454545454,10.58881083553184,96.551,92.58845,35.82704545454545,50.295,39.104738636363635,49.109,1.8875681818181818,2.465,0.29545454545454547,0.3181818181818182,0.3409090909090909,0.22727272727272727,0.22727272727272727,0.744090909090909,65.936375,70.06125,87.45558333333334,39.615,69.781,2.409,66.813,0.0,0.0,0.0,871,6,B,47,Sedan,1.0,Pass,NONE,,0.01575,39.615,2.409,0
VH-00873,73.23925,11.089562910263759,98.668,94.05535,36.32575,49.992,39.24632954545455,48.473,1.8196022727272727,2.49,0.2727272727272727,0.3181818181818182,0.36363636363636365,0.22727272727272727,0.22727272727272727,0.745909090909091,65.0468125,69.9304375,88.57425,40.028,71.235,2.38,66.453,0.0,0.0,0.0,872,6,B,48,SUV,1.08,Pass,NONE,,0.01849,40.028,2.38,0
VH-00874,73.3450909090909,9.950366497441374,97.128,90.35415,36.649625,52.523,38.863102272727275,48.403,1.788875,2.466,0.29545454545454547,0.29545454545454547,0.2727272727272727,0.22727272727272727,0.22727272727272727,0.7495454545454545,66.21606249999999,70.458375,86.69941666666666,38.835,68.226,1.85,64.663,0.0,0.0,0.0,873,6,B,49,SUV,1.08,Pass,NONE,,0.0176,38.835,1.85,0
VH-00875,74.06513636363637,10.766213874444206,98.943,92.009,36.965613636363635,51.438,38.71159090909091,48.481,1.8469886363636363,2.497,0.25,0.22727272727272727,0.3181818181818182,0.22727272727272727,0.22727272727272727,0.7513636363636362,66.3665,70.79675,88.68783333333333,39.72,69.418,2.352,66.785,0.0,0.0,0.0,874,6,B,50,Truck,1.14,Pass,NONE,,0.01684,39.72,2.352,0
VH-00876,73.59295454545455,10.150175145595176,94.738,92.76735,36.66534090909091,48.856,39.104704545454545,49.334,1.764522727272727,2.658,0.2727272727272727,0.25,0.3409090909090909,0.22727272727272727,0.22727272727272727,0.7495454545454545,65.30225,71.739375,87.11866666666667,40.575,68.46,2.042,63.295,0.0,0.0,0.0,875,6,B,51,Sedan,1.0,Pass,NONE,,0.00943,40.575,2.042,0
VH-00877,73.01275,10.785367029420112,97.081,93.63995,36.69109090909091,54.4,38.751363636363635,48.054,1.849056818181818,2.404,0.2727272727272727,0.3409090909090909,0.38636363636363635,0.22727272727272727,0.22727272727272727,0.7422727272727272,65.6830625,69.187,87.88666666666667,40.661,72.613,2.296,67.0,0.0,0.0,0.0,876,6,B,52,Compact,0.94,Pass,NONE,,0.015,40.661,2.296,0
VH-00878,72.77627272727273,11.136029312736326,95.967,95.3135,36.67195454545455,49.701,39.17632954545454,52.664,1.7673977272727273,2.427,0.2727272727272727,0.3181818181818182,0.2727272727272727,0.22727272727272727,0.22727272727272727,0.7477272727272727,64.799875,69.6811875,87.53825,40.55,72.935,1.968,63.078,0.0,0.0,0.0,877,6,B,53,Sedan,1.0,Pass,NONE,,0.01438,40.55,1.968,0
VH-00879,73.86356818181818,10.052865289564304,97.384,93.53935000000001,35.810204545454546,49.315,39.01710227272727,50.812,1.8142613636363636,2.603,0.29545454545454547,0.22727272727272727,0.3409090909090909,0.22727272727272727,0.22727272727272727,0.7495454545454545,66.738875,71.23825000000001,86.86358333333334,40.789,75.165,1.599,66.373,0.0,0.0,0.0,878,6,B,54,SUV,1.08,Pass,NONE,,0.01782,40.789,1.599,0
VH-00880,72.54404545454545,10.566463884438429,94.722,92.6493,35.88904545454545,49.453,39.23580681818182,50.666,1.8218295454545455,2.526,0.3409090909090909,0.22727272727272727,0.3181818181818182,0.22727272727272727,0.22727272727272727,0.7477272727272727,65.0611875,69.396625,86.71775000000001,40.269,67.825,2.196,64.957,0.0,0.0,0.0,879,6,B,55,Compact,0.94,Pass,NONE,,0.01683,40.269,2.196,0
VH-00881,74.09972727272726,10.505562204195247,96.028,91.99175,35.94884090909091,50.135,38.88530681818182,46.566,1.768840909090909,2.343,0.3181818181818182,0.29545454545454547,0.3181818181818182,0.22727272727272727,0.22727272727272727,0.744090909090909,65.42818749999999,72.2006875,88.19383333333333,40.896,73.383,2.17,61.481,0.0,0.0,0.0,880,6,B,56,SUV,1.08,Pass,NONE,,0.01524,40.896,2.17,0
VH-00882,73.46545454545455,10.077748238372765,98.899,92.91335000000001,36.706261363636365,51.323,38.72118181818182,49.028,1.7633068181818181,2.592,0.3409090909090909,0.2727272727272727,0.29545454545454547,0.22727272727272727,0.22727272727272727,0.745909090909091,66.7354375,69.9905625,87.072,39.24,65.263,1.791,74.193,0.0,0.0,0.0,881,6,B,57,Sedan,1.0,Pass,NONE,,0.01904,39.24,1.791,0
VH-00883,73.77795454545455,10.202820237002287,96.381,92.9258,36.52006818181818,51.348,38.80223863636364,47.561,1.7760568181818182,2.412,0.3181818181818182,0.3409090909090909,0.29545454545454547,0.22727272727272727,0.22727272727272727,0.7422727272727272,66.577625,70.5400625,87.69558333333333,40.261,71.36,1.997,62.473,0.0,0.0,0.0,882,6,B,58,SUV,1.08,Pass,NONE,,0.01626,40.261,1.997,0
VH-00884,74.05390909090909,10.943071888808756,97.791,95.60485000000001,36.51852272727273,49.509,38.800352272727274,48.499,1.7913295454545455,2.428,0.36363636363636365,0.36363636363636365,0.36363636363636365,0.22727272727272727,0.22727272727272727,0.7404545454545454,67.17156250000001,69.6639375,89.08366666666666,39.721,77.722,2.097,65.445,0.0,0.0,0.0,883,6,B,59,Sedan,1.0,Pass,NONE,,0.01298,39.721,2.097,0
VH-00885,73.17311363636364,10.30916270756129,95.502,94.03485,36.513875,47.147,39.10555681818182,49.597,1.8041363636363636,2.394,0.3181818181818182,0.3181818181818182,0.3409090909090909,0.22727272727272727,0.22727272727272727,0.745909090909091,65.84975,69.98125,87.19341666666666,40.691,68.456,2.394,62.848,0.0,0.0,0.0,884,6,B,60,Sedan,1.0,Pass,NONE,,0.01507,40.691,2.394,0
VH-00886,73.65220454545455,10.331189038885519,95.403,93.89065,36.115931818181814,46.856,38.76323863636364,47.635,1.819056818181818,2.451,0.25,0.25,0.3181818181818182,0.22727272727272727,0.22727272727272727,0.7531818181818182,65.970125,70.8485,87.63324999999999,41.089,66.738,1.94,62.96,0.0,0.0,0.0,885,6,B,61,Sedan,1.0,Pass,NONE,,0.01828,41.089,1.94,0
VH-00887,73.02038636363636,11.083947494306978,97.965,93.4961,36.768795454545455,50.591,39.07547727272727,47.959,1.8491818181818183,2.412,0.29545454545454547,0.2727272727272727,0.36363636363636365,0.22727272727272727,0.22727272727272727,0.7477272727272727,65.2194375,69.6860625,87.86741666666666,40.517,71.87,2.359,75.372,0.0,0.0,0.0,886,6,B,62,Compact,0.94,Pass,NONE,,0.0113,40.517,2.359,0
VH-00888,73.36904545454546,10.53291180605652,96.625,91.9659,36.52110227272727,51.155,39.05651136363636,48.715,1.7497272727272728,2.375,0.3181818181818182,0.1590909090909091,0.3409090909090909,0.22727272727272727,0.22727272727272727,0.745909090909091,66.0621875,70.20675,87.32791666666667,39.733,69.064,1.84,66.566,0.0,0.0,0.0,887,6,B,63,Sedan,1.0,Pass,NONE,,0.01234,39.733,1.84,0
VH-00889,73.59156818181818,10.28705637015201,94.221,93.1139,36.491409090909094,50.672,38.744727272727275,46.441,1.782340909090909,2.518,0.3409090909090909,0.36363636363636365,0.3181818181818182,0.22727272727272727,0.22727272727272727,0.7404545454545454,66.00625,70.8204375,87.40016666666666,40.858,70.104,2.054,64.148,0.0,0.0,0.0,888,6,B,64,SUV,1.08,Pass,NONE,,0.01964,40.858,2.054,0
VH-00890,73.5533409090909,10.25933670493684,97.054,91.17445,37.063613636363634,53.629,38.67969318181818,47.809,1.7654318181818183,2.537,0.29545454545454547,0.2727272727272727,0.3409090909090909,0.22727272727272727,0.22727272727272727,0.7495454545454545,66.2575,70.173125,87.78808333333332,40.46,70.415,2.102,67.008,0.0,0.0,0.0,889,6,B,65,Sedan,1.0,Pass,NONE,,0.01243,40.46,2.102,0
VH-00891,73.07088636363636,10.853895590911794,96.01,93.45865,36.37772727272727,50.11,38.93245454545455,48.882,1.808806818181818,2.333,0.2727272727272727,0.3181818181818182,0.36363636363636365,0.22727272727272727,0.22727272727272727,0.7477272727272727,66.53,68.6045,87.74725000000001,39.623,73.039,1.916,69.48,0.0,0.0,0.0,890,6,B,66,SUV,1.08,Pass,NONE,,0.02022,39.623,1.916,0
VH-00892,72.38461363636362,11.209592976897811,95.866,93.2766,37.00831818181818,53.556,39.24346590909091,49.076,1.7988977272727273,2.487,0.29545454545454547,0.3181818181818182,0.3181818181818182,0.22727272727272727,0.22727272727272727,0.7477272727272727,64.5738125,68.6270625,87.80908333333333,40.541,73.76,2.072,66.07,0.0,0.0,0.0,891,6,B,67,Compact,0.94,Pass,NONE,,0.01549,40.541,2.072,0
VH-00893,73.48140909090908,11.16045298388452,97.45,92.99419999999999,36.90323863636364,52.69,38.89848863636364,49.893,1.7626704545454546,2.864,0.2727272727272727,0.29545454545454547,0.38636363636363635,0.22727272727272727,0.22727272727272727,0.745909090909091,64.3438125,71.2175625,88.68333333333334,39.76,73.434,1.693,66.429,0.0,0.0,0.0,892,6,B,68,Sedan,1.0,Pass,NONE,,0.01513,39.76,1.693,0
VH-00894,73.02086363636364,10.589594661612487,93.855,91.66675000000001,37.02522727272727,51.624,39.14007954545454,47.835,1.7972499999999998,2.45,0.29545454545454547,0.3409090909090909,0.29545454545454547,0.22727272727272727,0.22727272727272727,0.745909090909091,65.194,70.458875,86.87266666666666,39.568,67.884,2.146,66.171,0.0,0.0,0.0,893,6,B,69,Sedan,1.0,Pass,NONE,,0.01399,39.568,2.146,0
VH-00895,73.10845454545455,10.085213270864232,93.44,90.91640000000001,36.04577272727273,50.791,39.133829545454546,50.216,1.7901022727272726,2.39,0.2727272727272727,0.29545454545454547,0.3181818181818182,0.22727272727272727,0.22727272727272727,0.7477272727272727,66.1806875,69.852375,86.68691666666666,40.985,68.703,2.39,63.788,0.0,0.0,0.0,894,6,B,70,Sedan,1.0,Pass,NONE,,0.016,40.985,2.39,0
VH-00896,72.83329545454545,10.740780859361024,98.98,92.1598,36.029636363636364,48.71,38.985375000000005,49.532,1.825034090909091,2.498,0.3181818181818182,0.20454545454545456,0.36363636363636365,0.22727272727272727,0.22727272727272727,0.744090909090909,65.5841875,69.426,87.04183333333333,40.822,67.176,1.808,67.325,0.0,0.0,0.0,895,6,B,71,Compact,0.94,Pass,NONE,,0.01303,40.822,1.808,0
VH-00897,73.80388636363637,10.675293112289618,97.722,95.03635,36.894636363636366,50.61,38.88678409090909,48.747,1.8278977272727273,2.355,0.25,0.25,0.36363636363636365,0.22727272727272727,0.22727272727272727,0.745909090909091,66.83568749999999,69.98975,88.18033333333334,40.027,72.494,2.266,70.071,0.0,0.0,0.0,896,6,B,72,Truck,1.14,Pass,NONE,,0.02406,40.027,2.186,0
VH-00898,72.68063636363637,9.892067296555215,91.43,89.8943,36.274204545454545,51.052,39.000488636363634,49.248,1.8054545454545454,2.256,0.2727272727272727,0.3181818181818182,0.3181818181818182,0.22727272727272727,0.22727272727272727,0.744090909090909,65.1264375,70.3444375,85.86783333333334,40.484,70.522,1.924,65.295,0.0,0.0,0.0,897,6,B,73,Sedan,1.0,Pass,NONE,,0.01809,40.484,1.924,0
VH-00899,73.1869090909091,10.399564552194692,95.729,93.76905,36.80018181818182,50.814,39.257965909090906,48.395,1.8245227272727271,2.48,0.2727272727272727,0.25,0.3409090909090909,0.22727272727272727,0.22727272727272727,0.7477272727272727,65.5495,70.49175,86.96366666666667,39.416,72.154,1.952,68.685,0.0,0.0,0.0,898,6,B,74,SUV,1.08,Pass,NONE,,0.01829,39.416,1.952,0
VH-00900,74.27127272727273,10.943392230258647,99.751,96.00325000000001,35.58915909090909,51.957,39.23471590909091,48.262,1.8287613636363635,2.56,0.25,0.3181818181818182,0.3409090909090909,0.22727272727272727,0.22727272727272727,0.7495454545454545,66.5501875,70.653,89.39041666666667,40.762,68.221,1.906,67.236,0.0,0.0,0.0,899,6,B,75,Truck,1.14,Pass,NONE,,0.02774,40.762,1.906,0
