Vehicle_ID,Vehicle_Global_Index,Production_Day,Shift,Unit_In_Shift,Vehicle_Model,Defect_Probability,Risk_Percent,High_Risk_Alert,Alert_Threshold,Inspection_Priority,Likely_Driver,End_of_Line_Quality,Defect_Label,Root_Cause_Label,ST12_Temperature_C,ST15_Vibration_MM_S,ST12_ST15_Interaction,Telemetry_Confidence_Mean,Legacy_Or_Manual_Imputed_Rate
VH-00444,443,3,B,69,SUV,0.9143688674900105,91.43688674900105,True,0.35,1,ST-12 temperature x ST-15 vibration,Fail,1,S12_TEMP_X_S15_VIBRATION,45.185,4.389,4.105465000000003,0.744090909090909,0.22727272727272727
VH-00438,437,3,B,63,SUV,0.9092714307116583,90.92714307116583,True,0.35,2,ST-12 temperature x ST-15 vibration,Fail,1,S12_TEMP_X_S15_VIBRATION,46.567,4.068,4.420855999999998,0.744090909090909,0.22727272727272727
VH-00464,463,4,A,14,SUV,0.8980268108808767,89.80268108808767,True,0.35,3,ST-12 temperature x ST-15 vibration,Fail,1,S12_TEMP_X_S15_VIBRATION,45.381,4.4,4.3953000000000015,0.744090909090909,0.22727272727272727
VH-00431,430,3,B,56,SUV,0.8763284786608824,87.63284786608824,True,0.35,4,ST-12 temperature x ST-15 vibration,Fail,1,S12_TEMP_X_S15_VIBRATION,45.958,4.293,4.721893999999998,0.7477272727272727,0.22727272727272727
VH-00450,449,3,B,75,Compact,0.850904170352502,85.0904170352502,True,0.35,5,ST-12 temperature x ST-15 vibration,Fail,1,S12_TEMP_X_S15_VIBRATION,46.761,4.333,5.870313000000004,0.7422727272727272,0.22727272727272727
VH-00441,440,3,B,66,SUV,0.8501350981072241,85.01350981072241,True,0.35,6,ST-12 temperature x ST-15 vibration,Fail,1,S12_TEMP_X_S15_VIBRATION,46.437,4.499,6.207362999999995,0.744090909090909,0.22727272727272727
VH-00417,416,3,B,42,Truck,0.8461034549573115,84.61034549573115,True,0.35,7,ST-12 temperature x ST-15 vibration,Fail,1,S12_TEMP_X_S15_VIBRATION,46.531,4.033,4.227423,0.7477272727272727,0.22727272727272727
VH-00449,448,3,B,74,Sedan,0.845753010937898,84.5753010937898,True,0.35,8,ST-12 temperature x ST-15 vibration,Fail,1,S12_TEMP_X_S15_VIBRATION,45.648,4.294,4.355712000000002,0.745909090909091,0.22727272727272727
VH-00434,433,3,B,59,SUV,0.8420943791731287,84.20943791731287,True,0.35,9,ST-12 temperature x ST-15 vibration,Fail,1,S12_TEMP_X_S15_VIBRATION,45.744,4.786,6.312383999999998,0.7404545454545454,0.22727272727272727
VH-00446,445,3,B,71,Sedan,0.8210823535374208,82.10823535374207,True,0.35,10,ST-12 temperature x ST-15 vibration,Fail,1,S12_TEMP_X_S15_VIBRATION,46.058,4.281,4.792497999999998,0.7422727272727272,0.22727272727272727
VH-00445,444,3,B,70,Compact,0.8183054558340409,81.83054558340409,True,0.35,11,ST-12 temperature x ST-15 vibration,Fail,1,S12_TEMP_X_S15_VIBRATION,45.922,4.212,4.361263999999995,0.745909090909091,0.22727272727272727
VH-00454,453,4,A,4,Truck,0.794726900456978,79.4726900456978,True,0.35,12,ST-12 temperature x ST-15 vibration,Fail,1,S12_TEMP_X_S15_VIBRATION,44.759,4.304,3.321836000000001,0.744090909090909,0.22727272727272727
VH-00420,419,3,B,45,Truck,0.7895260919602477,78.95260919602477,True,0.35,13,ST-12 temperature x ST-15 vibration,Fail,1,S12_TEMP_X_S15_VIBRATION,46.473,3.877,3.475520999999998,0.745909090909091,0.22727272727272727
VH-00429,428,3,B,54,SUV,0.7681533210234431,76.81533210234431,True,0.35,14,ST-12 temperature x ST-15 vibration,Fail,1,S12_TEMP_X_S15_VIBRATION,47.364,4.062,5.160167999999999,0.7513636363636362,0.22727272727272727
VH-00458,457,4,A,8,Sedan,0.7610599340700445,76.10599340700445,True,0.35,15,ST-12 temperature x ST-15 vibration,Fail,1,S12_TEMP_X_S15_VIBRATION,45.428,4.308,4.141023999999995,0.7422727272727272,0.22727272727272727
VH-00430,429,3,B,55,Compact,0.7514282660840544,75.14282660840544,True,0.35,16,ST-12 temperature x ST-15 vibration,Fail,1,S12_TEMP_X_S15_VIBRATION,45.451,4.157,3.6477070000000005,0.7477272727272727,0.22727272727272727
VH-00383,382,3,B,8,Truck,0.7467904777141402,74.67904777141402,True,0.35,17,High upstream cycle-time variation,Fail,1,LOW_CONFIDENCE_MULTI_CAUSAL,45.285,3.406,1.005209999999999,0.7477272727272727,0.22727272727272727
VH-00427,426,3,B,52,Compact,0.7263319379682395,72.63319379682395,True,0.35,18,ST-12 temperature x ST-15 vibration,Fail,1,S12_TEMP_X_S15_VIBRATION,47.436,4.177,5.8545719999999974,0.7477272727272727,0.22727272727272727
VH-00432,431,3,B,57,Sedan,0.7188660032343125,71.88660032343125,True,0.35,19,ST-12 temperature x ST-15 vibration,Fail,1,S12_TEMP_X_S15_VIBRATION,45.781,4.402,4.9228619999999985,0.7495454545454545,0.22727272727272727
VH-00452,451,4,A,2,SUV,0.6866290988009796,68.66290988009796,True,0.35,20,ST-12 temperature x ST-15 vibration,Fail,1,S12_TEMP_X_S15_VIBRATION,45.098,4.32,3.779559999999999,0.7513636363636362,0.22727272727272727
VH-00439,438,3,B,64,Compact,0.6775626715827217,67.75626715827217,True,0.35,21,ST-12 temperature x ST-15 vibration,Pass,0,NONE,45.214,4.53,4.596019999999998,0.745909090909091,0.22727272727272727
VH-00414,413,3,B,39,SUV,0.6607690924555747,66.07690924555747,True,0.35,22,ST-12 temperature x ST-15 vibration,Pass,0,NONE,47.309,4.06,5.096639999999995,0.7495454545454545,0.22727272727272727
VH-00023,22,1,A,23,Compact,0.6522285020642162,65.22285020642163,True,0.35,23,Low-confidence sparse telemetry,Fail,1,LOW_CONFIDENCE_MULTI_CAUSAL,38.312,2.214,0.0,0.7495454545454545,0.22727272727272727
VH-00473,472,4,A,23,Compact,0.6517634420451596,65.17634420451596,True,0.35,24,ST-12 temperature x ST-15 vibration,Fail,1,S12_TEMP_X_S15_VIBRATION,43.914,4.823,3.297822000000003,0.7477272727272727,0.22727272727272727
VH-00412,411,3,B,37,SUV,0.6485313050089871,64.85313050089871,True,0.35,25,ST-12 temperature x ST-15 vibration,Pass,0,NONE,46.045,4.293,4.825685000000003,0.745909090909091,0.22727272727272727
VH-00462,461,4,A,12,Compact,0.6451696045844261,64.51696045844261,True,0.35,26,ST-12 temperature x ST-15 vibration,Fail,1,S12_TEMP_X_S15_VIBRATION,43.722,4.32,2.100840000000002,0.7513636363636362,0.22727272727272727
VH-00421,420,3,B,46,SUV,0.6420228592986938,64.20228592986939,True,0.35,27,ST-12 temperature x ST-15 vibration,Fail,1,S12_TEMP_X_S15_VIBRATION,45.733,3.839,2.7586869999999974,0.745909090909091,0.22727272727272727
VH-00120,119,1,B,45,SUV,0.6280921651674413,62.80921651674413,True,0.35,28,High upstream cycle-time variation,Fail,1,PAINT_ENVIRONMENT_VARIATION,38.305,1.836,0.0,0.745909090909091,0.22727272727272727
VH-00503,502,4,A,53,Compact,0.6232159425515225,62.32159425515225,True,0.35,29,High upstream cycle-time variation,Fail,1,LOW_CONFIDENCE_MULTI_CAUSAL,42.859,4.633,1.3168470000000025,0.744090909090909,0.22727272727272727
VH-00385,384,3,B,10,Compact,0.6225744051056208,62.25744051056208,True,0.35,30,Low-confidence sparse telemetry,Fail,1,LOW_CONFIDENCE_MULTI_CAUSAL,44.93,3.338,0.6973399999999998,0.745909090909091,0.22727272727272727
VH-00667,666,5,A,67,Sedan,0.6208099217959336,62.080992179593366,True,0.35,31,High upstream cycle-time variation,Fail,1,LOW_CONFIDENCE_MULTI_CAUSAL,38.991,2.267,0.0,0.745909090909091,0.22727272727272727
VH-00228,227,2,B,3,SUV,0.6177668407798195,61.77668407798195,True,0.35,32,High upstream cycle-time variation,Fail,1,LOW_CONFIDENCE_MULTI_CAUSAL,39.615,1.955,0.0,0.7513636363636362,0.22727272727272727
VH-00220,219,2,A,70,SUV,0.6130730540443912,61.30730540443912,True,0.35,33,High upstream cycle-time variation,Fail,1,LOW_CONFIDENCE_MULTI_CAUSAL,39.099,2.339,0.0,0.745909090909091,0.22727272727272727
VH-00593,592,4,B,68,SUV,0.6127240570351398,61.272405703513975,True,0.35,34,High upstream cycle-time variation,Fail,1,LOW_CONFIDENCE_MULTI_CAUSAL,41.155,2.817,0.0,0.7477272727272727,0.22727272727272727
VH-00754,753,6,A,4,Compact,0.6041626806974109,60.416268069741086,True,0.35,35,High upstream cycle-time variation,Fail,1,LOW_CONFIDENCE_MULTI_CAUSAL,38.494,2.266,0.0,0.7404545454545454,0.22727272727272727
VH-00826,825,6,B,1,Sedan,0.6019818095632318,60.19818095632318,True,0.35,36,Low-confidence sparse telemetry,Fail,1,MANUAL_FIT_CHECK_VARIATION,40.392,1.888,0.0,0.745909090909091,0.22727272727272727
VH-00243,242,2,B,18,Sedan,0.5981120694075358,59.81120694075358,True,0.35,37,High upstream cycle-time variation,Fail,1,LOW_CONFIDENCE_MULTI_CAUSAL,40.377,2.176,0.0,0.7477272727272727,0.22727272727272727
VH-00224,223,2,A,74,Compact,0.5934427057601436,59.34427057601436,True,0.35,38,Low-confidence sparse telemetry,Fail,1,MANUAL_FIT_CHECK_VARIATION,39.077,1.933,0.0,0.7495454545454545,0.22727272727272727
VH-00845,844,6,B,20,SUV,0.5927671401128154,59.27671401128154,True,0.35,39,High upstream cycle-time variation,Fail,1,FINAL_TORQUE_VARIATION,40.697,2.08,0.0,0.744090909090909,0.22727272727272727
VH-00425,424,3,B,50,Truck,0.5921628859264517,59.21628859264517,True,0.35,40,ST-12 temperature x ST-15 vibration,Pass,0,NONE,46.288,4.113,4.343743999999998,0.7422727272727272,0.22727272727272727
VH-00442,441,3,B,67,Compact,0.5850236409463949,58.50236409463949,True,0.35,41,ST-12 temperature x ST-15 vibration,Fail,1,S12_TEMP_X_S15_VIBRATION,47.326,4.102,5.336652000000002,0.7477272727272727,0.22727272727272727
VH-00550,549,4,B,25,Sedan,0.5630678624462603,56.306786244626025,True,0.35,42,High upstream cycle-time variation,Fail,1,PAINT_ENVIRONMENT_VARIATION,41.913,3.757,0.0,0.7495454545454545,0.22727272727272727
VH-00447,446,3,B,72,Compact,0.5456866570523811,54.568665705238104,True,0.35,43,ST-12 temperature x ST-15 vibration,Pass,0,NONE,45.701,4.358,4.655857999999999,0.745909090909091,0.22727272727272727
VH-00443,442,3,B,68,SUV,0.4918182549232462,49.18182549232462,True,0.35,44,ST-12 temperature x ST-15 vibration,Fail,1,S12_TEMP_X_S15_VIBRATION,45.551,4.264,4.133364000000003,0.7477272727272727,0.22727272727272727
VH-00457,456,4,A,7,SUV,0.4667999692163295,46.67999692163295,True,0.35,45,ST-12 temperature x ST-15 vibration,Pass,0,NONE,45.574,4.275,4.199449999999999,0.7495454545454545,0.22727272727272727
VH-00436,435,3,B,61,Compact,0.43719472141894555,43.719472141894556,True,0.35,46,ST-12 temperature x ST-15 vibration,Pass,0,NONE,45.799,4.202,4.1864979999999985,0.745909090909091,0.22727272727272727
VH-00448,447,3,B,73,SUV,0.4300321728081483,43.00321728081483,True,0.35,47,ST-12 temperature x ST-15 vibration,Pass,0,NONE,45.277,4.153,3.4506809999999994,0.7386363636363636,0.22727272727272727
VH-00419,418,3,B,44,Compact,0.37875040006903,37.875040006903,True,0.35,48,ST-12 temperature x ST-15 vibration,Pass,0,NONE,46.291,4.008,3.8962279999999967,0.7495454545454545,0.22727272727272727
VH-00468,467,4,A,18,Sedan,0.3634811779249073,36.34811779249073,True,0.35,49,ST-12 temperature x ST-15 vibration,Pass,0,NONE,45.3,4.635,5.065499999999995,0.7495454545454545,0.22727272727272727
VH-00435,434,3,B,60,Sedan,0.36338487478400844,36.33848747840084,True,0.35,50,ST-12 temperature x ST-15 vibration,Pass,0,NONE,46.246,4.179,4.581434000000003,0.745909090909091,0.22727272727272727
VH-00403,402,3,B,28,Compact,0.34614394803450266,34.61439480345027,False,0.35,51,ST-12 temperature x ST-15 vibration,Pass,0,NONE,46.572,3.657,2.546604000000001,0.7513636363636362,0.22727272727272727
VH-00424,423,3,B,49,Compact,0.3400900397992343,34.00900397992343,False,0.35,52,ST-12 temperature x ST-15 vibration,Pass,0,NONE,45.438,3.771,2.306898000000001,0.7477272727272727,0.22727272727272727
VH-00410,409,3,B,35,Truck,0.3388227906836771,33.88227906836771,False,0.35,53,ST-12 temperature x ST-15 vibration,Pass,0,NONE,46.333,3.883,3.3927389999999984,0.7495454545454545,0.22727272727272727
VH-00407,406,3,B,32,SUV,0.33381674209632245,33.381674209632244,False,0.35,54,ST-12 temperature x ST-15 vibration,Pass,0,NONE,46.333,3.969,3.7653769999999978,0.7495454545454545,0.22727272727272727
VH-00433,432,3,B,58,Compact,0.32892172172934564,32.892172172934565,False,0.35,55,ST-12 temperature x ST-15 vibration,Pass,0,NONE,44.714,4.384,3.4847759999999988,0.745909090909091,0.22727272727272727
VH-00497,496,4,A,47,SUV,0.3266419258831162,32.66419258831162,False,0.35,56,ST-12 temperature x ST-15 vibration,Pass,0,NONE,43.788,4.622,2.7213359999999946,0.744090909090909,0.22727272727272727
VH-00459,458,4,A,9,SUV,0.32495632848169614,32.49563284816961,False,0.35,57,ST-12 temperature x ST-15 vibration,Pass,0,NONE,43.83,4.073,1.780589999999999,0.745909090909091,0.22727272727272727
VH-00408,407,3,B,33,SUV,0.3188609500281642,31.886095002816422,False,0.35,58,ST-12 temperature x ST-15 vibration,Pass,0,NONE,45.713,3.52,1.55946,0.7477272727272727,0.22727272727272727
VH-00428,427,3,B,53,Compact,0.3102249243867355,31.02249243867355,False,0.35,59,ST-12 temperature x ST-15 vibration,Pass,0,NONE,46.356,4.217,4.865652,0.7440909090909091,0.22727272727272727
VH-00490,489,4,A,40,Sedan,0.2959157680940651,29.59157680940651,False,0.35,60,ST-12 temperature x ST-15 vibration,Pass,0,NONE,44.235,4.754,3.696689999999998,0.7477272727272727,0.22727272727272727
VH-00423,422,3,B,48,SUV,0.29501672445758653,29.501672445758654,False,0.35,61,ST-12 temperature x ST-15 vibration,Pass,0,NONE,44.885,4.255,3.3321749999999972,0.744090909090909,0.22727272727272727
VH-00471,470,4,A,21,Compact,0.2876398547940278,28.76398547940278,False,0.35,62,ST-12 temperature x ST-15 vibration,Pass,0,NONE,44.549,5.102,5.103097999999999,0.745909090909091,0.22727272727272727
VH-00455,454,4,A,5,SUV,0.26292794361693933,26.292794361693932,False,0.35,63,ST-12 temperature x ST-15 vibration,Pass,0,NONE,44.121,4.664,3.3172440000000027,0.7477272727272727,0.22727272727272727
VH-00406,405,3,B,31,Truck,0.25948692327358475,25.948692327358476,False,0.35,64,ST-12 temperature x ST-15 vibration,Pass,0,NONE,45.249,3.888,2.5602120000000013,0.7477272727272727,0.22727272727272727
VH-00440,439,3,B,65,Compact,0.24880194139107437,24.880194139107438,False,0.35,65,ST-12 temperature x ST-15 vibration,Pass,0,NONE,46.124,4.095,4.103380000000001,0.7477272727272727,0.22727272727272727
VH-00418,417,3,B,43,Sedan,0.2423549524126385,24.23549524126385,False,0.35,66,ST-12 temperature x ST-15 vibration,Pass,0,NONE,45.96,3.891,3.1323600000000003,0.745909090909091,0.22727272727272727
VH-00474,473,4,A,24,Compact,0.22700929283787577,22.700929283787577,False,0.35,67,ST-12 temperature x ST-15 vibration,Fail,1,S12_TEMP_X_S15_VIBRATION,43.599,4.863,2.8190369999999945,0.745909090909091,0.22727272727272727
VH-00504,503,4,A,54,Sedan,0.2256102741859517,22.56102741859517,False,0.35,68,ST-12 temperature x ST-15 vibration,Pass,0,NONE,43.347,4.4,1.751100000000002,0.7477272727272727,0.22727272727272727
VH-00381,380,3,B,6,SUV,0.22532712248034037,22.532712248034038,False,0.35,69,High upstream cycle-time variation,Pass,0,NONE,45.265,3.448,1.1362199999999998,0.7495454545454545,0.22727272727272727
VH-00401,400,3,B,26,SUV,0.22023966970883163,22.023966970883162,False,0.35,70,ST-12 temperature x ST-15 vibration,Pass,0,NONE,44.99,3.851,2.245490000000001,0.7477272727272727,0.22727272727272727
VH-00422,421,3,B,47,Compact,0.2164873795244748,21.64873795244748,False,0.35,71,ST-12 temperature x ST-15 vibration,Pass,0,NONE,45.086,3.908,2.4934879999999984,0.7495454545454545,0.22727272727272727
VH-00480,479,4,A,30,SUV,0.21249877861171984,21.249877861171985,False,0.35,72,ST-12 temperature x ST-15 vibration,Pass,0,NONE,44.288,4.806,3.9033279999999944,0.7477272727272727,0.22727272727272727
VH-00404,403,3,B,29,SUV,0.20914239294088716,20.914239294088716,False,0.35,73,ST-12 temperature x ST-15 vibration,Pass,0,NONE,46.081,3.583,1.971123000000002,0.7495454545454545,0.22727272727272727
VH-00477,476,4,A,27,Compact,0.2087043403044676,20.87043403044676,False,0.35,74,Low-confidence sparse telemetry,Pass,0,NONE,42.19,4.794,0.32185999999999604,0.745909090909091,0.22727272727272727
VH-00453,452,4,A,3,Sedan,0.2008801345941165,20.08801345941165,False,0.35,75,ST-12 temperature x ST-15 vibration,Pass,0,NONE,43.925,4.463,2.623774999999996,0.745909090909091,0.22727272727272727
VH-00482,481,4,A,32,Compact,0.20035040329313078,20.035040329313077,False,0.35,76,ST-12 temperature x ST-15 vibration,Pass,0,NONE,43.951,4.584,2.8952839999999997,0.7495454545454545,0.22727272727272727
VH-00397,396,3,B,22,SUV,0.19977158301771528,19.977158301771528,False,0.35,77,ST-12 temperature x ST-15 vibration,Pass,0,NONE,43.905,3.961,1.6402050000000006,0.745909090909091,0.22727272727272727
VH-00393,392,3,B,18,Sedan,0.19479331894649957,19.479331894649956,False,0.35,78,ST-12 temperature x ST-15 vibration,Pass,0,NONE,45.239,3.577,1.5450029999999983,0.744090909090909,0.22727272727272727
VH-00479,478,4,A,29,Sedan,0.19285907832487428,19.28590783248743,False,0.35,79,ST-12 temperature x ST-15 vibration,Pass,0,NONE,44.015,4.624,3.07086,0.7495454545454545,0.22727272727272727
VH-00249,248,2,B,24,SUV,0.18859432942058305,18.859432942058305,False,0.35,80,High upstream cycle-time variation,Pass,0,NONE,39.405,2.091,0.0,0.7477272727272727,0.22727272727272727
VH-00210,209,2,A,60,Sedan,0.18824728442213312,18.824728442213313,False,0.35,81,High upstream cycle-time variation,Pass,0,NONE,38.905,1.646,0.0,0.744090909090909,0.22727272727272727
VH-00451,450,4,A,1,Sedan,0.18639774810415724,18.639774810415723,False,0.35,82,ST-12 temperature x ST-15 vibration,Pass,0,NONE,44.347,3.889,1.8517830000000004,0.7477272727272727,0.22727272727272727
VH-00405,404,3,B,30,Compact,0.18294700746468923,18.294700746468923,False,0.35,83,ST-12 temperature x ST-15 vibration,Pass,0,NONE,45.455,3.95,2.9367499999999986,0.7477272727272727,0.22727272727272727
VH-00456,455,4,A,6,Compact,0.18141028957162636,18.141028957162636,False,0.35,84,ST-12 temperature x ST-15 vibration,Pass,0,NONE,44.308,4.462,3.143495999999999,0.7513636363636362,0.22727272727272727
VH-00488,487,4,A,38,Compact,0.17700247555063459,17.70024755506346,False,0.35,85,ST-12 temperature x ST-15 vibration,Fail,1,S12_TEMP_X_S15_VIBRATION,43.88,4.685,2.979800000000003,0.7477272727272727,0.22727272727272727
VH-00498,497,4,A,48,Compact,0.17532303271256652,17.53230327125665,False,0.35,86,ST-12 temperature x ST-15 vibration,Pass,0,NONE,43.675,4.413,2.1992749999999965,0.7495454545454545,0.22727272727272727
VH-00396,395,3,B,21,Truck,0.17498914017368558,17.49891401736856,False,0.35,87,High upstream cycle-time variation,Pass,0,NONE,44.211,3.389,0.638978999999999,0.7495454545454545,0.22727272727272727
VH-00492,491,4,A,42,Compact,0.17375503303342335,17.375503303342335,False,0.35,88,ST-12 temperature x ST-15 vibration,Pass,0,NONE,43.846,4.754,3.0532839999999934,0.7477272727272727,0.22727272727272727
VH-00460,459,4,A,10,Compact,0.17233942352986759,17.23394235298676,False,0.35,89,ST-12 temperature x ST-15 vibration,Pass,0,NONE,44.278,4.468,3.1163039999999977,0.745909090909091,0.22727272727272727
VH-00506,505,4,A,56,Compact,0.1691046729176752,16.91046729176752,False,0.35,90,ST-12 temperature x ST-15 vibration,Pass,0,NONE,43.334,4.572,1.9636480000000047,0.745909090909091,0.22727272727272727
VH-00483,482,4,A,33,Compact,0.16773576694262488,16.773576694262488,False,0.35,91,ST-12 temperature x ST-15 vibration,Pass,0,NONE,43.513,4.591,2.255882999999997,0.745909090909091,0.22727272727272727
VH-00478,477,4,A,28,Sedan,0.16720962799537692,16.72096279953769,False,0.35,92,ST-12 temperature x ST-15 vibration,Pass,0,NONE,44.053,4.494,2.8618819999999956,0.745909090909091,0.22727272727272727
VH-00507,506,4,A,57,SUV,0.16621939958605025,16.621939958605026,False,0.35,93,High upstream cycle-time variation,Pass,0,NONE,44.683,2.266,0.0,0.7404545454545454,0.22727272727272727
VH-00415,414,3,B,40,Sedan,0.16560680310884507,16.560680310884507,False,0.35,94,ST-12 temperature x ST-15 vibration,Pass,0,NONE,45.156,3.76,2.082959999999998,0.745909090909091,0.22727272727272727
VH-00532,531,4,B,7,SUV,0.16175794968856866,16.175794968856867,False,0.35,95,Low-confidence sparse telemetry,Pass,0,NONE,42.609,3.979,0.5353110000000015,0.744090909090909,0.22727272727272727
VH-00467,466,4,A,17,SUV,0.16086667151183692,16.086667151183693,False,0.35,96,High upstream cycle-time variation,Pass,0,NONE,40.375,4.469,0.0,0.744090909090909,0.22727272727272727
VH-00395,394,3,B,20,Sedan,0.15924948287537138,15.924948287537138,False,0.35,97,High upstream cycle-time variation,Pass,0,NONE,45.422,3.46,1.2319199999999986,0.745909090909091,0.22727272727272727
VH-00789,788,6,A,39,SUV,0.15901790972974475,15.901790972974474,False,0.35,98,High upstream cycle-time variation,Pass,0,NONE,40.39,1.729,0.0,0.7477272727272727,0.22727272727272727
VH-00413,412,3,B,38,SUV,0.15674377435997802,15.674377435997803,False,0.35,99,ST-12 temperature x ST-15 vibration,Pass,0,NONE,44.203,3.926,1.8196780000000026,0.745909090909091,0.22727272727272727
VH-00392,391,3,B,17,Compact,0.1521531508250891,15.21531508250891,False,0.35,100,ST-12 temperature x ST-15 vibration,Pass,0,NONE,44.795,3.7,1.6770000000000014,0.7495454545454545,0.22727272727272727
VH-00526,525,4,B,1,Truck,0.15140613910023312,15.140613910023312,False,0.35,101,ST-12 temperature x ST-15 vibration,Pass,0,NONE,43.222,4.271,1.4309620000000014,0.745909090909091,0.22727272727272727
VH-00818,817,6,A,68,Sedan,0.1487350764214953,14.87350764214953,False,0.35,102,High upstream cycle-time variation,Pass,0,NONE,38.635,1.905,0.0,0.7495454545454545,0.22727272727272727
VH-00386,385,3,B,11,Sedan,0.1459945028666176,14.59945028666176,False,0.35,103,High upstream cycle-time variation,Pass,0,NONE,44.707,3.401,0.8148069999999994,0.7513636363636362,0.22727272727272727
VH-00491,490,4,A,41,SUV,0.14594780821551756,14.594780821551756,False,0.35,104,ST-12 temperature x ST-15 vibration,Pass,0,NONE,42.962,4.694,1.5334280000000051,0.7404545454545454,0.22727272727272727
VH-00513,512,4,A,63,Sedan,0.14348543616673382,14.348543616673382,False,0.35,105,High upstream cycle-time variation,Pass,0,NONE,42.223,4.457,0.3026109999999986,0.7422727272727272,0.22727272727272727
VH-00426,425,3,B,51,Sedan,0.13654562650727775,13.654562650727776,False,0.35,106,ST-12 temperature x ST-15 vibration,Pass,0,NONE,45.807,3.833,2.790531000000002,0.745909090909091,0.22727272727272727
VH-00694,693,5,B,19,SUV,0.13495751216731613,13.495751216731614,False,0.35,107,High upstream cycle-time variation,Pass,0,NONE,37.591,2.13,0.0,0.7495454545454545,0.22727272727272727
VH-00892,891,6,B,67,Compact,0.1338538168662673,13.38538168662673,False,0.35,108,High upstream cycle-time variation,Pass,0,NONE,40.541,2.072,0.0,0.7477272727272727,0.22727272727272727
VH-00763,762,6,A,13,Compact,0.13370495354794898,13.370495354794897,False,0.35,109,High upstream cycle-time variation,Pass,0,NONE,38.375,1.992,0.0,0.745909090909091,0.22727272727272727
VH-00500,499,4,A,50,SUV,0.13275058401457066,13.275058401457066,False,0.35,110,High upstream cycle-time variation,Pass,0,NONE,42.441,4.733,0.7201530000000039,0.744090909090909,0.22727272727272727
VH-00489,488,4,A,39,Sedan,0.13200897773310485,13.200897773310485,False,0.35,111,ST-12 temperature x ST-15 vibration,Pass,0,NONE,43.661,5.137,3.3834570000000017,0.7477272727272727,0.22727272727272727
VH-00821,820,6,A,71,Sedan,0.1315720384508526,13.157203845085261,False,0.35,112,High upstream cycle-time variation,Pass,0,NONE,40.413,1.822,0.0,0.7495454545454545,0.22727272727272727
VH-00394,393,3,B,19,Truck,0.13097257969035817,13.097257969035816,False,0.35,113,High upstream cycle-time variation,Pass,0,NONE,45.146,3.182,0.2579719999999996,0.745909090909091,0.22727272727272727
VH-00461,460,4,A,11,Compact,0.12911991560823513,12.911991560823513,False,0.35,114,ST-12 temperature x ST-15 vibration,Pass,0,NONE,43.871,4.653,2.9056630000000023,0.7477272727272727,0.22727272727272727
VH-00530,529,4,B,5,Truck,0.12870757980459588,12.870757980459588,False,0.35,115,High upstream cycle-time variation,Pass,0,NONE,42.25,4.052,0.23799999999999988,0.7477272727272727,0.22727272727272727
VH-00487,486,4,A,37,SUV,0.1286442994956152,12.86442994956152,False,0.35,116,ST-12 temperature x ST-15 vibration,Pass,0,NONE,43.84,4.979,3.457360000000006,0.7422727272727272,0.22727272727272727
VH-00379,378,3,B,4,Sedan,0.12780947196329517,12.780947196329517,False,0.35,117,High upstream cycle-time variation,Pass,0,NONE,43.783,3.777,1.207091000000001,0.7495454545454545,0.22727272727272727
VH-00509,508,4,A,59,SUV,0.12562514774690078,12.562514774690078,False,0.35,118,High upstream cycle-time variation,Pass,0,NONE,43.045,4.328,1.2832600000000023,0.745909090909091,0.22727272727272727
VH-00486,485,4,A,36,Truck,0.12269741603875044,12.269741603875044,False,0.35,119,ST-12 temperature x ST-15 vibration,Pass,0,NONE,43.519,4.752,2.509387999999997,0.7404545454545454,0.22727272727272727
VH-00529,528,4,B,4,Sedan,0.12140794295368243,12.140794295368243,False,0.35,120,High upstream cycle-time variation,Pass,0,NONE,42.646,3.707,0.3921220000000003,0.745909090909091,0.22727272727272727
VH-00517,516,4,A,67,Sedan,0.12030355716720383,12.030355716720383,False,0.35,121,Low-confidence sparse telemetry,Pass,0,NONE,42.282,4.171,0.3020219999999963,0.7513636363636362,0.22727272727272727
VH-00481,480,4,A,31,Sedan,0.11961084793370336,11.961084793370336,False,0.35,122,Low-confidence sparse telemetry,Pass,0,NONE,42.772,4.788,1.3031359999999976,0.7495454545454545,0.22727272727272727
VH-00756,755,6,A,6,SUV,0.11946555815684416,11.946555815684416,False,0.35,123,High upstream cycle-time variation,Pass,0,NONE,37.972,2.068,0.0,0.7513636363636362,0.22727272727272727
VH-00469,468,4,A,19,Sedan,0.11925891478424905,11.925891478424905,False,0.35,124,ST-12 temperature x ST-15 vibration,Pass,0,NONE,43.221,4.959,2.269838999999993,0.7477272727272727,0.22727272727272727
VH-00416,415,3,B,41,Sedan,0.11883034322676238,11.883034322676238,False,0.35,125,ST-12 temperature x ST-15 vibration,Pass,0,NONE,45.791,3.643,2.0585129999999974,0.745909090909091,0.22727272727272727
VH-00387,386,3,B,12,Sedan,0.11835092410224163,11.835092410224163,False,0.35,126,High upstream cycle-time variation,Pass,0,NONE,44.111,3.516,0.8781759999999986,0.7422727272727272,0.22727272727272727
VH-00511,510,4,A,61,SUV,0.1182068084277074,11.82068084277074,False,0.35,127,ST-12 temperature x ST-15 vibration,Pass,0,NONE,44.07,4.013,1.88991,0.7422727272727272,0.22727272727272727
VH-00865,864,6,B,40,Truck,0.11698116174806902,11.698116174806902,False,0.35,128,High upstream cycle-time variation,Pass,0,NONE,39.279,2.101,0.0,0.7477272727272727,0.22727272727272727
VH-00402,401,3,B,27,Compact,0.11629819896616889,11.629819896616889,False,0.35,129,High upstream cycle-time variation,Pass,0,NONE,43.795,3.86,1.364200000000001,0.7513636363636362,0.22727272727272727
VH-00390,389,3,B,15,SUV,0.11513611390268232,11.513611390268231,False,0.35,130,High upstream cycle-time variation,Pass,0,NONE,44.163,3.539,0.9495569999999987,0.745909090909091,0.22727272727272727
VH-00839,838,6,B,14,SUV,0.11303031586796605,11.303031586796605,False,0.35,131,High upstream cycle-time variation,Pass,0,NONE,39.909,2.361,0.0,0.744090909090909,0.22727272727272727
VH-00303,302,3,A,3,SUV,0.11222645695462115,11.222645695462115,False,0.35,132,High upstream cycle-time variation,Pass,0,NONE,41.71,2.591,0.0,0.745909090909091,0.22727272727272727
VH-00514,513,4,A,64,Compact,0.11198064853225778,11.198064853225778,False,0.35,133,High upstream cycle-time variation,Pass,0,NONE,42.613,3.991,0.5461829999999996,0.744090909090909,0.22727272727272727
VH-00510,509,4,A,60,Truck,0.10841088905801391,10.84108890580139,False,0.35,134,ST-12 temperature x ST-15 vibration,Pass,0,NONE,43.405,4.354,1.7618700000000014,0.7495454545454545,0.22727272727272727
VH-00472,471,4,A,22,Compact,0.10819147687414804,10.819147687414803,False,0.35,135,ST-12 temperature x ST-15 vibration,Pass,0,NONE,43.146,4.392,1.4806320000000013,0.7495454545454545,0.22727272727272727
VH-00535,534,4,B,10,Compact,0.10786319995265015,10.786319995265014,False,0.35,136,High upstream cycle-time variation,Pass,0,NONE,43.449,3.772,0.9737279999999983,0.7404545454545454,0.22727272727272727
VH-00519,518,4,A,69,Sedan,0.10644292392030297,10.644292392030296,False,0.35,137,High upstream cycle-time variation,Pass,0,NONE,42.918,4.225,1.0327499999999987,0.7495454545454545,0.22727272727272727
VH-00215,214,2,A,65,Sedan,0.10563274799963022,10.563274799963022,False,0.35,138,High upstream cycle-time variation,Pass,0,NONE,37.94,2.044,0.0,0.7440909090909091,0.22727272727272727
VH-00088,87,1,B,13,Compact,0.10523849470575186,10.523849470575186,False,0.35,139,Low-confidence sparse telemetry,Pass,0,NONE,40.081,2.167,0.0,0.744090909090909,0.22727272727272727
VH-00174,173,2,A,24,Sedan,0.10496907628553193,10.496907628553192,False,0.35,140,Low-confidence sparse telemetry,Pass,0,NONE,39.995,1.916,0.0,0.745909090909091,0.22727272727272727
VH-00683,682,5,B,8,Sedan,0.1044795204972455,10.44795204972455,False,0.35,141,Low-confidence sparse telemetry,Pass,0,NONE,41.207,2.107,0.0,0.7477272727272727,0.22727272727272727
VH-00758,757,6,A,8,Compact,0.10444682936410103,10.444682936410103,False,0.35,142,High upstream cycle-time variation,Pass,0,NONE,40.384,2.085,0.0,0.7513636363636362,0.22727272727272727
VH-00496,495,4,A,46,SUV,0.10396347442992186,10.396347442992186,False,0.35,143,High upstream cycle-time variation,Pass,0,NONE,43.045,4.349,1.3052050000000022,0.7477272727272727,0.22727272727272727
VH-00078,77,1,B,3,SUV,0.10259532573852233,10.259532573852233,False,0.35,144,High upstream cycle-time variation,Pass,0,NONE,40.375,2.149,0.0,0.744090909090909,0.22727272727272727
VH-00399,398,3,B,24,Compact,0.10182349480700832,10.182349480700832,False,0.35,145,ST-12 temperature x ST-15 vibration,Pass,0,NONE,44.981,3.723,1.8571630000000003,0.7477272727272727,0.22727272727272727
VH-00203,202,2,A,53,SUV,0.10029563227822434,10.029563227822434,False,0.35,146,High upstream cycle-time variation,Pass,0,NONE,39.083,2.209,0.0,0.7513636363636362,0.22727272727272727
VH-00689,688,5,B,14,SUV,0.10023208268591129,10.023208268591128,False,0.35,147,Low-confidence sparse telemetry,Pass,0,NONE,41.505,2.204,0.0,0.7495454545454545,0.22727272727272727
VH-00515,514,4,A,65,Sedan,0.10009695620373346,10.009695620373346,False,0.35,148,High upstream cycle-time variation,Pass,0,NONE,42.54,4.497,0.7543799999999987,0.745909090909091,0.22727272727272727
VH-00495,494,4,A,45,Compact,0.09930253236473689,9.930253236473689,False,0.35,149,High upstream cycle-time variation,Pass,0,NONE,42.495,4.536,0.7108199999999961,0.7422727272727272,0.22727272727272727
VH-00678,677,5,B,3,Sedan,0.09923143308142895,9.923143308142896,False,0.35,150,Low-confidence sparse telemetry,Pass,0,NONE,39.483,2.087,0.0,0.7513636363636362,0.22727272727272727
VH-00548,547,4,B,23,SUV,0.09875018625154543,9.875018625154542,False,0.35,151,Low-confidence sparse telemetry,Pass,0,NONE,42.831,3.901,0.6656310000000022,0.7513636363636362,0.22727272727272727
VH-00537,536,4,B,12,Compact,0.09823624788113557,9.823624788113557,False,0.35,152,Low-confidence sparse telemetry,Pass,0,NONE,41.495,3.668,0.0,0.7495454545454545,0.22727272727272727
VH-00269,268,2,B,44,SUV,0.09803578694959528,9.803578694959528,False,0.35,153,High upstream cycle-time variation,Pass,0,NONE,40.454,1.768,0.0,0.744090909090909,0.22727272727272727
VH-00539,538,4,B,14,Sedan,0.09749519746404195,9.749519746404195,False,0.35,154,High upstream cycle-time variation,Pass,0,NONE,43.479,3.962,1.2748979999999994,0.7368181818181818,0.22727272727272727
VH-00505,504,4,A,55,SUV,0.09680730937792442,9.680730937792442,False,0.35,155,ST-12 temperature x ST-15 vibration,Pass,0,NONE,43.302,4.671,2.0454419999999995,0.7477272727272727,0.22727272727272727
VH-00048,47,1,A,48,Compact,0.09672996480696008,9.672996480696009,False,0.35,156,Low-confidence sparse telemetry,Pass,0,NONE,37.252,2.192,0.0,0.744090909090909,0.22727272727272727
VH-00704,703,5,B,29,SUV,0.09650295164099644,9.650295164099644,False,0.35,157,Low-confidence sparse telemetry,Pass,0,NONE,41.074,2.078,0.0,0.7477272727272727,0.22727272727272727
VH-00042,41,1,A,42,Compact,0.09650094660057619,9.650094660057619,False,0.35,158,Low-confidence sparse telemetry,Pass,0,NONE,37.962,2.272,0.0,0.7477272727272727,0.22727272727272727
VH-00512,511,4,A,62,SUV,0.096419940501131,9.6419940501131,False,0.35,159,High upstream cycle-time variation,Pass,0,NONE,41.322,4.003,0.0,0.7513636363636362,0.22727272727272727
VH-00033,32,1,A,33,Compact,0.09568340243819107,9.568340243819106,False,0.35,160,Low-confidence sparse telemetry,Pass,0,NONE,38.247,2.18,0.0,0.7495454545454545,0.22727272727272727
VH-00484,483,4,A,34,Sedan,0.09560934620429493,9.560934620429492,False,0.35,161,ST-12 temperature x ST-15 vibration,Pass,0,NONE,43.308,4.612,1.9776959999999997,0.7495454545454545,0.22727272727272727
VH-00552,551,4,B,27,Sedan,0.09493067129117262,9.493067129117263,False,0.35,162,Low-confidence sparse telemetry,Pass,0,NONE,41.666,3.883,0.0,0.744090909090909,0.22727272727272727
VH-00658,657,5,A,58,Compact,0.09481863055763429,9.481863055763428,False,0.35,163,High upstream cycle-time variation,Pass,0,NONE,38.951,2.238,0.0,0.7495454545454545,0.22727272727272727
VH-00301,300,3,A,1,SUV,0.09403496327036556,9.403496327036557,False,0.35,164,High upstream cycle-time variation,Pass,0,NONE,40.904,2.213,0.0,0.7477272727272727,0.22727272727272727
VH-00193,192,2,A,43,Sedan,0.09256481198846171,9.25648119884617,False,0.35,165,High upstream cycle-time variation,Pass,0,NONE,39.407,1.866,0.0,0.745909090909091,0.22727272727272727
VH-00485,484,4,A,35,Compact,0.09136003892414943,9.136003892414942,False,0.35,166,ST-12 temperature x ST-15 vibration,Pass,0,NONE,43.325,4.925,2.4181250000000047,0.744090909090909,0.22727272727272727
VH-00369,368,3,A,69,SUV,0.09038212180841924,9.038212180841924,False,0.35,167,High upstream cycle-time variation,Pass,0,NONE,43.411,2.949,0.0,0.7477272727272727,0.22727272727272727
VH-00518,517,4,A,68,SUV,0.09017096611416146,9.017096611416147,False,0.35,168,High upstream cycle-time variation,Pass,0,NONE,42.236,4.693,0.3759479999999953,0.7495454545454545,0.22727272727272727
VH-00499,498,4,A,49,SUV,0.08907013001272897,8.907013001272897,False,0.35,169,ST-12 temperature x ST-15 vibration,Pass,0,NONE,43.563,4.283,1.8490290000000031,0.7477272727272727,0.22727272727272727
VH-00466,465,4,A,16,SUV,0.08887329626898985,8.887329626898985,False,0.35,170,High upstream cycle-time variation,Pass,0,NONE,42.841,4.499,1.1765590000000012,0.7495454545454545,0.22727272727272727
VH-00538,537,4,B,13,Compact,0.08885897140471041,8.885897140471041,False,0.35,171,High upstream cycle-time variation,Pass,0,NONE,42.359,3.805,0.2530950000000013,0.7477272727272727,0.22727272727272727
VH-00661,660,5,A,61,Compact,0.0880186033882417,8.80186033882417,False,0.35,172,High upstream cycle-time variation,Pass,0,NONE,40.375,1.893,0.0,0.7495454545454545,0.22727272727272727
VH-00475,474,4,A,25,Truck,0.087927638631984,8.792763863198399,False,0.35,173,ST-12 temperature x ST-15 vibration,Pass,0,NONE,43.133,4.669,1.7776770000000037,0.7477272727272727,0.22727272727272727
VH-00437,436,3,B,62,Sedan,0.08698376317442705,8.698376317442705,False,0.35,174,High upstream cycle-time variation,Pass,0,NONE,40.375,4.37,0.0,0.7422727272727272,0.22727272727272727
VH-00687,686,5,B,12,Sedan,0.0860417948805618,8.604179488056179,False,0.35,175,High upstream cycle-time variation,Pass,0,NONE,40.375,2.141,0.0,0.744090909090909,0.22727272727272727
VH-00020,19,1,A,20,Compact,0.08509027871441767,8.509027871441766,False,0.35,176,Low-confidence sparse telemetry,Pass,0,NONE,38.125,1.976,0.0,0.7477272727272727,0.22727272727272727
VH-00502,501,4,A,52,Sedan,0.08461300396916709,8.461300396916709,False,0.35,177,High upstream cycle-time variation,Pass,0,NONE,40.375,4.636,0.0,0.744090909090909,0.22727272727272727
VH-00409,408,3,B,34,Compact,0.08419796914646854,8.419796914646854,False,0.35,178,ST-12 temperature x ST-15 vibration,Pass,0,NONE,44.527,3.815,1.8068050000000004,0.7440909090909091,0.22727272727272727
VH-00411,410,3,B,36,SUV,0.08417603286502885,8.417603286502885,False,0.35,179,ST-12 temperature x ST-15 vibration,Pass,0,NONE,45.083,3.877,2.3954909999999976,0.745909090909091,0.22727272727272727
VH-00002,1,1,A,2,Compact,0.0831595546409602,8.31595546409602,False,0.35,180,High upstream cycle-time variation,Pass,0,NONE,38.705,2.101,0.0,0.755,0.22727272727272727
VH-00115,114,1,B,40,SUV,0.0829724078093678,8.29724078093678,False,0.35,181,Low-confidence sparse telemetry,Pass,0,NONE,39.48,2.129,0.0,0.745909090909091,0.22727272727272727
VH-00540,539,4,B,15,Sedan,0.08272390043177959,8.272390043177959,False,0.35,182,High upstream cycle-time variation,Pass,0,NONE,41.818,4.218,0.0,0.7495454545454545,0.22727272727272727
VH-00476,475,4,A,26,Compact,0.08242126197421705,8.242126197421705,False,0.35,183,ST-12 temperature x ST-15 vibration,Pass,0,NONE,42.923,4.649,1.4297270000000029,0.7440909090909091,0.22727272727272727
VH-00309,308,3,A,9,Sedan,0.08180413281802158,8.180413281802158,False,0.35,184,Low-confidence sparse telemetry,Pass,0,NONE,41.039,2.128,0.0,0.7495454545454545,0.22727272727272727
VH-00522,521,4,A,72,Compact,0.08096362809556218,8.096362809556219,False,0.35,185,Low-confidence sparse telemetry,Pass,0,NONE,40.833,4.078,0.0,0.744090909090909,0.22727272727272727
VH-00748,747,5,B,73,Sedan,0.08074972107014788,8.074972107014789,False,0.35,186,Low-confidence sparse telemetry,Pass,0,NONE,38.657,1.692,0.0,0.7404545454545454,0.22727272727272727
VH-00398,397,3,B,23,Compact,0.07992519655298866,7.9925196552988655,False,0.35,187,Low-confidence sparse telemetry,Pass,0,NONE,44.839,3.306,0.5848339999999996,0.745909090909091,0.22727272727272727
VH-00324,323,3,A,24,Compact,0.07970400409300027,7.9704004093000265,False,0.35,188,High upstream cycle-time variation,Pass,0,NONE,39.68,1.953,0.0,0.7477272727272727,0.22727272727272727
VH-00501,500,4,A,51,Compact,0.07956473180532217,7.956473180532217,False,0.35,189,ST-12 temperature x ST-15 vibration,Pass,0,NONE,43.335,4.218,1.4925300000000008,0.7477272727272727,0.22727272727272727
VH-00493,492,4,A,43,Compact,0.07904890785001852,7.904890785001852,False,0.35,190,ST-12 temperature x ST-15 vibration,Pass,0,NONE,43.449,4.685,2.2966649999999964,0.7495454545454545,0.22727272727272727
VH-00185,184,2,A,35,SUV,0.0790237152969438,7.9023715296943795,False,0.35,191,High upstream cycle-time variation,Pass,0,NONE,39.217,2.338,0.0,0.7477272727272727,0.22727272727272727
VH-00520,519,4,A,70,Sedan,0.07888337801446318,7.888337801446318,False,0.35,192,High upstream cycle-time variation,Pass,0,NONE,42.642,4.133,0.663186000000003,0.745909090909091,0.22727272727272727
VH-00191,190,2,A,41,SUV,0.07869976948285387,7.869976948285387,False,0.35,193,High upstream cycle-time variation,Pass,0,NONE,39.096,2.266,0.0,0.7477272727272727,0.22727272727272727
VH-00770,769,6,A,20,Sedan,0.07856776562385856,7.856776562385856,False,0.35,194,High upstream cycle-time variation,Pass,0,NONE,38.654,1.98,0.0,0.7477272727272727,0.22727272727272727
VH-00601,600,5,A,1,Compact,0.07811676156824614,7.811676156824614,False,0.35,195,High upstream cycle-time variation,Pass,0,NONE,40.016,2.65,0.0,0.7495454545454545,0.22727272727272727
VH-00391,390,3,B,16,Compact,0.07789438570540018,7.7894385705400175,False,0.35,196,High upstream cycle-time variation,Pass,0,NONE,43.82,3.716,1.1211200000000003,0.745909090909091,0.22727272727272727
VH-00543,542,4,B,18,Sedan,0.0775167409127469,7.75167409127469,False,0.35,197,High upstream cycle-time variation,Pass,0,NONE,42.094,4.051,0.08939400000000114,0.745909090909091,0.22727272727272727
VH-00105,104,1,B,30,Truck,0.07728645146794222,7.728645146794221,False,0.35,198,High upstream cycle-time variation,Pass,0,NONE,41.011,2.011,0.0,0.7495454545454545,0.22727272727272727
VH-00643,642,5,A,43,Compact,0.077205728740941,7.720572874094101,False,0.35,199,High upstream cycle-time variation,Pass,0,NONE,40.608,2.241,0.0,0.744090909090909,0.22727272727272727
VH-00157,156,2,A,7,Sedan,0.07600301719051941,7.6003017190519415,False,0.35,200,High upstream cycle-time variation,Pass,0,NONE,39.772,2.147,0.0,0.744090909090909,0.22727272727272727
VH-00175,174,2,A,25,Compact,0.07562258033114967,7.562258033114968,False,0.35,201,High upstream cycle-time variation,Pass,0,NONE,39.48,1.821,0.0,0.745909090909091,0.22727272727272727
VH-00141,140,1,B,66,Compact,0.07540289727144339,7.540289727144339,False,0.35,202,Low-confidence sparse telemetry,Pass,0,NONE,38.903,1.856,0.0,0.745909090909091,0.22727272727272727
VH-00608,607,5,A,8,SUV,0.0750886878138389,7.50886878138389,False,0.35,203,High upstream cycle-time variation,Pass,0,NONE,39.32,2.864,0.0,0.7495454545454545,0.22727272727272727
VH-00205,204,2,A,55,Sedan,0.07501774104436398,7.501774104436398,False,0.35,204,Low-confidence sparse telemetry,Pass,0,NONE,38.828,2.13,0.0,0.745909090909091,0.22727272727272727
VH-00824,823,6,A,74,SUV,0.074700380652519,7.4700380652519,False,0.35,205,High upstream cycle-time variation,Pass,0,NONE,41.253,2.335,0.0,0.7513636363636362,0.22727272727272727
VH-00521,520,4,A,71,Sedan,0.07430145752086209,7.430145752086209,False,0.35,206,High upstream cycle-time variation,Pass,0,NONE,42.016,4.113,0.01620799999999822,0.7477272727272727,0.22727272727272727
VH-00617,616,5,A,17,Compact,0.0739712295484941,7.39712295484941,False,0.35,207,High upstream cycle-time variation,Pass,0,NONE,37.457,2.422,0.0,0.7477272727272727,0.22727272727272727
VH-00173,172,2,A,23,Sedan,0.07367110064970539,7.367110064970539,False,0.35,208,Low-confidence sparse telemetry,Pass,0,NONE,39.867,2.014,0.0,0.744090909090909,0.22727272727272727
VH-00555,554,4,B,30,Sedan,0.07280358039833529,7.280358039833529,False,0.35,209,High upstream cycle-time variation,Pass,0,NONE,43.07,3.569,0.50183,0.7386363636363636,0.22727272727272727
VH-00073,72,1,A,73,Compact,0.07251148789245523,7.251148789245524,False,0.35,210,High upstream cycle-time variation,Pass,0,NONE,39.042,2.087,0.0,0.744090909090909,0.22727272727272727
VH-00076,75,1,B,1,Sedan,0.07179318723738538,7.179318723738539,False,0.35,211,High upstream cycle-time variation,Pass,0,NONE,39.642,1.732,0.0,0.745909090909091,0.22727272727272727
VH-00869,868,6,B,44,Sedan,0.07171225800661088,7.171225800661088,False,0.35,212,High upstream cycle-time variation,Pass,0,NONE,39.518,2.296,0.0,0.745909090909091,0.22727272727272727
VH-00012,11,1,A,12,Sedan,0.07143286953749657,7.143286953749657,False,0.35,213,High upstream cycle-time variation,Pass,0,NONE,38.61,2.266,0.0,0.7495454545454545,0.22727272727272727
VH-00508,507,4,A,58,Sedan,0.07117785246850453,7.1177852468504526,False,0.35,214,High upstream cycle-time variation,Pass,0,NONE,41.05,4.416,0.0,0.7477272727272727,0.22727272727272727
VH-00248,247,2,B,23,SUV,0.0709751789573716,7.09751789573716,False,0.35,215,High upstream cycle-time variation,Pass,0,NONE,39.875,2.135,0.0,0.7495454545454545,0.22727272727272727
VH-00836,835,6,B,11,Compact,0.07096862566957839,7.096862566957839,False,0.35,216,Low-confidence sparse telemetry,Pass,0,NONE,41.231,2.111,0.0,0.7477272727272727,0.22727272727272727
VH-00101,100,1,B,26,SUV,0.07092358288719529,7.092358288719529,False,0.35,217,Low-confidence sparse telemetry,Pass,0,NONE,40.78,2.127,0.0,0.7477272727272727,0.22727272727272727
VH-00560,559,4,B,35,Sedan,0.07020481874280032,7.020481874280033,False,0.35,218,High upstream cycle-time variation,Pass,0,NONE,41.939,3.425,0.0,0.7495454545454545,0.22727272727272727
VH-00494,493,4,A,44,SUV,0.06985699219970228,6.985699219970227,False,0.35,219,High upstream cycle-time variation,Pass,0,NONE,42.11,4.539,0.15828999999999913,0.7422727272727272,0.22727272727272727
VH-00692,691,5,B,17,Sedan,0.06936386019928059,6.936386019928059,False,0.35,220,High upstream cycle-time variation,Pass,0,NONE,38.433,2.299,0.0,0.745909090909091,0.22727272727272727
VH-00134,133,1,B,59,Compact,0.06928966069706895,6.928966069706894,False,0.35,221,High upstream cycle-time variation,Pass,0,NONE,39.383,1.994,0.0,0.744090909090909,0.22727272727272727
VH-00553,552,4,B,28,Sedan,0.06850129974926497,6.850129974926497,False,0.35,222,High upstream cycle-time variation,Pass,0,NONE,42.701,3.38,0.19628,0.7477272727272727,0.22727272727272727
VH-00330,329,3,A,30,SUV,0.06821647381382144,6.821647381382144,False,0.35,223,High upstream cycle-time variation,Pass,0,NONE,40.846,2.27,0.0,0.7495454545454545,0.22727272727272727
VH-00596,595,4,B,71,Compact,0.06800984558586422,6.800984558586422,False,0.35,224,High upstream cycle-time variation,Pass,0,NONE,39.177,3.006,0.0,0.7477272727272727,0.22727272727272727
VH-00068,67,1,A,68,Compact,0.06791432761512278,6.7914327615122785,False,0.35,225,Low-confidence sparse telemetry,Pass,0,NONE,38.412,1.964,0.0,0.7495454545454545,0.22727272727272727
VH-00578,577,4,B,53,Truck,0.06787218867457584,6.787218867457584,False,0.35,226,High upstream cycle-time variation,Pass,0,NONE,40.309,3.083,0.0,0.745909090909091,0.22727272727272727
VH-00829,828,6,B,4,SUV,0.06734778806023639,6.734778806023639,False,0.35,227,Low-confidence sparse telemetry,Pass,0,NONE,40.047,2.064,0.0,0.7531818181818182,0.22727272727272727
VH-00242,241,2,B,17,SUV,0.06694755646348843,6.694755646348844,False,0.35,228,Low-confidence sparse telemetry,Pass,0,NONE,41.208,2.412,0.0,0.745909090909091,0.22727272727272727
VH-00226,225,2,B,1,Compact,0.06689617225034777,6.689617225034778,False,0.35,229,High upstream cycle-time variation,Pass,0,NONE,40.282,2.266,0.0,0.745909090909091,0.22727272727272727
VH-00699,698,5,B,24,Sedan,0.0667905924033106,6.6790592403310605,False,0.35,230,Low-confidence sparse telemetry,Pass,0,NONE,41.101,2.077,0.0,0.744090909090909,0.22727272727272727
VH-00527,526,4,B,2,Sedan,0.06664985440793048,6.664985440793048,False,0.35,231,High upstream cycle-time variation,Pass,0,NONE,43.032,4.065,0.9958799999999969,0.7495454545454545,0.22727272727272727
VH-00359,358,3,A,59,Compact,0.06562658532482628,6.562658532482628,False,0.35,232,High upstream cycle-time variation,Pass,0,NONE,43.9,2.96,0.0,0.745909090909091,0.22727272727272727
VH-00233,232,2,B,8,Sedan,0.06553318001310977,6.553318001310977,False,0.35,233,Low-confidence sparse telemetry,Pass,0,NONE,39.53,2.11,0.0,0.7495454545454545,0.22727272727272727
VH-00690,689,5,B,15,Compact,0.06537473159213511,6.537473159213511,False,0.35,234,High upstream cycle-time variation,Pass,0,NONE,40.209,2.06,0.0,0.7477272727272727,0.22727272727272727
VH-00183,182,2,A,33,SUV,0.06505616287135502,6.505616287135502,False,0.35,235,Low-confidence sparse telemetry,Pass,0,NONE,38.388,2.235,0.0,0.745909090909091,0.22727272727272727
VH-00145,144,1,B,70,Compact,0.0646939453509891,6.46939453509891,False,0.35,236,High upstream cycle-time variation,Pass,0,NONE,39.959,2.33,0.0,0.7477272727272727,0.22727272727272727
VH-00803,802,6,A,53,Compact,0.06453626572313664,6.453626572313665,False,0.35,237,Low-confidence sparse telemetry,Pass,0,NONE,38.812,2.014,0.0,0.7495454545454545,0.22727272727272727
VH-00545,544,4,B,20,Compact,0.06432565075743701,6.432565075743701,False,0.35,238,High upstream cycle-time variation,Pass,0,NONE,42.867,3.743,0.5574809999999981,0.745909090909091,0.22727272727272727
VH-00202,201,2,A,52,Sedan,0.06380335351485167,6.380335351485167,False,0.35,239,High upstream cycle-time variation,Pass,0,NONE,39.344,2.339,0.0,0.745909090909091,0.22727272727272727
VH-00058,57,1,A,58,Truck,0.06370260108182582,6.370260108182582,False,0.35,240,High upstream cycle-time variation,Pass,0,NONE,39.812,1.933,0.0,0.7531818181818182,0.22727272727272727
VH-00151,150,2,A,1,Sedan,0.06333996373207441,6.333996373207442,False,0.35,241,High upstream cycle-time variation,Pass,0,NONE,39.143,1.985,0.0,0.744090909090909,0.22727272727272727
VH-00750,749,5,B,75,SUV,0.06330172721759612,6.330172721759612,False,0.35,242,Low-confidence sparse telemetry,Pass,0,NONE,40.274,2.042,0.0,0.7477272727272727,0.22727272727272727
VH-00650,649,5,A,50,SUV,0.06321060686236037,6.321060686236037,False,0.35,243,High upstream cycle-time variation,Pass,0,NONE,39.076,2.331,0.0,0.7422727272727272,0.22727272727272727
VH-00612,611,5,A,12,SUV,0.06306505106368576,6.306505106368576,False,0.35,244,High upstream cycle-time variation,Pass,0,NONE,38.151,2.775,0.0,0.744090909090909,0.22727272727272727
VH-00465,464,4,A,15,SUV,0.06293213644083392,6.293213644083393,False,0.35,245,High upstream cycle-time variation,Pass,0,NONE,42.752,4.416,0.9896320000000034,0.745909090909091,0.22727272727272727
VH-00851,850,6,B,26,SUV,0.06254545371644764,6.254545371644764,False,0.35,246,High upstream cycle-time variation,Pass,0,NONE,39.91,2.098,0.0,0.7513636363636362,0.22727272727272727
VH-00823,822,6,A,73,Sedan,0.06184397826584118,6.184397826584118,False,0.35,247,High upstream cycle-time variation,Pass,0,NONE,38.838,1.87,0.0,0.745909090909091,0.22727272727272727
VH-00003,2,1,A,3,SUV,0.061624883663210415,6.162488366321042,False,0.35,248,High upstream cycle-time variation,Pass,0,NONE,37.693,2.29,0.0,0.745909090909091,0.22727272727272727
VH-00680,679,5,B,5,Truck,0.06134808648729999,6.134808648729999,False,0.35,249,High upstream cycle-time variation,Pass,0,NONE,40.558,1.809,0.0,0.745909090909091,0.22727272727272727
VH-00777,776,6,A,27,SUV,0.061061348370546185,6.1061348370546185,False,0.35,250,High upstream cycle-time variation,Pass,0,NONE,39.551,2.161,0.0,0.7495454545454545,0.22727272727272727
VH-00600,599,4,B,75,Truck,0.060990371602204885,6.0990371602204885,False,0.35,251,High upstream cycle-time variation,Pass,0,NONE,41.084,2.504,0.0,0.7440909090909091,0.22727272727272727
VH-00884,883,6,B,59,Sedan,0.06086736583283328,6.0867365832833285,False,0.35,252,High upstream cycle-time variation,Pass,0,NONE,39.721,2.097,0.0,0.7404545454545454,0.22727272727272727
VH-00815,814,6,A,65,SUV,0.060821811522127824,6.082181152212782,False,0.35,253,Low-confidence sparse telemetry,Pass,0,NONE,39.578,1.91,0.0,0.745909090909091,0.22727272727272727
VH-00852,851,6,B,27,Compact,0.06079490315442153,6.079490315442153,False,0.35,254,High upstream cycle-time variation,Pass,0,NONE,38.846,1.956,0.0,0.7531818181818182,0.22727272727272727
VH-00782,781,6,A,32,Sedan,0.06024277611457089,6.024277611457089,False,0.35,255,Low-confidence sparse telemetry,Pass,0,NONE,38.529,1.987,0.0,0.744090909090909,0.22727272727272727
VH-00045,44,1,A,45,Sedan,0.06002159847212092,6.002159847212092,False,0.35,256,High upstream cycle-time variation,Pass,0,NONE,39.848,1.919,0.0,0.7513636363636362,0.22727272727272727
VH-00006,5,1,A,6,Sedan,0.05917436238310291,5.917436238310291,False,0.35,257,High upstream cycle-time variation,Pass,0,NONE,40.016,2.122,0.0,0.7513636363636362,0.22727272727272727
VH-00795,794,6,A,45,Sedan,0.059148688418014995,5.9148688418015,False,0.35,258,High upstream cycle-time variation,Pass,0,NONE,38.496,2.251,0.0,0.745909090909091,0.22727272727272727
VH-00686,685,5,B,11,Sedan,0.0590381847218052,5.90381847218052,False,0.35,259,High upstream cycle-time variation,Pass,0,NONE,40.795,2.034,0.0,0.7440909090909091,0.22727272727272727
VH-00516,515,4,A,66,SUV,0.05893884888878445,5.893884888878445,False,0.35,260,High upstream cycle-time variation,Pass,0,NONE,42.443,4.099,0.44255699999999787,0.745909090909091,0.22727272727272727
VH-00222,221,2,A,72,Sedan,0.05889727655487059,5.889727655487059,False,0.35,261,Low-confidence sparse telemetry,Pass,0,NONE,39.118,2.22,0.0,0.7477272727272727,0.22727272727272727
VH-00295,294,2,B,70,SUV,0.0584986979965105,5.84986979965105,False,0.35,262,High upstream cycle-time variation,Pass,0,NONE,40.254,2.217,0.0,0.744090909090909,0.22727272727272727
VH-00736,735,5,B,61,Sedan,0.05835637897412532,5.835637897412532,False,0.35,263,High upstream cycle-time variation,Pass,0,NONE,38.881,2.358,0.0,0.745909090909091,0.22727272727272727
VH-00463,462,4,A,13,Sedan,0.05808309692699472,5.8083096926994715,False,0.35,264,ST-12 temperature x ST-15 vibration,Pass,0,NONE,43.611,4.496,2.2489559999999966,0.745909090909091,0.22727272727272727
VH-00811,810,6,A,61,Compact,0.057861230438143396,5.78612304381434,False,0.35,265,High upstream cycle-time variation,Pass,0,NONE,39.138,1.823,0.0,0.745909090909091,0.22727272727272727
VH-00586,585,4,B,61,Sedan,0.05735467850945506,5.735467850945506,False,0.35,266,High upstream cycle-time variation,Pass,0,NONE,40.736,2.656,0.0,0.7422727272727272,0.22727272727272727
VH-00375,374,3,A,75,Sedan,0.0571796497702066,5.71796497702066,False,0.35,267,High upstream cycle-time variation,Pass,0,NONE,43.502,3.107,0.010514000000000193,0.744090909090909,0.22727272727272727
VH-00587,586,4,B,62,Sedan,0.05706427600302234,5.706427600302234,False,0.35,268,High upstream cycle-time variation,Pass,0,NONE,39.373,2.615,0.0,0.7495454545454545,0.22727272727272727
VH-00217,216,2,A,67,Compact,0.05693523355946984,5.693523355946984,False,0.35,269,Low-confidence sparse telemetry,Pass,0,NONE,39.761,1.971,0.0,0.7477272727272727,0.22727272727272727
VH-00400,399,3,B,25,Sedan,0.05647716489854804,5.647716489854804,False,0.35,270,Low-confidence sparse telemetry,Pass,0,NONE,44.66,3.569,1.247539999999998,0.745909090909091,0.22727272727272727
VH-00881,880,6,B,56,SUV,0.05638112080552527,5.638112080552527,False,0.35,271,Low-confidence sparse telemetry,Pass,0,NONE,40.896,2.17,0.0,0.744090909090909,0.22727272727272727
VH-00889,888,6,B,64,SUV,0.0560574710064992,5.60574710064992,False,0.35,272,High upstream cycle-time variation,Pass,0,NONE,40.858,2.054,0.0,0.7404545454545454,0.22727272727272727
VH-00039,38,1,A,39,Sedan,0.05567349287473476,5.567349287473476,False,0.35,273,High upstream cycle-time variation,Pass,0,NONE,39.382,2.381,0.0,0.7477272727272727,0.22727272727272727
VH-00280,279,2,B,55,SUV,0.055446521796306936,5.544652179630694,False,0.35,274,High upstream cycle-time variation,Pass,0,NONE,40.618,2.143,0.0,0.7404545454545454,0.22727272727272727
VH-00064,63,1,A,64,Compact,0.055369997088681275,5.5369997088681275,False,0.35,275,Low-confidence sparse telemetry,Pass,0,NONE,39.491,1.854,0.0,0.7422727272727272,0.22727272727272727
VH-00310,309,3,A,10,Sedan,0.05506628396418663,5.506628396418662,False,0.35,276,High upstream cycle-time variation,Pass,0,NONE,43.849,2.379,0.0,0.7477272727272727,0.22727272727272727
VH-00378,377,3,B,3,SUV,0.054887785873464115,5.488778587346411,False,0.35,277,High upstream cycle-time variation,Pass,0,NONE,43.557,3.672,0.8906040000000013,0.7422727272727272,0.22727272727272727
VH-00603,602,5,A,3,Compact,0.05477339729499806,5.477339729499806,False,0.35,278,Low-confidence sparse telemetry,Pass,0,NONE,40.908,2.814,0.0,0.745909090909091,0.22727272727272727
VH-00722,721,5,B,47,Sedan,0.05457524383046154,5.457524383046154,False,0.35,279,High upstream cycle-time variation,Pass,0,NONE,41.42,2.15,0.0,0.7422727272727272,0.22727272727272727
VH-00562,561,4,B,37,Compact,0.054498819067769384,5.449881906776938,False,0.35,280,High upstream cycle-time variation,Pass,0,NONE,42.338,3.723,0.21057400000000054,0.755,0.22727272727272727
VH-00096,95,1,B,21,Sedan,0.05434365058225227,5.434365058225227,False,0.35,281,High upstream cycle-time variation,Pass,0,NONE,40.668,2.143,0.0,0.7477272727272727,0.22727272727272727
VH-00196,195,2,A,46,Compact,0.05401336354263209,5.401336354263209,False,0.35,282,Low-confidence sparse telemetry,Pass,0,NONE,39.672,1.695,0.0,0.744090909090909,0.22727272727272727
VH-00320,319,3,A,20,SUV,0.05385852285751953,5.385852285751953,False,0.35,283,High upstream cycle-time variation,Pass,0,NONE,40.894,2.687,0.0,0.7495454545454545,0.22727272727272727
VH-00676,675,5,B,1,Compact,0.05376619646755421,5.3766196467554215,False,0.35,284,High upstream cycle-time variation,Pass,0,NONE,40.87,1.927,0.0,0.744090909090909,0.22727272727272727
VH-00001,0,1,A,1,Sedan,0.05376553677476222,5.376553677476222,False,0.35,285,Low-confidence sparse telemetry,Pass,0,NONE,40.553,2.11,0.0,0.745909090909091,0.22727272727272727
VH-00542,541,4,B,17,Compact,0.053744553642556266,5.374455364255627,False,0.35,286,High upstream cycle-time variation,Pass,0,NONE,41.669,3.682,0.0,0.7477272727272727,0.22727272727272727
VH-00026,25,1,A,26,Sedan,0.05360433052411047,5.360433052411047,False,0.35,287,High upstream cycle-time variation,Pass,0,NONE,39.489,1.909,0.0,0.7477272727272727,0.22727272727272727
VH-00150,149,1,B,75,SUV,0.053299655556082515,5.3299655556082515,False,0.35,288,High upstream cycle-time variation,Pass,0,NONE,40.339,2.363,0.0,0.745909090909091,0.22727272727272727
VH-00158,157,2,A,8,Sedan,0.053264969561525814,5.326496956152582,False,0.35,289,High upstream cycle-time variation,Pass,0,NONE,39.999,2.126,0.0,0.7386363636363636,0.22727272727272727
VH-00651,650,5,A,51,SUV,0.05324649280487022,5.324649280487022,False,0.35,290,High upstream cycle-time variation,Pass,0,NONE,39.636,2.142,0.0,0.745909090909091,0.22727272727272727
VH-00367,366,3,A,67,Sedan,0.05305233726842032,5.305233726842032,False,0.35,291,Low-confidence sparse telemetry,Pass,0,NONE,40.375,3.069,0.0,0.7422727272727272,0.22727272727272727
VH-00260,259,2,B,35,SUV,0.053028185583356896,5.30281855833569,False,0.35,292,High upstream cycle-time variation,Pass,0,NONE,40.485,2.15,0.0,0.7422727272727272,0.22727272727272727
VH-00230,229,2,B,5,Truck,0.052871290693457355,5.287129069345736,False,0.35,293,High upstream cycle-time variation,Pass,0,NONE,41.146,2.26,0.0,0.745909090909091,0.22727272727272727
VH-00380,379,3,B,5,SUV,0.052527660175425143,5.252766017542514,False,0.35,294,High upstream cycle-time variation,Pass,0,NONE,44.146,3.193,0.199578,0.744090909090909,0.22727272727272727
VH-00095,94,1,B,20,Truck,0.052369167567981274,5.236916756798127,False,0.35,295,High upstream cycle-time variation,Pass,0,NONE,39.938,2.345,0.0,0.745909090909091,0.22727272727272727
VH-00768,767,6,A,18,Truck,0.05210199910426715,5.210199910426715,False,0.35,296,High upstream cycle-time variation,Pass,0,NONE,39.395,2.187,0.0,0.7513636363636362,0.22727272727272727
VH-00319,318,3,A,19,Sedan,0.052089470670825005,5.208947067082501,False,0.35,297,High upstream cycle-time variation,Pass,0,NONE,39.839,2.233,0.0,0.7495454545454545,0.22727272727272727
VH-00171,170,2,A,21,Sedan,0.05188004292044182,5.188004292044182,False,0.35,298,High upstream cycle-time variation,Pass,0,NONE,39.951,2.422,0.0,0.7477272727272727,0.22727272727272727
VH-00207,206,2,A,57,SUV,0.051783718984962694,5.17837189849627,False,0.35,299,Low-confidence sparse telemetry,Pass,0,NONE,38.343,2.247,0.0,0.744090909090909,0.22727272727272727
VH-00864,863,6,B,39,SUV,0.051777656617446335,5.177765661744633,False,0.35,300,High upstream cycle-time variation,Pass,0,NONE,40.454,1.989,0.0,0.744090909090909,0.22727272727272727
VH-00849,848,6,B,24,SUV,0.05160719204592126,5.160719204592127,False,0.35,301,High upstream cycle-time variation,Pass,0,NONE,38.816,1.782,0.0,0.744090909090909,0.22727272727272727
VH-00188,187,2,A,38,Sedan,0.05143128964868781,5.143128964868781,False,0.35,302,Low-confidence sparse telemetry,Pass,0,NONE,38.186,1.811,0.0,0.7477272727272727,0.22727272727272727
VH-00374,373,3,A,74,SUV,0.05139630240253979,5.139630240253979,False,0.35,303,Low-confidence sparse telemetry,Pass,0,NONE,42.495,3.614,0.2544299999999986,0.744090909090909,0.22727272727272727
VH-00759,758,6,A,9,Truck,0.051301273689198096,5.130127368919809,False,0.35,304,High upstream cycle-time variation,Pass,0,NONE,38.682,1.856,0.0,0.7477272727272727,0.22727272727272727
VH-00648,647,5,A,48,SUV,0.05120530134769921,5.120530134769921,False,0.35,305,High upstream cycle-time variation,Pass,0,NONE,39.064,2.178,0.0,0.7477272727272727,0.22727272727272727
VH-00144,143,1,B,69,SUV,0.050996527126306146,5.099652712630615,False,0.35,306,Low-confidence sparse telemetry,Pass,0,NONE,40.325,2.369,0.0,0.744090909090909,0.22727272727272727
VH-00336,335,3,A,36,Sedan,0.050741142033829165,5.0741142033829165,False,0.35,307,High upstream cycle-time variation,Pass,0,NONE,40.854,2.411,0.0,0.744090909090909,0.22727272727272727
VH-00232,231,2,B,7,Sedan,0.05000546974960578,5.000546974960578,False,0.35,308,High upstream cycle-time variation,Pass,0,NONE,40.011,2.212,0.0,0.7477272727272727,0.22727272727272727
VH-00305,304,3,A,5,Compact,0.04984788134152736,4.984788134152736,False,0.35,309,High upstream cycle-time variation,Pass,0,NONE,40.289,2.207,0.0,0.7404545454545454,0.22727272727272727
VH-00285,284,2,B,60,Sedan,0.04980322668812771,4.980322668812771,False,0.35,310,Low-confidence sparse telemetry,Pass,0,NONE,41.663,2.208,0.0,0.745909090909091,0.22727272727272727
VH-00695,694,5,B,20,Sedan,0.0497401446882803,4.97401446882803,False,0.35,311,Low-confidence sparse telemetry,Pass,0,NONE,39.362,1.764,0.0,0.7495454545454545,0.22727272727272727
VH-00822,821,6,A,72,Truck,0.04958924267757453,4.958924267757453,False,0.35,312,High upstream cycle-time variation,Pass,0,NONE,38.933,1.944,0.0,0.7477272727272727,0.22727272727272727
VH-00133,132,1,B,58,Truck,0.049585004141648084,4.958500414164808,False,0.35,313,High upstream cycle-time variation,Pass,0,NONE,41.704,2.031,0.0,0.7422727272727272,0.22727272727272727
VH-00547,546,4,B,22,Sedan,0.049244839336393856,4.924483933639386,False,0.35,314,High upstream cycle-time variation,Pass,0,NONE,40.739,3.622,0.0,0.7495454545454545,0.22727272727272727
VH-00037,36,1,A,37,Sedan,0.04879992787756546,4.879992787756546,False,0.35,315,High upstream cycle-time variation,Pass,0,NONE,39.417,2.345,0.0,0.745909090909091,0.22727272727272727
VH-00227,226,2,B,2,Truck,0.04864207634483834,4.864207634483834,False,0.35,316,High upstream cycle-time variation,Pass,0,NONE,42.3,2.104,0.0,0.7477272727272727,0.22727272727272727
VH-00575,574,4,B,50,SUV,0.048407125165462805,4.84071251654628,False,0.35,317,High upstream cycle-time variation,Pass,0,NONE,40.899,2.976,0.0,0.7440909090909091,0.22727272727272727
VH-00860,859,6,B,35,Truck,0.048401486743977075,4.840148674397708,False,0.35,318,High upstream cycle-time variation,Pass,0,NONE,40.102,1.924,0.0,0.745909090909091,0.22727272727272727
VH-00662,661,5,A,62,Compact,0.04835909855992584,4.8359098559925835,False,0.35,319,Low-confidence sparse telemetry,Pass,0,NONE,39.0,2.216,0.0,0.7495454545454545,0.22727272727272727
VH-00843,842,6,B,18,Sedan,0.04799543469721857,4.799543469721857,False,0.35,320,High upstream cycle-time variation,Pass,0,NONE,40.059,2.19,0.0,0.7513636363636362,0.22727272727272727
VH-00731,730,5,B,56,Compact,0.047962009038911305,4.796200903891131,False,0.35,321,Low-confidence sparse telemetry,Pass,0,NONE,40.702,1.819,0.0,0.745909090909091,0.22727272727272727
VH-00083,82,1,B,8,Compact,0.04794014556170066,4.794014556170066,False,0.35,322,High upstream cycle-time variation,Pass,0,NONE,41.267,2.266,0.0,0.744090909090909,0.22727272727272727
VH-00828,827,6,B,3,Compact,0.04786076113492571,4.786076113492571,False,0.35,323,High upstream cycle-time variation,Pass,0,NONE,41.057,2.286,0.0,0.7495454545454545,0.22727272727272727
VH-00808,807,6,A,58,Compact,0.04779478312728203,4.7794783127282034,False,0.35,324,High upstream cycle-time variation,Pass,0,NONE,38.218,2.246,0.0,0.7404545454545454,0.22727272727272727
VH-00104,103,1,B,29,Sedan,0.0476483953241389,4.76483953241389,False,0.35,325,High upstream cycle-time variation,Pass,0,NONE,40.671,1.866,0.0,0.7477272727272727,0.22727272727272727
VH-00604,603,5,A,4,Sedan,0.047396590615527714,4.739659061552771,False,0.35,326,High upstream cycle-time variation,Pass,0,NONE,39.216,2.554,0.0,0.7386363636363636,0.22727272727272727
VH-00072,71,1,A,72,Compact,0.04728102341460758,4.728102341460758,False,0.35,327,High upstream cycle-time variation,Pass,0,NONE,39.055,2.023,0.0,0.7495454545454545,0.22727272727272727
VH-00764,763,6,A,14,Compact,0.04697768557046143,4.697768557046143,False,0.35,328,Low-confidence sparse telemetry,Pass,0,NONE,39.135,1.804,0.0,0.7422727272727272,0.22727272727272727
VH-00063,62,1,A,63,Compact,0.046966845797790514,4.696684579779052,False,0.35,329,Low-confidence sparse telemetry,Pass,0,NONE,38.694,2.122,0.0,0.744090909090909,0.22727272727272727
VH-00149,148,1,B,74,Compact,0.04687621213210376,4.687621213210376,False,0.35,330,Low-confidence sparse telemetry,Pass,0,NONE,38.811,2.23,0.0,0.745909090909091,0.22727272727272727
VH-00584,583,4,B,59,Sedan,0.04671366052408571,4.671366052408571,False,0.35,331,High upstream cycle-time variation,Pass,0,NONE,40.028,2.956,0.0,0.7477272727272727,0.22727272727272727
VH-00827,826,6,B,2,Truck,0.046539028508885874,4.653902850888588,False,0.35,332,High upstream cycle-time variation,Pass,0,NONE,39.912,1.842,0.0,0.745909090909091,0.22727272727272727
VH-00528,527,4,B,3,Truck,0.04631435650023276,4.631435650023276,False,0.35,333,High upstream cycle-time variation,Pass,0,NONE,42.196,3.778,0.1328879999999986,0.745909090909091,0.22727272727272727
VH-00047,46,1,A,47,Compact,0.046199330114702786,4.619933011470279,False,0.35,334,High upstream cycle-time variation,Pass,0,NONE,39.839,2.251,0.0,0.745909090909091,0.22727272727272727
VH-00891,890,6,B,66,SUV,0.046176335520755965,4.6176335520755964,False,0.35,335,High upstream cycle-time variation,Pass,0,NONE,39.623,1.916,0.0,0.7477272727272727,0.22727272727272727
VH-00388,387,3,B,13,SUV,0.046107136712075523,4.610713671207552,False,0.35,336,High upstream cycle-time variation,Pass,0,NONE,44.585,3.317,0.5609450000000004,0.7495454545454545,0.22727272727272727
VH-00142,141,1,B,67,Sedan,0.04610044673963519,4.610044673963519,False,0.35,337,Low-confidence sparse telemetry,Pass,0,NONE,40.495,2.112,0.0,0.7477272727272727,0.22727272727272727
VH-00235,234,2,B,10,SUV,0.04609867687162947,4.6098676871629465,False,0.35,338,Low-confidence sparse telemetry,Pass,0,NONE,40.105,2.049,0.0,0.7495454545454545,0.22727272727272727
VH-00146,145,1,B,71,SUV,0.04608238448230166,4.608238448230166,False,0.35,339,High upstream cycle-time variation,Pass,0,NONE,40.128,1.951,0.0,0.7495454545454545,0.22727272727272727
VH-00524,523,4,A,74,Truck,0.04587075074996716,4.587075074996716,False,0.35,340,High upstream cycle-time variation,Pass,0,NONE,42.912,4.234,1.034207999999999,0.7477272727272727,0.22727272727272727
VH-00523,522,4,A,73,SUV,0.04565931649896986,4.565931649896986,False,0.35,341,High upstream cycle-time variation,Pass,0,NONE,41.787,4.202,0.0,0.7495454545454545,0.22727272727272727
VH-00152,151,2,A,2,Compact,0.04542088698987148,4.542088698987148,False,0.35,342,High upstream cycle-time variation,Pass,0,NONE,39.177,2.077,0.0,0.7477272727272727,0.22727272727272727
VH-00382,381,3,B,7,Sedan,0.04539106456660132,4.539106456660132,False,0.35,343,Low-confidence sparse telemetry,Pass,0,NONE,43.454,3.239,0.20210599999999979,0.7477272727272727,0.22727272727272727
VH-00259,258,2,B,34,Sedan,0.04537936848830428,4.537936848830428,False,0.35,344,High upstream cycle-time variation,Pass,0,NONE,40.316,1.948,0.0,0.7368181818181818,0.22727272727272727
VH-00153,152,2,A,3,SUV,0.045130318461556324,4.5130318461556325,False,0.35,345,High upstream cycle-time variation,Pass,0,NONE,39.849,2.074,0.0,0.7513636363636362,0.22727272727272727
VH-00282,281,2,B,57,SUV,0.04474561339850643,4.474561339850643,False,0.35,346,High upstream cycle-time variation,Pass,0,NONE,40.83,2.074,0.0,0.7477272727272727,0.22727272727272727
VH-00266,265,2,B,41,Sedan,0.04439048616868101,4.439048616868101,False,0.35,347,High upstream cycle-time variation,Pass,0,NONE,40.577,2.136,0.0,0.7477272727272727,0.22727272727272727
VH-00613,612,5,A,13,SUV,0.04392432650966764,4.392432650966764,False,0.35,348,High upstream cycle-time variation,Pass,0,NONE,38.847,2.218,0.0,0.7513636363636362,0.22727272727272727
VH-00009,8,1,A,9,Sedan,0.043860712648875276,4.386071264887527,False,0.35,349,Low-confidence sparse telemetry,Pass,0,NONE,38.486,2.258,0.0,0.744090909090909,0.22727272727272727
VH-00900,899,6,B,75,Truck,0.043855681274654404,4.38556812746544,False,0.35,350,High upstream cycle-time variation,Pass,0,NONE,40.762,1.906,0.0,0.7495454545454545,0.22727272727272727
VH-00160,159,2,A,10,Sedan,0.04380550296060825,4.380550296060825,False,0.35,351,High upstream cycle-time variation,Pass,0,NONE,39.849,2.41,0.0,0.745909090909091,0.22727272727272727
VH-00546,545,4,B,21,SUV,0.043663603263097685,4.366360326309769,False,0.35,352,High upstream cycle-time variation,Pass,0,NONE,40.375,3.33,0.0,0.7368181818181818,0.22727272727272727
VH-00757,756,6,A,7,Sedan,0.04357108348555952,4.357108348555952,False,0.35,353,High upstream cycle-time variation,Pass,0,NONE,40.386,2.29,0.0,0.7477272727272727,0.22727272727272727
VH-00534,533,4,B,9,Truck,0.04331252531843582,4.331252531843582,False,0.35,354,High upstream cycle-time variation,Pass,0,NONE,42.741,3.714,0.4549739999999997,0.744090909090909,0.22727272727272727
VH-00877,876,6,B,52,Compact,0.043296418621550335,4.329641862155033,False,0.35,355,High upstream cycle-time variation,Pass,0,NONE,40.661,2.296,0.0,0.7422727272727272,0.22727272727272727
VH-00156,155,2,A,6,Compact,0.043112243838424075,4.311224383842408,False,0.35,356,High upstream cycle-time variation,Pass,0,NONE,38.126,2.414,0.0,0.744090909090909,0.22727272727272727
VH-00741,740,5,B,66,SUV,0.04306124140986599,4.306124140986599,False,0.35,357,High upstream cycle-time variation,Pass,0,NONE,40.808,2.111,0.0,0.745909090909091,0.22727272727272727
VH-00834,833,6,B,9,Sedan,0.04300279727659657,4.300279727659657,False,0.35,358,Low-confidence sparse telemetry,Pass,0,NONE,39.339,2.154,0.0,0.7513636363636362,0.22727272727272727
VH-00597,596,4,B,72,Sedan,0.04284066583659736,4.284066583659736,False,0.35,359,Low-confidence sparse telemetry,Pass,0,NONE,41.437,2.51,0.0,0.7495454545454545,0.22727272727272727
VH-00893,892,6,B,68,Sedan,0.042565677336779524,4.256567733677953,False,0.35,360,High upstream cycle-time variation,Pass,0,NONE,39.76,1.693,0.0,0.745909090909091,0.22727272727272727
VH-00384,383,3,B,9,Sedan,0.042385875709695514,4.2385875709695515,False,0.35,361,High upstream cycle-time variation,Pass,0,NONE,44.672,3.62,1.3894399999999985,0.744090909090909,0.22727272727272727
VH-00376,375,3,B,1,Sedan,0.04231212364950112,4.231212364950112,False,0.35,362,High upstream cycle-time variation,Pass,0,NONE,42.924,3.198,0.09055199999999983,0.744090909090909,0.22727272727272727
VH-00628,627,5,A,28,Compact,0.04224489449308936,4.224489449308936,False,0.35,363,Low-confidence sparse telemetry,Pass,0,NONE,38.596,2.27,0.0,0.744090909090909,0.22727272727272727
VH-00773,772,6,A,23,Sedan,0.04221999559410812,4.221999559410812,False,0.35,364,Low-confidence sparse telemetry,Pass,0,NONE,40.264,2.01,0.0,0.744090909090909,0.22727272727272727
VH-00214,213,2,A,64,Compact,0.04185983730468161,4.185983730468161,False,0.35,365,High upstream cycle-time variation,Pass,0,NONE,39.013,1.825,0.0,0.7495454545454545,0.22727272727272727
VH-00841,840,6,B,16,Sedan,0.04135206297209348,4.135206297209348,False,0.35,366,High upstream cycle-time variation,Pass,0,NONE,40.603,2.105,0.0,0.745909090909091,0.22727272727272727
VH-00135,134,1,B,60,SUV,0.040795854441507656,4.079585444150766,False,0.35,367,Low-confidence sparse telemetry,Pass,0,NONE,40.716,2.317,0.0,0.7477272727272727,0.22727272727272727
VH-00113,112,1,B,38,Truck,0.04064498642026824,4.064498642026824,False,0.35,368,Low-confidence sparse telemetry,Pass,0,NONE,40.375,2.304,0.0,0.7422727272727272,0.22727272727272727
VH-00785,784,6,A,35,Compact,0.040639788714105014,4.063978871410502,False,0.35,369,Low-confidence sparse telemetry,Pass,0,NONE,38.481,2.311,0.0,0.7477272727272727,0.22727272727272727
VH-00632,631,5,A,32,Compact,0.04039435417781909,4.03943541778191,False,0.35,370,High upstream cycle-time variation,Pass,0,NONE,39.837,2.265,0.0,0.7495454545454545,0.22727272727272727
VH-00304,303,3,A,4,Sedan,0.040303145463707064,4.030314546370707,False,0.35,371,High upstream cycle-time variation,Pass,0,NONE,41.923,2.359,0.0,0.7477272727272727,0.22727272727272727
VH-00097,96,1,B,22,Compact,0.04029148198920642,4.029148198920642,False,0.35,372,Low-confidence sparse telemetry,Pass,0,NONE,39.482,2.116,0.0,0.745909090909091,0.22727272727272727
VH-00766,765,6,A,16,SUV,0.0402387291350619,4.02387291350619,False,0.35,373,High upstream cycle-time variation,Pass,0,NONE,39.524,2.103,0.0,0.7513636363636362,0.22727272727272727
VH-00022,21,1,A,22,Compact,0.04021326894472649,4.021326894472649,False,0.35,374,Low-confidence sparse telemetry,Pass,0,NONE,38.922,2.4,0.0,0.7422727272727272,0.22727272727272727
VH-00660,659,5,A,60,Compact,0.0401878217026635,4.01878217026635,False,0.35,375,High upstream cycle-time variation,Pass,0,NONE,39.525,1.901,0.0,0.745909090909091,0.22727272727272727
VH-00044,43,1,A,44,Sedan,0.04007826692591272,4.007826692591272,False,0.35,376,High upstream cycle-time variation,Pass,0,NONE,39.23,1.874,0.0,0.745909090909091,0.22727272727272727
VH-00800,799,6,A,50,Compact,0.03986626598445912,3.986626598445912,False,0.35,377,High upstream cycle-time variation,Pass,0,NONE,38.683,2.073,0.0,0.7477272727272727,0.22727272727272727
VH-00234,233,2,B,9,Sedan,0.039810168092862565,3.9810168092862566,False,0.35,378,Low-confidence sparse telemetry,Pass,0,NONE,40.294,1.945,0.0,0.744090909090909,0.22727272727272727
VH-00780,779,6,A,30,SUV,0.039748054291204565,3.9748054291204564,False,0.35,379,High upstream cycle-time variation,Pass,0,NONE,38.971,2.178,0.0,0.744090909090909,0.22727272727272727
VH-00311,310,3,A,11,Compact,0.039692359119370725,3.9692359119370724,False,0.35,380,Low-confidence sparse telemetry,Pass,0,NONE,41.479,2.072,0.0,0.7513636363636362,0.22727272727272727
VH-00830,829,6,B,5,Compact,0.03955646394563432,3.955646394563432,False,0.35,381,Low-confidence sparse telemetry,Pass,0,NONE,41.467,1.848,0.0,0.7477272727272727,0.22727272727272727
VH-00840,839,6,B,15,Truck,0.039353389283591146,3.9353389283591147,False,0.35,382,Low-confidence sparse telemetry,Pass,0,NONE,40.89,1.806,0.0,0.7513636363636362,0.22727272727272727
VH-00635,634,5,A,35,Compact,0.03934585609173153,3.934585609173153,False,0.35,383,Low-confidence sparse telemetry,Pass,0,NONE,38.775,2.263,0.0,0.745909090909091,0.22727272727272727
VH-00855,854,6,B,30,Compact,0.03929454136155418,3.929454136155418,False,0.35,384,High upstream cycle-time variation,Pass,0,NONE,40.05,2.125,0.0,0.7422727272727272,0.22727272727272727
VH-00065,64,1,A,65,Truck,0.03929233292497266,3.929233292497266,False,0.35,385,Low-confidence sparse telemetry,Pass,0,NONE,39.082,1.987,0.0,0.7477272727272727,0.22727272727272727
VH-00765,764,6,A,15,Compact,0.03925207682819037,3.9252076828190368,False,0.35,386,Low-confidence sparse telemetry,Pass,0,NONE,40.018,2.259,0.0,0.7477272727272727,0.22727272727272727
VH-00567,566,4,B,42,Compact,0.03923936177173651,3.9239361771736507,False,0.35,387,High upstream cycle-time variation,Pass,0,NONE,41.12,3.599,0.0,0.7495454545454545,0.22727272727272727
VH-00389,388,3,B,14,Compact,0.03916136000932793,3.916136000932793,False,0.35,388,Low-confidence sparse telemetry,Pass,0,NONE,42.919,3.694,0.5458859999999981,0.7422727272727272,0.22727272727272727
VH-00739,738,5,B,64,Compact,0.038846243481041105,3.8846243481041105,False,0.35,389,Low-confidence sparse telemetry,Pass,0,NONE,39.835,2.521,0.0,0.7495454545454545,0.22727272727272727
VH-00257,256,2,B,32,Compact,0.03881092890308739,3.881092890308739,False,0.35,390,Low-confidence sparse telemetry,Pass,0,NONE,40.084,2.382,0.0,0.744090909090909,0.22727272727272727
VH-00751,750,6,A,1,SUV,0.03871530077100381,3.871530077100381,False,0.35,391,Low-confidence sparse telemetry,Pass,0,NONE,40.363,2.021,0.0,0.7495454545454545,0.22727272727272727
VH-00018,17,1,A,18,Sedan,0.03867177298921406,3.8671772989214057,False,0.35,392,Low-confidence sparse telemetry,Pass,0,NONE,38.736,2.266,0.0,0.7477272727272727,0.22727272727272727
VH-00565,564,4,B,40,Sedan,0.03855123243054224,3.8551232430542237,False,0.35,393,High upstream cycle-time variation,Pass,0,NONE,41.546,3.477,0.0,0.745909090909091,0.22727272727272727
VH-00787,786,6,A,37,Sedan,0.03849865144286913,3.8498651442869134,False,0.35,394,High upstream cycle-time variation,Pass,0,NONE,39.77,1.931,0.0,0.7440909090909091,0.22727272727272727
VH-00620,619,5,A,20,Sedan,0.038446322461322256,3.8446322461322255,False,0.35,395,High upstream cycle-time variation,Pass,0,NONE,39.3,2.765,0.0,0.7495454545454545,0.22727272727272727
VH-00644,643,5,A,44,SUV,0.03837069808641758,3.8370698086417585,False,0.35,396,High upstream cycle-time variation,Pass,0,NONE,39.257,2.27,0.0,0.7477272727272727,0.22727272727272727
VH-00607,606,5,A,7,Compact,0.0383325924740133,3.83325924740133,False,0.35,397,High upstream cycle-time variation,Pass,0,NONE,39.824,2.178,0.0,0.744090909090909,0.22727272727272727
VH-00306,305,3,A,6,Compact,0.03825650157764139,3.825650157764139,False,0.35,398,Low-confidence sparse telemetry,Pass,0,NONE,40.747,2.002,0.0,0.7495454545454545,0.22727272727272727
VH-00713,712,5,B,38,Compact,0.038181479629857275,3.8181479629857273,False,0.35,399,Low-confidence sparse telemetry,Pass,0,NONE,40.241,1.928,0.0,0.7422727272727272,0.22727272727272727
VH-00589,588,4,B,64,Compact,0.03815308162651439,3.815308162651439,False,0.35,400,Low-confidence sparse telemetry,Pass,0,NONE,41.043,2.722,0.0,0.744090909090909,0.22727272727272727
VH-00798,797,6,A,48,Sedan,0.03814269728867613,3.814269728867613,False,0.35,401,High upstream cycle-time variation,Pass,0,NONE,38.896,2.041,0.0,0.745909090909091,0.22727272727272727
VH-00886,885,6,B,61,Sedan,0.0380459257410011,3.80459257410011,False,0.35,402,High upstream cycle-time variation,Pass,0,NONE,41.089,1.94,0.0,0.7531818181818182,0.22727272727272727
VH-00241,240,2,B,16,Sedan,0.03801660897179486,3.801660897179486,False,0.35,403,Low-confidence sparse telemetry,Pass,0,NONE,40.604,2.122,0.0,0.745909090909091,0.22727272727272727
VH-00225,224,2,A,75,SUV,0.037902374758613445,3.7902374758613444,False,0.35,404,High upstream cycle-time variation,Pass,0,NONE,39.149,1.799,0.0,0.745909090909091,0.22727272727272727
VH-00796,795,6,A,46,Sedan,0.037619692576290345,3.7619692576290347,False,0.35,405,Low-confidence sparse telemetry,Pass,0,NONE,39.568,2.108,0.0,0.7422727272727272,0.22727272727272727
VH-00070,69,1,A,70,SUV,0.037390665397380354,3.7390665397380354,False,0.35,406,High upstream cycle-time variation,Pass,0,NONE,38.805,1.948,0.0,0.745909090909091,0.22727272727272727
VH-00753,752,6,A,3,Compact,0.03735388037157974,3.735388037157974,False,0.35,407,Low-confidence sparse telemetry,Pass,0,NONE,39.006,2.141,0.0,0.745909090909091,0.22727272727272727
VH-00629,628,5,A,29,Compact,0.03722068788523413,3.722068788523413,False,0.35,408,Low-confidence sparse telemetry,Pass,0,NONE,38.778,2.322,0.0,0.7495454545454545,0.22727272727272727
VH-00004,3,1,A,4,Sedan,0.0370820768090237,3.70820768090237,False,0.35,409,High upstream cycle-time variation,Pass,0,NONE,40.966,2.497,0.0,0.7495454545454545,0.22727272727272727
VH-00240,239,2,B,15,Compact,0.037068960018699415,3.7068960018699415,False,0.35,410,High upstream cycle-time variation,Pass,0,NONE,40.851,2.429,0.0,0.744090909090909,0.22727272727272727
VH-00030,29,1,A,30,Sedan,0.0370639515992183,3.7063951599218297,False,0.35,411,High upstream cycle-time variation,Pass,0,NONE,39.595,1.68,0.0,0.7513636363636362,0.22727272727272727
VH-00094,93,1,B,19,Truck,0.037012896236502286,3.701289623650229,False,0.35,412,Low-confidence sparse telemetry,Pass,0,NONE,38.23,2.165,0.0,0.745909090909091,0.22727272727272727
VH-00738,737,5,B,63,Compact,0.03698334722473138,3.6983347224731378,False,0.35,413,High upstream cycle-time variation,Pass,0,NONE,41.744,2.09,0.0,0.745909090909091,0.22727272727272727
VH-00164,163,2,A,14,SUV,0.03696841498010513,3.696841498010513,False,0.35,414,High upstream cycle-time variation,Pass,0,NONE,39.78,2.383,0.0,0.7422727272727272,0.22727272727272727
VH-00168,167,2,A,18,Sedan,0.03696156384609379,3.696156384609379,False,0.35,415,Low-confidence sparse telemetry,Pass,0,NONE,40.009,2.335,0.0,0.7477272727272727,0.22727272727272727
VH-00019,18,1,A,19,SUV,0.03683555311049281,3.683555311049281,False,0.35,416,Low-confidence sparse telemetry,Pass,0,NONE,39.886,2.155,0.0,0.7495454545454545,0.22727272727272727
VH-00372,371,3,A,72,Compact,0.0368256642194548,3.6825664219454803,False,0.35,417,High upstream cycle-time variation,Pass,0,NONE,42.743,3.327,0.16866100000000037,0.7495454545454545,0.22727272727272727
VH-00595,594,4,B,70,Sedan,0.036763662052240964,3.676366205224096,False,0.35,418,High upstream cycle-time variation,Pass,0,NONE,40.302,3.177,0.0,0.7513636363636362,0.22727272727272727
VH-00874,873,6,B,49,SUV,0.03674127501906519,3.674127501906519,False,0.35,419,Low-confidence sparse telemetry,Pass,0,NONE,38.835,1.85,0.0,0.7495454545454545,0.22727272727272727
VH-00733,732,5,B,58,Truck,0.03665857703615329,3.6658577036153295,False,0.35,420,High upstream cycle-time variation,Pass,0,NONE,40.629,2.106,0.0,0.7422727272727272,0.22727272727272727
VH-00760,759,6,A,10,Sedan,0.03661907757590535,3.661907757590535,False,0.35,421,High upstream cycle-time variation,Pass,0,NONE,38.795,2.533,0.0,0.7477272727272727,0.22727272727272727
VH-00752,751,6,A,2,Sedan,0.03633818403032353,3.633818403032353,False,0.35,422,Low-confidence sparse telemetry,Pass,0,NONE,40.107,2.139,0.0,0.7422727272727272,0.22727272727272727
VH-00281,280,2,B,56,Truck,0.03626444064888188,3.626444064888188,False,0.35,423,High upstream cycle-time variation,Pass,0,NONE,40.035,2.022,0.0,0.7440909090909091,0.22727272727272727
VH-00223,222,2,A,73,Compact,0.03625869273198168,3.625869273198168,False,0.35,424,High upstream cycle-time variation,Pass,0,NONE,38.226,1.896,0.0,0.7495454545454545,0.22727272727272727
VH-00792,791,6,A,42,Truck,0.03614470567377993,3.614470567377993,False,0.35,425,High upstream cycle-time variation,Pass,0,NONE,39.552,2.266,0.0,0.7422727272727272,0.22727272727272727
VH-00863,862,6,B,38,Truck,0.03613359998591415,3.6133599985914153,False,0.35,426,High upstream cycle-time variation,Pass,0,NONE,41.203,2.011,0.0,0.7477272727272727,0.22727272727272727
VH-00109,108,1,B,34,Compact,0.036096364113288905,3.6096364113288906,False,0.35,427,Low-confidence sparse telemetry,Pass,0,NONE,41.378,2.04,0.0,0.7477272727272727,0.22727272727272727
VH-00062,61,1,A,62,Compact,0.03590719215502754,3.590719215502754,False,0.35,428,High upstream cycle-time variation,Pass,0,NONE,39.905,2.346,0.0,0.744090909090909,0.22727272727272727
VH-00691,690,5,B,16,Sedan,0.035830184979332096,3.5830184979332094,False,0.35,429,Low-confidence sparse telemetry,Pass,0,NONE,40.073,2.01,0.0,0.7477272727272727,0.22727272727272727
VH-00128,127,1,B,53,Sedan,0.035277506244222157,3.5277506244222154,False,0.35,430,Low-confidence sparse telemetry,Pass,0,NONE,39.799,2.079,0.0,0.7404545454545454,0.22727272727272727
VH-00647,646,5,A,47,SUV,0.0352010274941119,3.52010274941119,False,0.35,431,Low-confidence sparse telemetry,Pass,0,NONE,40.232,2.18,0.0,0.7531818181818182,0.22727272727272727
VH-00649,648,5,A,49,Compact,0.03489068909848796,3.4890689098487964,False,0.35,432,High upstream cycle-time variation,Pass,0,NONE,39.525,2.266,0.0,0.745909090909091,0.22727272727272727
VH-00809,808,6,A,59,Compact,0.034760379756388654,3.4760379756388655,False,0.35,433,Low-confidence sparse telemetry,Pass,0,NONE,38.709,2.268,0.0,0.745909090909091,0.22727272727272727
VH-00356,355,3,A,56,Truck,0.034746455554087806,3.4746455554087805,False,0.35,434,High upstream cycle-time variation,Pass,0,NONE,42.153,2.465,0.0,0.7422727272727272,0.22727272727272727
VH-00807,806,6,A,57,SUV,0.034622912954936,3.4622912954936,False,0.35,435,High upstream cycle-time variation,Pass,0,NONE,40.522,1.879,0.0,0.745909090909091,0.22727272727272727
VH-00209,208,2,A,59,Sedan,0.03447208816151671,3.447208816151671,False,0.35,436,Low-confidence sparse telemetry,Pass,0,NONE,40.297,2.159,0.0,0.7477272727272727,0.22727272727272727
VH-00621,620,5,A,21,Compact,0.03447143195700869,3.4471431957008694,False,0.35,437,High upstream cycle-time variation,Pass,0,NONE,38.792,2.276,0.0,0.7495454545454545,0.22727272727272727
VH-00302,301,3,A,2,Compact,0.034427795028054514,3.4427795028054513,False,0.35,438,Low-confidence sparse telemetry,Pass,0,NONE,39.34,1.857,0.0,0.7477272727272727,0.22727272727272727
VH-00122,121,1,B,47,Sedan,0.034409480502141765,3.4409480502141765,False,0.35,439,High upstream cycle-time variation,Pass,0,NONE,40.988,2.053,0.0,0.7477272727272727,0.22727272727272727
VH-00050,49,1,A,50,SUV,0.034399388131130804,3.4399388131130806,False,0.35,440,High upstream cycle-time variation,Pass,0,NONE,40.395,2.266,0.0,0.7368181818181818,0.22727272727272727
VH-00071,70,1,A,71,Sedan,0.03431668640197712,3.431668640197712,False,0.35,441,High upstream cycle-time variation,Pass,0,NONE,38.567,2.053,0.0,0.7422727272727272,0.22727272727272727
VH-00728,727,5,B,53,Sedan,0.03416430919213399,3.4164309192133993,False,0.35,442,Low-confidence sparse telemetry,Pass,0,NONE,39.522,2.142,0.0,0.745909090909091,0.22727272727272727
VH-00761,760,6,A,11,Sedan,0.03411929191347467,3.4119291913474665,False,0.35,443,High upstream cycle-time variation,Pass,0,NONE,39.798,2.266,0.0,0.7422727272727272,0.22727272727272727
VH-00544,543,4,B,19,Truck,0.03389778576807046,3.3897785768070463,False,0.35,444,High upstream cycle-time variation,Pass,0,NONE,42.527,3.795,0.3662650000000006,0.7477272727272727,0.22727272727272727
VH-00256,255,2,B,31,Sedan,0.03389017639883837,3.3890176398838374,False,0.35,445,High upstream cycle-time variation,Pass,0,NONE,41.419,2.315,0.0,0.7495454545454545,0.22727272727272727
VH-00034,33,1,A,34,Compact,0.0335991939877023,3.3599193987702303,False,0.35,446,High upstream cycle-time variation,Pass,0,NONE,40.375,1.87,0.0,0.7386363636363636,0.22727272727272727
VH-00293,292,2,B,68,Sedan,0.03359414165487175,3.3594141654871748,False,0.35,447,High upstream cycle-time variation,Pass,0,NONE,42.954,2.135,0.0,0.744090909090909,0.22727272727272727
VH-00637,636,5,A,37,Compact,0.03358263250567489,3.3582632505674894,False,0.35,448,Low-confidence sparse telemetry,Pass,0,NONE,38.649,2.346,0.0,0.7440909090909091,0.22727272727272727
VH-00788,787,6,A,38,Compact,0.03354267008060951,3.3542670080609507,False,0.35,449,High upstream cycle-time variation,Pass,0,NONE,40.108,1.48,0.0,0.745909090909091,0.22727272727272727
VH-00735,734,5,B,60,Sedan,0.0334566853912798,3.34566853912798,False,0.35,450,Low-confidence sparse telemetry,Pass,0,NONE,41.856,2.053,0.0,0.744090909090909,0.22727272727272727
VH-00148,147,1,B,73,SUV,0.03336157071258478,3.3361570712584783,False,0.35,451,Low-confidence sparse telemetry,Pass,0,NONE,39.496,2.266,0.0,0.745909090909091,0.22727272727272727
VH-00622,621,5,A,22,Compact,0.032449465498931976,3.2449465498931978,False,0.35,452,Low-confidence sparse telemetry,Pass,0,NONE,39.844,2.703,0.0,0.745909090909091,0.22727272727272727
VH-00549,548,4,B,24,Compact,0.032443173046633536,3.2443173046633538,False,0.35,453,High upstream cycle-time variation,Pass,0,NONE,41.379,3.492,0.0,0.7477272727272727,0.22727272727272727
VH-00125,124,1,B,50,Compact,0.032100631096514926,3.2100631096514927,False,0.35,454,Low-confidence sparse telemetry,Pass,0,NONE,40.826,2.21,0.0,0.7495454545454545,0.22727272727272727
VH-00784,783,6,A,34,Compact,0.031897923586098664,3.1897923586098664,False,0.35,455,Low-confidence sparse telemetry,Pass,0,NONE,39.953,1.72,0.0,0.745909090909091,0.22727272727272727
VH-00060,59,1,A,60,Sedan,0.03184563464093804,3.1845634640938045,False,0.35,456,High upstream cycle-time variation,Pass,0,NONE,40.117,1.799,0.0,0.745909090909091,0.22727272727272727
VH-00666,665,5,A,66,SUV,0.03176437246224925,3.1764372462249253,False,0.35,457,High upstream cycle-time variation,Pass,0,NONE,40.085,1.988,0.0,0.7495454545454545,0.22727272727272727
VH-00046,45,1,A,46,Sedan,0.03174385551092704,3.174385551092704,False,0.35,458,Low-confidence sparse telemetry,Pass,0,NONE,39.94,2.165,0.0,0.7513636363636362,0.22727272727272727
VH-00846,845,6,B,21,Compact,0.03173887947395163,3.1738879473951633,False,0.35,459,Low-confidence sparse telemetry,Pass,0,NONE,40.311,1.827,0.0,0.745909090909091,0.22727272727272727
VH-00700,699,5,B,25,SUV,0.031729614836119725,3.1729614836119726,False,0.35,460,High upstream cycle-time variation,Pass,0,NONE,40.791,1.879,0.0,0.7513636363636365,0.22727272727272727
VH-00275,274,2,B,50,Sedan,0.03172806161235147,3.172806161235147,False,0.35,461,High upstream cycle-time variation,Pass,0,NONE,39.691,2.437,0.0,0.7422727272727272,0.22727272727272727
VH-00582,581,4,B,57,Compact,0.03167254152990161,3.1672541529901608,False,0.35,462,Low-confidence sparse telemetry,Pass,0,NONE,40.394,3.123,0.0,0.7513636363636362,0.22727272727272727
VH-00092,91,1,B,17,SUV,0.031619222073975196,3.1619222073975197,False,0.35,463,Low-confidence sparse telemetry,Pass,0,NONE,40.269,1.68,0.0,0.744090909090909,0.22727272727272727
VH-00684,683,5,B,9,SUV,0.03158158516241634,3.158158516241634,False,0.35,464,High upstream cycle-time variation,Pass,0,NONE,40.818,2.021,0.0,0.7513636363636362,0.22727272727272727
VH-00890,889,6,B,65,Sedan,0.031550314468076573,3.1550314468076572,False,0.35,465,Low-confidence sparse telemetry,Pass,0,NONE,40.46,2.102,0.0,0.7495454545454545,0.22727272727272727
VH-00668,667,5,A,68,Truck,0.03135414232092261,3.135414232092261,False,0.35,466,High upstream cycle-time variation,Pass,0,NONE,39.23,2.046,0.0,0.7513636363636362,0.22727272727272727
VH-00025,24,1,A,25,Truck,0.031106373224305123,3.110637322430512,False,0.35,467,High upstream cycle-time variation,Pass,0,NONE,40.635,1.802,0.0,0.744090909090909,0.22727272727272727
VH-00024,23,1,A,24,SUV,0.031016584970896585,3.1016584970896584,False,0.35,468,High upstream cycle-time variation,Pass,0,NONE,39.268,2.303,0.0,0.7477272727272727,0.22727272727272727
VH-00749,748,5,B,74,Sedan,0.030991949169094465,3.0991949169094464,False,0.35,469,Low-confidence sparse telemetry,Pass,0,NONE,40.647,2.188,0.0,0.7477272727272727,0.22727272727272727
VH-00697,696,5,B,22,Sedan,0.030843585942884798,3.0843585942884797,False,0.35,470,High upstream cycle-time variation,Pass,0,NONE,40.489,1.959,0.0,0.7495454545454545,0.22727272727272727
VH-00625,624,5,A,25,Sedan,0.030575511300046956,3.0575511300046956,False,0.35,471,Low-confidence sparse telemetry,Pass,0,NONE,39.588,2.373,0.0,0.7531818181818182,0.22727272727272727
VH-00008,7,1,A,8,SUV,0.03055040635645466,3.055040635645466,False,0.35,472,Low-confidence sparse telemetry,Pass,0,NONE,39.229,2.036,0.0,0.7477272727272727,0.22727272727272727
VH-00554,553,4,B,29,Sedan,0.0305302663864869,3.05302663864869,False,0.35,473,Low-confidence sparse telemetry,Pass,0,NONE,40.882,3.962,0.0,0.7477272727272727,0.22727272727272727
VH-00797,796,6,A,47,Truck,0.03044012312686846,3.044012312686846,False,0.35,474,High upstream cycle-time variation,Pass,0,NONE,39.303,2.052,0.0,0.7513636363636362,0.22727272727272727
VH-00721,720,5,B,46,SUV,0.030291581149839892,3.0291581149839892,False,0.35,475,High upstream cycle-time variation,Pass,0,NONE,40.022,1.811,0.0,0.7386363636363636,0.22727272727272727
VH-00069,68,1,A,69,Truck,0.0302147647877982,3.02147647877982,False,0.35,476,High upstream cycle-time variation,Pass,0,NONE,39.347,2.427,0.0,0.7513636363636362,0.22727272727272727
VH-00346,345,3,A,46,Truck,0.03004287963229464,3.004287963229464,False,0.35,477,High upstream cycle-time variation,Pass,0,NONE,42.044,2.708,0.0,0.7422727272727272,0.22727272727272727
VH-00825,824,6,A,75,SUV,0.029928743760601718,2.992874376060172,False,0.35,478,High upstream cycle-time variation,Pass,0,NONE,40.144,2.385,0.0,0.7477272727272727,0.22727272727272727
VH-00089,88,1,B,14,Sedan,0.029912678370033127,2.9912678370033126,False,0.35,479,Low-confidence sparse telemetry,Pass,0,NONE,39.644,2.31,0.0,0.7495454545454545,0.22727272727272727
VH-00079,78,1,B,4,SUV,0.02989918499821924,2.9899184998219237,False,0.35,480,High upstream cycle-time variation,Pass,0,NONE,40.13,2.266,0.0,0.7422727272727272,0.22727272727272727
VH-00119,118,1,B,44,Truck,0.029863986350768094,2.9863986350768092,False,0.35,481,High upstream cycle-time variation,Pass,0,NONE,40.123,2.333,0.0,0.7404545454545454,0.22727272727272727
VH-00296,295,2,B,71,Sedan,0.029786464053271025,2.9786464053271025,False,0.35,482,High upstream cycle-time variation,Pass,0,NONE,42.068,2.298,0.0,0.7386363636363636,0.22727272727272727
VH-00043,42,1,A,43,Compact,0.029730828738187155,2.9730828738187154,False,0.35,483,High upstream cycle-time variation,Pass,0,NONE,39.028,2.173,0.0,0.7422727272727272,0.22727272727272727
VH-00693,692,5,B,18,Compact,0.029718190581583467,2.9718190581583466,False,0.35,484,High upstream cycle-time variation,Pass,0,NONE,40.245,2.169,0.0,0.745909090909091,0.22727272727272727
VH-00742,741,5,B,67,SUV,0.029714978433131166,2.9714978433131165,False,0.35,485,High upstream cycle-time variation,Pass,0,NONE,39.949,1.725,0.0,0.745909090909091,0.22727272727272727
VH-00221,220,2,A,71,Compact,0.02968326888129053,2.9683268881290528,False,0.35,486,Low-confidence sparse telemetry,Pass,0,NONE,40.114,2.284,0.0,0.7477272727272727,0.22727272727272727
VH-00659,658,5,A,59,Sedan,0.029676180446729757,2.967618044672976,False,0.35,487,Low-confidence sparse telemetry,Pass,0,NONE,39.74,1.959,0.0,0.744090909090909,0.22727272727272727
VH-00572,571,4,B,47,SUV,0.029575087664668275,2.9575087664668276,False,0.35,488,High upstream cycle-time variation,Pass,0,NONE,39.245,2.655,0.0,0.744090909090909,0.22727272727272727
VH-00819,818,6,A,69,Compact,0.029484354436183025,2.9484354436183025,False,0.35,489,Low-confidence sparse telemetry,Pass,0,NONE,40.165,1.959,0.0,0.7477272727272727,0.22727272727272727
VH-00053,52,1,A,53,Compact,0.029472379747944588,2.947237974794459,False,0.35,490,Low-confidence sparse telemetry,Pass,0,NONE,39.515,2.467,0.0,0.745909090909091,0.22727272727272727
VH-00218,217,2,A,68,Truck,0.0294461611579938,2.94461611579938,False,0.35,491,High upstream cycle-time variation,Pass,0,NONE,39.584,2.348,0.0,0.744090909090909,0.22727272727272727
VH-00835,834,6,B,10,Truck,0.02942770482777379,2.942770482777379,False,0.35,492,High upstream cycle-time variation,Pass,0,NONE,40.467,2.174,0.0,0.744090909090909,0.22727272727272727
VH-00844,843,6,B,19,Compact,0.02942702859696348,2.942702859696348,False,0.35,493,Low-confidence sparse telemetry,Pass,0,NONE,40.375,2.015,0.0,0.7422727272727272,0.22727272727272727
VH-00344,343,3,A,44,Compact,0.029345884815787485,2.9345884815787486,False,0.35,494,Low-confidence sparse telemetry,Pass,0,NONE,41.994,2.62,0.0,0.7495454545454545,0.22727272727272727
VH-00294,293,2,B,69,Sedan,0.029335184062417384,2.9335184062417383,False,0.35,495,High upstream cycle-time variation,Pass,0,NONE,40.858,2.134,0.0,0.7513636363636362,0.22727272727272727
VH-00793,792,6,A,43,SUV,0.029168022926847025,2.9168022926847024,False,0.35,496,High upstream cycle-time variation,Pass,0,NONE,40.836,1.949,0.0,0.745909090909091,0.22727272727272727
VH-00727,726,5,B,52,SUV,0.029152009660089385,2.9152009660089386,False,0.35,497,Low-confidence sparse telemetry,Pass,0,NONE,39.878,2.175,0.0,0.7477272727272727,0.22727272727272727
VH-00566,565,4,B,41,SUV,0.0291338327802506,2.91338327802506,False,0.35,498,High upstream cycle-time variation,Pass,0,NONE,42.406,3.641,0.21964599999999931,0.7477272727272727,0.22727272727272727
VH-00623,622,5,A,23,Truck,0.02894232394254868,2.894232394254868,False,0.35,499,High upstream cycle-time variation,Pass,0,NONE,38.7,2.687,0.0,0.745909090909091,0.22727272727272727
VH-00255,254,2,B,30,SUV,0.02891547846483118,2.891547846483118,False,0.35,500,High upstream cycle-time variation,Pass,0,NONE,39.625,2.093,0.0,0.7513636363636362,0.22727272727272727
VH-00525,524,4,A,75,SUV,0.028820175960393487,2.882017596039349,False,0.35,501,High upstream cycle-time variation,Pass,0,NONE,42.52,4.07,0.5044000000000032,0.7495454545454545,0.22727272727272727
VH-00688,687,5,B,13,Compact,0.028800733927592657,2.880073392759266,False,0.35,502,Low-confidence sparse telemetry,Pass,0,NONE,40.893,2.257,0.0,0.745909090909091,0.22727272727272727
VH-00323,322,3,A,23,Truck,0.02876389044474057,2.876389044474057,False,0.35,503,High upstream cycle-time variation,Pass,0,NONE,41.077,2.203,0.0,0.7513636363636362,0.22727272727272727
VH-00744,743,5,B,69,Compact,0.028732879265438663,2.8732879265438664,False,0.35,504,Low-confidence sparse telemetry,Pass,0,NONE,40.976,2.46,0.0,0.744090909090909,0.22727272727272727
VH-00074,73,1,A,74,Sedan,0.028530618501486974,2.8530618501486975,False,0.35,505,High upstream cycle-time variation,Pass,0,NONE,40.528,2.023,0.0,0.745909090909091,0.22727272727272727
VH-00670,669,5,A,70,SUV,0.028470869777148886,2.8470869777148886,False,0.35,506,Low-confidence sparse telemetry,Pass,0,NONE,39.177,2.131,0.0,0.7477272727272727,0.22727272727272727
VH-00315,314,3,A,15,SUV,0.028369731809899962,2.8369731809899963,False,0.35,507,High upstream cycle-time variation,Pass,0,NONE,41.19,2.191,0.0,0.7477272727272727,0.22727272727272727
VH-00189,188,2,A,39,SUV,0.028232715521730276,2.8232715521730274,False,0.35,508,High upstream cycle-time variation,Pass,0,NONE,40.438,2.113,0.0,0.7477272727272727,0.22727272727272727
VH-00642,641,5,A,42,Truck,0.028165995182616862,2.816599518261686,False,0.35,509,High upstream cycle-time variation,Pass,0,NONE,39.601,2.266,0.0,0.7513636363636362,0.22727272727272727
VH-00067,66,1,A,67,Sedan,0.028102791387976712,2.810279138797671,False,0.35,510,High upstream cycle-time variation,Pass,0,NONE,40.334,2.415,0.0,0.7477272727272727,0.22727272727272727
VH-00246,245,2,B,21,SUV,0.02807282000317674,2.8072820003176737,False,0.35,511,High upstream cycle-time variation,Pass,0,NONE,39.645,2.04,0.0,0.7495454545454545,0.22727272727272727
VH-00036,35,1,A,36,Sedan,0.028069243011483187,2.8069243011483187,False,0.35,512,Low-confidence sparse telemetry,Pass,0,NONE,38.676,2.475,0.0,0.7513636363636362,0.22727272727272727
VH-00287,286,2,B,62,Truck,0.02788612356194187,2.788612356194187,False,0.35,513,High upstream cycle-time variation,Pass,0,NONE,41.158,2.144,0.0,0.745909090909091,0.22727272727272727
VH-00717,716,5,B,42,Sedan,0.027683366561517122,2.768336656151712,False,0.35,514,High upstream cycle-time variation,Pass,0,NONE,39.494,2.257,0.0,0.7513636363636365,0.22727272727272727
VH-00278,277,2,B,53,Compact,0.02751192658883548,2.751192658883548,False,0.35,515,Low-confidence sparse telemetry,Pass,0,NONE,40.969,1.961,0.0,0.7531818181818182,0.22727272727272727
VH-00263,262,2,B,38,Sedan,0.027475797822583845,2.7475797822583843,False,0.35,516,High upstream cycle-time variation,Pass,0,NONE,40.307,2.149,0.0,0.7495454545454545,0.22727272727272727
VH-00867,866,6,B,42,Compact,0.027438849457837273,2.7438849457837273,False,0.35,517,Low-confidence sparse telemetry,Pass,0,NONE,40.291,2.386,0.0,0.745909090909091,0.22727272727272727
VH-00098,97,1,B,23,Sedan,0.027402662070191708,2.740266207019171,False,0.35,518,High upstream cycle-time variation,Pass,0,NONE,39.409,2.451,0.0,0.7495454545454545,0.22727272727272727
VH-00126,125,1,B,51,Compact,0.027353178359334887,2.735317835933489,False,0.35,519,High upstream cycle-time variation,Pass,0,NONE,39.912,2.23,0.0,0.7404545454545454,0.22727272727272727
VH-00820,819,6,A,70,Sedan,0.027300168468611833,2.7300168468611834,False,0.35,520,High upstream cycle-time variation,Pass,0,NONE,39.091,2.023,0.0,0.745909090909091,0.22727272727272727
VH-00270,269,2,B,45,SUV,0.027289829375028128,2.728982937502813,False,0.35,521,High upstream cycle-time variation,Pass,0,NONE,40.895,2.14,0.0,0.745909090909091,0.22727272727272727
VH-00862,861,6,B,37,Sedan,0.027288395264220635,2.7288395264220635,False,0.35,522,High upstream cycle-time variation,Pass,0,NONE,40.86,2.089,0.0,0.7404545454545454,0.22727272727272727
VH-00531,530,4,B,6,Sedan,0.027161360276312635,2.7161360276312636,False,0.35,523,High upstream cycle-time variation,Pass,0,NONE,42.139,3.713,0.08520700000000178,0.745909090909091,0.22727272727272727
VH-00674,673,5,A,74,Sedan,0.02713196326088304,2.713196326088304,False,0.35,524,High upstream cycle-time variation,Pass,0,NONE,41.035,2.094,0.0,0.7422727272727272,0.22727272727272727
VH-00897,896,6,B,72,Truck,0.027092204708307012,2.7092204708307013,False,0.35,525,High upstream cycle-time variation,Pass,0,NONE,40.027,2.266,0.0,0.745909090909091,0.22727272727272727
VH-00132,131,1,B,57,Compact,0.027019127600908632,2.7019127600908632,False,0.35,526,Low-confidence sparse telemetry,Pass,0,NONE,39.717,2.011,0.0,0.7422727272727272,0.22727272727272727
VH-00239,238,2,B,14,Compact,0.02687831440880024,2.687831440880024,False,0.35,527,Low-confidence sparse telemetry,Pass,0,NONE,41.326,2.359,0.0,0.7422727272727272,0.22727272727272727
VH-00138,137,1,B,63,Truck,0.026677539395770496,2.6677539395770498,False,0.35,528,Low-confidence sparse telemetry,Pass,0,NONE,40.721,2.144,0.0,0.745909090909091,0.22727272727272727
VH-00327,326,3,A,27,Sedan,0.02657930207604762,2.6579302076047617,False,0.35,529,High upstream cycle-time variation,Pass,0,NONE,40.905,2.44,0.0,0.7495454545454545,0.22727272727272727
VH-00011,10,1,A,11,Sedan,0.026567131991818406,2.6567131991818407,False,0.35,530,High upstream cycle-time variation,Pass,0,NONE,40.074,1.425,0.0,0.744090909090909,0.22727272727272727
VH-00616,615,5,A,16,Sedan,0.026533265420397408,2.653326542039741,False,0.35,531,High upstream cycle-time variation,Pass,0,NONE,40.53,2.408,0.0,0.745909090909091,0.22727272727272727
VH-00837,836,6,B,12,Compact,0.02631992951514271,2.631992951514271,False,0.35,532,High upstream cycle-time variation,Pass,0,NONE,40.494,2.262,0.0,0.7422727272727272,0.22727272727272727
VH-00615,614,5,A,15,SUV,0.02631205645881997,2.631205645881997,False,0.35,533,High upstream cycle-time variation,Pass,0,NONE,39.884,2.203,0.0,0.744090909090909,0.22727272727272727
VH-00633,632,5,A,33,Sedan,0.026237914574147387,2.6237914574147387,False,0.35,534,Low-confidence sparse telemetry,Pass,0,NONE,39.075,2.404,0.0,0.7477272727272727,0.22727272727272727
VH-00054,53,1,A,54,Truck,0.026184304106004534,2.6184304106004532,False,0.35,535,High upstream cycle-time variation,Pass,0,NONE,39.212,2.259,0.0,0.745909090909091,0.22727272727272727
VH-00591,590,4,B,66,SUV,0.026045002342896105,2.6045002342896106,False,0.35,536,Low-confidence sparse telemetry,Pass,0,NONE,40.639,2.674,0.0,0.745909090909091,0.22727272727272727
VH-00718,717,5,B,43,Sedan,0.02594298072805877,2.594298072805877,False,0.35,537,Low-confidence sparse telemetry,Pass,0,NONE,40.823,2.13,0.0,0.7477272727272727,0.22727272727272727
VH-00576,575,4,B,51,Compact,0.025901753083321828,2.590175308332183,False,0.35,538,High upstream cycle-time variation,Pass,0,NONE,40.375,3.123,0.0,0.7404545454545454,0.22727272727272727
VH-00569,568,4,B,44,Sedan,0.025828999295050177,2.5828999295050177,False,0.35,539,Low-confidence sparse telemetry,Pass,0,NONE,43.047,3.345,0.2565149999999994,0.7477272727272727,0.22727272727272727
VH-00559,558,4,B,34,Sedan,0.02575539065049375,2.575539065049375,False,0.35,540,High upstream cycle-time variation,Pass,0,NONE,39.794,3.365,0.0,0.744090909090909,0.22727272727272727
VH-00799,798,6,A,49,Compact,0.02572690066412542,2.572690066412542,False,0.35,541,Low-confidence sparse telemetry,Pass,0,NONE,40.319,1.889,0.0,0.745909090909091,0.22727272727272727
VH-00170,169,2,A,20,Sedan,0.02571025249724384,2.571025249724384,False,0.35,542,High upstream cycle-time variation,Pass,0,NONE,41.081,2.284,0.0,0.7495454545454545,0.22727272727272727
VH-00677,676,5,B,2,Sedan,0.025650203758794836,2.5650203758794836,False,0.35,543,Low-confidence sparse telemetry,Pass,0,NONE,40.349,2.103,0.0,0.7495454545454545,0.22727272727272727
VH-00254,253,2,B,29,Sedan,0.025585651965801707,2.5585651965801706,False,0.35,544,High upstream cycle-time variation,Pass,0,NONE,40.104,2.269,0.0,0.7477272727272727,0.22727272727272727
VH-00813,812,6,A,63,Compact,0.02534838010041758,2.5348380100417582,False,0.35,545,Low-confidence sparse telemetry,Pass,0,NONE,40.213,2.3,0.0,0.7477272727272727,0.22727272727272727
VH-00161,160,2,A,11,Compact,0.025291126346239836,2.5291126346239836,False,0.35,546,Low-confidence sparse telemetry,Pass,0,NONE,39.03,2.21,0.0,0.745909090909091,0.22727272727272727
VH-00051,50,1,A,51,SUV,0.025232299986018572,2.5232299986018574,False,0.35,547,Low-confidence sparse telemetry,Pass,0,NONE,39.084,1.754,0.0,0.745909090909091,0.22727272727272727
VH-00577,576,4,B,52,Compact,0.025125999679016794,2.5125999679016795,False,0.35,548,High upstream cycle-time variation,Pass,0,NONE,40.375,3.421,0.0,0.7422727272727272,0.22727272727272727
VH-00093,92,1,B,18,Compact,0.025042322887281677,2.5042322887281676,False,0.35,549,Low-confidence sparse telemetry,Pass,0,NONE,39.9,2.087,0.0,0.7440909090909091,0.22727272727272727
VH-00861,860,6,B,36,SUV,0.02501901885053648,2.501901885053648,False,0.35,550,High upstream cycle-time variation,Pass,0,NONE,40.612,1.998,0.0,0.745909090909091,0.22727272727272727
VH-00121,120,1,B,46,Compact,0.024870891691797885,2.4870891691797885,False,0.35,551,High upstream cycle-time variation,Pass,0,NONE,39.382,2.343,0.0,0.7404545454545454,0.22727272727272727
VH-00027,26,1,A,27,Sedan,0.024847607915617482,2.4847607915617482,False,0.35,552,High upstream cycle-time variation,Pass,0,NONE,40.152,1.802,0.0,0.7513636363636362,0.22727272727272727
VH-00853,852,6,B,28,SUV,0.02472118749103983,2.472118749103983,False,0.35,553,High upstream cycle-time variation,Fail,1,LOW_CONFIDENCE_MULTI_CAUSAL,40.339,2.266,0.0,0.7422727272727272,0.22727272727272727
VH-00082,81,1,B,7,SUV,0.024582286981852355,2.4582286981852355,False,0.35,554,Low-confidence sparse telemetry,Pass,0,NONE,41.69,1.944,0.0,0.7495454545454545,0.22727272727272727
VH-00730,729,5,B,55,Sedan,0.024490182866301197,2.44901828663012,False,0.35,555,High upstream cycle-time variation,Pass,0,NONE,39.421,1.926,0.0,0.7477272727272727,0.22727272727272727
VH-00366,365,3,A,66,Sedan,0.024240829583725233,2.4240829583725234,False,0.35,556,High upstream cycle-time variation,Pass,0,NONE,43.323,2.907,0.0,0.7422727272727272,0.22727272727272727
VH-00716,715,5,B,41,Truck,0.024205284394088578,2.4205284394088578,False,0.35,557,High upstream cycle-time variation,Pass,0,NONE,39.266,2.117,0.0,0.7477272727272727,0.22727272727272727
VH-00802,801,6,A,52,Compact,0.024176859299850677,2.4176859299850677,False,0.35,558,Low-confidence sparse telemetry,Pass,0,NONE,38.882,2.39,0.0,0.745909090909091,0.22727272727272727
VH-00091,90,1,B,16,Sedan,0.02409514474471922,2.409514474471922,False,0.35,559,Low-confidence sparse telemetry,Pass,0,NONE,41.443,2.292,0.0,0.7513636363636362,0.22727272727272727
VH-00268,267,2,B,43,Truck,0.024029482024670746,2.4029482024670745,False,0.35,560,High upstream cycle-time variation,Pass,0,NONE,40.36,2.113,0.0,0.7422727272727272,0.22727272727272727
VH-00182,181,2,A,32,Compact,0.024019938736378678,2.401993873637868,False,0.35,561,Low-confidence sparse telemetry,Pass,0,NONE,41.992,1.957,0.0,0.7477272727272727,0.22727272727272727
VH-00106,105,1,B,31,Sedan,0.023993160541369143,2.3993160541369143,False,0.35,562,Low-confidence sparse telemetry,Pass,0,NONE,39.189,1.832,0.0,0.744090909090909,0.22727272727272727
VH-00812,811,6,A,62,Sedan,0.023939793906893825,2.3939793906893825,False,0.35,563,High upstream cycle-time variation,Pass,0,NONE,38.241,1.98,0.0,0.7422727272727272,0.22727272727272727
VH-00117,116,1,B,42,Compact,0.023616909396173776,2.3616909396173775,False,0.35,564,High upstream cycle-time variation,Pass,0,NONE,40.434,2.321,0.0,0.7513636363636362,0.22727272727272727
VH-00360,359,3,A,60,SUV,0.023383804192334573,2.338380419233457,False,0.35,565,High upstream cycle-time variation,Pass,0,NONE,42.778,3.14,0.031119999999999974,0.7513636363636362,0.22727272727272727
VH-00878,877,6,B,53,Sedan,0.023313967532336877,2.3313967532336877,False,0.35,566,High upstream cycle-time variation,Pass,0,NONE,40.55,1.968,0.0,0.7477272727272727,0.22727272727272727
VH-00673,672,5,A,73,SUV,0.02327158879663874,2.327158879663874,False,0.35,567,High upstream cycle-time variation,Pass,0,NONE,38.553,2.316,0.0,0.745909090909091,0.22727272727272727
VH-00212,211,2,A,62,SUV,0.02322822476697669,2.322822476697669,False,0.35,568,High upstream cycle-time variation,Pass,0,NONE,39.46,2.26,0.0,0.7495454545454545,0.22727272727272727
VH-00814,813,6,A,64,Compact,0.023224787347134606,2.3224787347134606,False,0.35,569,Low-confidence sparse telemetry,Pass,0,NONE,39.659,1.889,0.0,0.745909090909091,0.22727272727272727
VH-00646,645,5,A,46,Compact,0.023221447803045015,2.3221447803045017,False,0.35,570,Low-confidence sparse telemetry,Pass,0,NONE,39.921,2.289,0.0,0.7477272727272727,0.22727272727272727
VH-00781,780,6,A,31,Sedan,0.023156668865632522,2.3156668865632524,False,0.35,571,Low-confidence sparse telemetry,Pass,0,NONE,39.789,1.839,0.0,0.7440909090909091,0.22727272727272727
VH-00099,98,1,B,24,Compact,0.02314176541421284,2.314176541421284,False,0.35,572,High upstream cycle-time variation,Pass,0,NONE,40.169,2.082,0.0,0.745909090909091,0.22727272727272727
VH-00348,347,3,A,48,Compact,0.023085360870532156,2.3085360870532154,False,0.35,573,Low-confidence sparse telemetry,Pass,0,NONE,42.528,2.434,0.0,0.755,0.22727272727272727
VH-00899,898,6,B,74,SUV,0.023043442402568056,2.3043442402568055,False,0.35,574,High upstream cycle-time variation,Pass,0,NONE,39.416,1.952,0.0,0.7477272727272727,0.22727272727272727
VH-00669,668,5,A,69,Compact,0.022984533125967033,2.2984533125967035,False,0.35,575,High upstream cycle-time variation,Pass,0,NONE,40.148,1.832,0.0,0.7477272727272727,0.22727272727272727
VH-00014,13,1,A,14,Compact,0.022944249577127252,2.2944249577127254,False,0.35,576,Low-confidence sparse telemetry,Pass,0,NONE,40.122,1.984,0.0,0.744090909090909,0.22727272727272727
VH-00681,680,5,B,6,Sedan,0.02290824283733059,2.290824283733059,False,0.35,577,High upstream cycle-time variation,Pass,0,NONE,39.388,2.077,0.0,0.7495454545454545,0.22727272727272727
VH-00187,186,2,A,37,Sedan,0.022807898692857428,2.280789869285743,False,0.35,578,High upstream cycle-time variation,Pass,0,NONE,39.87,2.178,0.0,0.7477272727272727,0.22727272727272727
VH-00100,99,1,B,25,Sedan,0.022684003259010606,2.2684003259010606,False,0.35,579,High upstream cycle-time variation,Pass,0,NONE,40.873,1.945,0.0,0.745909090909091,0.22727272727272727
VH-00159,158,2,A,9,Compact,0.022662200377586646,2.2662200377586648,False,0.35,580,High upstream cycle-time variation,Pass,0,NONE,40.4,2.02,0.0,0.7495454545454545,0.22727272727272727
VH-00265,264,2,B,40,Compact,0.02265668466481948,2.265668466481948,False,0.35,581,Low-confidence sparse telemetry,Pass,0,NONE,41.298,2.177,0.0,0.745909090909091,0.22727272727272727
VH-00706,705,5,B,31,SUV,0.022650547287515536,2.2650547287515534,False,0.35,582,High upstream cycle-time variation,Pass,0,NONE,40.967,2.15,0.0,0.745909090909091,0.22727272727272727
VH-00279,278,2,B,54,Truck,0.022575578808644955,2.2575578808644954,False,0.35,583,High upstream cycle-time variation,Pass,0,NONE,39.655,1.966,0.0,0.7440909090909091,0.22727272727272727
VH-00805,804,6,A,55,Compact,0.022574080559964155,2.2574080559964154,False,0.35,584,Low-confidence sparse telemetry,Pass,0,NONE,40.581,2.208,0.0,0.7477272727272727,0.22727272727272727
VH-00606,605,5,A,6,Sedan,0.022537268965059667,2.2537268965059667,False,0.35,585,Low-confidence sparse telemetry,Pass,0,NONE,40.716,2.906,0.0,0.7422727272727272,0.22727272727272727
VH-00755,754,6,A,5,SUV,0.022356544558605817,2.2356544558605815,False,0.35,586,Low-confidence sparse telemetry,Pass,0,NONE,40.081,2.239,0.0,0.7477272727272727,0.22727272727272727
VH-00377,376,3,B,2,SUV,0.02227100911848593,2.227100911848593,False,0.35,587,High upstream cycle-time variation,Pass,0,NONE,43.311,3.202,0.1337219999999998,0.745909090909091,0.22727272727272727
VH-00057,56,1,A,57,Sedan,0.022266669903384217,2.2266669903384217,False,0.35,588,Low-confidence sparse telemetry,Pass,0,NONE,38.862,2.056,0.0,0.7404545454545454,0.22727272727272727
VH-00636,635,5,A,36,Truck,0.022203892669311335,2.2203892669311336,False,0.35,589,High upstream cycle-time variation,Pass,0,NONE,40.91,2.337,0.0,0.7422727272727272,0.22727272727272727
VH-00016,15,1,A,16,Sedan,0.022181890680468306,2.2181890680468306,False,0.35,590,High upstream cycle-time variation,Pass,0,NONE,39.968,2.501,0.0,0.7495454545454545,0.22727272727272727
VH-00875,874,6,B,50,Truck,0.02215576470354741,2.215576470354741,False,0.35,591,High upstream cycle-time variation,Pass,0,NONE,39.72,2.352,0.0,0.7513636363636362,0.22727272727272727
VH-00801,800,6,A,51,Sedan,0.022145969133829345,2.2145969133829344,False,0.35,592,Low-confidence sparse telemetry,Pass,0,NONE,40.054,1.749,0.0,0.745909090909091,0.22727272727272727
VH-00857,856,6,B,32,Sedan,0.02204968101077094,2.2049681010770943,False,0.35,593,Low-confidence sparse telemetry,Pass,0,NONE,41.119,2.009,0.0,0.745909090909091,0.22727272727272727
VH-00631,630,5,A,31,Compact,0.021996991317316365,2.1996991317316366,False,0.35,594,High upstream cycle-time variation,Pass,0,NONE,39.728,2.508,0.0,0.7422727272727272,0.22727272727272727
VH-00655,654,5,A,55,Sedan,0.021966215973657978,2.1966215973657977,False,0.35,595,High upstream cycle-time variation,Pass,0,NONE,39.712,2.387,0.0,0.744090909090909,0.22727272727272727
VH-00204,203,2,A,54,SUV,0.021966141087817956,2.1966141087817954,False,0.35,596,High upstream cycle-time variation,Pass,0,NONE,40.016,2.071,0.0,0.7422727272727272,0.22727272727272727
VH-00165,164,2,A,15,Truck,0.02195436838007935,2.195436838007935,False,0.35,597,High upstream cycle-time variation,Pass,0,NONE,39.437,2.222,0.0,0.744090909090909,0.22727272727272727
VH-00124,123,1,B,49,Compact,0.021812321308605647,2.1812321308605647,False,0.35,598,Low-confidence sparse telemetry,Pass,0,NONE,40.26,1.943,0.0,0.7495454545454545,0.22727272727272727
VH-00162,161,2,A,12,Compact,0.021750720384284338,2.175072038428434,False,0.35,599,High upstream cycle-time variation,Pass,0,NONE,38.43,2.043,0.0,0.7477272727272727,0.22727272727272727
VH-00746,745,5,B,71,Compact,0.02170051034702406,2.1700510347024062,False,0.35,600,High upstream cycle-time variation,Pass,0,NONE,40.536,1.749,0.0,0.745909090909091,0.22727272727272727
VH-00333,332,3,A,33,Sedan,0.02156223690034268,2.156223690034268,False,0.35,601,High upstream cycle-time variation,Pass,0,NONE,42.065,2.753,0.0,0.7422727272727272,0.22727272727272727
VH-00337,336,3,A,37,Sedan,0.02138228714668187,2.138228714668187,False,0.35,602,High upstream cycle-time variation,Pass,0,NONE,43.416,2.457,0.0,0.7477272727272727,0.22727272727272727
VH-00872,871,6,B,47,Sedan,0.02125792151362134,2.125792151362134,False,0.35,603,High upstream cycle-time variation,Pass,0,NONE,39.615,2.409,0.0,0.744090909090909,0.22727272727272727
VH-00139,138,1,B,64,Compact,0.021174055541073197,2.11740555410732,False,0.35,604,High upstream cycle-time variation,Pass,0,NONE,40.001,2.176,0.0,0.7440909090909091,0.22727272727272727
VH-00347,346,3,A,47,Compact,0.020838315050926287,2.0838315050926286,False,0.35,605,Low-confidence sparse telemetry,Pass,0,NONE,41.734,2.637,0.0,0.7495454545454545,0.22727272727272727
VH-00767,766,6,A,17,Sedan,0.020791599829470635,2.0791599829470635,False,0.35,606,High upstream cycle-time variation,Pass,0,NONE,39.228,2.234,0.0,0.7477272727272727,0.22727272727272727
VH-00712,711,5,B,37,Sedan,0.02055974223788408,2.0559742237884078,False,0.35,607,Low-confidence sparse telemetry,Pass,0,NONE,40.345,1.983,0.0,0.7422727272727272,0.22727272727272727
VH-00848,847,6,B,23,Compact,0.0205372959357089,2.05372959357089,False,0.35,608,High upstream cycle-time variation,Pass,0,NONE,40.193,2.205,0.0,0.745909090909091,0.22727272727272727
VH-00107,106,1,B,32,SUV,0.02051695218498535,2.0516952184985353,False,0.35,609,High upstream cycle-time variation,Pass,0,NONE,42.14,1.993,0.0,0.745909090909091,0.22727272727272727
VH-00779,778,6,A,29,Sedan,0.020499797065872013,2.049979706587201,False,0.35,610,Low-confidence sparse telemetry,Pass,0,NONE,38.971,2.154,0.0,0.744090909090909,0.22727272727272727
VH-00585,584,4,B,60,Sedan,0.02049632615347151,2.049632615347151,False,0.35,611,High upstream cycle-time variation,Pass,0,NONE,40.099,3.351,0.0,0.7386363636363636,0.22727272727272727
VH-00137,136,1,B,62,Sedan,0.02045882232552625,2.045882232552625,False,0.35,612,High upstream cycle-time variation,Pass,0,NONE,39.218,2.18,0.0,0.7422727272727272,0.22727272727272727
VH-00895,894,6,B,70,Sedan,0.020447579523305576,2.0447579523305577,False,0.35,613,Low-confidence sparse telemetry,Pass,0,NONE,40.985,2.39,0.0,0.7477272727272727,0.22727272727272727
VH-00358,357,3,A,58,Truck,0.020444809374808307,2.044480937480831,False,0.35,614,High upstream cycle-time variation,Pass,0,NONE,42.692,2.956,0.0,0.744090909090909,0.22727272727272727
VH-00298,297,2,B,73,Truck,0.020405420240540616,2.0405420240540617,False,0.35,615,High upstream cycle-time variation,Pass,0,NONE,41.732,1.96,0.0,0.744090909090909,0.22727272727272727
VH-00316,315,3,A,16,SUV,0.020339766758940083,2.0339766758940083,False,0.35,616,High upstream cycle-time variation,Pass,0,NONE,40.012,2.631,0.0,0.7422727272727272,0.22727272727272727
VH-00896,895,6,B,71,Compact,0.02033099831784113,2.033099831784113,False,0.35,617,High upstream cycle-time variation,Pass,0,NONE,40.822,1.808,0.0,0.744090909090909,0.22727272727272727
VH-00574,573,4,B,49,SUV,0.020314700328577264,2.0314700328577264,False,0.35,618,High upstream cycle-time variation,Pass,0,NONE,41.028,3.25,0.0,0.7422727272727272,0.22727272727272727
VH-00329,328,3,A,29,Truck,0.020240259719548494,2.0240259719548495,False,0.35,619,Low-confidence sparse telemetry,Pass,0,NONE,40.762,2.771,0.0,0.7404545454545454,0.22727272727272727
VH-00762,761,6,A,12,SUV,0.020153449770415655,2.0153449770415657,False,0.35,620,Low-confidence sparse telemetry,Pass,0,NONE,40.14,2.241,0.0,0.7477272727272727,0.22727272727272727
VH-00656,655,5,A,56,Compact,0.020073907673400858,2.0073907673400857,False,0.35,621,Low-confidence sparse telemetry,Pass,0,NONE,38.98,2.266,0.0,0.744090909090909,0.22727272727272727
VH-00685,684,5,B,10,Truck,0.020062671933191778,2.006267193319178,False,0.35,622,High upstream cycle-time variation,Pass,0,NONE,40.265,2.121,0.0,0.7531818181818182,0.22727272727272727
VH-00066,65,1,A,66,Sedan,0.020028315665005986,2.0028315665005985,False,0.35,623,High upstream cycle-time variation,Pass,0,NONE,39.633,2.062,0.0,0.7495454545454545,0.22727272727272727
VH-00077,76,1,B,2,Truck,0.019970282098558022,1.997028209855802,False,0.35,624,High upstream cycle-time variation,Pass,0,NONE,40.369,2.123,0.0,0.7495454545454545,0.22727272727272727
VH-00614,613,5,A,14,Sedan,0.019949925194318808,1.9949925194318807,False,0.35,625,High upstream cycle-time variation,Pass,0,NONE,38.874,2.48,0.0,0.744090909090909,0.22727272727272727
VH-00579,578,4,B,54,Sedan,0.019917929132727327,1.9917929132727326,False,0.35,626,Low-confidence sparse telemetry,Pass,0,NONE,42.582,2.962,0.0,0.745909090909091,0.22727272727272727
VH-00882,881,6,B,57,Sedan,0.019892185465534423,1.9892185465534422,False,0.35,627,High upstream cycle-time variation,Pass,0,NONE,39.24,1.791,0.0,0.745909090909091,0.22727272727272727
VH-00675,674,5,A,75,Compact,0.01988117203545803,1.9881172035458032,False,0.35,628,High upstream cycle-time variation,Pass,0,NONE,39.786,2.351,0.0,0.7495454545454545,0.22727272727272727
VH-00533,532,4,B,8,Sedan,0.0198486045005955,1.9848604500595501,False,0.35,629,High upstream cycle-time variation,Pass,0,NONE,42.135,3.629,0.07141499999999894,0.744090909090909,0.22727272727272727
VH-00714,713,5,B,39,Sedan,0.019842793073624767,1.9842793073624767,False,0.35,630,High upstream cycle-time variation,Pass,0,NONE,41.277,2.157,0.0,0.745909090909091,0.22727272727272727
VH-00898,897,6,B,73,Sedan,0.019801210828458995,1.9801210828458995,False,0.35,631,Low-confidence sparse telemetry,Pass,0,NONE,40.484,1.924,0.0,0.744090909090909,0.22727272727272727
VH-00236,235,2,B,11,Sedan,0.019781623302222436,1.9781623302222435,False,0.35,632,High upstream cycle-time variation,Pass,0,NONE,38.737,2.357,0.0,0.7495454545454545,0.22727272727272727
VH-00775,774,6,A,25,Compact,0.01952932019005502,1.952932019005502,False,0.35,633,High upstream cycle-time variation,Pass,0,NONE,38.848,2.099,0.0,0.7495454545454545,0.22727272727272727
VH-00858,857,6,B,33,Sedan,0.01952736400774124,1.952736400774124,False,0.35,634,High upstream cycle-time variation,Pass,0,NONE,40.317,1.976,0.0,0.7513636363636362,0.22727272727272727
VH-00590,589,4,B,65,Compact,0.019472051141941712,1.9472051141941713,False,0.35,635,Low-confidence sparse telemetry,Pass,0,NONE,40.685,2.553,0.0,0.7495454545454545,0.22727272727272727
VH-00273,272,2,B,48,SUV,0.01934908424448451,1.9349084244484511,False,0.35,636,High upstream cycle-time variation,Pass,0,NONE,39.974,1.874,0.0,0.744090909090909,0.22727272727272727
VH-00312,311,3,A,12,SUV,0.019319195318469304,1.9319195318469304,False,0.35,637,High upstream cycle-time variation,Pass,0,NONE,40.916,2.071,0.0,0.744090909090909,0.22727272727272727
VH-00237,236,2,B,12,Compact,0.019218397709313214,1.9218397709313213,False,0.35,638,Low-confidence sparse telemetry,Pass,0,NONE,41.211,2.128,0.0,0.7477272727272727,0.22727272727272727
VH-00833,832,6,B,8,Compact,0.01913773627430837,1.913773627430837,False,0.35,639,Low-confidence sparse telemetry,Pass,0,NONE,40.847,2.166,0.0,0.744090909090909,0.22727272727272727
VH-00774,773,6,A,24,SUV,0.019055186340016673,1.9055186340016672,False,0.35,640,High upstream cycle-time variation,Pass,0,NONE,39.14,1.935,0.0,0.745909090909091,0.22727272727272727
VH-00216,215,2,A,66,Truck,0.01882880641456514,1.882880641456514,False,0.35,641,High upstream cycle-time variation,Pass,0,NONE,38.629,2.266,0.0,0.744090909090909,0.22727272727272727
VH-00599,598,4,B,74,SUV,0.018646535882617932,1.8646535882617932,False,0.35,642,High upstream cycle-time variation,Pass,0,NONE,40.383,2.71,0.0,0.745909090909091,0.22727272727272727
VH-00169,168,2,A,19,SUV,0.018642693225366325,1.8642693225366325,False,0.35,643,High upstream cycle-time variation,Pass,0,NONE,40.566,2.141,0.0,0.7477272727272727,0.22727272727272727
VH-00365,364,3,A,65,SUV,0.018588375297095647,1.8588375297095647,False,0.35,644,High upstream cycle-time variation,Pass,0,NONE,43.061,2.768,0.0,0.744090909090909,0.22727272727272727
VH-00536,535,4,B,11,Sedan,0.018577852958336333,1.8577852958336334,False,0.35,645,High upstream cycle-time variation,Pass,0,NONE,42.979,3.69,0.5776099999999994,0.744090909090909,0.22727272727272727
VH-00772,771,6,A,22,Sedan,0.018503725862984877,1.8503725862984877,False,0.35,646,Low-confidence sparse telemetry,Pass,0,NONE,40.129,1.857,0.0,0.7477272727272727,0.22727272727272727
VH-00123,122,1,B,48,Sedan,0.018476615557005267,1.8476615557005267,False,0.35,647,Low-confidence sparse telemetry,Pass,0,NONE,39.565,2.275,0.0,0.7477272727272727,0.22727272727272727
VH-00624,623,5,A,24,SUV,0.018468001609732075,1.8468001609732074,False,0.35,648,High upstream cycle-time variation,Pass,0,NONE,39.227,2.439,0.0,0.7513636363636362,0.22727272727272727
VH-00776,775,6,A,26,Sedan,0.018437873921180462,1.8437873921180463,False,0.35,649,High upstream cycle-time variation,Pass,0,NONE,39.687,1.887,0.0,0.7513636363636362,0.22727272727272727
VH-00594,593,4,B,69,Sedan,0.018428335914392625,1.8428335914392624,False,0.35,650,High upstream cycle-time variation,Pass,0,NONE,41.068,3.107,0.0,0.745909090909091,0.22727272727272727
VH-00602,601,5,A,2,Sedan,0.018423970577615054,1.8423970577615054,False,0.35,651,High upstream cycle-time variation,Pass,0,NONE,39.762,2.941,0.0,0.7495454545454545,0.22727272727272727
VH-00007,6,1,A,7,SUV,0.018356371873582078,1.8356371873582078,False,0.35,652,Low-confidence sparse telemetry,Fail,1,LOW_CONFIDENCE_MULTI_CAUSAL,40.375,2.242,0.0,0.7440909090909091,0.22727272727272727
VH-00271,270,2,B,46,Sedan,0.01835249582855461,1.835249582855461,False,0.35,653,High upstream cycle-time variation,Pass,0,NONE,40.448,2.479,0.0,0.7440909090909091,0.22727272727272727
VH-00015,14,1,A,15,SUV,0.018323348967904145,1.8323348967904145,False,0.35,654,High upstream cycle-time variation,Pass,0,NONE,39.794,2.007,0.0,0.7477272727272727,0.22727272727272727
VH-00206,205,2,A,56,Compact,0.018311700508130527,1.8311700508130528,False,0.35,655,Low-confidence sparse telemetry,Pass,0,NONE,40.77,2.018,0.0,0.744090909090909,0.22727272727272727
VH-00887,886,6,B,62,Compact,0.018269656758326393,1.8269656758326394,False,0.35,656,High upstream cycle-time variation,Pass,0,NONE,40.517,2.359,0.0,0.7477272727272727,0.22727272727272727
VH-00838,837,6,B,13,Compact,0.018265013449746088,1.8265013449746088,False,0.35,657,Low-confidence sparse telemetry,Pass,0,NONE,40.209,2.161,0.0,0.7368181818181818,0.22727272727272727
VH-00087,86,1,B,12,SUV,0.018229577928855267,1.8229577928855267,False,0.35,658,High upstream cycle-time variation,Pass,0,NONE,41.663,2.267,0.0,0.745909090909091,0.22727272727272727
VH-00791,790,6,A,41,Sedan,0.01820231377535645,1.8202313775356451,False,0.35,659,High upstream cycle-time variation,Pass,0,NONE,37.927,2.384,0.0,0.7477272727272727,0.22727272727272727
VH-00783,782,6,A,33,Truck,0.018150455683768725,1.8150455683768725,False,0.35,660,High upstream cycle-time variation,Pass,0,NONE,40.08,1.298,0.0,0.7477272727272727,0.22727272727272727
VH-00321,320,3,A,21,Sedan,0.018130794874169014,1.8130794874169014,False,0.35,661,High upstream cycle-time variation,Pass,0,NONE,41.785,2.167,0.0,0.7422727272727272,0.22727272727272727
VH-00247,246,2,B,22,Compact,0.01803127812613483,1.8031278126134829,False,0.35,662,Low-confidence sparse telemetry,Pass,0,NONE,39.833,1.764,0.0,0.745909090909091,0.22727272727272727
VH-00272,271,2,B,47,Compact,0.017989057988331128,1.7989057988331127,False,0.35,663,Low-confidence sparse telemetry,Pass,0,NONE,40.514,1.982,0.0,0.745909090909091,0.22727272727272727
VH-00229,228,2,B,4,SUV,0.017932786000498788,1.7932786000498788,False,0.35,664,Low-confidence sparse telemetry,Pass,0,NONE,40.624,2.327,0.0,0.745909090909091,0.22727272727272727
VH-00745,744,5,B,70,Sedan,0.017843219478808577,1.7843219478808576,False,0.35,665,Low-confidence sparse telemetry,Pass,0,NONE,39.192,2.166,0.0,0.7422727272727272,0.22727272727272727
VH-00370,369,3,A,70,Compact,0.017837216446837778,1.7837216446837778,False,0.35,666,High upstream cycle-time variation,Pass,0,NONE,43.227,3.445,0.42331499999999855,0.7477272727272727,0.22727272727272727
VH-00870,869,6,B,45,Compact,0.017720448411358912,1.7720448411358911,False,0.35,667,High upstream cycle-time variation,Pass,0,NONE,39.995,1.886,0.0,0.745909090909091,0.22727272727272727
VH-00308,307,3,A,8,Truck,0.017673218219135207,1.7673218219135207,False,0.35,668,High upstream cycle-time variation,Pass,0,NONE,41.596,2.258,0.0,0.744090909090909,0.22727272727272727
VH-00180,179,2,A,30,Truck,0.01767069083938615,1.767069083938615,False,0.35,669,Low-confidence sparse telemetry,Pass,0,NONE,38.956,2.393,0.0,0.7422727272727272,0.22727272727272727
VH-00871,870,6,B,46,Sedan,0.017633233891504483,1.7633233891504483,False,0.35,670,High upstream cycle-time variation,Pass,0,NONE,39.986,2.245,0.0,0.745909090909091,0.22727272727272727
VH-00368,367,3,A,68,Compact,0.0175602206211151,1.7560220621115101,False,0.35,671,High upstream cycle-time variation,Pass,0,NONE,43.089,2.943,0.0,0.7422727272727272,0.22727272727272727
VH-00299,298,2,B,74,SUV,0.01752814193001633,1.7528141930016328,False,0.35,672,Low-confidence sparse telemetry,Pass,0,NONE,41.189,2.477,0.0,0.745909090909091,0.22727272727272727
VH-00264,263,2,B,39,SUV,0.017524818234361205,1.7524818234361206,False,0.35,673,High upstream cycle-time variation,Pass,0,NONE,40.392,2.094,0.0,0.744090909090909,0.22727272727272727
VH-00701,700,5,B,26,SUV,0.0175003446834195,1.75003446834195,False,0.35,674,High upstream cycle-time variation,Pass,0,NONE,40.608,2.458,0.0,0.7477272727272727,0.22727272727272727
VH-00592,591,4,B,67,SUV,0.017469929843139397,1.7469929843139398,False,0.35,675,High upstream cycle-time variation,Pass,0,NONE,39.923,2.673,0.0,0.745909090909091,0.22727272727272727
VH-00698,697,5,B,23,SUV,0.017421033164240308,1.7421033164240307,False,0.35,676,High upstream cycle-time variation,Pass,0,NONE,40.443,2.399,0.0,0.7477272727272727,0.22727272727272727
VH-00888,887,6,B,63,Sedan,0.01735835071849754,1.7358350718497542,False,0.35,677,Low-confidence sparse telemetry,Pass,0,NONE,39.733,1.84,0.0,0.745909090909091,0.22727272727272727
VH-00085,84,1,B,10,Compact,0.017315706169290682,1.7315706169290683,False,0.35,678,Low-confidence sparse telemetry,Pass,0,NONE,39.831,1.919,0.0,0.7440909090909091,0.22727272727272727
VH-00664,663,5,A,64,Compact,0.017265572634486748,1.7265572634486748,False,0.35,679,High upstream cycle-time variation,Pass,0,NONE,39.682,2.194,0.0,0.7513636363636362,0.22727272727272727
VH-00332,331,3,A,32,Sedan,0.017265252149098104,1.7265252149098105,False,0.35,680,High upstream cycle-time variation,Pass,0,NONE,40.397,2.513,0.0,0.745909090909091,0.22727272727272727
VH-00300,299,2,B,75,Sedan,0.01719397335305537,1.7193973353055372,False,0.35,681,High upstream cycle-time variation,Pass,0,NONE,42.109,2.294,0.0,0.7495454545454545,0.22727272727272727
VH-00619,618,5,A,19,Sedan,0.01698271181453332,1.698271181453332,False,0.35,682,High upstream cycle-time variation,Pass,0,NONE,38.717,2.32,0.0,0.7422727272727272,0.22727272727272727
VH-00702,701,5,B,27,SUV,0.01698055273084667,1.698055273084667,False,0.35,683,High upstream cycle-time variation,Pass,0,NONE,40.018,2.279,0.0,0.7477272727272727,0.22727272727272727
VH-00258,257,2,B,33,Sedan,0.016955918098508188,1.6955918098508187,False,0.35,684,Low-confidence sparse telemetry,Pass,0,NONE,40.718,2.266,0.0,0.7477272727272727,0.22727272727272727
VH-00339,338,3,A,39,Compact,0.016892004990823484,1.6892004990823484,False,0.35,685,Low-confidence sparse telemetry,Pass,0,NONE,42.671,2.386,0.0,0.7495454545454545,0.22727272727272727
VH-00743,742,5,B,68,SUV,0.016747491382751924,1.6747491382751925,False,0.35,686,High upstream cycle-time variation,Pass,0,NONE,41.099,1.981,0.0,0.744090909090909,0.22727272727272727
VH-00740,739,5,B,65,Compact,0.016692267300300975,1.6692267300300976,False,0.35,687,Low-confidence sparse telemetry,Pass,0,NONE,40.279,2.266,0.0,0.744090909090909,0.22727272727272727
VH-00842,841,6,B,17,Compact,0.016666643614626338,1.6666643614626337,False,0.35,688,High upstream cycle-time variation,Pass,0,NONE,39.528,2.423,0.0,0.745909090909091,0.22727272727272727
VH-00028,27,1,A,28,Truck,0.016433288694220338,1.6433288694220338,False,0.35,689,High upstream cycle-time variation,Pass,0,NONE,39.812,2.018,0.0,0.745909090909091,0.22727272727272727
VH-00627,626,5,A,27,Compact,0.01626610756907712,1.626610756907712,False,0.35,690,Low-confidence sparse telemetry,Pass,0,NONE,39.789,2.546,0.0,0.7513636363636362,0.22727272727272727
VH-00041,40,1,A,41,Sedan,0.016221763616631156,1.6221763616631155,False,0.35,691,Low-confidence sparse telemetry,Pass,0,NONE,38.922,2.176,0.0,0.7495454545454545,0.22727272727272727
VH-00031,30,1,A,31,SUV,0.016149985695516244,1.6149985695516245,False,0.35,692,Low-confidence sparse telemetry,Pass,0,NONE,40.272,2.291,0.0,0.7495454545454545,0.22727272727272727
VH-00708,707,5,B,33,SUV,0.016032396859936893,1.6032396859936893,False,0.35,693,High upstream cycle-time variation,Pass,0,NONE,42.473,2.159,0.0,0.744090909090909,0.22727272727272727
VH-00061,60,1,A,61,Sedan,0.016003820401055736,1.6003820401055735,False,0.35,694,High upstream cycle-time variation,Pass,0,NONE,38.998,2.069,0.0,0.7495454545454545,0.22727272727272727
VH-00118,117,1,B,43,SUV,0.01599328819950843,1.5993288199508429,False,0.35,695,Low-confidence sparse telemetry,Pass,0,NONE,40.913,1.757,0.0,0.7513636363636362,0.22727272727272727
VH-00192,191,2,A,42,SUV,0.015984629187179956,1.5984629187179955,False,0.35,696,High upstream cycle-time variation,Pass,0,NONE,39.447,2.23,0.0,0.745909090909091,0.22727272727272727
VH-00866,865,6,B,41,Compact,0.015981694539175816,1.5981694539175817,False,0.35,697,High upstream cycle-time variation,Pass,0,NONE,40.737,2.172,0.0,0.744090909090909,0.22727272727272727
VH-00723,722,5,B,48,SUV,0.01597637334315311,1.597637334315311,False,0.35,698,High upstream cycle-time variation,Pass,0,NONE,40.065,1.827,0.0,0.7404545454545454,0.22727272727272727
VH-00610,609,5,A,10,Compact,0.015968060968928076,1.5968060968928075,False,0.35,699,Low-confidence sparse telemetry,Pass,0,NONE,39.928,2.601,0.0,0.7477272727272727,0.22727272727272727
VH-00114,113,1,B,39,SUV,0.015934128552206585,1.5934128552206586,False,0.35,700,High upstream cycle-time variation,Pass,0,NONE,39.779,1.781,0.0,0.7477272727272727,0.22727272727272727
VH-00679,678,5,B,4,SUV,0.015926913386155282,1.5926913386155281,False,0.35,701,Low-confidence sparse telemetry,Pass,0,NONE,39.793,2.119,0.0,0.7477272727272727,0.22727272727272727
VH-00854,853,6,B,29,Truck,0.01584548437452817,1.584548437452817,False,0.35,702,High upstream cycle-time variation,Pass,0,NONE,39.725,1.845,0.0,0.7495454545454545,0.22727272727272727
VH-00283,282,2,B,58,SUV,0.015832940428085078,1.5832940428085078,False,0.35,703,Low-confidence sparse telemetry,Pass,0,NONE,41.234,2.266,0.0,0.745909090909091,0.22727272727272727
VH-00737,736,5,B,62,Sedan,0.015797398605029864,1.5797398605029864,False,0.35,704,High upstream cycle-time variation,Pass,0,NONE,39.171,2.354,0.0,0.745909090909091,0.22727272727272727
VH-00186,185,2,A,36,SUV,0.015762473965532032,1.5762473965532031,False,0.35,705,High upstream cycle-time variation,Pass,0,NONE,39.36,2.266,0.0,0.7477272727272727,0.22727272727272727
VH-00238,237,2,B,13,Sedan,0.01575021646210748,1.5750216462107482,False,0.35,706,High upstream cycle-time variation,Pass,0,NONE,41.14,2.08,0.0,0.745909090909091,0.22727272727272727
VH-00640,639,5,A,40,Sedan,0.015677392672518144,1.5677392672518145,False,0.35,707,Low-confidence sparse telemetry,Pass,0,NONE,39.084,2.648,0.0,0.744090909090909,0.22727272727272727
VH-00362,361,3,A,62,Sedan,0.015658473879181956,1.5658473879181956,False,0.35,708,Low-confidence sparse telemetry,Pass,0,NONE,42.714,2.266,0.0,0.7495454545454545,0.22727272727272727
VH-00806,805,6,A,56,Compact,0.015595443245282125,1.5595443245282126,False,0.35,709,High upstream cycle-time variation,Pass,0,NONE,40.032,2.198,0.0,0.7495454545454545,0.22727272727272727
VH-00341,340,3,A,41,Sedan,0.015553958431591543,1.5553958431591544,False,0.35,710,High upstream cycle-time variation,Pass,0,NONE,42.769,2.274,0.0,0.7477272727272727,0.22727272727272727
VH-00652,651,5,A,52,Sedan,0.015551494138059497,1.5551494138059496,False,0.35,711,Low-confidence sparse telemetry,Pass,0,NONE,39.809,1.924,0.0,0.7477272727272727,0.22727272727272727
VH-00817,816,6,A,67,Sedan,0.015518403782317301,1.55184037823173,False,0.35,712,High upstream cycle-time variation,Pass,0,NONE,39.506,2.038,0.0,0.7495454545454545,0.22727272727272727
VH-00709,708,5,B,34,SUV,0.015508946652543813,1.5508946652543814,False,0.35,713,High upstream cycle-time variation,Pass,0,NONE,40.217,2.051,0.0,0.745909090909091,0.22727272727272727
VH-00832,831,6,B,7,Compact,0.015401513266244933,1.5401513266244933,False,0.35,714,High upstream cycle-time variation,Pass,0,NONE,41.274,2.154,0.0,0.7422727272727272,0.22727272727272727
VH-00726,725,5,B,51,SUV,0.015367075608887735,1.5367075608887735,False,0.35,715,Low-confidence sparse telemetry,Pass,0,NONE,40.632,1.992,0.0,0.7477272727272727,0.22727272727272727
VH-00831,830,6,B,6,Compact,0.015252411726820387,1.5252411726820387,False,0.35,716,High upstream cycle-time variation,Pass,0,NONE,40.363,2.236,0.0,0.745909090909091,0.22727272727272727
VH-00261,260,2,B,36,Truck,0.015149742970464035,1.5149742970464035,False,0.35,717,High upstream cycle-time variation,Pass,0,NONE,40.375,2.259,0.0,0.744090909090909,0.22727272727272727
VH-00313,312,3,A,13,SUV,0.015149648537966732,1.5149648537966731,False,0.35,718,High upstream cycle-time variation,Pass,0,NONE,40.509,2.333,0.0,0.745909090909091,0.22727272727272727
VH-00611,610,5,A,11,Compact,0.015131220347798777,1.5131220347798777,False,0.35,719,High upstream cycle-time variation,Pass,0,NONE,39.761,2.599,0.0,0.744090909090909,0.22727272727272727
VH-00747,746,5,B,72,Compact,0.015046429862482556,1.5046429862482555,False,0.35,720,Low-confidence sparse telemetry,Pass,0,NONE,40.038,2.117,0.0,0.7477272727272727,0.22727272727272727
VH-00710,709,5,B,35,Compact,0.015018921053966749,1.501892105396675,False,0.35,721,High upstream cycle-time variation,Pass,0,NONE,40.052,2.438,0.0,0.7477272727272727,0.22727272727272727
VH-00328,327,3,A,28,SUV,0.014946667738335175,1.4946667738335175,False,0.35,722,High upstream cycle-time variation,Pass,0,NONE,41.936,2.342,0.0,0.7513636363636362,0.22727272727272727
VH-00580,579,4,B,55,Sedan,0.014919196109403097,1.4919196109403097,False,0.35,723,High upstream cycle-time variation,Pass,0,NONE,39.556,2.266,0.0,0.7477272727272727,0.22727272727272727
VH-00355,354,3,A,55,Truck,0.014520090146575897,1.4520090146575897,False,0.35,724,High upstream cycle-time variation,Pass,0,NONE,42.237,2.736,0.0,0.7477272727272727,0.22727272727272727
VH-00055,54,1,A,55,SUV,0.014177191456339755,1.4177191456339755,False,0.35,725,Low-confidence sparse telemetry,Pass,0,NONE,39.424,2.391,0.0,0.7477272727272727,0.22727272727272727
VH-00707,706,5,B,32,SUV,0.014032341232500205,1.4032341232500205,False,0.35,726,High upstream cycle-time variation,Pass,0,NONE,40.124,2.05,0.0,0.7404545454545454,0.22727272727272727
VH-00715,714,5,B,40,Sedan,0.014006756808884408,1.4006756808884409,False,0.35,727,High upstream cycle-time variation,Pass,0,NONE,41.434,2.238,0.0,0.7477272727272727,0.22727272727272727
VH-00005,4,1,A,5,Truck,0.013995143562600992,1.3995143562600991,False,0.35,728,High upstream cycle-time variation,Pass,0,NONE,39.999,2.204,0.0,0.745909090909091,0.22727272727272727
VH-00605,604,5,A,5,Compact,0.01389415149895482,1.389415149895482,False,0.35,729,Low-confidence sparse telemetry,Pass,0,NONE,39.138,2.243,0.0,0.744090909090909,0.22727272727272727
VH-00557,556,4,B,32,Sedan,0.013813814619347187,1.3813814619347187,False,0.35,730,Low-confidence sparse telemetry,Pass,0,NONE,41.4,3.378,0.0,0.7477272727272727,0.22727272727272727
VH-00172,171,2,A,22,SUV,0.013757341454793489,1.3757341454793488,False,0.35,731,High upstream cycle-time variation,Pass,0,NONE,40.375,2.283,0.0,0.744090909090909,0.22727272727272727
VH-00179,178,2,A,29,Compact,0.013730859039464041,1.373085903946404,False,0.35,732,Low-confidence sparse telemetry,Pass,0,NONE,40.747,2.138,0.0,0.745909090909091,0.22727272727272727
VH-00244,243,2,B,19,SUV,0.013685184982775978,1.3685184982775978,False,0.35,733,Low-confidence sparse telemetry,Pass,0,NONE,39.475,2.269,0.0,0.744090909090909,0.22727272727272727
VH-00131,130,1,B,56,Truck,0.01360365473457116,1.360365473457116,False,0.35,734,High upstream cycle-time variation,Pass,0,NONE,39.586,2.022,0.0,0.745909090909091,0.22727272727272727
VH-00894,893,6,B,69,Sedan,0.013578281826761822,1.3578281826761822,False,0.35,735,Low-confidence sparse telemetry,Pass,0,NONE,39.568,2.146,0.0,0.745909090909091,0.22727272727272727
VH-00163,162,2,A,13,SUV,0.01357099698265022,1.357099698265022,False,0.35,736,High upstream cycle-time variation,Pass,0,NONE,39.325,2.317,0.0,0.7477272727272727,0.22727272727272727
VH-00253,252,2,B,28,Truck,0.013533464703480887,1.3533464703480886,False,0.35,737,High upstream cycle-time variation,Pass,0,NONE,40.097,2.08,0.0,0.7404545454545454,0.22727272727272727
VH-00373,372,3,A,73,Compact,0.013519971417165995,1.3519971417165995,False,0.35,738,Low-confidence sparse telemetry,Pass,0,NONE,42.588,3.196,0.056448000000000144,0.7477272727272727,0.22727272727272727
VH-00856,855,6,B,31,Sedan,0.013508861159511889,1.350886115951189,False,0.35,739,High upstream cycle-time variation,Pass,0,NONE,39.52,1.956,0.0,0.7495454545454545,0.22727272727272727
VH-00769,768,6,A,19,SUV,0.013505050346914363,1.3505050346914362,False,0.35,740,High upstream cycle-time variation,Pass,0,NONE,39.466,2.141,0.0,0.744090909090909,0.22727272727272727
VH-00032,31,1,A,32,SUV,0.013476761363573791,1.347676136357379,False,0.35,741,High upstream cycle-time variation,Pass,0,NONE,38.886,2.302,0.0,0.7495454545454545,0.22727272727272727
VH-00325,324,3,A,25,SUV,0.01347669552744876,1.347669552744876,False,0.35,742,High upstream cycle-time variation,Pass,0,NONE,41.566,2.099,0.0,0.7495454545454545,0.22727272727272727
VH-00147,146,1,B,72,Sedan,0.01337667913979665,1.337667913979665,False,0.35,743,High upstream cycle-time variation,Pass,0,NONE,39.469,2.083,0.0,0.7513636363636362,0.22727272727272727
VH-00598,597,4,B,73,Sedan,0.013337630637453819,1.333763063745382,False,0.35,744,High upstream cycle-time variation,Pass,0,NONE,40.366,2.662,0.0,0.745909090909091,0.22727272727272727
VH-00879,878,6,B,54,SUV,0.013294835737219646,1.3294835737219646,False,0.35,745,High upstream cycle-time variation,Pass,0,NONE,40.789,1.599,0.0,0.7495454545454545,0.22727272727272727
VH-00262,261,2,B,37,Truck,0.01328304674266493,1.328304674266493,False,0.35,746,High upstream cycle-time variation,Pass,0,NONE,39.398,1.929,0.0,0.7477272727272727,0.22727272727272727
VH-00029,28,1,A,29,Compact,0.013269907461192519,1.3269907461192518,False,0.35,747,High upstream cycle-time variation,Pass,0,NONE,40.44,2.032,0.0,0.7422727272727272,0.22727272727272727
VH-00198,197,2,A,48,SUV,0.013253285297783904,1.3253285297783903,False,0.35,748,High upstream cycle-time variation,Pass,0,NONE,40.19,2.181,0.0,0.7386363636363636,0.22727272727272727
VH-00056,55,1,A,56,Sedan,0.013168159124029038,1.3168159124029037,False,0.35,749,High upstream cycle-time variation,Pass,0,NONE,40.375,2.028,0.0,0.7477272727272727,0.22727272727272727
VH-00211,210,2,A,61,SUV,0.013149863009800013,1.3149863009800014,False,0.35,750,High upstream cycle-time variation,Pass,0,NONE,39.818,2.209,0.0,0.7477272727272727,0.22727272727272727
VH-00129,128,1,B,54,Compact,0.013137590773818613,1.3137590773818613,False,0.35,751,Low-confidence sparse telemetry,Pass,0,NONE,40.525,1.924,0.0,0.7422727272727272,0.22727272727272727
VH-00326,325,3,A,26,Truck,0.013052065975861156,1.3052065975861156,False,0.35,752,High upstream cycle-time variation,Pass,0,NONE,40.67,2.45,0.0,0.7477272727272727,0.22727272727272727
VH-00564,563,4,B,39,Sedan,0.013050167575499238,1.3050167575499239,False,0.35,753,High upstream cycle-time variation,Pass,0,NONE,40.68,3.468,0.0,0.7477272727272727,0.22727272727272727
VH-00638,637,5,A,38,Compact,0.013036219770666983,1.3036219770666984,False,0.35,754,High upstream cycle-time variation,Pass,0,NONE,39.756,2.277,0.0,0.7495454545454545,0.22727272727272727
VH-00277,276,2,B,52,Compact,0.012881583593040228,1.288158359304023,False,0.35,755,High upstream cycle-time variation,Pass,0,NONE,40.906,2.181,0.0,0.7495454545454545,0.22727272727272727
VH-00322,321,3,A,22,SUV,0.01284683286969273,1.284683286969273,False,0.35,756,High upstream cycle-time variation,Pass,0,NONE,41.48,2.42,0.0,0.744090909090909,0.22727272727272727
VH-00334,333,3,A,34,Compact,0.01282080865945797,1.282080865945797,False,0.35,757,High upstream cycle-time variation,Pass,0,NONE,41.719,2.751,0.0,0.745909090909091,0.22727272727272727
VH-00345,344,3,A,45,Compact,0.012813719940337063,1.2813719940337063,False,0.35,758,Low-confidence sparse telemetry,Pass,0,NONE,42.471,2.382,0.0,0.745909090909091,0.22727272727272727
VH-00040,39,1,A,40,Compact,0.012580805053024304,1.2580805053024304,False,0.35,759,High upstream cycle-time variation,Pass,0,NONE,38.481,1.976,0.0,0.7477272727272727,0.22727272727272727
VH-00103,102,1,B,28,Truck,0.012476723664016897,1.2476723664016898,False,0.35,760,High upstream cycle-time variation,Pass,0,NONE,39.392,2.315,0.0,0.745909090909091,0.22727272727272727
VH-00112,111,1,B,37,Compact,0.011942541935005945,1.1942541935005946,False,0.35,761,High upstream cycle-time variation,Pass,0,NONE,39.515,2.417,0.0,0.755,0.22727272727272727
VH-00102,101,1,B,27,SUV,0.011898516648737503,1.1898516648737503,False,0.35,762,Low-confidence sparse telemetry,Pass,0,NONE,40.346,2.222,0.0,0.7422727272727272,0.22727272727272727
VH-00219,218,2,A,69,Sedan,0.011797768391985937,1.1797768391985937,False,0.35,763,Low-confidence sparse telemetry,Pass,0,NONE,39.623,2.242,0.0,0.744090909090909,0.22727272727272727
VH-00017,16,1,A,17,SUV,0.011782212839980107,1.1782212839980106,False,0.35,764,High upstream cycle-time variation,Pass,0,NONE,40.282,2.079,0.0,0.744090909090909,0.22727272727272727
VH-00251,250,2,B,26,Truck,0.011665111037804045,1.1665111037804046,False,0.35,765,High upstream cycle-time variation,Pass,0,NONE,40.772,2.124,0.0,0.744090909090909,0.22727272727272727
VH-00883,882,6,B,58,SUV,0.01161184201815208,1.1611842018152079,False,0.35,766,High upstream cycle-time variation,Pass,0,NONE,40.261,1.997,0.0,0.7422727272727272,0.22727272727272727
VH-00734,733,5,B,59,Sedan,0.011547972446034605,1.1547972446034604,False,0.35,767,Low-confidence sparse telemetry,Pass,0,NONE,39.787,2.44,0.0,0.744090909090909,0.22727272727272727
VH-00297,296,2,B,72,SUV,0.011480517766420444,1.1480517766420444,False,0.35,768,High upstream cycle-time variation,Pass,0,NONE,40.104,2.068,0.0,0.7422727272727272,0.22727272727272727
VH-00653,652,5,A,53,Sedan,0.01147942361230035,1.147942361230035,False,0.35,769,Low-confidence sparse telemetry,Pass,0,NONE,40.375,1.993,0.0,0.7422727272727272,0.22727272727272727
VH-00570,569,4,B,45,SUV,0.011462398605145172,1.1462398605145172,False,0.35,770,High upstream cycle-time variation,Pass,0,NONE,39.845,3.452,0.0,0.7477272727272727,0.22727272727272727
VH-00349,348,3,A,49,SUV,0.011358340300529427,1.1358340300529428,False,0.35,771,High upstream cycle-time variation,Pass,0,NONE,40.375,2.675,0.0,0.7368181818181818,0.22727272727272727
VH-00292,291,2,B,67,Sedan,0.011319306155841376,1.1319306155841375,False,0.35,772,High upstream cycle-time variation,Pass,0,NONE,40.576,2.263,0.0,0.7531818181818182,0.22727272727272727
VH-00035,34,1,A,35,Compact,0.01127043456583892,1.127043456583892,False,0.35,773,Low-confidence sparse telemetry,Pass,0,NONE,40.584,2.315,0.0,0.745909090909091,0.22727272727272727
VH-00080,79,1,B,5,Sedan,0.011244885165982441,1.1244885165982441,False,0.35,774,Low-confidence sparse telemetry,Pass,0,NONE,39.651,2.389,0.0,0.744090909090909,0.22727272727272727
VH-00729,728,5,B,54,Sedan,0.011242176366440808,1.1242176366440808,False,0.35,775,Low-confidence sparse telemetry,Pass,0,NONE,39.49,2.01,0.0,0.7495454545454545,0.22727272727272727
VH-00719,718,5,B,44,SUV,0.011209698487839431,1.120969848783943,False,0.35,776,High upstream cycle-time variation,Pass,0,NONE,40.897,2.072,0.0,0.7477272727272727,0.22727272727272727
VH-00556,555,4,B,31,Truck,0.01120021149813527,1.120021149813527,False,0.35,777,Low-confidence sparse telemetry,Pass,0,NONE,40.727,3.333,0.0,0.744090909090909,0.22727272727272727
VH-00081,80,1,B,6,SUV,0.011142474527364858,1.1142474527364858,False,0.35,778,High upstream cycle-time variation,Pass,0,NONE,41.07,2.212,0.0,0.7422727272727272,0.22727272727272727
VH-00873,872,6,B,48,SUV,0.01108375861385163,1.108375861385163,False,0.35,779,High upstream cycle-time variation,Pass,0,NONE,40.028,2.38,0.0,0.745909090909091,0.22727272727272727
VH-00563,562,4,B,38,Sedan,0.011070931611529486,1.1070931611529486,False,0.35,780,High upstream cycle-time variation,Pass,0,NONE,41.978,2.981,0.0,0.7495454545454545,0.22727272727272727
VH-00876,875,6,B,51,Sedan,0.011054722506154817,1.1054722506154817,False,0.35,781,High upstream cycle-time variation,Pass,0,NONE,40.575,2.042,0.0,0.7495454545454545,0.22727272727272727
VH-00317,316,3,A,17,Compact,0.0110409778596391,1.10409778596391,False,0.35,782,High upstream cycle-time variation,Pass,0,NONE,41.049,2.231,0.0,0.7422727272727272,0.22727272727272727
VH-00353,352,3,A,53,Compact,0.011039450187859708,1.1039450187859707,False,0.35,783,Low-confidence sparse telemetry,Pass,0,NONE,43.189,2.872,0.0,0.7440909090909091,0.22727272727272727
VH-00794,793,6,A,44,Compact,0.011038159024006478,1.1038159024006478,False,0.35,784,High upstream cycle-time variation,Pass,0,NONE,39.997,2.233,0.0,0.744090909090909,0.22727272727272727
VH-00340,339,3,A,40,SUV,0.010998132859172926,1.0998132859172927,False,0.35,785,Low-confidence sparse telemetry,Pass,0,NONE,42.272,2.224,0.0,0.7404545454545454,0.22727272727272727
VH-00177,176,2,A,27,Sedan,0.010860820888871787,1.0860820888871787,False,0.35,786,Low-confidence sparse telemetry,Pass,0,NONE,39.576,2.021,0.0,0.745909090909091,0.22727272727272727
VH-00363,362,3,A,63,Sedan,0.010848017500914289,1.0848017500914289,False,0.35,787,High upstream cycle-time variation,Pass,0,NONE,43.287,3.094,0.0,0.7495454545454545,0.22727272727272727
VH-00140,139,1,B,65,Sedan,0.010806559587959468,1.0806559587959468,False,0.35,788,High upstream cycle-time variation,Pass,0,NONE,38.616,2.411,0.0,0.7422727272727272,0.22727272727272727
VH-00342,341,3,A,42,Truck,0.009859327291276017,0.9859327291276017,False,0.35,789,Low-confidence sparse telemetry,Pass,0,NONE,42.104,2.623,0.0,0.7477272727272727,0.22727272727272727
VH-00850,849,6,B,25,Sedan,0.009682133723054438,0.9682133723054438,False,0.35,790,Low-confidence sparse telemetry,Pass,0,NONE,40.374,1.939,0.0,0.744090909090909,0.22727272727272727
VH-00194,193,2,A,44,Compact,0.009607127735981153,0.9607127735981152,False,0.35,791,High upstream cycle-time variation,Pass,0,NONE,39.47,2.276,0.0,0.7477272727272727,0.22727272727272727
VH-00176,175,2,A,26,Sedan,0.009491962089424898,0.9491962089424898,False,0.35,792,Low-confidence sparse telemetry,Pass,0,NONE,39.065,2.16,0.0,0.745909090909091,0.22727272727272727
VH-00343,342,3,A,43,SUV,0.00934889239051354,0.9348892390513539,False,0.35,793,High upstream cycle-time variation,Pass,0,NONE,40.036,2.266,0.0,0.7477272727272727,0.22727272727272727
VH-00154,153,2,A,4,SUV,0.009273827483640706,0.9273827483640705,False,0.35,794,High upstream cycle-time variation,Pass,0,NONE,40.15,2.186,0.0,0.7495454545454545,0.22727272727272727
VH-00199,198,2,A,49,Truck,0.009273000144871715,0.9273000144871715,False,0.35,795,High upstream cycle-time variation,Pass,0,NONE,40.947,2.111,0.0,0.744090909090909,0.22727272727272727
VH-00778,777,6,A,28,Truck,0.009244957884356298,0.9244957884356299,False,0.35,796,High upstream cycle-time variation,Pass,0,NONE,38.615,2.35,0.0,0.7422727272727272,0.22727272727272727
VH-00470,469,4,A,20,Compact,0.00918998716417497,0.9189987164174971,False,0.35,797,High upstream cycle-time variation,Pass,0,NONE,43.515,2.266,0.0,0.745909090909091,0.22727272727272727
VH-00318,317,3,A,18,SUV,0.009179094755859839,0.9179094755859839,False,0.35,798,High upstream cycle-time variation,Pass,0,NONE,41.371,2.55,0.0,0.745909090909091,0.22727272727272727
VH-00075,74,1,A,75,SUV,0.009164405666387264,0.9164405666387263,False,0.35,799,High upstream cycle-time variation,Pass,0,NONE,39.716,2.088,0.0,0.7422727272727272,0.22727272727272727
VH-00641,640,5,A,41,Sedan,0.009124672019831755,0.9124672019831754,False,0.35,800,Low-confidence sparse telemetry,Pass,0,NONE,39.705,2.134,0.0,0.7495454545454545,0.22727272727272727
VH-00671,670,5,A,71,Compact,0.009109326431836538,0.9109326431836537,False,0.35,801,Low-confidence sparse telemetry,Pass,0,NONE,41.161,2.266,0.0,0.7477272727272727,0.22727272727272727
VH-00276,275,2,B,51,Truck,0.009077214927997753,0.9077214927997753,False,0.35,802,High upstream cycle-time variation,Pass,0,NONE,40.652,2.266,0.0,0.7477272727272727,0.22727272727272727
VH-00110,109,1,B,35,Sedan,0.009060057363954101,0.9060057363954102,False,0.35,803,High upstream cycle-time variation,Pass,0,NONE,41.261,2.112,0.0,0.7477272727272727,0.22727272727272727
VH-00551,550,4,B,26,Truck,0.00903746933444762,0.903746933444762,False,0.35,804,High upstream cycle-time variation,Pass,0,NONE,41.328,3.413,0.0,0.7404545454545454,0.22727272727272727
VH-00208,207,2,A,58,Compact,0.008995698909012946,0.8995698909012947,False,0.35,805,Low-confidence sparse telemetry,Pass,0,NONE,40.594,2.418,0.0,0.745909090909091,0.22727272727272727
VH-00568,567,4,B,43,Truck,0.008994637936455097,0.8994637936455098,False,0.35,806,High upstream cycle-time variation,Pass,0,NONE,41.231,3.424,0.0,0.7422727272727272,0.22727272727272727
VH-00136,135,1,B,61,Sedan,0.008973947109952158,0.8973947109952158,False,0.35,807,High upstream cycle-time variation,Pass,0,NONE,40.06,2.022,0.0,0.7477272727272727,0.22727272727272727
VH-00885,884,6,B,60,Sedan,0.008958475826700715,0.8958475826700716,False,0.35,808,High upstream cycle-time variation,Pass,0,NONE,40.691,2.394,0.0,0.745909090909091,0.22727272727272727
VH-00155,154,2,A,5,Compact,0.008873668422469793,0.8873668422469793,False,0.35,809,Low-confidence sparse telemetry,Pass,0,NONE,39.282,2.305,0.0,0.7495454545454545,0.22727272727272727
VH-00663,662,5,A,63,Sedan,0.008854729242007552,0.8854729242007552,False,0.35,810,Low-confidence sparse telemetry,Pass,0,NONE,39.389,2.241,0.0,0.7404545454545454,0.22727272727272727
VH-00581,580,4,B,56,Compact,0.008837703433102096,0.8837703433102096,False,0.35,811,Low-confidence sparse telemetry,Pass,0,NONE,41.036,3.203,0.0,0.745909090909091,0.22727272727272727
VH-00351,350,3,A,51,SUV,0.008837256117733384,0.8837256117733384,False,0.35,812,High upstream cycle-time variation,Pass,0,NONE,42.859,2.721,0.0,0.7513636363636362,0.22727272727272727
VH-00108,107,1,B,33,Compact,0.008804377108637245,0.8804377108637246,False,0.35,813,Low-confidence sparse telemetry,Pass,0,NONE,40.215,2.278,0.0,0.7404545454545454,0.22727272727272727
VH-00634,633,5,A,34,Compact,0.008787607302080678,0.8787607302080678,False,0.35,814,Low-confidence sparse telemetry,Pass,0,NONE,40.238,2.107,0.0,0.744090909090909,0.22727272727272727
VH-00049,48,1,A,49,Sedan,0.008780874908015171,0.878087490801517,False,0.35,815,High upstream cycle-time variation,Pass,0,NONE,40.171,2.334,0.0,0.744090909090909,0.22727272727272727
VH-00859,858,6,B,34,Compact,0.008776633986007946,0.8776633986007946,False,0.35,816,Low-confidence sparse telemetry,Pass,0,NONE,40.14,2.019,0.0,0.7477272727272727,0.22727272727272727
VH-00639,638,5,A,39,SUV,0.008742638316381727,0.8742638316381727,False,0.35,817,High upstream cycle-time variation,Pass,0,NONE,40.013,2.141,0.0,0.7477272727272727,0.22727272727272727
VH-00711,710,5,B,36,Compact,0.008729804936659077,0.8729804936659078,False,0.35,818,High upstream cycle-time variation,Pass,0,NONE,40.342,2.373,0.0,0.7495454545454545,0.22727272727272727
VH-00847,846,6,B,22,Truck,0.008724325264701868,0.8724325264701868,False,0.35,819,High upstream cycle-time variation,Pass,0,NONE,42.189,2.064,0.0,0.7422727272727272,0.22727272727272727
VH-00021,20,1,A,21,Sedan,0.00865286267735075,0.8652862677350749,False,0.35,820,High upstream cycle-time variation,Pass,0,NONE,40.16,2.281,0.0,0.744090909090909,0.22727272727272727
VH-00178,177,2,A,28,Truck,0.008538666600121744,0.8538666600121745,False,0.35,821,High upstream cycle-time variation,Pass,0,NONE,40.005,2.554,0.0,0.7477272727272727,0.22727272727272727
VH-00190,189,2,A,40,Compact,0.00853073955344213,0.8530739553442129,False,0.35,822,High upstream cycle-time variation,Pass,0,NONE,39.66,1.67,0.0,0.745909090909091,0.22727272727272727
VH-00231,230,2,B,6,SUV,0.008426748865725874,0.8426748865725874,False,0.35,823,High upstream cycle-time variation,Pass,0,NONE,40.015,2.181,0.0,0.7477272727272727,0.22727272727272727
VH-00868,867,6,B,43,Compact,0.008283513562322924,0.8283513562322924,False,0.35,824,High upstream cycle-time variation,Pass,0,NONE,39.846,1.952,0.0,0.7477272727272727,0.22727272727272727
VH-00252,251,2,B,27,Sedan,0.008222426974982378,0.8222426974982378,False,0.35,825,Low-confidence sparse telemetry,Pass,0,NONE,39.76,2.178,0.0,0.7422727272727272,0.22727272727272727
VH-00314,313,3,A,14,Sedan,0.007666620257837078,0.7666620257837078,False,0.35,826,Low-confidence sparse telemetry,Pass,0,NONE,41.809,2.367,0.0,0.7422727272727272,0.22727272727272727
VH-00213,212,2,A,63,Sedan,0.007168667429440787,0.7168667429440787,False,0.35,827,Low-confidence sparse telemetry,Pass,0,NONE,39.934,2.245,0.0,0.745909090909091,0.22727272727272727
VH-00790,789,6,A,40,Sedan,0.007165837987924967,0.7165837987924967,False,0.35,828,High upstream cycle-time variation,Pass,0,NONE,40.351,2.141,0.0,0.745909090909091,0.22727272727272727
VH-00184,183,2,A,34,Sedan,0.007162888282613094,0.7162888282613094,False,0.35,829,High upstream cycle-time variation,Pass,0,NONE,39.956,2.317,0.0,0.745909090909091,0.22727272727272727
VH-00059,58,1,A,59,Compact,0.007105814260366848,0.7105814260366848,False,0.35,830,Low-confidence sparse telemetry,Pass,0,NONE,39.711,2.055,0.0,0.7477272727272727,0.22727272727272727
VH-00290,289,2,B,65,SUV,0.007096032123421568,0.7096032123421567,False,0.35,831,Low-confidence sparse telemetry,Pass,0,NONE,39.876,2.558,0.0,0.744090909090909,0.22727272727272727
VH-00181,180,2,A,31,SUV,0.007065369129801359,0.7065369129801359,False,0.35,832,High upstream cycle-time variation,Pass,0,NONE,39.783,2.522,0.0,0.745909090909091,0.22727272727272727
VH-00338,337,3,A,38,SUV,0.00701957452492219,0.701957452492219,False,0.35,833,High upstream cycle-time variation,Pass,0,NONE,41.488,2.658,0.0,0.7495454545454545,0.22727272727272727
VH-00618,617,5,A,18,Sedan,0.0070110262616383135,0.7011026261638313,False,0.35,834,High upstream cycle-time variation,Pass,0,NONE,40.767,2.481,0.0,0.7495454545454545,0.22727272727272727
VH-00672,671,5,A,72,Sedan,0.006992109773857622,0.6992109773857622,False,0.35,835,High upstream cycle-time variation,Pass,0,NONE,39.643,2.504,0.0,0.745909090909091,0.22727272727272727
VH-00645,644,5,A,45,Truck,0.006979289176521153,0.6979289176521153,False,0.35,836,High upstream cycle-time variation,Pass,0,NONE,39.247,2.221,0.0,0.744090909090909,0.22727272727272727
VH-00630,629,5,A,30,SUV,0.006957156075951241,0.6957156075951241,False,0.35,837,Low-confidence sparse telemetry,Pass,0,NONE,39.322,1.99,0.0,0.7477272727272727,0.22727272727272727
VH-00558,557,4,B,33,Compact,0.006925812459944456,0.6925812459944456,False,0.35,838,High upstream cycle-time variation,Pass,0,NONE,42.346,3.259,0.05501399999999938,0.7422727272727272,0.22727272727272727
VH-00732,731,5,B,57,SUV,0.0069247082389088345,0.6924708238908834,False,0.35,839,Low-confidence sparse telemetry,Pass,0,NONE,40.311,1.917,0.0,0.744090909090909,0.22727272727272727
VH-00010,9,1,A,10,SUV,0.0069027786990845915,0.6902778699084592,False,0.35,840,High upstream cycle-time variation,Pass,0,NONE,39.224,2.395,0.0,0.7513636363636362,0.22727272727272727
VH-00195,194,2,A,45,Compact,0.0068879511468496295,0.6887951146849629,False,0.35,841,Low-confidence sparse telemetry,Pass,0,NONE,40.161,2.03,0.0,0.7422727272727272,0.22727272727272727
VH-00880,879,6,B,55,Compact,0.006830514383971411,0.6830514383971411,False,0.35,842,High upstream cycle-time variation,Pass,0,NONE,40.269,2.196,0.0,0.7477272727272727,0.22727272727272727
VH-00289,288,2,B,64,Compact,0.006810366085554338,0.6810366085554338,False,0.35,843,Low-confidence sparse telemetry,Pass,0,NONE,40.796,2.178,0.0,0.744090909090909,0.22727272727272727
VH-00090,89,1,B,15,SUV,0.0067094525770193545,0.6709452577019355,False,0.35,844,High upstream cycle-time variation,Pass,0,NONE,40.155,2.271,0.0,0.745909090909091,0.22727272727272727
VH-00307,306,3,A,7,Sedan,0.006700523028830408,0.6700523028830407,False,0.35,845,Low-confidence sparse telemetry,Pass,0,NONE,40.229,2.123,0.0,0.7477272727272727,0.22727272727272727
VH-00361,360,3,A,61,SUV,0.006695240469364863,0.6695240469364863,False,0.35,846,High upstream cycle-time variation,Pass,0,NONE,42.751,3.089,0.0,0.745909090909091,0.22727272727272727
VH-00331,330,3,A,31,Sedan,0.006688483890778277,0.6688483890778277,False,0.35,847,High upstream cycle-time variation,Pass,0,NONE,41.333,2.385,0.0,0.7477272727272727,0.22727272727272727
VH-00127,126,1,B,52,Truck,0.006657801845166467,0.6657801845166467,False,0.35,848,High upstream cycle-time variation,Pass,0,NONE,40.271,2.458,0.0,0.7477272727272727,0.22727272727272727
VH-00654,653,5,A,54,Compact,0.006638207406387483,0.6638207406387483,False,0.35,849,High upstream cycle-time variation,Pass,0,NONE,39.345,1.915,0.0,0.7477272727272727,0.22727272727272727
VH-00086,85,1,B,11,SUV,0.006553999190496578,0.6553999190496578,False,0.35,850,High upstream cycle-time variation,Pass,0,NONE,39.725,2.084,0.0,0.7477272727272727,0.22727272727272727
VH-00588,587,4,B,63,Truck,0.006537670065136306,0.6537670065136306,False,0.35,851,High upstream cycle-time variation,Pass,0,NONE,40.991,3.007,0.0,0.745909090909091,0.22727272727272727
VH-00013,12,1,A,13,Sedan,0.006506450374824705,0.6506450374824705,False,0.35,852,High upstream cycle-time variation,Pass,0,NONE,40.034,2.02,0.0,0.744090909090909,0.22727272727272727
VH-00357,356,3,A,57,Truck,0.006499716545925347,0.6499716545925347,False,0.35,853,High upstream cycle-time variation,Pass,0,NONE,42.575,3.072,0.0,0.7495454545454545,0.22727272727272727
VH-00816,815,6,A,66,Sedan,0.006451318748659016,0.6451318748659016,False,0.35,854,High upstream cycle-time variation,Pass,0,NONE,40.375,1.85,0.0,0.745909090909091,0.22727272727272727
VH-00724,723,5,B,49,Compact,0.0064381157856886004,0.6438115785688601,False,0.35,855,Low-confidence sparse telemetry,Pass,0,NONE,40.254,2.326,0.0,0.744090909090909,0.22727272727272727
VH-00167,166,2,A,17,Truck,0.006424170927781037,0.6424170927781037,False,0.35,856,High upstream cycle-time variation,Pass,0,NONE,39.788,2.154,0.0,0.7422727272727272,0.22727272727272727
VH-00682,681,5,B,7,SUV,0.006404604351569591,0.640460435156959,False,0.35,857,High upstream cycle-time variation,Pass,0,NONE,40.635,2.405,0.0,0.7495454545454545,0.22727272727272727
VH-00286,285,2,B,61,Compact,0.006404247994839556,0.6404247994839556,False,0.35,858,Low-confidence sparse telemetry,Pass,0,NONE,41.507,2.032,0.0,0.7404545454545454,0.22727272727272727
VH-00364,363,3,A,64,Compact,0.006394773506756129,0.6394773506756128,False,0.35,859,Low-confidence sparse telemetry,Pass,0,NONE,42.979,2.751,0.0,0.7477272727272727,0.22727272727272727
VH-00166,165,2,A,16,Compact,0.006032677732457028,0.6032677732457028,False,0.35,860,Low-confidence sparse telemetry,Pass,0,NONE,39.364,2.379,0.0,0.744090909090909,0.22727272727272727
VH-00696,695,5,B,21,Sedan,0.006028037439762895,0.6028037439762896,False,0.35,861,High upstream cycle-time variation,Pass,0,NONE,41.498,2.421,0.0,0.7404545454545454,0.22727272727272727
VH-00810,809,6,A,60,Truck,0.004900742601064873,0.4900742601064873,False,0.35,862,High upstream cycle-time variation,Pass,0,NONE,39.665,1.965,0.0,0.7477272727272727,0.22727272727272727
VH-00573,572,4,B,48,Truck,0.004857076647537452,0.48570766475374516,False,0.35,863,High upstream cycle-time variation,Pass,0,NONE,40.445,3.457,0.0,0.744090909090909,0.22727272727272727
VH-00583,582,4,B,58,SUV,0.004822724847667987,0.4822724847667987,False,0.35,864,Low-confidence sparse telemetry,Pass,0,NONE,39.349,2.931,0.0,0.745909090909091,0.22727272727272727
VH-00725,724,5,B,50,SUV,0.004797416020671835,0.4797416020671835,False,0.35,865,Low-confidence sparse telemetry,Pass,0,NONE,39.217,1.99,0.0,0.7477272727272727,0.22727272727272727
VH-00541,540,4,B,16,Sedan,0.004743102642038813,0.4743102642038813,False,0.35,866,High upstream cycle-time variation,Pass,0,NONE,43.327,2.266,0.0,0.744090909090909,0.22727272727272727
VH-00720,719,5,B,45,Compact,0.0046940559440559445,0.46940559440559443,False,0.35,867,High upstream cycle-time variation,Pass,0,NONE,39.496,2.194,0.0,0.744090909090909,0.22727272727272727
VH-00274,273,2,B,49,Truck,0.004681112590175197,0.4681112590175197,False,0.35,868,High upstream cycle-time variation,Pass,0,NONE,42.048,2.225,0.0,0.7422727272727272,0.22727272727272727
VH-00786,785,6,A,36,Compact,0.00463202062822316,0.46320206282231596,False,0.35,869,High upstream cycle-time variation,Pass,0,NONE,41.827,2.393,0.0,0.7404545454545454,0.22727272727272727
VH-00665,664,5,A,65,Compact,0.004594926350245499,0.45949263502454996,False,0.35,870,High upstream cycle-time variation,Pass,0,NONE,39.67,2.077,0.0,0.7422727272727272,0.22727272727272727
VH-00116,115,1,B,41,Compact,0.004547688928101986,0.4547688928101986,False,0.35,871,High upstream cycle-time variation,Pass,0,NONE,41.89,2.467,0.0,0.745909090909091,0.22727272727272727
VH-00609,608,5,A,9,Compact,0.004547688928101986,0.4547688928101986,False,0.35,872,High upstream cycle-time variation,Pass,0,NONE,39.283,2.562,0.0,0.7422727272727272,0.22727272727272727
VH-00201,200,2,A,51,Truck,0.004528883283321577,0.4528883283321577,False,0.35,873,High upstream cycle-time variation,Pass,0,NONE,39.935,1.847,0.0,0.7440909090909091,0.22727272727272727
VH-00771,770,6,A,21,SUV,0.004523453421865755,0.4523453421865755,False,0.35,874,Low-confidence sparse telemetry,Pass,0,NONE,38.983,1.901,0.0,0.745909090909091,0.22727272727272727
VH-00038,37,1,A,38,Sedan,0.004513784595580347,0.4513784595580347,False,0.35,875,High upstream cycle-time variation,Pass,0,NONE,40.751,2.266,0.0,0.745909090909091,0.22727272727272727
VH-00200,199,2,A,50,Compact,0.004504507519971438,0.4504507519971438,False,0.35,876,High upstream cycle-time variation,Pass,0,NONE,39.516,2.25,0.0,0.745909090909091,0.22727272727272727
VH-00657,656,5,A,57,Compact,0.004485663082437276,0.44856630824372756,False,0.35,877,High upstream cycle-time variation,Pass,0,NONE,40.375,2.091,0.0,0.7495454545454545,0.22727272727272727
VH-00335,334,3,A,35,Truck,0.004481743347920714,0.44817433479207136,False,0.35,878,High upstream cycle-time variation,Pass,0,NONE,40.588,2.626,0.0,0.744090909090909,0.22727272727272727
VH-00288,287,2,B,63,Compact,0.004451465357748205,0.4451465357748205,False,0.35,879,High upstream cycle-time variation,Pass,0,NONE,40.971,2.161,0.0,0.745909090909091,0.22727272727272727
VH-00703,702,5,B,28,Truck,0.004448626045400239,0.4448626045400239,False,0.35,880,High upstream cycle-time variation,Pass,0,NONE,39.923,2.373,0.0,0.7477272727272727,0.22727272727272727
VH-00561,560,4,B,36,SUV,0.004441243366186506,0.4441243366186506,False,0.35,881,Low-confidence sparse telemetry,Pass,0,NONE,42.766,3.313,0.1631579999999997,0.744090909090909,0.22727272727272727
VH-00354,353,3,A,54,Truck,0.004431928480204342,0.44319284802043424,False,0.35,882,High upstream cycle-time variation,Pass,0,NONE,42.123,2.808,0.0,0.7513636363636362,0.22727272727272727
VH-00626,625,5,A,26,SUV,0.0044072435076278095,0.44072435076278094,False,0.35,883,High upstream cycle-time variation,Pass,0,NONE,40.309,2.64,0.0,0.745909090909091,0.22727272727272727
VH-00291,290,2,B,66,SUV,0.004370329065124604,0.43703290651246035,False,0.35,884,High upstream cycle-time variation,Pass,0,NONE,40.962,2.264,0.0,0.744090909090909,0.22727272727272727
VH-00111,110,1,B,36,Sedan,0.004295902085927771,0.4295902085927771,False,0.35,885,Low-confidence sparse telemetry,Pass,0,NONE,40.685,2.071,0.0,0.7495454545454545,0.22727272727272727
VH-00352,351,3,A,52,Sedan,0.004110684859845678,0.4110684859845678,False,0.35,886,High upstream cycle-time variation,Pass,0,NONE,42.609,2.994,0.0,0.7422727272727272,0.22727272727272727
VH-00250,249,2,B,25,Compact,0.0024702723436900655,0.24702723436900656,False,0.35,887,High upstream cycle-time variation,Pass,0,NONE,39.641,1.63,0.0,0.7477272727272727,0.22727272727272727
VH-00052,51,1,A,52,SUV,0.0024148148148148145,0.24148148148148146,False,0.35,888,High upstream cycle-time variation,Pass,0,NONE,39.928,2.06,0.0,0.744090909090909,0.22727272727272727
VH-00571,570,4,B,46,Compact,0.0024146157709693623,0.24146157709693622,False,0.35,889,High upstream cycle-time variation,Pass,0,NONE,41.741,3.159,0.0,0.745909090909091,0.22727272727272727
VH-00084,83,1,B,9,SUV,0.002342180774748924,0.2342180774748924,False,0.35,890,Low-confidence sparse telemetry,Pass,0,NONE,40.105,2.041,0.0,0.7477272727272727,0.22727272727272727
VH-00197,196,2,A,47,Compact,0.002307692307692308,0.23076923076923078,False,0.35,891,High upstream cycle-time variation,Pass,0,NONE,39.296,2.266,0.0,0.7368181818181818,0.22727272727272727
VH-00130,129,1,B,55,Sedan,0.002300853485064012,0.23008534850640117,False,0.35,892,High upstream cycle-time variation,Pass,0,NONE,40.524,2.438,0.0,0.7422727272727272,0.22727272727272727
VH-00245,244,2,B,20,SUV,0.0020512820512820513,0.20512820512820512,False,0.35,893,High upstream cycle-time variation,Pass,0,NONE,41.117,1.985,0.0,0.7495454545454545,0.22727272727272727
VH-00371,370,3,A,71,SUV,0.0019545454545454545,0.19545454545454544,False,0.35,894,Low-confidence sparse telemetry,Pass,0,NONE,40.375,3.058,0.0,0.7513636363636362,0.22727272727272727
VH-00284,283,2,B,59,Compact,0.0019107142857142856,0.19107142857142856,False,0.35,895,Low-confidence sparse telemetry,Fail,1,LOW_CONFIDENCE_MULTI_CAUSAL,41.383,2.355,0.0,0.7477272727272727,0.22727272727272727
VH-00350,349,3,A,50,SUV,0.0018275862068965517,0.18275862068965518,False,0.35,896,High upstream cycle-time variation,Pass,0,NONE,42.7,2.506,0.0,0.7531818181818182,0.22727272727272727
VH-00705,704,5,B,30,Compact,0.0018142857142857145,0.18142857142857144,False,0.35,897,Low-confidence sparse telemetry,Pass,0,NONE,39.538,2.067,0.0,0.745909090909091,0.22727272727272727
VH-00143,142,1,B,68,Compact,0.0,0.0,False,0.35,898,Low-confidence sparse telemetry,Pass,0,NONE,39.885,1.866,0.0,0.745909090909091,0.22727272727272727
VH-00267,266,2,B,42,Sedan,0.0,0.0,False,0.35,899,Low-confidence sparse telemetry,Pass,0,NONE,39.543,2.221,0.0,0.744090909090909,0.22727272727272727
VH-00804,803,6,A,54,Compact,0.0,0.0,False,0.35,900,Low-confidence sparse telemetry,Pass,0,NONE,40.467,2.554,0.0,0.7422727272727272,0.22727272727272727
