Vehicle_ID,Vehicle_Global_Index,Production_Day,Shift,Unit_In_Shift,Station_ID,Station_Number,Process_Area,Operation,Timestamp,Sensor_Coverage,Cycle_Time,Baseline_Cycle_Time,Cycle_Z_Score,Excess_Cycle_Time,Telemetry_Confidence,SPC_Bottleneck_Flag,IsolationForest_Bottleneck_Flag,Bottleneck_Anomaly_Score,Bottleneck_Alert,Projected_Delay_Minutes,Estimated_Queued_Vehicles
VH-00001,0,1,A,1,ST-23,23,Paint,Clearcoat booth,2026-08-30 06:27:25,modern,88.042,81.67,1.9611735182230845,6.372,0.94,False,True,0.023897477470253392,True,7.8588000000000005,0.46812783151708093
VH-00001,0,1,A,1,ST-28,28,Paint,Basecoat booth,2026-08-30 06:34:37,partial,99.408,93.44,1.8847778902099692,5.9680000000000035,0.68,False,True,0.034805218260684945,True,7.360533333333338,0.383219178082192
VH-00004,3,1,A,4,ST-11,11,Body,Dimensional clamp,2026-08-30 06:15:46,legacy,77.454,69.11,2.8525521842324717,8.343999999999994,0.36,True,True,0.01904680205859166,True,9.873733333333325,0.7244103602951811
VH-00005,4,1,A,5,ST-26,26,Paint,Primer booth,2026-08-30 06:36:57,partial,97.57,89.14,2.5701064151399735,8.429999999999993,0.6,False,True,0.02966971024993681,True,9.83499999999999,0.5674220327574597
VH-00006,5,1,A,6,ST-14,14,Body,Side-frame marriage,2026-08-30 06:21:26,legacy,69.652,61.79,2.7610569726790115,7.862000000000002,0.36,True,True,0.008293374762211925,True,9.041300000000003,0.7634245023466583
VH-00008,7,1,A,8,ST-28,28,Paint,Basecoat booth,2026-08-30 06:42:56,partial,99.396,93.44,1.880682772577791,5.956000000000003,0.68,False,True,0.034805218260684945,True,6.65086666666667,0.3824486301369865
VH-00010,9,1,A,10,ST-35,35,Final Assembly,ADAS calibration,2026-08-30 06:53:30,partial,66.676,59.24,2.5754834842660754,7.436,0.6,False,True,0.018596792109235816,True,8.055666666666665,0.7531397704253883
VH-00012,11,1,A,12,ST-45,45,Final Assembly,Interior fit,2026-08-30 07:07:59,modern,84.414,78.47,1.9006384964839147,5.944000000000003,0.94,False,True,0.01638011473041512,True,6.241200000000003,0.4544921626099148
VH-00014,13,1,A,14,ST-01,1,Body,Underbody weld,2026-08-30 06:16:57,legacy,81.256,73.06,2.905911037234041,8.195999999999998,0.36,True,True,0.017166691893233832,True,8.332599999999998,0.6730906104571583
VH-00017,16,1,A,17,ST-04,4,Body,Door fit check,2026-08-30 06:23:38,manual_check,76.147,68.4,2.6201121181604603,7.747,0.22,False,True,0.034518472350972496,True,7.488766666666667,0.6795614035087718
VH-00019,18,1,A,19,ST-27,27,Paint,Oven cure,2026-08-30 06:54:35,legacy,90.022,81.38,2.822908998280579,8.64200000000001,0.36,True,True,0.026177211016345403,True,8.065866666666675,0.637159007127059
VH-00023,22,1,A,23,ST-24,24,Paint,Paint quality gate,2026-08-30 06:55:39,legacy,84.317,73.87,3.2142559702387974,10.446999999999989,0.36,True,True,0.05493674911034785,True,9.054066666666658,0.848544740760795
VH-00028,27,1,A,28,ST-45,45,Final Assembly,Interior fit,2026-08-30 07:27:09,modern,99.115,78.47,6.837261559524544,20.644999999999996,0.94,True,True,0.11112572633272666,True,16.171916666666664,1.5785650567095701
VH-00035,34,1,A,35,ST-12,12,Body,Seam sealing prep,2026-08-30 06:54:09,modern,79.485,71.0,2.8476480493605036,8.485,0.94,True,True,0.06899301716109851,True,5.656666666666666,0.7170422535211267
VH-00036,35,1,A,36,ST-30,30,Final Assembly,End-of-line quality,2026-08-30 07:19:05,partial,88.08,79.65,2.7377668269230626,8.429999999999993,0.68,True,True,0.08566550565778752,True,5.479499999999995,0.63502824858757
VH-00040,39,1,A,40,ST-03,3,Body,Roof laser weld,2026-08-30 06:50:04,legacy,66.287,58.24,2.74746623628147,8.047000000000004,0.36,True,True,0.010061268756321073,True,4.694083333333336,0.8290178571428576
VH-00042,41,1,A,42,ST-05,5,Body,Dimensional clamp,2026-08-30 06:54:48,manual_check,79.656,71.05,2.9601095711297103,8.606000000000009,0.22,True,True,0.05379833525894284,True,4.733300000000004,0.7267558057705849
VH-00046,45,1,A,46,ST-12,12,Body,Seam sealing prep,2026-08-30 07:07:26,modern,78.796,71.0,2.608696702872942,7.7960000000000065,0.94,False,True,0.05868834379618615,True,3.7680666666666696,0.6588169014084513
VH-00052,51,1,A,52,ST-04,4,Body,Door fit check,2026-08-30 07:05:38,manual_check,76.486,68.4,2.742921383014438,8.085999999999999,0.22,True,True,0.04029250509287996,True,3.0996333333333324,0.7092982456140349
VH-00053,52,1,A,53,ST-21,21,Paint,Oven cure,2026-08-30 07:27:19,modern,90.703,85.31,1.8026031227542991,5.393000000000001,0.94,False,True,0.004768051292860398,True,1.9774333333333336,0.3792990270777166
VH-00053,52,1,A,53,ST-45,45,Final Assembly,Interior fit,2026-08-30 07:58:08,modern,110.498,78.47,10.659694069326024,32.028000000000006,0.94,True,True,0.12470124868588128,True,11.743600000000002,2.4489358990697085
VH-00060,59,1,A,60,ST-09,9,Body,Roof laser weld,2026-08-30 07:20:33,legacy,69.668,61.33,2.9016566466265883,8.338000000000008,0.36,True,True,0.02080786950803759,True,2.084500000000002,0.8157182455568246
VH-00062,61,1,A,62,ST-04,4,Body,Door fit check,2026-08-30 07:17:48,manual_check,77.435,68.4,3.086714870762004,9.034999999999997,0.22,True,True,0.06342201286597549,True,1.9575833333333326,0.7925438596491224
VH-00075,74,1,A,75,ST-23,23,Paint,Clearcoat booth,2026-08-30 07:56:28,modern,88.716,81.67,2.1843238434163563,7.045999999999992,0.94,False,True,0.03925830075042103,True,0.0,0.5176441777886611
VH-00077,76,1,B,2,ST-18,18,Paint,Paint quality gate,2026-08-30 14:51:12,legacy,80.748,71.99,2.7354149917527084,8.75800000000001,0.36,True,True,0.025023407995609648,True,10.65556666666668,0.7299347131546057
VH-00084,83,1,B,9,ST-30,30,Final Assembly,End-of-line quality,2026-08-30 15:17:12,partial,86.327,79.65,2.139387019230757,6.6769999999999925,0.68,False,True,0.05377117685237298,True,7.344699999999992,0.5029755178907716
VH-00085,84,1,B,10,ST-17,17,Paint,Clearcoat booth,2026-08-30 14:59:36,partial,104.001,97.71,1.9944425600396034,6.291000000000011,0.68,False,True,0.043410504868913735,True,6.815250000000011,0.38630641694811246
VH-00085,84,1,B,10,ST-21,21,Paint,Oven cure,2026-08-30 15:05:35,modern,92.006,85.31,2.2619346704122316,6.695999999999998,0.94,False,True,0.038688915085999254,True,7.253999999999999,0.47094127300433697
VH-00085,84,1,B,10,ST-23,23,Paint,Clearcoat booth,2026-08-30 15:08:35,modern,88.57,81.67,2.135985642410098,6.8999999999999915,0.94,False,True,0.03925830075042103,True,7.474999999999991,0.5069180849761228
VH-00087,86,1,B,12,ST-16,16,Body,Door fit check,2026-08-30 15:00:52,manual_check,69.142,61.51,2.4461726665369383,7.631999999999998,0.22,False,True,0.02414032928261245,True,8.013599999999999,0.7444643147455696
VH-00090,89,1,B,15,ST-09,9,Body,Roof laser weld,2026-08-30 14:56:44,legacy,69.637,61.33,2.8904825651302604,8.307000000000002,0.36,True,True,0.019750657163262852,True,8.307000000000002,0.812685472036524
VH-00090,89,1,B,15,ST-45,45,Final Assembly,Interior fit,2026-08-30 15:42:42,modern,89.442,78.47,3.5890502209222697,10.971999999999994,0.94,True,True,0.08975443858236132,True,10.971999999999996,0.838944819676309
VH-00093,92,1,B,18,ST-35,35,Final Assembly,ADAS calibration,2026-08-30 15:33:04,partial,66.557,59.24,2.533648576454492,7.317,0.6,False,True,0.014952739162524153,True,6.95115,0.7410871033085753
VH-00095,94,1,B,20,ST-44,44,Final Assembly,Battery connect,2026-08-30 15:47:07,manual_check,81.369,74.12,2.4869638492216724,7.248999999999995,0.22,False,True,0.018610750772772633,True,6.644916666666662,0.5868051807879111
VH-00101,100,1,B,26,ST-02,2,Body,Side-frame marriage,2026-08-30 15:02:23,legacy,67.353,58.57,3.169056792726307,8.782999999999994,0.36,True,True,0.041703809689546345,True,7.172783333333329,0.8997438961925894
VH-00102,101,1,B,27,ST-44,44,Final Assembly,Battery connect,2026-08-30 15:55:45,manual_check,81.984,74.12,2.7004296925254154,7.86399999999999,0.22,True,True,0.0364893368724899,True,6.291199999999992,0.6365893146249317
VH-00103,102,1,B,28,ST-45,45,Final Assembly,Interior fit,2026-08-30 15:57:08,modern,84.314,78.47,1.867058311033666,5.843999999999994,0.86,False,True,0.013715005161925808,True,4.577799999999995,0.44684592838027226
VH-00104,103,1,B,29,ST-12,12,Body,Seam sealing prep,2026-08-30 15:17:00,modern,80.757,71.0,3.288788996722162,9.757000000000005,0.94,True,True,0.08202494437964436,True,7.48036666666667,0.8245352112676061
VH-00104,103,1,B,29,ST-16,16,Body,Door fit check,2026-08-30 15:21:16,manual_check,68.936,61.51,2.3740719984432794,7.426000000000009,0.22,False,True,0.015136575181285528,True,5.693266666666673,0.7243700211347758
VH-00104,103,1,B,29,ST-45,45,Final Assembly,Interior fit,2026-08-30 16:00:00,modern,120.441,78.47,13.998571908643962,41.971000000000004,0.94,True,True,0.14266359447531474,True,32.17776666666667,3.2092009685230027
VH-00105,104,1,B,30,ST-22,22,Paint,Basecoat booth,2026-08-30 15:31:24,legacy,99.198,89.97,3.0046603346332796,9.227999999999994,0.36,True,True,0.037349195621605324,True,6.920999999999996,0.6154051350450146
VH-00108,107,1,B,33,ST-08,8,Body,Side-frame marriage,2026-08-30 15:17:10,legacy,76.057,66.68,3.1768650378886885,9.376999999999995,0.36,True,True,0.04701341674069537,True,6.563899999999998,0.8437612477504494
VH-00114,113,1,B,39,ST-12,12,Body,Seam sealing prep,2026-08-30 15:28:40,modern,77.115,71.0,2.025710906870623,6.114999999999995,0.94,False,True,0.0248156853569379,True,3.668999999999997,0.5167605633802813
VH-00115,114,1,B,40,ST-45,45,Final Assembly,Interior fit,2026-08-30 16:12:11,modern,87.932,78.47,3.0819894206235614,9.462000000000003,0.94,True,True,0.07990606117841004,True,5.5195000000000025,0.723486682808717
VH-00116,115,1,B,41,ST-25,25,Paint,E-coat inspection,2026-08-30 15:48:20,partial,96.883,88.7,2.4331925285689375,8.182999999999993,0.6,False,True,0.020756161592663358,True,4.63703333333333,0.5535287485907548
VH-00118,117,1,B,43,ST-45,45,Final Assembly,Interior fit,2026-08-30 16:16:36,modern,84.526,78.47,1.9382483041881882,6.055999999999997,0.94,False,True,0.01989254905391291,True,3.2298666666666653,0.46305594494711333
VH-00120,119,1,B,45,ST-40,40,Final Assembly,Wheel torque,2026-08-30 16:11:59,partial,88.13,81.0,2.464043967973941,7.1299999999999955,0.6,False,True,0.0056449417198384255,True,3.5649999999999977,0.5281481481481478
VH-00122,121,1,B,47,ST-31,31,Final Assembly,Powertrain marriage,2026-08-30 16:03:00,partial,65.06,57.19,2.5617922699231994,7.8700000000000045,0.6,False,True,0.024115082135339527,True,3.672666666666669,0.8256688232208433
VH-00124,123,1,B,49,ST-41,41,Final Assembly,ADAS calibration,2026-08-30 16:18:10,legacy,73.658,65.39,2.939376404120977,8.268,0.36,True,True,0.021010405896042195,True,3.5828,0.758648111332008
VH-00125,124,1,B,50,ST-45,45,Final Assembly,Interior fit,2026-08-30 16:23:23,modern,101.274,78.47,7.562257763395353,22.804000000000002,0.94,True,True,0.11394209440744374,True,9.501666666666667,1.7436472537275394
VH-00127,126,1,B,52,ST-43,43,Final Assembly,Powertrain marriage,2026-08-30 16:23:41,manual_check,81.753,72.57,3.1273903736542072,9.183000000000007,0.22,True,True,0.06609640776657466,True,3.5201500000000028,0.7592393551054161
VH-00138,137,1,B,63,ST-19,19,Paint,E-coat inspection,2026-08-30 16:06:25,legacy,91.773,82.43,3.064723412322277,9.34299999999999,0.36,True,True,0.04481141302958713,True,1.8685999999999978,0.6800679364309102
VH-00139,138,1,B,64,ST-06,6,Body,Seam sealing prep,2026-08-30 15:52:10,legacy,66.695,57.43,3.1361159158383876,9.264999999999993,0.36,True,True,0.04591368617083447,True,1.6985833333333322,0.9679609959951239
VH-00139,138,1,B,64,ST-28,28,Paint,Basecoat booth,2026-08-30 16:20:33,partial,99.551,93.44,1.933578041993425,6.111000000000004,0.68,False,True,0.038598787837317294,True,1.1203500000000008,0.3924015410958907
VH-00139,138,1,B,64,ST-34,34,Final Assembly,Wheel torque,2026-08-30 16:27:53,legacy,83.827,75.9,2.823621751354312,7.9269999999999925,0.36,True,True,0.011681155677706445,True,1.453283333333332,0.626640316205533
VH-00144,143,1,B,69,ST-23,23,Paint,Clearcoat booth,2026-08-30 16:19:41,modern,89.585,81.67,2.472035464474154,7.914999999999992,0.94,False,True,0.05645281279868475,True,0.7914999999999992,0.5814864699400019
VH-00144,143,1,B,69,ST-45,45,Final Assembly,Interior fit,2026-08-30 16:47:35,modern,84.154,78.47,1.813330014313274,5.6839999999999975,0.94,False,True,0.010158586323078755,True,0.5683999999999998,0.4346119536128455
VH-00156,155,2,A,6,ST-16,16,Body,Door fit check,2026-08-31 06:24:02,manual_check,68.714,61.51,2.2963712784588437,7.204000000000001,0.22,False,True,0.007151251171182649,True,8.284600000000001,0.7027150056901318
VH-00159,158,2,A,9,ST-35,35,Final Assembly,ADAS calibration,2026-08-31 06:52:08,partial,65.831,59.24,2.2784204834191155,6.591000000000001,0.68,False,True,0.05399490235380444,True,7.2501000000000015,0.6675557056043215
VH-00162,161,2,A,12,ST-35,35,Final Assembly,ADAS calibration,2026-08-31 06:56:29,partial,68.323,59.24,3.154492670532278,9.082999999999991,0.6,True,True,0.054026297369046405,True,9.537149999999992,0.9199527346387567
VH-00164,163,2,A,14,ST-23,23,Paint,Clearcoat booth,2026-08-31 06:43:28,modern,88.197,81.67,2.0124914713461672,6.527000000000001,0.94,False,True,0.02752948988145576,True,6.635783333333334,0.47951512183176204
VH-00167,166,2,A,17,ST-07,7,Body,Underbody weld,2026-08-31 06:26:42,partial,70.867,65.55,1.8259084710202054,5.317000000000007,0.68,False,True,0.030019626086408957,True,5.139766666666674,0.486681922196797
VH-00171,170,2,A,21,ST-21,21,Paint,Oven cure,2026-08-31 06:48:50,modern,90.912,85.31,1.876279479976486,5.602000000000004,0.94,False,True,0.009575075857312765,True,5.041800000000004,0.39399835892626917
VH-00177,176,2,A,27,ST-36,36,Final Assembly,End-of-line quality,2026-08-31 07:15:13,manual_check,85.761,78.11,2.586893945092147,7.650999999999996,0.22,False,True,0.03218186082069541,True,6.120799999999997,0.5877096402509279
VH-00180,179,2,A,30,ST-45,45,Final Assembly,Interior fit,2026-08-31 07:29:47,modern,120.102,78.47,13.884735079967628,41.632000000000005,0.94,True,True,0.14266359447531474,True,31.224000000000004,3.183280234484517
VH-00188,187,2,A,38,ST-11,11,Body,Dimensional clamp,2026-08-31 06:56:17,legacy,78.797,69.11,3.317420232215025,9.686999999999998,0.36,True,True,0.048482504759502776,True,5.973649999999998,0.8410070901461436
VH-00188,187,2,A,38,ST-16,16,Body,Door fit check,2026-08-31 07:01:47,manual_check,69.944,61.51,2.7268752675617836,8.434000000000005,0.22,True,True,0.04455914774860792,True,5.20096666666667,0.8226954966672091
VH-00188,187,2,A,38,ST-20,20,Paint,Primer booth,2026-08-31 07:07:55,legacy,117.27,108.09,2.8752803057881375,9.179999999999993,0.36,True,True,0.034462301530736816,True,5.660999999999996,0.5095753538717731
VH-00188,187,2,A,38,ST-23,23,Paint,Clearcoat booth,2026-08-31 07:12:21,modern,89.855,81.67,2.5614280279788812,8.185000000000002,0.94,False,True,0.060342015467705234,True,5.047416666666668,0.6013223950042857
VH-00194,193,2,A,44,ST-10,10,Body,Door fit check,2026-08-31 07:02:17,legacy,73.902,65.72,2.8149628504525084,8.182000000000002,0.36,True,True,0.013981702083338488,True,4.227366666666668,0.7469872185027391
VH-00196,195,2,A,46,ST-12,12,Body,Seam sealing prep,2026-08-31 07:07:03,modern,76.907,71.0,1.9535746513272083,5.9069999999999965,0.94,False,True,0.01971647544284394,True,2.855049999999998,0.499183098591549
VH-00196,195,2,A,46,ST-38,38,Final Assembly,Battery connect,2026-08-31 07:40:17,legacy,79.972,71.9,2.6437225279939245,8.071999999999989,0.36,False,True,0.004029166858788957,True,3.9014666666666615,0.6736022253129336
VH-00199,198,2,A,49,ST-05,5,Body,Dimensional clamp,2026-08-31 07:03:20,manual_check,79.355,71.05,2.8539252092050234,8.305000000000007,0.22,True,True,0.04538913387098098,True,3.5988333333333364,0.701337086558762
VH-00199,198,2,A,49,ST-21,21,Paint,Oven cure,2026-08-31 07:22:55,modern,92.202,85.31,2.331028287711506,6.891999999999996,0.94,False,True,0.04219854949507229,True,2.9865333333333317,0.4847262923455629
VH-00199,198,2,A,49,ST-28,28,Paint,Basecoat booth,2026-08-31 07:33:08,partial,100.949,93.44,2.410659246142171,7.509,0.68,False,True,0.07063790348555621,True,3.2539000000000002,0.4821703767123288
VH-00200,199,2,A,50,ST-07,7,Body,Underbody weld,2026-08-31 07:06:25,partial,75.38,65.55,3.422561237870456,9.829999999999998,0.6,True,True,0.05699809022340685,True,4.095833333333332,0.8997711670480548
VH-00200,199,2,A,50,ST-34,34,Final Assembly,Wheel torque,2026-08-31 07:40:59,legacy,84.004,75.9,2.8891152712061965,8.104,0.36,True,True,0.015240603283441123,True,3.376666666666666,0.6406324110671936
VH-00203,202,2,A,53,ST-45,45,Final Assembly,Interior fit,2026-08-31 07:58:28,modern,84.233,78.47,1.8398583608189707,5.763000000000005,0.94,False,True,0.010679186907878169,True,2.113100000000002,0.44065247865426316
VH-00207,206,2,A,57,ST-21,21,Paint,Oven cure,2026-08-31 07:31:54,modern,90.91,85.31,1.8755744430652654,5.599999999999994,0.94,False,True,0.00922855929816857,True,1.6799999999999984,0.39385769546360294
VH-00210,209,2,A,60,ST-12,12,Body,Seam sealing prep,2026-08-31 07:24:10,modern,77.485,71.0,2.1540302075968927,6.484999999999999,0.94,False,True,0.03307581526186254,True,1.6212499999999999,0.5480281690140845
VH-00214,213,2,A,64,ST-07,7,Body,Underbody weld,2026-08-31 07:23:18,partial,72.7,65.55,2.4744049305009304,7.150000000000006,0.68,False,True,0.06586904698136564,True,1.3108333333333344,0.6544622425629296
VH-00216,215,2,A,66,ST-13,13,Body,Underbody weld,2026-08-31 07:32:31,legacy,69.486,61.64,2.6057277636397465,7.846000000000004,0.36,False,True,0.0017641310579520342,True,1.1769000000000005,0.7637248539909154
VH-00217,216,2,A,67,ST-29,29,Final Assembly,ADAS calibration,2026-08-31 07:55:07,legacy,80.911,72.71,2.607074959732369,8.201000000000008,0.36,False,True,0.004716755998447564,True,1.0934666666666677,0.6767432265162983
VH-00218,217,2,A,68,ST-44,44,Final Assembly,Battery connect,2026-08-31 08:15:11,manual_check,80.799,74.12,2.289117457866985,6.679000000000002,0.22,False,True,0.0008832786151514727,True,0.7792166666666669,0.5406637884511604
VH-00227,226,2,B,2,ST-12,12,Body,Seam sealing prep,2026-08-31 14:44:34,modern,77.263,71.0,2.077038627161134,6.263000000000005,0.94,False,True,0.026319454913419138,True,7.61998333333334,0.5292676056338033
VH-00236,235,2,B,11,ST-26,26,Paint,Primer booth,2026-08-31 15:13:43,partial,97.098,89.14,2.4161120986758604,7.957999999999998,0.6,False,True,0.01814864930002258,True,8.488533333333331,0.5356517837110163
VH-00240,239,2,B,15,ST-05,5,Body,Dimensional clamp,2026-08-31 14:52:33,manual_check,78.136,71.05,2.4238961820083675,7.0859999999999985,0.22,False,True,0.010627955045450665,True,7.0859999999999985,0.5983954961294862
VH-00240,239,2,B,15,ST-21,21,Paint,Oven cure,2026-08-31 15:11:55,modern,92.664,85.31,2.4938918142026547,7.353999999999999,0.94,False,True,0.053630173360405986,True,7.353999999999999,0.5172195522213104
VH-00240,239,2,B,15,ST-23,23,Paint,Clearcoat booth,2026-08-31 15:14:55,modern,87.606,81.67,1.8168210823413793,5.935999999999993,0.94,False,True,0.013124542871675304,True,5.935999999999993,0.43609648585771954
VH-00240,239,2,B,15,ST-41,41,Final Assembly,ADAS calibration,2026-08-31 15:37:35,legacy,73.354,65.39,2.830344566301102,7.963999999999999,0.36,True,True,0.01307366378794872,True,7.963999999999999,0.7307539379109954
VH-00240,239,2,B,15,ST-45,45,Final Assembly,Interior fit,2026-08-31 15:42:31,modern,87.129,78.47,2.8123405314580885,8.659000000000006,0.94,True,True,0.07013025455746646,True,8.659000000000008,0.6620874219446927
VH-00242,241,2,B,17,ST-16,16,Body,Door fit check,2026-08-31 15:06:44,manual_check,68.527,61.51,2.230920671985471,7.017000000000003,0.22,False,True,0.0014546747244132963,True,6.783100000000003,0.6844740692570317
VH-00244,243,2,B,19,ST-23,23,Paint,Clearcoat booth,2026-08-31 15:19:26,modern,88.217,81.67,2.0191131427168862,6.546999999999997,0.94,False,True,0.028064199691899105,True,6.110533333333331,0.48098444961430126
VH-00244,243,2,B,19,ST-36,36,Final Assembly,End-of-line quality,2026-08-31 15:36:02,manual_check,87.067,78.11,3.0286123856086324,8.956999999999994,0.22,True,True,0.058453263329059646,True,8.35986666666666,0.6880297017027265
VH-00245,244,2,B,20,ST-04,4,Body,Door fit check,2026-08-31 14:57:15,manual_check,75.669,68.4,2.4469474320241695,7.268999999999991,0.22,False,True,0.01598948420667745,True,6.663249999999992,0.6376315789473675
VH-00245,244,2,B,20,ST-19,19,Paint,E-coat inspection,2026-08-31 15:14:44,legacy,92.145,82.43,3.1915677725118505,9.71499999999999,0.36,True,True,0.048482504759502776,True,8.905416666666657,0.707145456751182
VH-00248,247,2,B,23,ST-21,21,Paint,Oven cure,2026-08-31 15:21:38,modern,90.926,85.31,1.8812147383550042,5.616,0.94,False,True,0.009921780025915483,True,4.8671999999999995,0.39498300316492785
VH-00248,247,2,B,23,ST-35,35,Final Assembly,ADAS calibration,2026-08-31 15:39:56,partial,65.857,59.24,2.2875608834451744,6.616999999999997,0.68,False,True,0.054551108252524405,True,5.73473333333333,0.6701890614449694
VH-00257,256,2,B,32,ST-12,12,Body,Seam sealing prep,2026-08-31 15:20:34,modern,77.059,71.0,2.0062896073012433,6.0589999999999975,0.94,False,True,0.024106350133002885,True,4.342283333333332,0.5120281690140843
VH-00261,260,2,B,36,ST-04,4,Body,Door fit check,2026-08-31 15:16:26,manual_check,75.564,68.4,2.4089091641490423,7.163999999999987,0.22,False,True,0.010765558658306085,True,4.656599999999992,0.6284210526315778
VH-00262,261,2,B,37,ST-05,5,Body,Dimensional clamp,2026-08-31 15:18:46,manual_check,79.693,71.05,2.973162133891214,8.643,0.22,True,True,0.05435438149933014,True,5.4739,0.7298803659394794
VH-00262,261,2,B,37,ST-28,28,Paint,Basecoat booth,2026-08-31 15:48:20,partial,100.357,93.44,2.208633442954719,6.917000000000002,0.68,False,True,0.057832041711719295,True,4.380766666666668,0.4441566780821919
VH-00262,261,2,B,37,ST-40,40,Final Assembly,Wheel torque,2026-08-31 16:02:47,partial,86.532,81.0,1.8789708237209901,5.5319999999999965,0.68,False,True,0.031615719919402485,True,3.503599999999998,0.4097777777777775
VH-00266,265,2,B,41,ST-45,45,Final Assembly,Interior fit,2026-08-31 16:13:23,modern,129.111,78.47,16.909973987180265,50.64099999999999,0.94,True,True,0.14644061011291531,True,28.696566666666662,3.8721294762329546
VH-00267,266,2,B,42,ST-19,19,Paint,E-coat inspection,2026-08-31 15:40:57,legacy,91.017,82.43,2.8069429383886275,8.586999999999989,0.36,True,True,0.024875770189905055,True,4.722849999999994,0.6250394273929386
VH-00269,268,2,B,44,ST-15,15,Body,Roof laser weld,2026-08-31 15:38:16,modern,71.246,63.77,1.8672349949135234,7.475999999999992,0.94,False,True,0.032852633279696786,True,3.8625999999999956,0.7034028540065854
VH-00269,268,2,B,44,ST-17,17,Paint,Clearcoat booth,2026-08-31 15:41:03,partial,105.794,97.71,2.593293018073765,8.084000000000003,0.68,False,True,0.0803863998841493,True,4.176733333333335,0.49640773718145553
VH-00274,273,2,B,49,ST-45,45,Final Assembly,Interior fit,2026-08-31 16:22:35,modern,85.24,78.47,2.1780108283029427,6.769999999999996,0.86,False,True,0.03977595517695298,True,2.933666666666665,0.5176500573467564
VH-00275,274,2,B,50,ST-40,40,Final Assembly,Wheel torque,2026-08-31 16:18:41,partial,89.41,81.0,2.932688288777307,8.409999999999997,0.68,True,True,0.08838522494606704,True,3.504166666666665,0.6229629629629627
VH-00281,280,2,B,56,ST-40,40,Final Assembly,Wheel torque,2026-08-31 16:26:05,partial,88.332,81.0,2.538001899850722,7.331999999999994,0.6,False,True,0.015127523367611695,True,2.321799999999998,0.5431111111111107
VH-00282,281,2,B,57,ST-11,11,Body,Dimensional clamp,2026-08-31 15:49:19,legacy,77.071,69.11,2.7199799858874862,7.9609999999999985,0.36,True,True,0.007947551760486893,True,2.3882999999999996,0.6911590218492257
VH-00282,281,2,B,57,ST-45,45,Final Assembly,Interior fit,2026-08-31 16:32:15,modern,111.34,78.47,10.942439230817094,32.870000000000005,0.94,True,True,0.1281851157473597,True,9.861,2.5133171912832935
VH-00283,282,2,B,58,ST-25,25,Paint,E-coat inspection,2026-08-31 16:08:54,partial,97.496,88.7,2.625068391438013,8.795999999999992,0.68,False,True,0.08463335200567945,True,2.4921999999999978,0.59499436302142
VH-00284,283,2,B,59,ST-20,20,Paint,Primer booth,2026-08-31 16:02:34,legacy,116.743,108.09,2.7027471180681997,8.652999999999992,0.36,True,True,0.019378133524254437,True,2.3074666666666643,0.48032195392728233
VH-00287,286,2,B,62,ST-28,28,Paint,Basecoat booth,2026-08-31 16:18:04,partial,101.839,93.44,2.714380470528713,8.399000000000001,0.6,True,True,0.03372724261761828,True,1.8197833333333335,0.5393193493150685
VH-00287,286,2,B,62,ST-45,45,Final Assembly,Interior fit,2026-08-31 16:38:28,modern,84.835,78.47,2.042011077229447,6.364999999999995,0.94,False,True,0.027424285347639965,True,1.3790833333333323,0.48668280871670666
VH-00291,290,2,B,66,ST-41,41,Final Assembly,ADAS calibration,2026-08-31 16:37:29,legacy,73.001,65.39,2.70373851778,7.611000000000004,0.36,True,False,-0.002914823319680737,True,1.1416500000000007,0.6983636641688336
VH-00291,290,2,B,66,ST-42,42,Final Assembly,End-of-line quality,2026-08-31 16:38:42,legacy,73.136,63.83,3.1377204085468984,9.305999999999997,0.36,True,True,0.04591368617083447,True,1.3958999999999997,0.8747610841297193
VH-00291,290,2,B,66,ST-45,45,Final Assembly,Interior fit,2026-08-31 16:43:12,modern,120.754,78.47,14.103677889103231,42.284000000000006,0.94,True,True,0.14266359447531474,True,6.342600000000001,3.233133681661782
VH-00293,292,2,B,68,ST-26,26,Paint,Primer booth,2026-08-31 16:22:11,partial,95.927,89.14,2.0340626398210344,6.787000000000006,0.68,False,True,0.051791003918654654,True,0.7918166666666674,0.4568319497419793
VH-00294,293,2,B,69,ST-45,45,Final Assembly,Interior fit,2026-08-31 16:47:03,modern,130.231,78.47,17.28607206422302,51.760999999999996,0.94,True,True,0.14644061011291531,True,5.1761,3.9577672996049444
VH-00296,295,2,B,71,ST-43,43,Final Assembly,Powertrain marriage,2026-08-31 16:46:40,manual_check,80.941,72.57,2.849901329955665,8.37100000000001,0.22,True,True,0.045572156330052294,True,0.5580666666666673,0.6921041752790418
VH-00296,295,2,B,71,ST-45,45,Final Assembly,Interior fit,2026-08-31 16:49:53,modern,117.257,78.47,12.929378803908136,38.787000000000006,0.94,True,True,0.13875774993978074,True,2.5858000000000003,2.965744870651205
VH-00298,297,2,B,73,ST-02,2,Body,Side-frame marriage,2026-08-31 15:58:48,legacy,67.078,58.57,3.071290288575566,8.508000000000003,0.36,True,True,0.03529336294391472,True,0.2836000000000001,0.8715724773774973
VH-00302,301,3,A,2,ST-31,31,Final Assembly,Powertrain marriage,2026-09-01 06:39:47,partial,64.024,57.19,2.209893994712322,6.834000000000003,0.68,False,True,0.05745941221811102,True,8.314700000000004,0.716978492743487
VH-00303,302,3,A,3,ST-16,16,Body,Door fit check,2026-09-01 06:19:58,manual_check,68.619,61.51,2.263120970357398,7.109000000000002,0.22,False,True,0.004906683852529015,True,8.530800000000003,0.6934482198016585
VH-00303,302,3,A,3,ST-22,22,Paint,Basecoat booth,2026-09-01 06:28:57,legacy,98.152,89.97,2.649633538809909,8.182000000000002,0.36,False,True,0.004716755998447564,True,9.818400000000002,0.5456485495165057
VH-00308,307,3,A,8,ST-21,21,Paint,Oven cure,2026-09-01 06:33:24,modern,93.467,85.31,2.776964134056315,8.156999999999996,0.94,True,True,0.0674795703572747,True,9.108649999999995,0.5736959324815376
VH-00309,308,3,A,9,ST-44,44,Final Assembly,Battery connect,2026-09-01 07:02:29,manual_check,81.0,74.12,2.3588843432394255,6.8799999999999955,0.22,False,True,0.006532566808297058,True,7.567999999999995,0.5569347004856985
VH-00309,308,3,A,9,ST-45,45,Final Assembly,Interior fit,2026-09-01 07:04:48,modern,138.798,78.47,20.16288655174558,60.328,0.94,True,True,0.1472824485416615,True,66.3608,4.612820186058366
VH-00315,314,3,A,15,ST-37,37,Final Assembly,Powertrain marriage,2026-09-01 07:02:49,legacy,83.725,75.84,2.66067966287074,7.884999999999991,0.36,False,True,0.001935345487305895,True,7.884999999999991,0.6238132911392398
VH-00316,315,3,A,16,ST-45,45,Final Assembly,Interior fit,2026-09-01 07:14:22,modern,117.91,78.47,13.148657414898238,39.44,0.94,True,True,0.13875774993978074,True,38.782666666666664,3.015674780170766
VH-00317,316,3,A,17,ST-45,45,Final Assembly,Interior fit,2026-09-01 07:14:54,modern,121.797,78.47,14.453919223349292,43.327,0.94,True,True,0.14496958395222903,True,41.88276666666666,3.3128839046769465
VH-00319,318,3,A,19,ST-23,23,Paint,Clearcoat booth,2026-09-01 06:48:59,modern,89.043,81.67,2.2925881703276376,7.373000000000005,0.94,False,True,0.048057727234736,True,6.881466666666671,0.5416676870331827
VH-00320,319,3,A,20,ST-28,28,Paint,Basecoat booth,2026-09-01 06:57:33,partial,100.117,93.44,2.126731090311159,6.677000000000007,0.68,False,True,0.053030513165757576,True,6.1205833333333395,0.42874571917808263
VH-00323,322,3,A,23,ST-36,36,Final Assembly,End-of-line quality,2026-09-01 07:10:31,manual_check,88.334,78.11,3.457140152939714,10.224000000000004,0.22,True,True,0.07328942734277322,True,8.860800000000003,0.7853539879656897
VH-00324,323,3,A,24,ST-09,9,Body,Roof laser weld,2026-09-01 06:37:41,legacy,69.771,61.33,2.938783433533734,8.441000000000003,0.36,True,True,0.025032007407071788,True,7.174850000000002,0.8257948801565305
VH-00327,326,3,A,27,ST-12,12,Body,Seam sealing prep,2026-09-01 06:44:05,modern,76.602,71.0,1.8477979304582601,5.602000000000004,0.94,False,True,0.007043843447380738,True,4.481600000000003,0.47340845070422566
VH-00331,330,3,A,31,ST-31,31,Final Assembly,Powertrain marriage,2026-09-01 07:13:52,partial,66.174,57.19,2.940184816819839,8.984000000000009,0.6,True,True,0.04701623235143226,True,6.588266666666673,0.9425424025179236
VH-00334,333,3,A,34,ST-12,12,Body,Seam sealing prep,2026-09-01 06:53:08,modern,76.672,71.0,1.8720745549199842,5.671999999999997,0.94,False,True,0.011136723507491508,True,3.875866666666665,0.47932394366197156
VH-00335,334,3,A,35,ST-25,25,Paint,E-coat inspection,2026-09-01 07:10:56,partial,96.588,88.7,2.3408542258831666,7.887999999999991,0.6,False,True,0.01426016216977366,True,5.25866666666666,0.5335738444193906
VH-00338,337,3,A,38,ST-26,26,Paint,Primer booth,2026-09-01 07:16:45,partial,96.737,89.14,2.2983325473124148,7.596999999999994,0.6,False,True,0.009088882675557075,True,4.684816666666663,0.5113529279784604
VH-00340,339,3,A,40,ST-18,18,Paint,Paint quality gate,2026-09-01 07:07:17,legacy,80.37,71.99,2.610808235078507,8.38000000000001,0.36,False,True,0.009153341154854444,True,4.888333333333339,0.6984303375468823
VH-00343,342,3,A,43,ST-17,17,Paint,Clearcoat booth,2026-09-01 07:09:40,partial,106.213,97.71,2.733236320871486,8.503,0.6,True,True,0.039984286056727325,True,4.534933333333333,0.5221369358305189
VH-00344,343,3,A,44,ST-12,12,Body,Seam sealing prep,2026-09-01 07:04:58,modern,80.11,71.0,3.064403624911632,9.11,0.94,True,True,0.07715574954130722,True,4.706833333333333,0.7698591549295775
VH-00345,344,3,A,45,ST-23,23,Paint,Clearcoat booth,2026-09-01 07:20:47,modern,90.44,81.67,2.7551119155724484,8.769999999999996,0.94,True,True,0.07013025455746646,True,4.384999999999999,0.6443002326435653
VH-00345,344,3,A,45,ST-45,45,Final Assembly,Interior fit,2026-09-01 07:48:36,modern,85.079,78.47,2.1239467297280465,6.608999999999995,0.94,False,True,0.033615029982256295,True,3.3044999999999973,0.5053396202370328
VH-00349,348,3,A,49,ST-45,45,Final Assembly,Interior fit,2026-09-01 07:52:13,modern,110.08,78.47,10.519328894143994,31.61,0.94,True,True,0.12429243475364415,True,13.697666666666667,2.416974639989805
VH-00351,350,3,A,51,ST-15,15,Body,Roof laser weld,2026-09-01 07:16:15,modern,71.235,63.77,1.8640569684638806,7.464999999999996,0.94,False,True,0.032852633279696786,True,2.9859999999999984,0.7023678845852278
VH-00352,351,3,A,52,ST-03,3,Body,Roof laser weld,2026-09-01 07:04:33,legacy,66.344,58.24,2.767322401549381,8.103999999999992,0.36,True,True,0.010581790296555815,True,3.1065333333333305,0.834890109890109
VH-00352,351,3,A,52,ST-45,45,Final Assembly,Interior fit,2026-09-01 07:57:25,modern,131.197,78.47,17.610456655672397,52.727000000000004,0.94,True,True,0.14644061011291531,True,20.212016666666667,4.031629922263286
VH-00354,353,3,A,54,ST-12,12,Body,Seam sealing prep,2026-09-01 07:17:04,modern,78.396,71.0,2.469973134520218,7.396000000000001,0.94,False,True,0.053444970418785265,True,2.5886000000000005,0.6250140845070423
VH-00359,358,3,A,59,ST-16,16,Body,Door fit check,2026-09-01 07:26:39,manual_check,68.958,61.51,2.3817720697930853,7.448,0.22,False,True,0.016841379289950553,True,1.9861333333333335,0.7265160136563161
VH-00360,359,3,A,60,ST-05,5,Body,Dimensional clamp,2026-09-01 07:16:28,manual_check,78.662,71.05,2.609454236401677,7.612000000000009,0.22,False,True,0.030174039447179335,True,1.9030000000000022,0.6428149190710775
VH-00361,360,3,A,61,ST-45,45,Final Assembly,Interior fit,2026-09-01 08:07:08,modern,84.441,78.47,1.9097051465554813,5.971000000000004,0.94,False,True,0.016905768647521247,True,1.3932333333333342,0.45655664585191824
VH-00370,369,3,A,70,ST-36,36,Final Assembly,End-of-line quality,2026-09-01 08:07:48,manual_check,84.842,78.11,2.2760675692616346,6.731999999999999,0.22,False,True,0.000680949356806626,True,0.5609999999999999,0.5171168864421969
VH-00374,373,3,A,74,ST-05,5,Body,Dimensional clamp,2026-09-01 07:33:24,manual_check,78.267,71.05,2.4701093096234303,7.216999999999999,0.22,False,True,0.015063086400718517,True,0.12028333333333331,0.6094581280788176
VH-00374,373,3,A,74,ST-23,23,Paint,Clearcoat booth,2026-09-01 07:56:02,modern,87.598,81.67,1.8141724137930928,5.927999999999997,0.94,False,True,0.013298832236768976,True,0.09879999999999996,0.4355087547447041
VH-00374,373,3,A,74,ST-28,28,Paint,Basecoat booth,2026-09-01 08:03:28,partial,101.948,93.44,2.7515777890209954,8.507999999999996,0.6,True,True,0.040952023820014616,True,0.14179999999999993,0.5463184931506847
VH-00374,373,3,A,74,ST-30,30,Final Assembly,End-of-line quality,2026-09-01 08:06:13,partial,87.054,79.65,2.3875456730769113,7.403999999999996,0.6,False,True,0.009517693996439758,True,0.12339999999999994,0.55774011299435
VH-00374,373,3,A,74,ST-45,45,Final Assembly,Interior fit,2026-09-01 08:24:04,modern,85.878,78.47,2.3922524114755124,7.408000000000001,0.94,False,True,0.05100361923385177,True,0.12346666666666668,0.5664330317318722
VH-00375,374,3,A,75,ST-37,37,Final Assembly,Powertrain marriage,2026-09-01 08:15:18,legacy,86.397,75.84,3.5883070192369533,10.557000000000002,0.36,True,True,0.056051143296601214,True,0.0,0.8352056962025318
VH-00376,375,3,B,1,ST-12,12,Body,Seam sealing prep,2026-09-01 14:43:31,modern,78.504,71.0,2.5074284979754546,7.504000000000005,0.94,False,True,0.0545569402763354,True,9.254933333333339,0.6341408450704229
VH-00376,375,3,B,1,ST-28,28,Paint,Basecoat booth,2026-09-01 15:05:44,partial,102.604,93.44,2.975444219580066,9.164000000000001,0.6,True,True,0.04845805609039877,True,11.302266666666668,0.5884417808219179
VH-00377,376,3,B,2,ST-16,16,Body,Door fit check,2026-09-01 14:48:18,manual_check,69.594,61.51,2.604374132451188,8.083999999999996,0.22,False,True,0.037392893577456565,True,9.835533333333329,0.7885547065517798
VH-00377,376,3,B,2,ST-26,26,Paint,Primer booth,2026-09-01 15:02:52,partial,96.487,89.14,2.216767761049642,7.346999999999994,0.6,False,True,0.0024528766821891868,True,8.938849999999993,0.4945254655597932
VH-00380,379,3,B,5,ST-23,23,Paint,Clearcoat booth,2026-09-01 15:02:53,modern,87.566,81.67,1.8035777395999415,5.896000000000001,0.94,False,True,0.01260195769937511,True,6.878666666666667,0.43315783029264116
VH-00381,380,3,B,6,ST-32,32,Final Assembly,Battery connect,2026-09-01 15:15:43,legacy,81.055,72.41,2.5710052628466777,8.64500000000001,0.36,False,True,0.015984974697796583,True,9.941750000000011,0.7163375224416526
VH-00382,381,3,B,7,ST-30,30,Final Assembly,End-of-line quality,2026-09-01 15:14:46,partial,87.509,79.65,2.5428581730769104,7.858999999999995,0.6,False,True,0.023937865915653056,True,8.90686666666666,0.5920150659133706
VH-00385,384,3,B,10,ST-45,45,Final Assembly,Interior fit,2026-09-01 15:37:04,modern,105.844,78.47,9.096872238471581,27.373999999999995,0.94,True,True,0.12143692464569833,True,29.655166666666663,2.0930801580221736
VH-00387,386,3,B,12,ST-15,15,Body,Roof laser weld,2026-09-01 14:59:57,modern,73.79,63.77,2.602225839267543,10.020000000000003,0.94,False,True,0.07114832841753538,True,10.521000000000004,0.9427630547279288
VH-00387,386,3,B,12,ST-21,21,Paint,Oven cure,2026-09-01 15:08:34,modern,92.026,85.31,2.2689850395244013,6.715999999999994,0.86,False,True,0.041972297733129715,True,7.051799999999994,0.47234790763099244
VH-00390,389,3,B,15,ST-12,12,Body,Seam sealing prep,2026-09-01 14:59:59,modern,77.187,71.0,2.0506811491741144,6.186999999999998,0.94,False,True,0.02564533580102546,True,6.186999999999998,0.522845070422535
VH-00391,390,3,B,16,ST-21,21,Paint,Oven cure,2026-09-01 15:13:00,modern,91.821,85.31,2.19671875612465,6.510999999999996,0.94,False,True,0.033255504860814966,True,6.40248333333333,0.45792990270777134
VH-00392,391,3,B,17,ST-27,27,Paint,Oven cure,2026-09-01 15:22:47,legacy,89.886,81.38,2.7761755078647314,8.506,0.36,True,True,0.02230156289516949,True,8.222466666666667,0.6271319734578521
VH-00396,395,3,B,21,ST-45,45,Final Assembly,Interior fit,2026-09-01 15:50:05,modern,105.721,78.47,9.055568610367784,27.251000000000005,0.94,True,True,0.12102987711294821,True,24.525900000000004,2.083675289919715
VH-00397,396,3,B,22,ST-21,21,Paint,Oven cure,2026-09-01 15:20:22,modern,93.76,85.31,2.880252041549621,8.450000000000003,0.94,True,True,0.07013025455746646,True,7.464166666666669,0.5943031297620445
VH-00399,398,3,B,24,ST-21,21,Paint,Oven cure,2026-09-01 15:22:56,modern,93.647,85.31,2.8404174560658557,8.337000000000003,0.94,True,True,0.0676685720602126,True,7.086450000000003,0.5863556441214397
VH-00400,399,3,B,25,ST-45,45,Final Assembly,Interior fit,2026-09-01 15:54:51,modern,111.355,78.47,10.94747625863463,32.885000000000005,0.94,True,True,0.1281851157473597,True,27.404166666666672,2.5144641264177396
VH-00406,405,3,B,31,ST-16,16,Body,Door fit check,2026-09-01 15:23:47,manual_check,69.682,61.51,2.6351744178504255,8.172000000000004,0.22,False,True,0.037935614772448556,True,5.9928000000000035,0.7971386766379455
VH-00406,405,3,B,31,ST-21,21,Paint,Oven cure,2026-09-01 15:31:28,modern,91.0,85.31,1.9073011040700358,5.689999999999998,0.94,False,True,0.01392239529447703,True,4.172666666666665,0.40018755128355393
VH-00406,405,3,B,31,ST-23,23,Paint,Clearcoat booth,2026-09-01 15:34:32,modern,89.234,81.67,2.355825131918013,7.563999999999993,0.94,False,True,0.049897414602364076,True,5.546933333333328,0.5556997673564339
VH-00406,405,3,B,31,ST-31,31,Final Assembly,Powertrain marriage,2026-09-01 15:45:40,partial,66.348,57.19,2.9992874228880724,9.158000000000001,0.6,True,True,0.04845805609039877,True,6.715866666666668,0.9607973421926912
VH-00406,405,3,B,31,ST-35,35,Final Assembly,ADAS calibration,2026-09-01 15:50:25,partial,67.489,59.24,2.8612967620040393,8.249000000000002,0.6,True,True,0.03732590901326238,True,6.049266666666669,0.8354827819041191
VH-00406,405,3,B,31,ST-45,45,Final Assembly,Interior fit,2026-09-01 16:03:09,modern,110.262,78.47,10.580444831663442,31.792,0.94,True,True,0.12429243475364415,True,23.314133333333334,2.4308907862877533
VH-00407,406,3,B,32,ST-15,15,Body,Roof laser weld,2026-09-01 15:23:43,modern,71.864,63.77,2.045782299084431,8.094000000000001,0.94,False,True,0.04831770111933997,True,5.800700000000001,0.7615493178610633
VH-00407,406,3,B,32,ST-39,39,Final Assembly,Interior fit,2026-09-01 15:56:23,legacy,76.132,66.49,3.465594812286697,9.64200000000001,0.36,True,True,0.048482504759502776,True,6.910100000000008,0.87008572717702
VH-00410,409,3,B,35,ST-12,12,Body,Seam sealing prep,2026-09-01 15:23:44,modern,77.266,71.0,2.0780790539237795,6.266000000000005,0.94,False,True,0.026319454913419138,True,4.177333333333337,0.5295211267605638
VH-00410,409,3,B,35,ST-21,21,Paint,Oven cure,2026-09-01 15:35:45,modern,91.119,85.31,1.9492508002874525,5.8089999999999975,0.94,False,True,0.017246085728223837,True,3.872666666666665,0.4085570273121555
VH-00410,409,3,B,35,ST-45,45,Final Assembly,Interior fit,2026-09-01 16:06:57,modern,123.066,78.47,14.880051776712913,44.596000000000004,0.94,True,True,0.14538959281487351,True,29.730666666666668,3.4099146170511028
VH-00411,410,3,B,36,ST-12,12,Body,Seam sealing prep,2026-09-01 15:25:17,modern,76.793,71.0,1.9140384343466859,5.793000000000006,0.94,False,True,0.016194652340214,True,3.765450000000004,0.48954929577464845
VH-00411,410,3,B,36,ST-15,15,Body,Roof laser weld,2026-09-01 15:28:32,modern,71.632,63.77,1.9787548321464863,7.862000000000002,0.94,False,True,0.04102197448776701,True,5.1103000000000005,0.7397208718833309
VH-00411,410,3,B,36,ST-26,26,Paint,Primer booth,2026-09-01 15:44:31,partial,98.48,89.14,2.8670022371364703,9.340000000000003,0.6,True,True,0.04827425271289021,True,6.0710000000000015,0.6286739959614093
VH-00412,411,3,B,37,ST-15,15,Body,Roof laser weld,2026-09-01 15:29:54,modern,75.127,63.77,2.9885005086469896,11.356999999999992,0.94,True,True,0.08340528485583809,True,7.192766666666661,1.0685588834875326
VH-00412,411,3,B,37,ST-30,30,Final Assembly,End-of-line quality,2026-09-01 15:51:46,partial,88.863,79.65,3.0050408653846006,9.212999999999994,0.6,True,True,0.04900976477842234,True,5.834899999999996,0.6940112994350277
VH-00412,411,3,B,37,ST-45,45,Final Assembly,Interior fit,2026-09-01 16:10:07,modern,110.734,78.47,10.7389433069886,32.263999999999996,0.94,True,True,0.12736393972311233,True,20.433866666666667,2.466981011851663
VH-00413,412,3,B,38,ST-15,15,Body,Roof laser weld,2026-09-01 15:31:05,modern,76.029,63.77,3.2490986775177926,12.258999999999993,0.94,True,True,0.08822495612268733,True,7.559716666666662,1.153426376038889
VH-00413,412,3,B,38,ST-21,21,Paint,Oven cure,2026-09-01 15:39:50,modern,92.194,85.31,2.3282081400666392,6.884,0.86,False,True,0.046791533017827236,True,4.245133333333333,0.48416363849490096
VH-00413,412,3,B,38,ST-28,28,Paint,Basecoat booth,2026-09-01 15:50:30,partial,102.965,93.44,3.098639008348092,9.525000000000006,0.68,True,True,0.09874586997183543,True,5.873750000000003,0.6116224315068497
VH-00413,412,3,B,38,ST-43,43,Final Assembly,Powertrain marriage,2026-09-01 16:08:43,manual_check,79.452,72.57,2.3410575047498376,6.882000000000005,0.22,False,True,0.0061876966195367755,True,4.243900000000003,0.5689954526663915
VH-00414,413,3,B,39,ST-15,15,Body,Roof laser weld,2026-09-01 15:31:54,modern,74.535,63.77,2.8174649033570613,10.764999999999993,0.94,True,True,0.08031939203722926,True,6.458999999999995,1.012858710992629
VH-00414,413,3,B,39,ST-16,16,Body,Door fit check,2026-09-01 15:33:05,manual_check,70.388,61.51,2.8822767075306497,8.878000000000007,0.22,True,True,0.05305764218822495,True,5.326800000000005,0.8660055275564956
VH-00414,413,3,B,39,ST-23,23,Paint,Clearcoat booth,2026-09-01 15:43:33,modern,88.38,81.67,2.0730797643882557,6.709999999999994,0.94,False,True,0.03288395492067009,True,4.025999999999996,0.49295947104199783
VH-00415,414,3,B,40,ST-15,15,Body,Roof laser weld,2026-09-01 15:33:26,modern,72.052,63.77,2.100097660223801,8.282000000000004,0.94,False,True,0.050711182533543786,True,4.831166666666669,0.779237886153364
VH-00415,414,3,B,40,ST-25,25,Paint,E-coat inspection,2026-09-01 15:48:05,partial,96.464,88.7,2.30204083763559,7.763999999999996,0.6,False,True,0.012633968476450153,True,4.528999999999997,0.5251860202931226
VH-00415,414,3,B,40,ST-45,45,Final Assembly,Interior fit,2026-09-01 16:14:18,modern,120.136,78.47,13.89615234302071,41.666,0.94,True,True,0.14266359447531474,True,24.305166666666665,3.1858799541225946
VH-00416,415,3,B,41,ST-40,40,Final Assembly,Wheel torque,2026-09-01 16:07:55,partial,89.832,81.0,3.0871944632921657,8.831999999999994,0.6,True,True,0.050536955824275975,True,5.004799999999997,0.6542222222222217
VH-00418,417,3,B,43,ST-21,21,Paint,Oven cure,2026-09-01 15:45:27,modern,93.495,85.31,2.7868346508133564,8.185000000000002,0.94,True,True,0.0676685720602126,True,4.365333333333335,0.5756652209588561
VH-00418,417,3,B,43,ST-23,23,Paint,Clearcoat booth,2026-09-01 15:48:28,modern,89.124,81.67,2.319405939379051,7.4539999999999935,0.94,False,True,0.04879300477626991,True,3.975466666666663,0.5476184645524668
VH-00418,417,3,B,43,ST-45,45,Final Assembly,Interior fit,2026-09-01 16:16:49,modern,121.282,78.47,14.280981268280525,42.812,0.94,True,True,0.14413024793280949,True,22.833066666666664,3.2735057983942903
VH-00419,418,3,B,44,ST-12,12,Body,Seam sealing prep,2026-09-01 15:34:57,modern,76.959,71.0,1.9716087152130646,5.959000000000003,0.94,False,True,0.020421055887003825,True,3.0788166666666683,0.5035774647887327
VH-00419,418,3,B,44,ST-22,22,Paint,Basecoat booth,2026-09-01 15:48:29,legacy,99.932,89.97,3.2537900364825716,9.962000000000003,0.36,True,True,0.05105058894961911,True,5.147033333333336,0.6643547849283097
VH-00419,418,3,B,44,ST-31,31,Final Assembly,Powertrain marriage,2026-09-01 16:01:02,partial,62.925,57.19,1.8365965000629443,5.734999999999999,0.68,False,True,0.032842137893868806,True,2.9630833333333326,0.6016786151425074
VH-00419,418,3,B,44,ST-45,45,Final Assembly,Interior fit,2026-09-01 16:18:37,modern,114.543,78.47,12.018012570788466,36.07300000000001,0.94,True,True,0.1350180697400073,True,18.63771666666667,2.7582260736587236
VH-00420,419,3,B,45,ST-12,12,Body,Seam sealing prep,2026-09-01 15:35:47,modern,77.088,71.0,2.0163470660068143,6.087999999999994,0.94,False,True,0.0248156853569379,True,3.043999999999997,0.5144788732394361
VH-00420,419,3,B,45,ST-31,31,Final Assembly,Powertrain marriage,2026-09-01 16:01:19,partial,64.721,57.19,2.4466440891350847,7.531000000000006,0.6,False,True,0.014741850829240732,True,3.765500000000003,0.7901031648889673
VH-00420,419,3,B,45,ST-45,45,Final Assembly,Interior fit,2026-09-01 16:19:04,modern,125.207,78.47,15.599003547202672,46.736999999999995,0.94,True,True,0.14580982907685347,True,23.368499999999997,3.573620491907735
VH-00421,420,3,B,46,ST-31,31,Final Assembly,Powertrain marriage,2026-09-01 16:02:33,partial,64.616,57.19,2.4109787234042512,7.426000000000002,0.6,False,True,0.010420717330061113,True,3.589233333333334,0.7790872530162618
VH-00422,421,3,B,47,ST-23,23,Paint,Clearcoat booth,2026-09-01 15:52:58,modern,88.255,81.67,2.0316943183212537,6.584999999999994,0.86,False,True,0.030298773588794514,True,3.0729999999999973,0.483776172401126
VH-00423,422,3,B,48,ST-21,21,Paint,Oven cure,2026-09-01 15:51:35,modern,90.771,85.31,1.8265743777356793,5.4609999999999985,0.94,False,True,0.0058009150116181685,True,2.4574499999999992,0.3840815848083459
VH-00424,423,3,B,49,ST-12,12,Body,Seam sealing prep,2026-09-01 15:41:09,modern,78.371,71.0,2.461302911498171,7.370999999999995,0.94,False,True,0.05159569512026563,True,3.194099999999998,0.6229014084507039
VH-00424,423,3,B,49,ST-13,13,Body,Underbody weld,2026-09-01 15:42:19,legacy,69.74,61.64,2.690799081372969,8.099999999999994,0.36,False,True,0.003857385845752681,True,3.5099999999999976,0.7884490590525627
VH-00424,423,3,B,49,ST-15,15,Body,Roof laser weld,2026-09-01 15:44:31,modern,72.513,63.77,2.2332858596134235,8.743000000000002,0.94,False,True,0.055337766907883834,True,3.788633333333334,0.8226125137211857
VH-00424,423,3,B,49,ST-16,16,Body,Door fit check,2026-09-01 15:45:40,manual_check,69.088,61.51,2.427272491405589,7.577999999999996,0.22,False,True,0.020776932853752372,True,3.2837999999999985,0.7391968785563319
VH-00424,423,3,B,49,ST-21,21,Paint,Oven cure,2026-09-01 15:53:31,modern,93.67,85.31,2.8485253805448507,8.36,0.86,True,True,0.07588340164580964,True,3.6226666666666665,0.5879732739420935
VH-00424,423,3,B,49,ST-30,30,Final Assembly,End-of-line quality,2026-09-01 16:06:30,partial,88.638,79.65,2.9282379807692185,8.988,0.6,True,True,0.04701623235143226,True,3.8947999999999996,0.6770621468926553
VH-00425,424,3,B,50,ST-30,30,Final Assembly,End-of-line quality,2026-09-01 16:06:48,partial,85.523,79.65,1.8649447115384494,5.8729999999999905,0.68,False,True,0.03341844220534862,True,2.4470833333333295,0.44241054613935893
VH-00426,425,3,B,51,ST-15,15,Body,Roof laser weld,2026-09-01 15:46:27,modern,73.597,63.77,2.5464659206510594,9.826999999999991,0.94,False,True,0.0684937941525604,True,3.9307999999999965,0.9246040457895554
VH-00426,425,3,B,51,ST-45,45,Final Assembly,Interior fit,2026-09-01 16:26:25,modern,115.507,78.47,12.341725558528836,37.037000000000006,0.94,True,True,0.1356400853501909,True,14.814800000000002,2.8319357716324713
VH-00427,426,3,B,52,ST-12,12,Body,Seam sealing prep,2026-09-01 15:44:33,modern,80.727,71.0,3.2783847290957073,9.727000000000004,0.94,True,True,0.08202494437964436,True,3.728683333333335,0.8220000000000003
VH-00427,426,3,B,52,ST-16,16,Body,Door fit check,2026-09-01 15:49:05,manual_check,71.076,61.51,3.1230789388337525,9.565999999999995,0.22,True,True,0.06798498015179233,True,3.666966666666665,0.9331165664119652
VH-00427,426,3,B,52,ST-22,22,Paint,Basecoat booth,2026-09-01 15:58:33,legacy,100.532,89.97,3.45743829412504,10.561999999999998,0.36,True,True,0.05493674911034785,True,4.0487666666666655,0.704368122707569
VH-00427,426,3,B,52,ST-23,23,Paint,Clearcoat booth,2026-09-01 16:00:04,modern,90.124,81.67,2.6504895079150668,8.453999999999994,0.94,False,True,0.06476396868913836,True,3.2406999999999972,0.6210848536794412
VH-00427,426,3,B,52,ST-31,31,Final Assembly,Powertrain marriage,2026-09-01 16:11:15,partial,68.105,57.19,3.5960878761173314,10.915000000000006,0.6,True,True,0.06654629565445891,True,4.184083333333335,1.1451302675292891
VH-00427,426,3,B,52,ST-32,32,Final Assembly,Battery connect,2026-09-01 16:12:36,legacy,80.922,72.41,2.5285673230441787,8.512,0.36,False,True,0.010276940418668778,True,3.2629333333333337,0.7053169451733187
VH-00427,426,3,B,52,ST-45,45,Final Assembly,Interior fit,2026-09-01 16:29:03,modern,121.822,78.47,14.462314269711856,43.352000000000004,0.94,True,True,0.14496958395222903,True,16.618266666666667,3.3147954632343573
VH-00429,428,3,B,54,ST-03,3,Body,Roof laser weld,2026-09-01 15:36:58,legacy,66.695,58.24,2.88959457714654,8.454999999999991,0.36,True,True,0.022905601914640417,True,2.959249999999997,0.8710508241758232
VH-00429,428,3,B,54,ST-18,18,Paint,Paint quality gate,2026-09-01 15:54:30,legacy,82.507,71.99,3.315264952043503,10.51700000000001,0.36,True,True,0.05493674911034785,True,3.6809500000000033,0.8765384081122387
VH-00429,428,3,B,54,ST-45,45,Final Assembly,Interior fit,2026-09-01 16:31:12,modern,118.355,78.47,13.298089240151835,39.885000000000005,0.94,True,True,0.1395912668762873,True,13.959750000000003,3.0497005224926728
VH-00430,429,3,B,55,ST-12,12,Body,Seam sealing prep,2026-09-01 15:48:08,modern,78.563,71.0,2.52789022430748,7.563000000000002,0.94,False,True,0.055856522612354964,True,2.521000000000001,0.6391267605633805
VH-00430,429,3,B,55,ST-24,24,Paint,Paint quality gate,2026-09-01 16:04:35,legacy,82.942,73.87,2.7690681627264984,9.071999999999989,0.36,True,True,0.028593289837723246,True,3.023999999999996,0.7368620549614178
VH-00430,429,3,B,55,ST-25,25,Paint,E-coat inspection,2026-09-01 16:06:10,partial,95.518,88.7,2.005932246650035,6.817999999999998,0.68,False,True,0.05013045469798927,True,2.272666666666666,0.4611950394588499
VH-00430,429,3,B,55,ST-27,27,Paint,Oven cure,2026-09-01 16:09:15,legacy,91.829,81.38,3.443845889320502,10.448999999999998,0.36,True,True,0.05493674911034785,True,3.482999999999999,0.770385844187761
VH-00430,429,3,B,55,ST-34,34,Final Assembly,Wheel torque,2026-09-01 16:18:21,legacy,84.772,75.9,3.173290543783855,8.872,0.36,True,True,0.04243220514884116,True,2.957333333333333,0.7013438735177865
VH-00430,429,3,B,55,ST-45,45,Final Assembly,Interior fit,2026-09-01 16:32:03,modern,123.621,78.47,15.066421805961774,45.150999999999996,0.94,True,True,0.14580982907685347,True,15.050333333333333,3.452351217025614
VH-00431,430,3,B,56,ST-12,12,Body,Seam sealing prep,2026-09-01 15:49:03,modern,78.357,71.0,2.4564475866058273,7.356999999999999,0.94,False,True,0.05178039751641306,True,2.3297166666666667,0.6217183098591549
VH-00431,430,3,B,56,ST-45,45,Final Assembly,Interior fit,2026-09-01 16:32:10,modern,107.725,78.47,9.728515526790705,29.254999999999995,0.94,True,True,0.12347547042482798,True,9.264083333333332,2.236905823881738
VH-00432,431,3,B,57,ST-45,45,Final Assembly,Interior fit,2026-09-01 16:33:44,modern,115.027,78.47,12.180540668367655,36.557,0.94,True,True,0.1350180697400073,True,10.9671,2.79523384733019
VH-00433,432,3,B,58,ST-15,15,Body,Roof laser weld,2026-09-01 15:54:45,modern,74.322,63.77,2.7559267548321396,10.552,0.86,True,True,0.08807583194473789,True,2.989733333333333,0.9928179394699701
VH-00433,432,3,B,58,ST-23,23,Paint,Clearcoat booth,2026-09-01 16:06:38,modern,88.689,81.67,2.1753845870658837,7.018999999999991,0.94,False,True,0.039802537091164325,True,1.9887166666666642,0.5156605852822327
VH-00435,434,3,B,60,ST-20,20,Paint,Primer booth,2026-09-01 16:04:38,legacy,117.163,108.09,2.8402498483193837,9.072999999999993,0.36,True,True,0.03208868043041291,True,2.2682499999999988,0.5036358590063832
VH-00435,434,3,B,60,ST-21,21,Paint,Oven cure,2026-09-01 16:06:10,modern,91.397,85.31,2.04725093094663,6.087000000000003,0.94,False,True,0.02588112901196149,True,1.5217500000000008,0.42810924862267047
VH-00435,434,3,B,60,ST-25,25,Paint,E-coat inspection,2026-09-01 16:12:04,partial,96.136,88.7,2.199373165496834,7.435999999999993,0.68,False,True,0.06647403212354219,True,1.8589999999999982,0.5029988726042836
VH-00435,434,3,B,60,ST-45,45,Final Assembly,Interior fit,2026-09-01 16:37:33,modern,99.222,78.47,6.873192357956307,20.751999999999995,0.94,True,True,0.11112572633272666,True,5.187999999999999,1.586746527335287
VH-00436,435,3,B,61,ST-17,17,Paint,Clearcoat booth,2026-09-01 16:01:12,partial,110.491,97.71,4.162060782371854,12.781000000000006,0.6,True,True,0.07014576712886622,True,2.9822333333333346,0.7848326680994785
VH-00436,435,3,B,61,ST-19,19,Paint,E-coat inspection,2026-09-01 16:04:02,legacy,91.09,82.43,2.8318344391785195,8.659999999999997,0.36,True,True,0.02885682502425002,True,2.0206666666666657,0.6303530268106269
VH-00436,435,3,B,61,ST-20,20,Paint,Primer booth,2026-09-01 16:05:59,legacy,116.764,108.09,2.709622254580759,8.673999999999992,0.36,True,True,0.021543027865108533,True,2.0239333333333316,0.48148764918123743
VH-00436,435,3,B,61,ST-21,21,Paint,Oven cure,2026-09-01 16:07:32,modern,93.268,85.31,2.706812961390215,7.957999999999998,0.94,True,True,0.0636354380352171,True,1.8568666666666662,0.5596999179463134
VH-00436,435,3,B,61,ST-22,22,Paint,Basecoat booth,2026-09-01 16:09:11,legacy,98.922,89.97,2.910982136117745,8.951999999999998,0.36,True,True,0.03301292748074969,True,2.0887999999999995,0.5969989996665555
VH-00436,435,3,B,61,ST-23,23,Paint,Clearcoat booth,2026-09-01 16:10:43,modern,91.708,81.67,3.174925880476116,10.037999999999997,0.94,True,True,0.08299016033078033,True,2.342199999999999,0.7374556140565689
VH-00436,435,3,B,61,ST-26,26,Paint,Primer booth,2026-09-01 16:15:09,partial,99.477,89.14,3.1922826047524087,10.337000000000003,0.6,True,True,0.06334536430905979,True,2.4119666666666673,0.6957819160870543
VH-00436,435,3,B,61,ST-29,29,Final Assembly,ADAS calibration,2026-09-01 16:19:32,legacy,81.509,72.71,2.8069763350266315,8.799000000000007,0.36,True,True,0.028499874675010806,True,2.0531000000000015,0.7260899463622617
VH-00436,435,3,B,61,ST-45,45,Final Assembly,Interior fit,2026-09-01 16:39:32,modern,127.706,78.47,16.438172381604318,49.236000000000004,0.94,True,True,0.14644061011291531,True,11.488400000000002,3.7646998853064875
VH-00437,436,3,B,62,ST-15,15,Body,Roof laser weld,2026-09-01 15:59:55,modern,73.207,63.77,2.4337904374364108,9.43699999999999,0.94,False,True,0.06453080343151263,True,2.044683333333331,0.8879096753959532
VH-00437,436,3,B,62,ST-16,16,Body,Door fit check,2026-09-01 16:01:04,manual_check,68.842,61.51,2.3411716935850033,7.332000000000001,0.22,False,True,0.012729898113440385,True,1.5886,0.715200780360917
VH-00437,436,3,B,62,ST-21,21,Paint,Oven cure,2026-09-01 16:09:01,modern,94.466,85.31,3.1291300712092496,9.155999999999992,0.94,True,True,0.07773076745046603,True,1.9837999999999982,0.6439573320829909
VH-00437,436,3,B,62,ST-23,23,Paint,Clearcoat booth,2026-09-01 16:12:04,modern,88.436,81.67,2.0916204442262765,6.766000000000005,0.94,False,True,0.03432241843762851,True,1.4659666666666678,0.49707358883310926
VH-00437,436,3,B,62,ST-26,26,Paint,Primer booth,2026-09-01 16:16:34,partial,95.446,89.14,1.8771319910514566,6.305999999999997,0.68,False,True,0.03727274011732529,True,1.3662999999999994,0.4244559120484629
VH-00437,436,3,B,62,ST-28,28,Paint,Basecoat booth,2026-09-01 16:19:44,partial,100.978,93.44,2.4205557804199334,7.537999999999997,0.6,False,True,0.013526082575497367,True,1.6332333333333326,0.48403253424657516
VH-00437,436,3,B,62,ST-30,30,Final Assembly,End-of-line quality,2026-09-01 16:22:31,partial,89.153,79.65,3.1040312499999874,9.503,0.68,True,True,0.09914085259627803,True,2.0589833333333334,0.7158568738229755
VH-00437,436,3,B,62,ST-40,40,Final Assembly,Wheel torque,2026-09-01 16:34:38,partial,88.976,81.0,2.773788573754917,7.975999999999999,0.6,True,True,0.03422177908277424,True,1.728133333333333,0.5908148148148148
VH-00437,436,3,B,62,ST-45,45,Final Assembly,Interior fit,2026-09-01 16:41:10,modern,120.654,78.47,14.070097703652984,42.184,0.94,True,True,0.14266359447531474,True,9.139866666666666,3.2254874474321396
VH-00438,437,3,B,63,ST-12,12,Body,Seam sealing prep,2026-09-01 15:57:39,modern,76.595,71.0,1.8453702680120858,5.594999999999999,0.94,False,True,0.007216486942563161,True,1.1189999999999998,0.4728169014084506
VH-00438,437,3,B,63,ST-21,21,Paint,Oven cure,2026-09-01 16:09:37,modern,91.396,85.31,2.0468984124910197,6.0859999999999985,0.94,False,True,0.02588112901196149,True,1.2171999999999996,0.4280389168913374
VH-00439,438,3,B,64,ST-28,28,Paint,Basecoat booth,2026-09-01 16:20:43,partial,101.811,93.44,2.7048251960536334,8.37100000000001,0.6,True,True,0.030922100492819737,True,1.534683333333335,0.5375214041095897
VH-00440,439,3,B,65,ST-23,23,Paint,Clearcoat booth,2026-09-01 16:14:37,modern,87.924,81.67,1.9221056571358364,6.254000000000005,0.94,False,True,0.020150686463904055,True,1.0423333333333342,0.4594587976000983
VH-00440,439,3,B,65,ST-45,45,Final Assembly,Interior fit,2026-09-01 16:43:01,modern,112.713,78.47,11.403495177048965,34.242999999999995,0.94,True,True,0.13209786467571805,True,5.707166666666666,2.6182999872562758
VH-00441,440,3,B,66,ST-15,15,Body,Roof laser weld,2026-09-01 16:04:30,modern,71.251,63.77,1.868679552390637,7.481000000000002,0.94,False,True,0.032852633279696786,True,1.1221500000000002,0.7038732946526581
VH-00441,440,3,B,66,ST-21,21,Paint,Oven cure,2026-09-01 16:13:32,modern,93.745,85.31,2.8749642647154925,8.435000000000002,0.94,True,True,0.0695614050275174,True,1.2652500000000004,0.5932481537920526
VH-00441,440,3,B,66,ST-22,22,Paint,Basecoat booth,2026-09-01 16:15:12,legacy,99.43,89.97,3.083404327588373,9.460000000000008,0.36,True,True,0.04481141302958713,True,1.4190000000000011,0.6308769589863293
VH-00441,440,3,B,66,ST-23,23,Paint,Clearcoat booth,2026-09-01 16:16:42,modern,90.666,81.67,2.8299368020615874,8.995999999999995,0.94,True,True,0.07183957687980325,True,1.3493999999999993,0.6609036365862614
VH-00441,440,3,B,66,ST-26,26,Paint,Primer booth,2026-09-01 16:21:10,partial,95.379,89.14,1.8552726283330356,6.239000000000004,0.68,False,True,0.03602384406748882,True,0.9358500000000006,0.41994615212026054
VH-00441,440,3,B,66,ST-28,28,Paint,Basecoat booth,2026-09-01 16:24:17,partial,101.707,93.44,2.6693341765747522,8.266999999999996,0.68,False,True,0.08134939710089384,True,1.2400499999999994,0.5308433219178079
VH-00441,440,3,B,66,ST-45,45,Final Assembly,Interior fit,2026-09-01 16:45:11,modern,122.506,78.47,14.692002738191535,44.036,0.86,True,True,0.1353778145232717,True,6.6054,3.367095705365108
VH-00442,441,3,B,67,ST-15,15,Body,Roof laser weld,2026-09-01 16:05:16,modern,71.208,63.77,1.8562563580874816,7.437999999999995,0.94,False,True,0.03223737909466373,True,0.9917333333333327,0.6998275050964399
VH-00442,441,3,B,67,ST-20,20,Paint,Primer booth,2026-09-01 16:12:46,legacy,117.529,108.09,2.9600736561097003,9.438999999999993,0.36,True,True,0.0382539166514857,True,1.2585333333333324,0.5239522620038852
VH-00442,441,3,B,67,ST-45,45,Final Assembly,Interior fit,2026-09-01 16:45:41,modern,119.644,78.47,13.730937830605503,41.17400000000001,0.94,True,True,0.14063443272738496,True,5.489866666666668,3.148260481712757
VH-00443,442,3,B,68,ST-21,21,Paint,Oven cure,2026-09-01 16:15:35,modern,92.642,85.31,2.4861364081792647,7.331999999999994,0.86,False,True,0.05923226189152875,True,0.8553999999999993,0.5156722541319888
VH-00443,442,3,B,68,ST-23,23,Paint,Clearcoat booth,2026-09-01 16:18:38,modern,90.448,81.67,2.757760584120735,8.777999999999992,0.94,True,True,0.07013025455746646,True,1.0240999999999991,0.6448879637565808
VH-00443,442,3,B,68,ST-45,45,Final Assembly,Interior fit,2026-09-01 16:47:09,modern,121.481,78.47,14.347805837326515,43.010999999999996,0.94,True,True,0.14413024793280949,True,5.01795,3.288721804511278
VH-00444,443,3,B,69,ST-12,12,Body,Seam sealing prep,2026-09-01 16:05:08,modern,76.493,71.0,1.8099957580821404,5.492999999999995,0.94,False,True,0.005973222081930407,True,0.5492999999999995,0.46419718309859115
VH-00444,443,3,B,69,ST-15,15,Body,Roof laser weld,2026-09-01 16:08:24,modern,71.049,63.77,1.810319430315358,7.2790000000000035,0.94,False,True,0.029492819700324135,True,0.7279000000000003,0.6848674925513567
VH-00444,443,3,B,69,ST-21,21,Paint,Oven cure,2026-09-01 16:17:07,modern,91.052,85.31,1.9256320637616824,5.742000000000004,0.94,False,True,0.016194652340214,True,0.5742000000000005,0.40384480131285927
VH-00444,443,3,B,69,ST-24,24,Paint,Paint quality gate,2026-09-01 16:21:32,legacy,84.162,73.87,3.164071162846506,10.292000000000002,0.36,True,True,0.054565686324977714,True,1.0292000000000001,0.8359550561797754
VH-00444,443,3,B,69,ST-25,25,Paint,E-coat inspection,2026-09-01 16:23:09,partial,97.43,88.7,2.6044096525320475,8.730000000000004,0.6,False,True,0.035775034630250224,True,0.8730000000000004,0.5905298759864716
VH-00444,443,3,B,69,ST-45,45,Final Assembly,Interior fit,2026-09-01 16:49:01,modern,120.035,78.47,13.862236355715961,41.565,0.86,True,True,0.1339277263445171,True,4.156499999999999,3.178157257550656
VH-00445,444,3,B,70,ST-15,15,Body,Roof laser weld,2026-09-01 16:09:24,modern,72.9,63.77,2.345094608341806,9.130000000000003,0.94,False,True,0.05847409961926686,True,0.7608333333333336,0.8590246197271446
VH-00445,444,3,B,70,ST-23,23,Paint,Clearcoat booth,2026-09-01 16:21:06,modern,88.66,81.67,2.1657831635783404,6.989999999999995,0.94,False,True,0.03962107587898789,True,0.5824999999999996,0.5135300599975507
VH-00445,444,3,B,70,ST-45,45,Final Assembly,Interior fit,2026-09-01 16:49:44,modern,109.908,78.47,10.461570975169574,31.438000000000002,0.94,True,True,0.12429243475364415,True,2.6198333333333332,2.403823117114821
VH-00446,445,3,B,71,ST-15,15,Body,Roof laser weld,2026-09-01 16:10:41,modern,74.523,63.77,2.8139979654119953,10.752999999999993,0.94,True,True,0.08031939203722926,True,0.7168666666666662,1.0117296534420568
VH-00446,445,3,B,71,ST-21,21,Paint,Oven cure,2026-09-01 16:19:30,modern,91.337,85.31,2.0260998236101164,6.027000000000001,0.94,False,True,0.024283611956506412,True,0.40180000000000005,0.4238893447427031
VH-00446,445,3,B,71,ST-31,31,Final Assembly,Powertrain marriage,2026-09-01 16:33:40,partial,64.599,57.19,2.405204330857356,7.409000000000006,0.6,False,True,0.00986436709760985,True,0.4939333333333337,0.7773037244273481
VH-00446,445,3,B,71,ST-45,45,Final Assembly,Interior fit,2026-09-01 16:50:56,modern,118.891,78.47,13.478079034165154,40.42100000000001,0.94,True,True,0.14042568661520893,True,2.6947333333333336,3.0906843379635536
VH-00447,446,3,B,72,ST-15,15,Body,Roof laser weld,2026-09-01 16:12:01,modern,72.217,63.77,2.1477680569684576,8.446999999999996,0.86,False,True,0.057227464614950874,True,0.4223499999999998,0.7947624274737333
VH-00447,446,3,B,72,ST-16,16,Body,Door fit check,2026-09-01 16:13:11,manual_check,69.411,61.51,2.54032353895051,7.901000000000003,0.22,False,True,0.0348660127333319,True,0.3950500000000002,0.7707039505771422
VH-00447,446,3,B,72,ST-17,17,Paint,Clearcoat booth,2026-09-01 16:14:56,partial,105.271,97.71,2.418614384748687,7.561000000000007,0.6,False,True,0.013177428037355221,True,0.37805000000000033,0.46429229352164614
VH-00447,446,3,B,72,ST-22,22,Paint,Basecoat booth,2026-09-01 16:22:41,legacy,99.723,89.97,3.1828525600704434,9.753,0.36,True,True,0.048114934511567786,True,0.48765000000000003,0.6504168056018673
VH-00447,446,3,B,72,ST-30,30,Final Assembly,End-of-line quality,2026-09-01 16:34:06,partial,85.766,79.65,1.9478918269230676,6.116,0.68,False,True,0.038598787837317294,True,0.30579999999999996,0.46071563088512235
VH-00447,446,3,B,72,ST-41,41,Final Assembly,ADAS calibration,2026-09-01 16:47:11,legacy,76.226,65.39,3.8604085078099115,10.835999999999999,0.36,True,True,0.05820901242917986,True,0.5418,0.9942804710200335
VH-00447,446,3,B,72,ST-45,45,Final Assembly,Interior fit,2026-09-01 16:52:30,modern,108.087,78.47,9.850075798120598,29.617000000000004,0.94,True,True,0.12347547042482798,True,1.4808500000000002,2.264585191793042
VH-00448,447,3,B,73,ST-28,28,Paint,Basecoat booth,2026-09-01 16:31:38,partial,99.342,93.44,1.8622547432329888,5.902000000000001,0.68,False,True,0.033381162813731935,True,0.19673333333333337,0.3789811643835617
VH-00448,447,3,B,73,ST-31,31,Final Assembly,Powertrain marriage,2026-09-01 16:35:21,partial,64.736,57.19,2.4517391413823466,7.5460000000000065,0.68,False,True,0.07177781402985994,True,0.25153333333333355,0.7916768665850681
VH-00448,447,3,B,73,ST-45,45,Final Assembly,Interior fit,2026-09-01 16:52:49,modern,112.454,78.47,11.316522496732828,33.983999999999995,0.94,True,True,0.13189142854099678,True,1.1327999999999998,2.5984962406015035
VH-00449,448,3,B,74,ST-15,15,Body,Roof laser weld,2026-09-01 16:14:10,modern,72.998,63.77,2.3734079348931787,9.228000000000002,0.94,False,True,0.062214993388114204,True,0.15380000000000002,0.8682452563901523
VH-00449,448,3,B,74,ST-17,17,Paint,Clearcoat booth,2026-09-01 16:17:02,partial,105.949,97.71,2.64506202030204,8.239000000000004,0.6,False,True,0.02931232003013695,True,0.13731666666666673,0.5059256984955484
VH-00449,448,3,B,74,ST-19,19,Paint,E-coat inspection,2026-09-01 16:19:46,legacy,93.36,82.43,3.605857819905217,10.929999999999993,0.36,True,True,0.0578361789481997,True,0.18216666666666653,0.7955841319907795
VH-00449,448,3,B,74,ST-45,45,Final Assembly,Interior fit,2026-09-01 16:54:12,modern,119.855,78.47,13.801792021905522,41.385000000000005,0.94,True,True,0.14063443272738496,True,0.6897500000000001,3.1643940359373013
VH-00450,449,3,B,75,ST-15,15,Body,Roof laser weld,2026-09-01 16:14:54,modern,72.471,63.77,2.2211515768056915,8.701,0.94,False,True,0.05478092257739464,True,0.0,0.8186608122941822
VH-00450,449,3,B,75,ST-16,16,Body,Door fit check,2026-09-01 16:16:03,manual_check,69.001,61.51,2.3968222092495317,7.491000000000007,0.22,False,True,0.017930273794237728,True,0.0,0.7307104535847836
VH-00450,449,3,B,75,ST-45,45,Final Assembly,Interior fit,2026-09-01 16:54:56,modern,126.254,78.47,15.950588088866748,47.784000000000006,0.94,True,True,0.14644061011291531,True,0.0,3.653676564292087
VH-00452,451,4,A,2,ST-15,15,Body,Roof laser weld,2026-09-02 06:17:54,modern,71.074,63.77,1.81754221770091,7.303999999999995,0.86,False,True,0.03504398003528553,True,8.886533333333327,0.687219695781715
VH-00452,451,4,A,2,ST-21,21,Paint,Oven cure,2026-09-02 06:26:52,modern,94.826,85.31,3.2560367152283254,9.515999999999991,0.94,True,True,0.08144644142782254,True,11.57779999999999,0.6692767553627939
VH-00453,452,4,A,3,ST-15,15,Body,Roof laser weld,2026-09-02 06:18:52,modern,74.909,63.77,2.925517802644958,11.139000000000003,0.94,True,True,0.08282566165547323,True,13.366800000000005,1.0480476713188023
VH-00453,452,4,A,3,ST-21,21,Paint,Oven cure,2026-09-02 06:27:42,modern,91.278,85.31,2.005301234729213,5.9680000000000035,0.94,False,True,0.02375197037305188,True,7.161600000000004,0.4197397725940689
VH-00454,453,4,A,4,ST-17,17,Paint,Clearcoat booth,2026-09-02 06:22:41,partial,104.286,97.71,2.089630725427074,6.576000000000008,0.68,False,True,0.047436647312715574,True,7.781600000000009,0.4038071845256376
VH-00455,454,4,A,5,ST-15,15,Body,Roof laser weld,2026-09-02 06:21:03,modern,73.328,63.77,2.4687487283824967,9.558,0.94,False,True,0.06622647048724728,True,11.151,0.8992943390308922
VH-00455,454,4,A,5,ST-26,26,Paint,Primer booth,2026-09-02 06:37:14,partial,98.097,89.14,2.742044984581899,8.956999999999994,0.68,True,True,0.08877459815603361,True,10.449833333333325,0.6028943235360104
VH-00455,454,4,A,5,ST-31,31,Final Assembly,Powertrain marriage,2026-09-02 06:43:54,partial,65.072,57.19,2.5658683117210086,7.882000000000005,0.6,False,True,0.024115082135339527,True,9.195666666666673,0.826927784577724
VH-00456,455,4,A,6,ST-15,15,Body,Roof laser weld,2026-09-02 06:22:41,modern,71.522,63.77,1.946974567650047,7.7520000000000024,0.94,False,True,0.03920627465151416,True,8.914800000000003,0.7293711776697509
VH-00456,455,4,A,6,ST-28,28,Paint,Basecoat booth,2026-09-02 06:41:40,partial,99.303,93.44,1.8489456109284095,5.8629999999999995,0.68,False,True,0.032662560151152764,True,6.74245,0.3764768835616438
VH-00457,456,4,A,7,ST-15,15,Body,Roof laser weld,2026-09-02 06:23:21,modern,71.527,63.77,1.9484191251271565,7.756999999999998,0.94,False,True,0.03920627465151416,True,8.791266666666665,0.7298416183158223
VH-00458,457,4,A,8,ST-15,15,Body,Roof laser weld,2026-09-02 06:25:01,modern,72.274,63.77,2.1642360122075224,8.503999999999998,0.94,False,True,0.053668589310914006,True,9.49613333333333,0.8001254508389523
VH-00460,459,4,A,10,ST-15,15,Body,Roof laser weld,2026-09-02 06:27:16,modern,72.617,63.77,2.26333265513733,8.847000000000001,0.94,False,True,0.05698340243732991,True,9.58425,0.8323976791594795
VH-00461,460,4,A,11,ST-15,15,Body,Roof laser weld,2026-09-02 06:28:01,modern,72.01,63.77,2.087963377416069,8.240000000000002,0.94,False,True,0.04978961607238419,True,8.789333333333335,0.7752861847263605
VH-00461,460,4,A,11,ST-21,21,Paint,Oven cure,2026-09-02 06:36:43,modern,91.115,85.31,1.9478407264650166,5.804999999999993,0.94,False,True,0.017246085728223837,True,6.191999999999992,0.408275700386824
VH-00463,462,4,A,13,ST-15,15,Body,Roof laser weld,2026-09-02 06:30:47,modern,77.759,63.77,3.7489155645981587,13.988999999999997,0.94,True,True,0.09327308261451683,True,14.455299999999998,1.3161988395797393
VH-00464,463,4,A,14,ST-15,15,Body,Roof laser weld,2026-09-02 06:31:51,modern,73.52,63.77,2.5242197355035523,9.749999999999993,0.86,False,True,0.07631375199526691,True,9.912499999999993,0.9173592598400495
VH-00464,463,4,A,14,ST-23,23,Paint,Clearcoat booth,2026-09-02 06:43:48,modern,89.515,81.67,2.448859614676635,7.844999999999999,0.94,False,True,0.05478092257739464,True,7.97575,0.5763438227011142
VH-00464,463,4,A,14,ST-27,27,Paint,Oven cure,2026-09-02 06:49:47,legacy,90.343,81.38,2.93321378080621,8.963000000000008,0.36,True,True,0.0339117768194549,True,9.112383333333343,0.6608257557139353
VH-00464,463,4,A,14,ST-29,29,Final Assembly,ADAS calibration,2026-09-02 06:52:45,legacy,81.013,72.71,2.6411718498327295,8.303000000000011,0.36,False,True,0.007622148451763122,True,8.441383333333345,0.6851602255535699
VH-00464,463,4,A,14,ST-45,45,Final Assembly,Interior fit,2026-09-02 07:12:33,modern,115.865,78.47,12.461942622440713,37.394999999999996,0.94,True,True,0.1356400853501909,True,38.018249999999995,2.859309290174589
VH-00465,464,4,A,15,ST-21,21,Paint,Oven cure,2026-09-02 06:41:47,modern,93.405,85.31,2.755107989808586,8.094999999999999,0.94,True,True,0.0674795703572747,True,8.094999999999999,0.569335365138905
VH-00465,464,4,A,15,ST-45,45,Final Assembly,Interior fit,2026-09-02 07:13:12,modern,125.749,78.47,15.781008152343004,47.278999999999996,0.86,True,True,0.13766208206370067,True,47.278999999999996,3.6150630814323943
VH-00466,465,4,A,16,ST-15,15,Body,Roof laser weld,2026-09-02 06:34:25,modern,72.117,63.77,2.1188769074262415,8.347000000000001,0.94,False,True,0.051818709640653604,True,8.207883333333335,0.7853536145522974
VH-00466,465,4,A,16,ST-16,16,Body,Door fit check,2026-09-02 06:35:35,manual_check,69.904,61.51,2.7128751378348563,8.393999999999998,0.22,True,True,0.04188334512091085,True,8.2541,0.818793692082588
VH-00466,465,4,A,16,ST-21,21,Paint,Oven cure,2026-09-02 06:43:21,modern,90.866,85.31,1.8600636310184906,5.555999999999997,0.94,False,True,0.006698696595280107,True,5.463399999999997,0.39076309928496056
VH-00467,466,4,A,17,ST-15,15,Body,Roof laser weld,2026-09-02 06:35:28,modern,71.166,63.77,1.8441220752797498,7.395999999999994,0.94,False,True,0.03223737909466373,True,7.14946666666666,0.6958758036694365
VH-00467,466,4,A,17,ST-45,45,Final Assembly,Interior fit,2026-09-02 07:14:11,modern,111.766,78.47,11.08549082083514,33.29600000000001,0.86,True,True,0.12501316413175712,True,32.18613333333334,2.545890149101568
VH-00468,467,4,A,18,ST-45,45,Final Assembly,Interior fit,2026-09-02 07:15:49,modern,107.535,78.47,9.664713174435239,29.064999999999998,0.94,True,True,0.12347547042482798,True,27.611749999999997,2.2223779788454183
VH-00469,468,4,A,19,ST-28,28,Paint,Basecoat booth,2026-09-02 06:56:49,partial,102.303,93.44,2.872725018972932,8.863,0.6,True,True,0.04536729894100722,True,8.272133333333333,0.5691138698630137
VH-00469,468,4,A,19,ST-29,29,Final Assembly,ADAS calibration,2026-09-02 06:58:11,legacy,81.81,72.71,2.9075955891463194,9.100000000000009,0.36,True,True,0.03482248003067834,True,8.493333333333341,0.7509283454820528
VH-00470,469,4,A,20,ST-15,15,Body,Roof laser weld,2026-09-02 06:39:16,modern,76.856,63.77,3.488028484231932,13.085999999999991,0.94,True,True,0.08861424256061845,True,11.995499999999993,1.231237258899168
VH-00470,469,4,A,20,ST-21,21,Paint,Oven cure,2026-09-02 06:47:57,modern,90.954,85.31,1.8910852551120405,5.643999999999991,0.94,False,True,0.012005950528193754,True,5.173666666666659,0.3969522916422453
VH-00470,469,4,A,20,ST-45,45,Final Assembly,Interior fit,2026-09-02 07:18:47,modern,116.456,78.47,12.660401518451668,37.986000000000004,0.94,True,True,0.1360550430770825,True,34.8205,2.904498534471773
VH-00471,470,4,A,21,ST-15,15,Body,Roof laser weld,2026-09-02 06:40:22,modern,71.572,63.77,1.961420142421155,7.802,0.86,False,True,0.04557861371673877,True,7.0218,0.7340755841304688
VH-00471,470,4,A,21,ST-45,45,Final Assembly,Interior fit,2026-09-02 07:19:52,modern,105.144,78.47,8.861810940319865,26.674000000000007,0.94,True,True,0.12062304984281425,True,24.006600000000006,2.039556518414681
VH-00472,471,4,A,22,ST-24,24,Paint,Paint quality gate,2026-09-02 06:54:51,legacy,82.117,73.87,2.5019554782191227,8.247,0.36,False,True,0.0014800313899301365,True,7.2848500000000005,0.6698524434817923
VH-00472,471,4,A,22,ST-30,30,Final Assembly,End-of-line quality,2026-09-02 07:03:30,partial,89.416,79.65,3.1938052884615225,9.765999999999991,0.6,True,True,0.056625911999789946,True,8.626633333333325,0.7356685499058373
VH-00472,471,4,A,22,ST-45,45,Final Assembly,Interior fit,2026-09-02 07:21:46,modern,125.055,78.47,15.547961665318303,46.58500000000001,0.94,True,True,0.14580982907685347,True,41.15008333333334,3.5619982158786803
VH-00473,472,4,A,23,ST-15,15,Body,Roof laser weld,2026-09-02 06:43:02,modern,71.857,63.77,2.043759918616474,8.086999999999996,0.94,False,True,0.04831770111933997,True,7.008733333333329,0.7608907009565623
VH-00473,472,4,A,23,ST-18,18,Paint,Paint quality gate,2026-09-02 06:47:03,legacy,81.188,71.99,2.880459893701514,9.198000000000008,0.36,True,True,0.03482248003067845,True,7.971600000000007,0.7666064731212675
VH-00473,472,4,A,23,ST-45,45,Final Assembly,Interior fit,2026-09-02 07:22:53,modern,119.131,78.47,13.55867147924574,40.661,0.86,True,True,0.1318609313953657,True,35.23953333333334,3.1090353001146935
VH-00474,473,4,A,24,ST-31,31,Final Assembly,Powertrain marriage,2026-09-02 07:06:23,partial,63.961,57.19,2.188494775273822,6.771000000000001,0.68,False,True,0.05492216314509901,True,5.755350000000001,0.7103689456198637
VH-00475,474,4,A,25,ST-15,15,Body,Roof laser weld,2026-09-02 06:45:13,modern,72.242,63.77,2.1549908443540136,8.472000000000001,0.94,False,True,0.053668589310914006,True,7.060000000000001,0.7971146307040929
VH-00475,474,4,A,25,ST-17,17,Paint,Clearcoat booth,2026-09-02 06:48:08,partial,106.598,97.71,2.8618238425352653,8.888000000000005,0.6,True,True,0.04536729894100722,True,7.406666666666671,0.545778323610685
VH-00475,474,4,A,25,ST-45,45,Final Assembly,Interior fit,2026-09-02 07:25:44,modern,129.434,78.47,17.018437986184562,50.964,0.94,True,True,0.14644061011291531,True,42.47,3.8968268127946986
VH-00477,476,4,A,27,ST-15,15,Body,Roof laser weld,2026-09-02 06:47:44,modern,71.544,63.77,1.9533306205493324,7.773999999999994,0.94,False,True,0.039569021612341326,True,6.219199999999995,0.731441116512466
VH-00477,476,4,A,27,ST-21,21,Paint,Oven cure,2026-09-02 06:56:19,modern,92.702,85.31,2.5072875155157783,7.391999999999996,0.94,False,True,0.0545569402763354,True,5.913599999999997,0.5198921580119561
VH-00477,476,4,A,27,ST-45,45,Final Assembly,Interior fit,2026-09-02 07:27:40,modern,121.123,78.47,14.227588773414638,42.653000000000006,0.94,True,True,0.14266359447531474,True,34.122400000000006,3.2613482859691607
VH-00478,477,4,A,28,ST-15,15,Body,Roof laser weld,2026-09-02 06:48:45,modern,73.768,63.77,2.5958697863682536,9.997999999999998,0.94,False,True,0.07114832841753538,True,7.831766666666665,0.9406931158852122
VH-00478,477,4,A,28,ST-17,17,Paint,Clearcoat booth,2026-09-02 06:51:39,partial,108.11,97.71,3.3668221094330106,10.400000000000006,0.6,True,True,0.06372118054874254,True,8.146666666666672,0.6386245010746089
VH-00478,477,4,A,28,ST-25,25,Paint,E-coat inspection,2026-09-02 07:03:30,partial,96.283,88.7,2.2453858112419485,7.582999999999998,0.6,False,True,0.00891573251400668,True,5.940016666666666,0.5129425028184892
VH-00479,478,4,A,29,ST-19,19,Paint,E-coat inspection,2026-09-02 06:55:27,legacy,91.875,82.43,3.0995033175355484,9.444999999999993,0.36,True,True,0.04481141302958713,True,7.241166666666661,0.6874924178090496
VH-00480,479,4,A,30,ST-15,15,Body,Roof laser weld,2026-09-02 06:51:27,modern,72.361,63.77,2.1893713123092526,8.591000000000001,0.94,False,True,0.05403916639399764,True,6.443250000000001,0.8083111180806022
VH-00480,479,4,A,30,ST-18,18,Paint,Paint quality gate,2026-09-02 06:55:33,legacy,80.86,71.99,2.7723355122487665,8.870000000000005,0.36,True,True,0.026622729176490223,True,6.652500000000003,0.739269342964301
VH-00481,480,4,A,31,ST-15,15,Body,Roof laser weld,2026-09-02 06:52:40,modern,79.317,63.77,4.199039674465907,15.54699999999999,0.94,True,True,0.09897818687531956,True,11.401133333333325,1.462788144895718
VH-00481,480,4,A,31,ST-21,21,Paint,Oven cure,2026-09-02 07:01:15,modern,91.487,85.31,2.078977591951395,6.1769999999999925,0.94,False,True,0.026356337937673335,True,4.5297999999999945,0.4344391044426205
VH-00482,481,4,A,32,ST-15,15,Body,Roof laser weld,2026-09-02 06:53:59,modern,76.491,63.77,3.382575788402839,12.720999999999997,0.94,True,True,0.08822495612268733,True,9.116716666666663,1.1968950917359256
VH-00483,482,4,A,33,ST-15,15,Body,Roof laser weld,2026-09-02 06:54:36,modern,75.531,63.77,3.105220752797552,11.761000000000003,0.94,True,True,0.08803039190522999,True,8.232700000000001,1.1065704876901366
VH-00483,482,4,A,33,ST-45,45,Final Assembly,Interior fit,2026-09-02 07:34:22,modern,104.788,78.47,8.742265480116988,26.317999999999998,0.94,True,True,0.12062304984281425,True,18.4226,2.0123359245571555
VH-00485,484,4,A,35,ST-14,14,Body,Side-frame marriage,2026-09-02 06:56:15,legacy,70.485,61.79,3.052062281496828,8.695,0.36,True,True,0.03662278585774781,True,5.796666666666667,0.844311377245509
VH-00486,485,4,A,36,ST-15,15,Body,Roof laser weld,2026-09-02 06:58:22,modern,72.461,63.77,2.2182624618514684,8.690999999999995,0.86,False,True,0.06419498878166874,True,5.649149999999997,0.8177199310020381
VH-00486,485,4,A,36,ST-18,18,Paint,Paint quality gate,2026-09-02 07:02:31,legacy,82.626,71.99,3.3544930050705664,10.63600000000001,0.36,True,True,0.05493674911034785,True,6.913400000000006,0.8864564522850404
VH-00487,486,4,A,37,ST-15,15,Body,Roof laser weld,2026-09-02 07:00:09,modern,77.812,63.77,3.7642278738555333,14.041999999999994,0.94,True,True,0.09327308261451683,True,8.893266666666664,1.3211855104281005
VH-00488,487,4,A,38,ST-15,15,Body,Roof laser weld,2026-09-02 07:00:56,modern,75.147,63.77,2.994278738555436,11.377000000000002,0.94,True,True,0.08340528485583809,True,7.015816666666668,1.0704406460718208
VH-00488,487,4,A,38,ST-18,18,Paint,Paint quality gate,2026-09-02 07:04:55,legacy,80.507,71.99,2.6559699431852946,8.51700000000001,0.36,False,True,0.015104585813024873,True,5.252150000000006,0.7098485900819568
VH-00488,487,4,A,38,ST-28,28,Paint,Basecoat booth,2026-09-02 07:19:56,partial,101.209,93.44,2.499386794839365,7.7690000000000055,0.6,False,True,0.02305250387282043,True,4.790883333333337,0.4988655821917812
VH-00489,488,4,A,39,ST-18,18,Paint,Paint quality gate,2026-09-02 07:06:06,legacy,81.236,71.99,2.8962829739141114,9.24600000000001,0.36,True,True,0.03500264240139406,True,5.547600000000005,0.7706070287539944
VH-00489,488,4,A,39,ST-20,20,Paint,Primer booth,2026-09-02 07:09:32,legacy,117.401,108.09,2.9181680621283874,9.310999999999993,0.36,True,True,0.036445698007527394,True,5.586599999999995,0.5168470718845403
VH-00489,488,4,A,39,ST-45,45,Final Assembly,Interior fit,2026-09-02 07:42:40,modern,118.166,78.47,13.234622689650868,39.696,0.86,True,True,0.1318609313953657,True,23.817600000000002,3.035249139798649
VH-00490,489,4,A,40,ST-45,45,Final Assembly,Interior fit,2026-09-02 07:43:09,modern,116.15,78.47,12.557646150973916,37.68000000000001,0.94,True,True,0.1360550430770825,True,21.980000000000004,2.881101057729069
VH-00491,490,4,A,41,ST-15,15,Body,Roof laser weld,2026-09-02 07:04:38,modern,75.821,63.77,3.1890050864699804,12.050999999999995,0.94,True,True,0.08803039190522999,True,6.828899999999996,1.1338560451623014
VH-00492,491,4,A,42,ST-07,7,Body,Underbody weld,2026-09-02 06:56:49,partial,71.4,65.55,2.0144783634933248,5.8500000000000085,0.68,False,True,0.04201192862538683,True,3.217500000000005,0.5354691075514882
VH-00492,491,4,A,42,ST-15,15,Body,Roof laser weld,2026-09-02 07:05:45,modern,76.01,63.77,3.243609359104774,12.240000000000002,0.94,True,True,0.08822495612268733,True,6.732000000000001,1.151638701583817
VH-00495,494,4,A,45,ST-16,16,Body,Door fit check,2026-09-02 07:10:33,manual_check,70.04,61.51,2.760475578906404,8.530000000000008,0.22,True,True,0.04804077980328658,True,4.265000000000004,0.8320598276702983
VH-00496,495,4,A,46,ST-15,15,Body,Roof laser weld,2026-09-02 07:10:40,modern,72.409,63.77,2.2032390640895176,8.639000000000003,0.86,False,True,0.06212466831317254,True,4.1755166666666685,0.8128273482828918
VH-00496,495,4,A,46,ST-17,17,Paint,Clearcoat booth,2026-09-02 07:13:31,partial,107.74,97.71,3.2432444912106773,10.030000000000001,0.68,True,True,0.10012924500328912,True,4.847833333333333,0.6159042063248389
VH-00497,496,4,A,47,ST-15,15,Body,Roof laser weld,2026-09-02 07:11:53,modern,73.529,63.77,2.526819938962352,9.758999999999993,0.94,False,True,0.0684937941525604,True,4.554199999999997,0.9182060530029788
VH-00498,497,4,A,48,ST-12,12,Body,Seam sealing prep,2026-09-02 07:09:24,modern,78.572,71.0,2.5310115045954165,7.572000000000003,0.94,False,True,0.055856522612354964,True,3.4074000000000013,0.6398873239436622
VH-00499,498,4,A,49,ST-15,15,Body,Roof laser weld,2026-09-02 07:13:48,modern,74.443,63.77,2.7908850457782215,10.672999999999995,0.86,True,True,0.08807583194473789,True,4.624966666666665,1.0042026031049076
VH-00502,501,4,A,52,ST-03,3,Body,Roof laser weld,2026-09-02 07:04:32,legacy,66.023,58.24,2.6555008392511246,7.782999999999994,0.36,False,True,0.0005789423603878019,True,2.9834833333333313,0.8018200549450543
VH-00503,502,4,A,53,ST-15,15,Body,Roof laser weld,2026-09-02 07:18:40,modern,73.295,63.77,2.4592146490335645,9.524999999999999,0.94,False,True,0.06528392336151179,True,3.4924999999999993,0.8961894307668181
VH-00504,503,4,A,54,ST-15,15,Body,Roof laser weld,2026-09-02 07:20:07,modern,75.128,63.77,2.988789420142413,11.357999999999997,0.94,True,True,0.08340528485583809,True,3.975299999999999,1.0686529716167474
VH-00505,504,4,A,55,ST-10,10,Body,Door fit check,2026-09-02 07:15:59,legacy,73.741,65.72,2.759981773305492,8.021,0.36,True,True,0.010025300308423524,True,2.673666666666667,0.7322884966524651
VH-00505,504,4,A,55,ST-15,15,Body,Roof laser weld,2026-09-02 07:21:45,modern,72.898,63.77,2.344516785350959,9.127999999999993,0.94,False,True,0.05847409961926686,True,3.042666666666664,0.858836443468715
VH-00509,508,4,A,59,ST-40,40,Final Assembly,Wheel torque,2026-09-02 07:58:34,partial,90.891,81.0,3.4749244130818293,9.891000000000005,0.6,True,True,0.05699809022340685,True,2.6376000000000013,0.732666666666667
VH-00509,508,4,A,59,ST-45,45,Final Assembly,Interior fit,2026-09-02 08:04:36,modern,85.797,78.47,2.365052461260812,7.326999999999998,0.94,False,True,0.049160942142000064,True,1.9538666666666662,0.560239582005862
VH-00510,509,4,A,60,ST-15,15,Body,Roof laser weld,2026-09-02 07:27:13,modern,73.094,63.77,2.4011434384537047,9.323999999999991,0.94,False,True,0.06396649827092349,True,2.3309999999999977,0.8772777167947302
VH-00512,511,4,A,62,ST-15,15,Body,Roof laser weld,2026-09-02 07:29:29,modern,72.69,63.77,2.2844231943031468,8.919999999999995,0.94,False,True,0.05735577421183391,True,1.9326666666666654,0.8392661125921274
VH-00514,513,4,A,64,ST-43,43,Final Assembly,Powertrain marriage,2026-09-02 08:08:51,manual_check,79.47,72.57,2.3472087397086727,6.900000000000006,0.22,False,True,0.006360108380472074,True,1.265000000000001,0.5704836709384048
VH-00515,514,4,A,65,ST-15,15,Body,Roof laser weld,2026-09-02 07:33:36,modern,80.108,63.77,4.427568667344852,16.338,0.94,True,True,0.09957092969391745,True,2.723,1.537211855104281
VH-00517,516,4,A,67,ST-21,21,Paint,Oven cure,2026-09-02 07:43:57,modern,90.887,85.31,1.8674665185862704,5.576999999999998,0.94,False,True,0.00836308802560104,True,0.7435999999999997,0.3922400656429491
VH-00519,518,4,A,69,ST-08,8,Body,Side-frame marriage,2026-09-02 07:30:29,legacy,74.652,66.68,2.681608962633919,7.971999999999994,0.36,False,True,0.0031351447940509702,True,0.7971999999999995,0.7173365326934608
VH-00519,518,4,A,69,ST-15,15,Body,Roof laser weld,2026-09-02 07:38:20,modern,73.781,63.77,2.599625635808743,10.011000000000003,0.94,False,True,0.07114832841753538,True,1.0011000000000003,0.9419162615649994
VH-00523,522,4,A,73,ST-15,15,Body,Roof laser weld,2026-09-02 07:42:34,modern,71.553,63.77,1.9559308240081321,7.782999999999994,0.94,False,True,0.039569021612341326,True,0.2594333333333331,0.7322879096753954
VH-00525,524,4,A,75,ST-15,15,Body,Roof laser weld,2026-09-02 07:45:02,modern,71.339,63.77,1.8941037639877867,7.5689999999999955,0.94,False,True,0.03501139540604947,True,0.0,0.7121530500235216
VH-00527,526,4,B,2,ST-45,45,Final Assembly,Interior fit,2026-09-02 15:27:20,modern,110.406,78.47,10.628800298711798,31.936000000000007,0.86,True,True,0.12256258508404227,True,38.85546666666667,2.441901363578438
VH-00528,527,4,B,3,ST-15,15,Body,Roof laser weld,2026-09-02 14:48:29,modern,71.213,63.77,1.8577009155645912,7.442999999999991,0.94,False,True,0.0320579649984134,True,8.931599999999987,0.7002979457425113
VH-00529,528,4,B,4,ST-17,17,Paint,Clearcoat booth,2026-09-02 14:52:36,partial,104.982,97.71,2.322090245110162,7.272000000000006,0.6,False,True,0.004375620748619524,True,8.605200000000005,0.4465459011360151
VH-00530,529,4,B,5,ST-44,44,Final Assembly,Battery connect,2026-09-02 15:28:44,manual_check,81.4,74.12,2.497723916119912,7.280000000000001,0.22,False,True,0.020775423415521854,True,8.493333333333334,0.5893146249325418
VH-00531,530,4,B,6,ST-15,15,Body,Roof laser weld,2026-09-02 14:52:28,modern,71.733,63.77,2.007934893184126,7.963000000000001,0.94,False,True,0.04589464401020349,True,9.157450000000003,0.7492237729339816
VH-00533,532,4,B,8,ST-18,18,Paint,Paint quality gate,2026-09-02 14:58:47,legacy,81.631,71.99,3.026493738163606,9.641000000000005,0.36,True,True,0.042438652001476895,True,10.765783333333339,0.8035282678149748
VH-00533,532,4,B,8,ST-45,45,Final Assembly,Interior fit,2026-09-02 15:34:21,modern,126.178,78.47,15.92506714792456,47.708,0.94,True,True,0.14644061011291531,True,53.273933333333325,3.647865426277558
VH-00534,533,4,B,9,ST-45,45,Final Assembly,Interior fit,2026-09-02 15:35:00,modern,84.747,78.47,2.0124605140332323,6.277000000000001,0.94,False,True,0.024366159230672868,True,6.904700000000001,0.4799541225946222
VH-00538,537,4,B,13,ST-17,17,Paint,Clearcoat booth,2026-09-02 15:03:46,partial,105.412,97.71,2.46570747709828,7.702000000000012,0.6,False,True,0.01952301189736949,True,7.958733333333346,0.4729505680073695
VH-00539,538,4,B,14,ST-21,21,Paint,Oven cure,2026-09-02 15:10:27,modern,92.245,85.31,2.3461865813026757,6.935000000000002,0.94,False,True,0.04238070835499863,True,7.050583333333336,0.4877505567928732
VH-00539,538,4,B,14,ST-45,45,Final Assembly,Interior fit,2026-09-02 15:41:07,modern,85.685,78.47,2.3274426535565387,7.215000000000003,0.94,False,True,0.04363012511477393,True,7.335250000000004,0.5516757996686634
VH-00540,539,4,B,15,ST-21,21,Paint,Oven cure,2026-09-02 15:11:40,modern,91.81,85.31,2.1928410531129576,6.5,0.94,False,True,0.033255504860814966,True,6.5,0.45715625366311097
VH-00541,540,4,B,16,ST-15,15,Body,Roof laser weld,2026-09-02 15:04:40,modern,72.454,63.77,2.216240081383512,8.68399999999999,0.94,False,True,0.05478092257739464,True,8.539266666666657,0.8170613140975371
VH-00542,541,4,B,17,ST-31,31,Final Assembly,Powertrain marriage,2026-09-02 15:28:26,partial,64.858,57.19,2.493178899660075,7.668000000000006,0.6,False,True,0.021991649632369548,True,7.412400000000006,0.8044763070466872
VH-00542,541,4,B,17,ST-42,42,Final Assembly,End-of-line quality,2026-09-02 15:41:50,legacy,72.851,63.83,3.041357227896483,9.021,0.36,True,True,0.038804512274257075,True,8.720300000000002,0.847971173429422
VH-00545,544,4,B,20,ST-12,12,Body,Seam sealing prep,2026-09-02 15:05:45,modern,76.994,71.0,1.9837470274439266,5.994,0.94,False,True,0.021832507046424365,True,5.4944999999999995,0.5065352112676056
VH-00546,545,4,B,21,ST-15,15,Body,Roof laser weld,2026-09-02 15:10:34,modern,71.212,63.77,1.8574120040691717,7.442,0.94,False,True,0.0320579649984134,True,6.6978,0.7002038576132977
VH-00547,546,4,B,22,ST-02,2,Body,Side-frame marriage,2026-09-02 14:57:34,legacy,67.449,58.57,3.203186190538932,8.878999999999998,0.36,True,True,0.04279669867864988,True,7.843116666666664,0.9095782823971315
VH-00547,546,4,B,22,ST-15,15,Body,Roof laser weld,2026-09-02 15:11:40,modern,71.429,63.77,1.9201057985757837,7.658999999999999,0.94,False,True,0.03902497478670641,True,6.7654499999999995,0.7206209816528146
VH-00547,546,4,B,22,ST-19,19,Paint,E-coat inspection,2026-09-02 15:17:08,legacy,91.36,82.43,2.9238988941548216,8.929999999999993,0.36,True,True,0.03337232126702172,True,7.8881666666666606,0.6500060657527593
VH-00552,551,4,B,27,ST-23,23,Paint,Clearcoat booth,2026-09-02 15:29:12,modern,88.216,81.67,2.0187820591483487,6.545999999999992,0.94,False,True,0.028064199691899105,True,5.2367999999999935,0.4809109832251739
VH-00553,552,4,B,28,ST-45,45,Final Assembly,Interior fit,2026-09-02 15:58:31,modern,119.51,78.47,13.685940382102174,41.040000000000006,0.94,True,True,0.14063443272738496,True,32.148,3.1380145278450366
VH-00554,553,4,B,29,ST-05,5,Body,Dimensional clamp,2026-09-02 15:09:14,manual_check,78.807,71.05,2.660606171548119,7.757000000000005,0.22,False,True,0.035058858845438245,True,5.947033333333337,0.6550598170302608
VH-00555,554,4,B,30,ST-12,12,Body,Seam sealing prep,2026-09-02 15:17:57,modern,76.723,71.0,1.889761809884957,5.722999999999999,0.94,False,True,0.013224846091554388,True,4.292249999999999,0.4836338028169013
VH-00555,554,4,B,30,ST-45,45,Final Assembly,Interior fit,2026-09-02 16:00:30,modern,122.104,78.47,14.557010392681548,43.634,0.94,True,True,0.14496958395222903,True,32.7255,3.336357843761947
VH-00557,556,4,B,32,ST-15,15,Body,Roof laser weld,2026-09-02 15:23:04,modern,73.918,63.77,2.6392065106815816,10.148000000000003,0.94,False,True,0.0720988164671934,True,7.272733333333336,0.9548063352673674
VH-00557,556,4,B,32,ST-23,23,Paint,Clearcoat booth,2026-09-02 15:34:35,modern,88.632,81.67,2.1565128236593347,6.962000000000003,0.94,False,True,0.03925830075042103,True,4.989433333333336,0.5114730011019961
VH-00558,557,4,B,33,ST-17,17,Paint,Clearcoat booth,2026-09-02 15:26:52,partial,107.267,97.71,3.085265536023751,9.557000000000002,0.6,True,True,0.054763649002251835,True,6.689900000000002,0.5868590727663495
VH-00559,558,4,B,34,ST-16,16,Body,Door fit check,2026-09-02 15:27:06,manual_check,68.783,61.51,2.32052150223779,7.273000000000003,0.22,False,True,0.01099066288749817,True,4.969883333333336,0.7094456185986022
VH-00559,558,4,B,34,ST-23,23,Paint,Clearcoat booth,2026-09-02 15:37:28,modern,89.967,81.67,2.5985093876549135,8.296999999999997,0.94,False,True,0.06165256767891558,True,5.669616666666665,0.6095506305865065
VH-00560,559,4,B,35,ST-45,45,Final Assembly,Interior fit,2026-09-02 16:05:37,modern,84.513,78.47,1.9338828800796592,6.043000000000006,0.94,False,True,0.01954044947692568,True,4.028666666666671,0.4620619344972606
VH-00566,565,4,B,41,ST-15,15,Body,Roof laser weld,2026-09-02 15:34:29,modern,71.141,63.77,1.8368992878941979,7.371000000000002,0.94,False,True,0.03134079397284795,True,4.176900000000002,0.6935236004390781
VH-00568,567,4,B,43,ST-17,17,Paint,Clearcoat booth,2026-09-02 15:39:07,partial,106.138,97.71,2.7081868036642605,8.428000000000011,0.6,True,True,0.034446998463606104,True,4.494933333333339,0.5175314706785392
VH-00571,570,4,B,46,ST-44,44,Final Assembly,Battery connect,2026-09-02 16:17:14,manual_check,82.905,74.12,3.0201078090827327,8.784999999999997,0.22,True,True,0.058080297678399284,True,4.246083333333332,0.7111440906637881
VH-00575,574,4,B,50,ST-29,29,Final Assembly,ADAS calibration,2026-09-02 16:04:38,legacy,80.928,72.71,2.612757774749094,8.218000000000004,0.36,False,True,0.004716755998447564,True,3.4241666666666686,0.6781460596891765
VH-00584,583,4,B,59,ST-07,7,Body,Underbody weld,2026-09-02 15:47:02,partial,73.95,65.55,2.916642014162091,8.400000000000006,0.6,True,True,0.039718283435430046,True,2.2400000000000015,0.7688787185354696
VH-00585,584,4,B,60,ST-07,7,Body,Underbody weld,2026-09-02 15:48:13,partial,73.122,65.55,2.6237041699449373,7.572000000000003,0.68,False,True,0.07693037965758653,True,1.8930000000000007,0.6930892448512589
VH-00586,585,4,B,61,ST-12,12,Body,Seam sealing prep,2026-09-02 15:55:17,modern,79.76,71.0,2.943020502603002,8.760000000000005,0.94,True,True,0.07241027681670509,True,2.0440000000000014,0.7402816901408455
VH-00586,585,4,B,61,ST-15,15,Body,Roof laser weld,2026-09-02 15:58:37,modern,71.587,63.77,1.9657538148524878,7.817,0.94,False,True,0.04084018329838235,True,1.8239666666666667,0.7354869060686843
VH-00586,585,4,B,61,ST-36,36,Final Assembly,End-of-line quality,2026-09-02 16:27:01,manual_check,85.801,78.11,2.6004228406669267,7.6910000000000025,0.22,False,True,0.03361880260368155,True,1.7945666666666673,0.5907822301881963
VH-00589,588,4,B,64,ST-40,40,Final Assembly,Wheel torque,2026-09-02 16:35:13,partial,88.712,81.0,2.6771306825892247,7.712000000000003,0.6,False,True,0.025571378775000153,True,1.4138666666666673,0.5712592592592595
VH-00590,589,4,B,65,ST-45,45,Final Assembly,Interior fit,2026-09-02 16:41:26,modern,84.278,78.47,1.8549694442715818,5.808000000000007,0.94,False,True,0.011547794383495402,True,0.9680000000000012,0.4440932840576022
VH-00597,596,4,B,72,ST-45,45,Final Assembly,Interior fit,2026-09-02 16:49:54,modern,89.368,78.47,3.564200883689088,10.897999999999996,0.94,True,True,0.08975443858236132,True,0.5448999999999998,0.8332866063463741
VH-00607,606,5,A,7,ST-07,7,Body,Underbody weld,2026-09-03 06:14:53,partial,72.743,65.55,2.4896178861788716,7.192999999999998,0.6,False,True,0.008691284485816131,True,8.152066666666665,0.6583981693363843
VH-00608,607,5,A,8,ST-28,28,Paint,Basecoat booth,2026-09-03 06:43:57,partial,102.467,93.44,2.9286916266126997,9.027000000000001,0.68,True,True,0.09248417408035181,True,10.080150000000001,0.579644691780822
VH-00612,611,5,A,12,ST-35,35,Final Assembly,ADAS calibration,2026-09-03 06:56:12,partial,65.472,59.24,2.1522126522900487,6.231999999999992,0.68,False,True,0.0501998820556907,True,6.5435999999999925,0.6311951384199856
VH-00614,613,5,A,14,ST-07,7,Body,Underbody weld,2026-09-03 06:23:23,partial,74.254,65.55,3.024194072908486,8.704000000000008,0.6,True,True,0.04796036788801561,True,8.849066666666674,0.7967048054919916
VH-00618,617,5,A,18,ST-33,33,Final Assembly,Interior fit,2026-09-03 07:00:19,legacy,78.369,70.24,2.7053551425031,8.129000000000005,0.36,True,True,0.005060829797061017,True,7.7225500000000045,0.6943906605922556
VH-00621,620,5,A,21,ST-12,12,Body,Seam sealing prep,2026-09-03 06:36:59,modern,77.26,71.0,2.0759982003984887,6.260000000000005,0.94,False,True,0.026319454913419138,True,5.634000000000005,0.5290140845070427
VH-00624,623,5,A,24,ST-40,40,Final Assembly,Wheel torque,2026-09-03 07:16:22,partial,87.301,81.0,2.160523544578639,6.301000000000002,0.68,False,True,0.05038420664550958,True,5.355850000000002,0.4667407407407409
VH-00626,625,5,A,26,ST-21,21,Paint,Oven cure,2026-09-03 06:54:54,modern,92.495,85.31,2.434316195204812,7.185000000000002,0.94,False,True,0.047145017588747784,True,5.867750000000002,0.5053334896260697
VH-00639,638,5,A,39,ST-07,7,Body,Underbody weld,2026-09-03 06:53:24,partial,73.901,65.55,2.8993063204825713,8.350999999999999,0.6,True,True,0.03841168336107936,True,5.010599999999999,0.7643935926773455
VH-00639,638,5,A,39,ST-28,28,Paint,Basecoat booth,2026-09-03 07:21:05,partial,103.325,93.44,3.221492537313434,9.885000000000005,0.68,True,True,0.09953604907046132,True,5.931000000000003,0.6347388698630141
VH-00639,638,5,A,39,ST-43,43,Final Assembly,Powertrain marriage,2026-09-03 07:39:09,manual_check,80.257,72.57,2.6161544015199474,7.687000000000012,0.22,False,True,0.03361880260368155,True,4.612200000000007,0.6355518809425392
VH-00640,639,5,A,40,ST-21,21,Paint,Oven cure,2026-09-03 07:11:23,modern,90.725,85.31,1.810358528777684,5.414999999999992,0.86,False,True,0.009178277029244786,True,3.1587499999999955,0.3808463251670373
VH-00643,642,5,A,43,ST-45,45,Final Assembly,Interior fit,2026-09-03 07:45:05,modern,111.056,78.47,10.847071504138393,32.586,0.94,True,True,0.12736393972311233,True,17.3792,2.49160188607111
VH-00646,645,5,A,46,ST-21,21,Paint,Oven cure,2026-09-03 07:18:58,modern,90.738,85.31,1.8149412687005968,5.427999999999997,0.94,False,True,0.0056286545672386,True,2.623533333333332,0.38176063767436386
VH-00647,646,5,A,47,ST-35,35,Final Assembly,ADAS calibration,2026-09-03 07:37:38,partial,66.113,59.24,2.3775586683171532,6.8729999999999976,0.68,False,True,0.06007205919402159,True,3.207399999999999,0.6961174881836594
VH-00647,646,5,A,47,ST-40,40,Final Assembly,Wheel torque,2026-09-03 07:43:49,partial,86.673,81.0,1.9305949246844878,5.673000000000002,0.68,False,True,0.035210843442324724,True,2.6474000000000006,0.42022222222222233
VH-00650,649,5,A,50,ST-01,1,Body,Underbody weld,2026-09-03 07:00:09,legacy,81.058,73.06,2.8348732712765963,7.998000000000005,0.36,True,True,0.013247939381542229,True,3.332500000000002,0.6568300027374764
VH-00653,652,5,A,53,ST-07,7,Body,Underbody weld,2026-09-03 07:10:15,partial,72.707,65.55,2.4768814581694296,7.1569999999999965,0.6,False,True,0.007135585969586522,True,2.624233333333332,0.655102974828375
VH-00654,653,5,A,54,ST-29,29,Final Assembly,ADAS calibration,2026-09-03 07:39:51,legacy,83.033,72.71,3.3164239871143515,10.323000000000008,0.36,True,True,0.05493674911034785,True,3.6130500000000025,0.8518498143309042
VH-00655,654,5,A,55,ST-21,21,Paint,Oven cure,2026-09-03 07:29:22,modern,92.864,85.31,2.5643955053243648,7.554000000000002,0.94,False,True,0.05641424058096822,True,2.5180000000000007,0.5312858984878679
VH-00656,655,5,A,56,ST-10,10,Body,Door fit check,2026-09-03 07:16:42,legacy,74.32,65.72,2.957708752610597,8.599999999999994,0.36,True,True,0.029958690425577972,True,2.7233333333333314,0.7851491174680457
VH-00658,657,5,A,58,ST-05,5,Body,Dimensional clamp,2026-09-03 07:14:06,manual_check,79.649,71.05,2.9576401673640182,8.599000000000004,0.22,True,True,0.05379833525894284,True,2.436383333333334,0.7261646727656583
VH-00658,657,5,A,58,ST-08,8,Body,Side-frame marriage,2026-09-03 07:17:29,legacy,76.205,66.68,3.2290343611183707,9.524999999999991,0.36,True,True,0.048298694766235495,True,2.6987499999999973,0.8570785842831425
VH-00659,658,5,A,59,ST-45,45,Final Assembly,Interior fit,2026-09-03 08:05:06,modern,117.372,78.47,12.967996017175917,38.902,0.86,True,True,0.13124198284855182,True,10.373866666666666,2.9745380400152928
VH-00665,664,5,A,65,ST-36,36,Final Assembly,End-of-line quality,2026-09-03 08:01:27,manual_check,85.765,78.11,2.5882468346496266,7.655000000000001,0.22,False,True,0.03289994282616804,True,1.2758333333333336,0.5880168992446551
VH-00666,665,5,A,66,ST-12,12,Body,Seam sealing prep,2026-09-03 07:31:13,modern,77.784,71.0,2.257726074940555,6.784000000000006,0.94,False,True,0.040406615798238565,True,1.017600000000001,0.5732957746478878
VH-00666,665,5,A,66,ST-40,40,Final Assembly,Wheel torque,2026-09-03 08:07:02,partial,88.368,81.0,2.551182521373317,7.367999999999995,0.6,False,True,0.017718652573542104,True,1.1051999999999993,0.5457777777777774
VH-00670,669,5,A,70,ST-07,7,Body,Underbody weld,2026-09-03 07:30:29,partial,74.44,65.55,3.089998950957264,8.89,0.6,True,True,0.050536955824275975,True,0.7408333333333333,0.8137299771167049
VH-00670,669,5,A,70,ST-22,22,Paint,Basecoat booth,2026-09-03 07:49:21,legacy,98.277,89.97,2.69206025915209,8.307000000000002,0.36,False,True,0.008115038159897559,True,0.6922500000000001,0.5539846615538514
VH-00675,674,5,A,75,ST-17,17,Paint,Clearcoat booth,2026-09-03 07:48:23,partial,106.008,97.71,2.6647676405050595,8.298000000000002,0.6,False,True,0.029490990959503804,True,0.0,0.509548664415106
VH-00676,675,5,B,1,ST-02,2,Body,Side-frame marriage,2026-09-03 14:32:18,legacy,67.055,58.57,3.0631134536829596,8.485000000000007,0.36,True,True,0.032356658575429686,True,10.46483333333334,0.8692163223493262
VH-00678,677,5,B,3,ST-36,36,Final Assembly,End-of-line quality,2026-09-03 15:16:40,manual_check,86.615,78.11,2.875735865613647,8.504999999999995,0.22,True,True,0.05065591985037732,True,10.205999999999994,0.6533094354115987
VH-00681,680,5,B,6,ST-27,27,Paint,Oven cure,2026-09-03 15:10:04,legacy,89.579,81.38,2.670681525823083,8.198999999999998,0.36,False,True,0.004716755998447564,True,9.428849999999999,0.6044974195133939
VH-00686,685,5,B,11,ST-21,21,Paint,Oven cure,2026-09-03 15:06:30,modern,91.958,85.31,2.245013784543021,6.647999999999996,0.94,False,True,0.03762952549562337,True,7.091199999999996,0.4675653499003631
VH-00687,686,5,B,12,ST-17,17,Paint,Clearcoat booth,2026-09-03 15:02:12,partial,103.787,97.71,1.9229679376083093,6.077000000000012,0.68,False,True,0.03841765235717054,True,6.380850000000013,0.37316548971446195
VH-00691,690,5,B,16,ST-40,40,Final Assembly,Wheel torque,2026-09-03 15:37:33,partial,90.728,81.0,3.4152454878545218,9.727999999999994,0.6,True,True,0.05699809022340685,True,9.565866666666661,0.7205925925925922
VH-00691,690,5,B,16,ST-45,45,Final Assembly,Interior fit,2026-09-03 15:43:33,modern,84.489,78.47,1.9258236355715999,6.0190000000000055,0.94,False,True,0.01936447114326556,True,5.918683333333338,0.46022683828214644
VH-00693,692,5,B,18,ST-05,5,Body,Dimensional clamp,2026-09-03 14:56:02,manual_check,79.637,71.05,2.953406903765692,8.587000000000003,0.22,True,True,0.05361308681306409,True,8.157650000000002,0.7251513019000707
VH-00703,702,5,B,28,ST-45,45,Final Assembly,Interior fit,2026-09-03 15:58:03,modern,84.296,78.47,1.8610138776526264,5.826000000000008,0.94,False,True,0.01256584665287852,True,4.563700000000006,0.4454696062189378
VH-00717,716,5,B,42,ST-16,16,Body,Door fit check,2026-09-03 15:36:30,manual_check,68.829,61.51,2.336621651423751,7.3189999999999955,0.22,False,True,0.012207633224594172,True,4.0254499999999975,0.7139326938709148
VH-00720,719,5,B,45,ST-35,35,Final Assembly,ADAS calibration,2026-09-03 16:06:01,partial,65.038,59.24,1.9996382826242736,5.797999999999995,0.68,False,True,0.04146589919975607,True,2.898999999999997,0.5872383524645505
VH-00723,722,5,B,48,ST-39,39,Final Assembly,Interior fit,2026-09-03 16:14:33,legacy,74.149,66.49,2.7352010921501755,7.659000000000006,0.36,True,True,0.005837612474683729,True,3.446550000000003,0.6911415250413602
VH-00724,723,5,B,49,ST-44,44,Final Assembly,Battery connect,2026-09-03 16:22:15,manual_check,82.165,74.12,2.7632545992538384,8.045000000000002,0.22,True,True,0.04047414804157434,True,3.4861666666666675,0.6512412304371291
VH-00727,726,5,B,52,ST-12,12,Body,Seam sealing prep,2026-09-03 15:44:20,modern,76.555,71.0,1.8314979111768164,5.555000000000007,0.94,False,True,0.006698696595280107,True,2.1294166666666694,0.4694366197183104
VH-00728,727,5,B,53,ST-06,6,Body,Seam sealing prep,2026-09-03 15:38:55,legacy,65.466,57.43,2.70809965147799,8.035999999999994,0.36,True,True,0.006279594573922576,True,2.946533333333331,0.8395612049451501
VH-00729,728,5,B,54,ST-21,21,Paint,Oven cure,2026-09-03 15:58:21,modern,92.246,85.31,2.3465390997582807,6.935999999999993,0.94,False,True,0.04238070835499863,True,2.4275999999999973,0.4878208885242053
VH-00744,743,5,B,69,ST-28,28,Paint,Basecoat booth,2026-09-03 16:26:40,partial,101.277,93.44,2.5225924614217066,7.837000000000003,0.6,False,True,0.023406504930721272,True,0.7837000000000003,0.5032320205479455
VH-00753,752,6,A,3,ST-23,23,Paint,Clearcoat booth,2026-09-04 06:30:44,modern,87.949,81.67,1.9303827463492338,6.278999999999996,0.94,False,True,0.020150686463904055,True,7.534799999999995,0.46129545732827204
VH-00754,753,6,A,4,ST-12,12,Body,Seam sealing prep,2026-09-04 06:16:57,modern,76.984,71.0,1.9802789382351067,5.983999999999995,0.94,False,True,0.021126399479335922,True,7.08106666666666,0.50569014084507
VH-00756,755,6,A,6,ST-39,39,Final Assembly,Interior fit,2026-09-04 06:54:04,legacy,74.833,66.49,2.987137201365192,8.343000000000004,0.36,True,True,0.02222015905568575,True,9.594450000000004,0.7528650924951125
VH-00756,755,6,A,6,ST-40,40,Final Assembly,Wheel torque,2026-09-04 06:55:33,partial,89.447,81.0,2.946235038675532,8.447000000000003,0.6,True,True,0.04117155982416676,True,9.714050000000004,0.6257037037037039
VH-00758,757,6,A,8,ST-45,45,Final Assembly,Interior fit,2026-09-04 07:04:13,modern,144.273,78.47,22.001401705146534,65.803,0.86,True,True,0.13849441225574977,True,73.48001666666666,5.0314515101312605
VH-00761,760,6,A,11,ST-43,43,Final Assembly,Powertrain marriage,2026-09-04 07:04:31,manual_check,80.356,72.57,2.6499861937935347,7.786000000000001,0.22,False,True,0.03469855243557962,True,8.305066666666669,0.6437370814386112
VH-00764,763,6,A,14,ST-08,8,Body,Side-frame marriage,2026-09-04 06:24:29,legacy,74.534,66.68,2.6400145022210646,7.853999999999999,0.36,False,True,0.0022779133869770263,True,7.984899999999999,0.7067186562687461
VH-00769,768,6,A,19,ST-30,30,Final Assembly,End-of-line quality,2026-09-04 06:58:11,partial,87.076,79.65,2.3950552884615237,7.425999999999988,0.6,False,True,0.009691007091597426,True,6.930933333333322,0.5593973634651591
VH-00777,776,6,A,27,ST-35,35,Final Assembly,ADAS calibration,2026-09-04 07:14:31,partial,67.613,59.24,2.904889439051402,8.372999999999998,0.6,True,True,0.03859281722559105,True,6.698399999999998,0.8480418636056716
VH-00778,777,6,A,28,ST-12,12,Body,Seam sealing prep,2026-09-04 06:45:09,modern,78.034,71.0,2.3444283051610064,7.034000000000006,0.94,False,True,0.04219854949507229,True,5.509966666666672,0.5944225352112681
VH-00786,785,6,A,36,ST-04,4,Body,Door fit check,2026-09-04 06:46:27,manual_check,75.266,68.4,2.300952937227261,6.866,0.22,False,True,0.00429017629901185,True,4.4629,0.6022807017543859
VH-00787,786,6,A,37,ST-06,6,Body,Seam sealing prep,2026-09-04 06:49:53,legacy,65.358,57.43,2.6704871563185772,7.928000000000004,0.36,False,True,0.002449266882385115,True,5.02106666666667,0.8282779035347384
VH-00789,788,6,A,39,ST-04,4,Body,Door fit check,2026-09-04 06:50:03,manual_check,75.232,68.4,2.288635783820075,6.831999999999994,0.22,False,True,0.0035674427241561,True,4.099199999999996,0.5992982456140344
VH-00789,788,6,A,39,ST-05,5,Body,Dimensional clamp,2026-09-04 06:51:22,manual_check,79.632,71.05,2.9516430439330574,8.582000000000008,0.22,True,True,0.05361308681306409,True,5.149200000000005,0.7247290640394095
VH-00793,792,6,A,43,ST-45,45,Final Assembly,Interior fit,2026-09-04 07:46:29,modern,85.476,78.47,2.257260065965524,7.006,0.94,False,True,0.04131547684586845,True,3.7365333333333335,0.5356951701287116
VH-00794,793,6,A,44,ST-23,23,Paint,Clearcoat booth,2026-09-04 07:19:39,modern,90.22,81.67,2.682273530494525,8.549999999999997,0.94,False,True,0.06514055298331245,True,4.417499999999999,0.628137627035631
VH-00795,794,6,A,45,ST-18,18,Paint,Paint quality gate,2026-09-04 07:13:15,legacy,80.601,71.99,2.686956808601628,8.611000000000004,0.36,False,True,0.016386631698988352,True,4.305500000000003,0.7176830115293795
VH-00796,795,6,A,46,ST-13,13,Body,Underbody weld,2026-09-04 07:08:09,legacy,69.84,61.64,2.7242917261498323,8.200000000000003,0.36,True,True,0.010061268756321073,True,3.9633333333333343,0.7981829980532125
VH-00796,795,6,A,46,ST-16,16,Body,Door fit check,2026-09-04 07:11:27,manual_check,69.029,61.51,2.406622300058376,7.518999999999998,0.22,False,True,0.018866193897474126,True,3.6341833333333327,0.7334417167940172
VH-00798,797,6,A,48,ST-12,12,Body,Seam sealing prep,2026-09-04 07:09:36,modern,78.447,71.0,2.4876603894851907,7.447000000000003,0.94,False,True,0.05437148655352608,True,3.3511500000000014,0.6293239436619721
VH-00801,800,6,A,51,ST-03,3,Body,Roof laser weld,2026-09-04 07:03:22,legacy,66.817,58.24,2.93209373789541,8.576999999999991,0.36,True,True,0.028649758564574745,True,3.4307999999999965,0.8836195054945045
VH-00801,800,6,A,51,ST-05,5,Body,Dimensional clamp,2026-09-04 07:05:50,manual_check,78.026,71.05,2.385091265690376,6.975999999999999,0.22,False,True,0.00789236456173581,True,2.7903999999999995,0.5891062631949331
VH-00802,801,6,A,52,ST-04,4,Body,Door fit check,2026-09-04 07:05:39,manual_check,75.853,68.4,2.5136049681101036,7.452999999999989,0.22,False,True,0.025852585130679007,True,2.8569833333333294,0.6537719298245603
VH-00802,801,6,A,52,ST-17,17,Paint,Clearcoat booth,2026-09-04 07:20:32,partial,105.446,97.71,2.477063258232221,7.736000000000004,0.6,False,True,0.021108919375112056,True,2.9654666666666687,0.47503837887626676
VH-00802,801,6,A,52,ST-30,30,Final Assembly,End-of-line quality,2026-09-04 07:39:13,partial,87.857,79.65,2.661646634615371,8.206999999999994,0.6,False,True,0.028241309303732365,True,3.146016666666664,0.6182297551789072
VH-00811,810,6,A,61,ST-04,4,Body,Door fit check,2026-09-04 07:16:23,manual_check,77.255,68.4,3.0215064115474997,8.85499999999999,0.22,True,True,0.058080297678399284,True,2.0661666666666645,0.7767543859649113
VH-00811,810,6,A,61,ST-35,35,Final Assembly,ADAS calibration,2026-09-04 07:55:27,partial,65.477,59.24,2.153970421525833,6.237000000000002,0.68,False,True,0.0501998820556907,True,1.4553000000000005,0.6317015530047267
VH-00814,813,6,A,64,ST-27,27,Paint,Oven cure,2026-09-04 07:49:29,legacy,90.552,81.38,3.0050321594599714,9.172000000000011,0.36,True,True,0.037349195621605324,True,1.6815333333333353,0.6762349471614656
VH-00815,814,6,A,65,ST-23,23,Paint,Clearcoat booth,2026-09-04 07:44:32,modern,89.721,81.67,2.517062829795055,8.051000000000002,0.94,False,True,0.059220659386431396,True,1.3418333333333337,0.5914778988612711
VH-00828,827,6,B,3,ST-34,34,Final Assembly,Wheel torque,2026-09-04 15:14:10,legacy,84.421,75.9,3.0434135637385973,8.521,0.36,True,True,0.031877110583431234,True,10.225200000000001,0.6735968379446641
VH-00828,827,6,B,3,ST-36,36,Final Assembly,End-of-line quality,2026-09-04 15:16:39,manual_check,85.033,78.11,2.3406680456311983,6.923000000000002,0.22,False,True,0.006360108380472074,True,8.307600000000003,0.5317885033926515
VH-00831,830,6,B,6,ST-07,7,Body,Underbody weld,2026-09-04 14:43:38,partial,72.788,65.55,2.505538421190674,7.2379999999999995,0.6,False,True,0.010763860061338448,True,8.323699999999999,0.6625171624713959
VH-00831,830,6,B,6,ST-21,21,Paint,Oven cure,2026-09-04 15:01:08,modern,92.121,85.31,2.302474292807213,6.810999999999993,0.94,False,True,0.041106630996735394,True,7.832649999999991,0.479029422107607
VH-00831,830,6,B,6,ST-26,26,Paint,Primer booth,2026-09-04 15:08:15,partial,97.36,89.14,2.5015919946792464,8.219999999999999,0.6,False,True,0.02517938722168034,True,9.453,0.5532869643257796
VH-00832,831,6,B,7,ST-12,12,Body,Seam sealing prep,2026-09-04 14:50:40,modern,77.069,71.0,2.009757696510063,6.069000000000003,0.94,False,True,0.024106350133002885,True,6.878200000000003,0.5128732394366199
VH-00832,831,6,B,7,ST-45,45,Final Assembly,Interior fit,2026-09-04 15:33:42,modern,118.575,78.47,13.371965648142375,40.105000000000004,0.94,True,True,0.1395912668762873,True,45.452333333333335,3.066522237797885
VH-00835,834,6,B,10,ST-17,17,Paint,Clearcoat booth,2026-09-04 14:59:54,partial,106.399,97.71,2.7953591235454174,8.689000000000007,0.6,True,True,0.04295476885472249,True,9.41308333333334,0.5335584894074307
VH-00835,834,6,B,10,ST-40,40,Final Assembly,Wheel torque,2026-09-04 15:29:57,partial,86.342,81.0,1.8094064323517414,5.341999999999999,0.68,False,True,0.02984081210948275,True,5.787166666666665,0.3957037037037036
VH-00836,835,6,B,11,ST-12,12,Body,Seam sealing prep,2026-09-04 14:55:23,modern,78.04,71.0,2.346509158686297,7.040000000000006,0.94,False,True,0.04256291652007327,True,7.50933333333334,0.5949295774647892
VH-00839,838,6,B,14,ST-45,45,Final Assembly,Interior fit,2026-09-04 15:41:22,modern,129.262,78.47,16.96068006721014,50.792,0.94,True,True,0.14644061011291531,True,51.638533333333335,3.8836752899197147
VH-00841,840,6,B,16,ST-31,31,Final Assembly,Powertrain marriage,2026-09-04 15:26:59,partial,64.432,57.19,2.3484794158378413,7.242000000000004,0.68,False,True,0.06285892457844766,True,7.121300000000004,0.7597831788774266
VH-00842,841,6,B,17,ST-28,28,Paint,Basecoat booth,2026-09-04 15:24:23,partial,100.999,93.44,2.4277222362762454,7.5589999999999975,0.6,False,True,0.013526082575497367,True,7.307033333333331,0.4853809931506848
VH-00852,851,6,B,27,ST-34,34,Final Assembly,Wheel torque,2026-09-04 15:43:36,legacy,84.652,75.9,3.128888157443594,8.751999999999995,0.36,True,True,0.040794423515914224,True,7.001599999999996,0.691857707509881
VH-00854,853,6,B,29,ST-12,12,Body,Seam sealing prep,2026-09-04 15:16:41,modern,79.665,71.0,2.910073655119231,8.665000000000006,0.94,True,True,0.0716494465116877,True,6.643166666666671,0.7322535211267611
VH-00857,856,6,B,32,ST-02,2,Body,Side-frame marriage,2026-09-04 15:09:32,legacy,66.346,58.57,2.811053630254312,7.776000000000003,0.36,True,True,0.009783564052694316,True,5.572800000000003,0.7965852825678679
VH-00866,865,6,B,41,ST-35,35,Final Assembly,ADAS calibration,2026-09-04 16:01:14,partial,65.38,59.24,2.119869698351682,6.1399999999999935,0.68,False,True,0.048175600538176266,True,3.4793333333333294,0.6218771100607691
VH-00867,866,6,B,42,ST-09,9,Body,Roof laser weld,2026-09-04 15:29:04,legacy,69.398,61.33,2.8043340013360036,8.067999999999998,0.36,True,True,0.012239083623819536,True,4.4373999999999985,0.7893037665090492
VH-00870,869,6,B,45,ST-12,12,Body,Seam sealing prep,2026-09-04 15:35:57,modern,76.538,71.0,1.8256021595218221,5.537999999999997,0.94,False,True,0.006698696595280107,True,2.7689999999999984,0.4679999999999997
VH-00872,871,6,B,47,ST-45,45,Final Assembly,Interior fit,2026-09-04 16:19:42,modern,103.056,78.47,8.160656668118731,24.586,0.94,True,True,0.1167691536132418,True,11.473466666666665,1.8799031476997579
VH-00873,872,6,B,48,ST-20,20,Paint,Primer booth,2026-09-04 15:50:10,legacy,116.795,108.09,2.7197712656231103,8.704999999999998,0.36,True,True,0.02378218190340886,True,3.9172499999999997,0.48320843741326663
VH-00877,876,6,B,52,ST-23,23,Paint,Clearcoat booth,2026-09-04 15:58:40,modern,88.482,81.67,2.1068502883789306,6.811999999999998,0.94,False,True,0.0374473675712087,True,2.6112666666666655,0.5004530427329494
VH-00881,880,6,B,56,ST-45,45,Final Assembly,Interior fit,2026-09-04 16:31:24,modern,84.578,78.47,1.9557100006223183,6.108000000000004,0.94,False,True,0.020597320207672465,True,1.9342000000000013,0.4670319867465276
VH-00883,882,6,B,58,ST-45,45,Final Assembly,Interior fit,2026-09-04 16:35:08,modern,129.584,78.47,17.068808264359934,51.114000000000004,0.94,True,True,0.14644061011291531,True,14.482300000000002,3.908296164139162
VH-00886,885,6,B,61,ST-25,25,Paint,E-coat inspection,2026-09-04 16:12:37,partial,97.569,88.7,2.6479182087127993,8.869,0.6,False,True,0.037438080580130206,True,2.0694333333333335,0.5999323562570462
VH-00887,886,6,B,62,ST-30,30,Final Assembly,End-of-line quality,2026-09-04 16:20:22,partial,87.547,79.65,2.555829326923063,7.896999999999991,0.6,False,True,0.024115082135339527,True,1.7110166666666649,0.5948775894538599
VH-00891,890,6,B,66,ST-31,31,Final Assembly,Powertrain marriage,2026-09-04 16:26:17,partial,64.777,57.19,2.465665617524861,7.587000000000003,0.68,False,True,0.07234846380092075,True,1.1380500000000005,0.795978317887743
VH-00894,893,6,B,69,ST-36,36,Final Assembly,End-of-line quality,2026-09-04 16:36:17,manual_check,86.304,78.11,2.770548702519754,8.194000000000003,0.22,True,True,0.041019371933927795,True,0.8194000000000002,0.6294200486493409
VH-00895,894,6,B,70,ST-23,23,Paint,Clearcoat booth,2026-09-04 16:21:16,modern,89.822,81.67,2.5505022702171924,8.152000000000001,0.94,False,True,0.06015499631565269,True,0.6793333333333335,0.5988980041630955
VH-00898,897,6,B,73,ST-05,5,Body,Dimensional clamp,2026-09-04 16:02:11,manual_check,78.125,71.05,2.42001569037657,7.075000000000003,0.22,False,True,0.009933970269967007,True,0.23583333333333342,0.5974665728360312
VH-00899,898,6,B,74,ST-02,2,Body,Side-frame marriage,2026-09-04 15:59:55,legacy,67.396,58.57,3.1843439188298803,8.826,0.36,True,True,0.04243220514884116,True,0.1471,0.904148881680041
VH-00899,898,6,B,74,ST-12,12,Body,Seam sealing prep,2026-09-04 16:11:23,modern,77.446,71.0,2.140504659682502,6.445999999999998,0.86,False,True,0.03274443221008583,True,0.1074333333333333,0.544732394366197
VH-00899,898,6,B,74,ST-24,24,Paint,Paint quality gate,2026-09-04 16:27:06,legacy,82.728,73.87,2.699780751230039,8.85799999999999,0.36,False,True,0.02008234750207405,True,0.14763333333333317,0.7194801678624602
VH-00900,899,6,B,75,ST-34,34,Final Assembly,Wheel torque,2026-09-04 16:40:34,legacy,84.819,75.9,3.1906814784337887,8.918999999999997,0.36,True,True,0.04279669867864988,True,0.0,0.7050592885375491
