Vehicle_ID,Vehicle_Global_Index,Production_Day,Shift,Unit_In_Shift,Vehicle_Model,Defect_Probability,Risk_Percent,High_Risk_Alert,Alert_Threshold,Inspection_Priority,Likely_Driver,End_of_Line_Quality,Defect_Label,Root_Cause_Label,ST12_Temperature_C,ST15_Vibration_MM_S,ST12_ST15_Interaction,Telemetry_Confidence_Mean,Legacy_Or_Manual_Imputed_Rate
VH-00444,443,3,B,69,SUV,0.9443196082218139,94.4319608221814,True,0.35,1,ST-12 temperature x ST-15 vibration,Fail,1,S12_TEMP_X_S15_VIBRATION,46.092,4.219,4.578948,0.44272727272727275,0.7045454545454546
VH-00432,431,3,B,57,Compact,0.941725397644229,94.17253976442291,True,0.35,2,ST-12 temperature x ST-15 vibration,Fail,1,S12_TEMP_X_S15_VIBRATION,46.957,4.173,5.318861000000001,0.4445454545454545,0.7045454545454546
VH-00435,434,3,B,60,Compact,0.9383834428397865,93.83834428397864,True,0.35,3,ST-12 temperature x ST-15 vibration,Fail,1,S12_TEMP_X_S15_VIBRATION,46.843,4.252,5.579136000000003,0.4481818181818182,0.7045454545454546
VH-00448,447,3,B,73,Compact,0.9373308101021945,93.73308101021945,True,0.35,4,ST-12 temperature x ST-15 vibration,Fail,1,S12_TEMP_X_S15_VIBRATION,45.856,4.468,5.2750080000000015,0.4481818181818182,0.7045454545454546
VH-00441,440,3,B,66,Truck,0.9288933742066519,92.88933742066519,True,0.35,5,ST-12 temperature x ST-15 vibration,Fail,1,S12_TEMP_X_S15_VIBRATION,45.676,4.496,5.131696000000004,0.44636363636363635,0.7045454545454546
VH-00436,435,3,B,61,Sedan,0.9237785486139397,92.37785486139397,True,0.35,6,ST-12 temperature x ST-15 vibration,Fail,1,S12_TEMP_X_S15_VIBRATION,47.442,4.639,8.375238000000001,0.4445454545454545,0.7045454545454546
VH-00430,429,3,B,55,Compact,0.9228837386734392,92.28837386734392,True,0.35,7,ST-12 temperature x ST-15 vibration,Fail,1,S12_TEMP_X_S15_VIBRATION,47.747,4.1,5.746999999999997,0.44272727272727275,0.7045454545454546
VH-00443,442,3,B,68,Sedan,0.9215691169052006,92.15691169052006,True,0.35,8,ST-12 temperature x ST-15 vibration,Fail,1,S12_TEMP_X_S15_VIBRATION,46.244,4.261,4.927284,0.44272727272727275,0.7045454545454546
VH-00477,476,4,A,27,Sedan,0.9135534530560417,91.35534530560417,True,0.35,9,ST-12 temperature x ST-15 vibration,Fail,1,S12_TEMP_X_S15_VIBRATION,44.172,4.415,2.856179999999996,0.44272727272727275,0.7045454545454546
VH-00431,430,3,B,56,Compact,0.8917366701752125,89.17366701752125,True,0.35,10,ST-12 temperature x ST-15 vibration,Fail,1,S12_TEMP_X_S15_VIBRATION,46.18,4.166,4.4558800000000005,0.4481818181818182,0.7045454545454546
VH-00419,418,3,B,44,Truck,0.8899652944691293,88.99652944691293,True,0.35,11,ST-12 temperature x ST-15 vibration,Fail,1,S12_TEMP_X_S15_VIBRATION,45.655,3.964,3.1579200000000007,0.44636363636363635,0.7045454545454546
VH-00427,426,3,B,52,Truck,0.8887724254707392,88.87724254707392,True,0.35,12,ST-12 temperature x ST-15 vibration,Fail,1,S12_TEMP_X_S15_VIBRATION,46.372,4.134,4.520648000000001,0.44636363636363635,0.7045454545454546
VH-00440,439,3,B,65,SUV,0.8775036001974162,87.75036001974162,True,0.35,13,ST-12 temperature x ST-15 vibration,Fail,1,S12_TEMP_X_S15_VIBRATION,44.957,4.11,2.9865700000000013,0.45,0.7045454545454546
VH-00442,441,3,B,67,Compact,0.876531780126593,87.65317801265931,True,0.35,14,ST-12 temperature x ST-15 vibration,Fail,1,S12_TEMP_X_S15_VIBRATION,45.226,4.637,4.958361999999997,0.44636363636363635,0.7045454545454546
VH-00475,474,4,A,25,Sedan,0.8717106243937686,87.17106243937685,True,0.35,15,ST-12 temperature x ST-15 vibration,Fail,1,S12_TEMP_X_S15_VIBRATION,44.242,4.566,3.2867719999999956,0.44272727272727275,0.7045454545454546
VH-00410,409,3,B,35,Compact,0.8645947485907773,86.45947485907773,True,0.35,16,ST-12 temperature x ST-15 vibration,Fail,1,S12_TEMP_X_S15_VIBRATION,46.093,3.843,3.041099000000002,0.4481818181818182,0.7045454545454546
VH-00447,446,3,B,72,SUV,0.8618063290707849,86.18063290707849,True,0.35,17,ST-12 temperature x ST-15 vibration,Fail,1,S12_TEMP_X_S15_VIBRATION,45.211,4.299,3.849988999999999,0.44272727272727275,0.7045454545454546
VH-00489,488,4,A,39,Truck,0.8479774449543168,84.79774449543169,True,0.35,18,ST-12 temperature x ST-15 vibration,Fail,1,S12_TEMP_X_S15_VIBRATION,44.667,4.555,3.8804850000000015,0.4445454545454545,0.7045454545454546
VH-00429,428,3,B,54,Truck,0.8468597235884239,84.68597235884239,True,0.35,19,ST-12 temperature x ST-15 vibration,Fail,1,S12_TEMP_X_S15_VIBRATION,45.179,4.119,3.239401000000001,0.4445454545454545,0.7045454545454546
VH-00490,489,4,A,40,Sedan,0.8399080204626376,83.99080204626375,True,0.35,20,ST-12 temperature x ST-15 vibration,Fail,1,S12_TEMP_X_S15_VIBRATION,43.703,4.736,2.7861080000000045,0.4445454545454545,0.7045454545454546
VH-00473,472,4,A,23,Sedan,0.8314736412295745,83.14736412295744,True,0.35,21,ST-12 temperature x ST-15 vibration,Fail,1,S12_TEMP_X_S15_VIBRATION,43.629,4.844,2.8409759999999964,0.4445454545454545,0.7045454545454546
VH-00445,444,3,B,70,SUV,0.8233866912462627,82.33866912462628,True,0.35,22,ST-12 temperature x ST-15 vibration,Fail,1,S12_TEMP_X_S15_VIBRATION,44.84,4.438,3.7999200000000037,0.4445454545454545,0.7045454545454546
VH-00465,464,4,A,15,Sedan,0.823043495201233,82.3043495201233,True,0.35,23,ST-12 temperature x ST-15 vibration,Fail,1,S12_TEMP_X_S15_VIBRATION,43.925,4.628,2.941399999999996,0.44272727272727275,0.7045454545454546
VH-00415,414,3,B,40,SUV,0.8192246020161202,81.92246020161203,True,0.35,24,ST-12 temperature x ST-15 vibration,Fail,1,S12_TEMP_X_S15_VIBRATION,45.137,4.181,3.3910970000000002,0.44272727272727275,0.7045454545454546
VH-00418,417,3,B,43,SUV,0.8190678157864913,81.90678157864913,True,0.35,25,ST-12 temperature x ST-15 vibration,Fail,1,S12_TEMP_X_S15_VIBRATION,45.709,3.953,3.163777000000002,0.4445454545454545,0.7045454545454546
VH-00483,482,4,A,33,Compact,0.8073140492044734,80.73140492044733,True,0.35,26,ST-12 temperature x ST-15 vibration,Fail,1,S12_TEMP_X_S15_VIBRATION,44.332,4.905,4.209260000000001,0.4481818181818182,0.7045454545454546
VH-00450,449,3,B,75,Compact,0.8042528799636233,80.42528799636233,True,0.35,27,ST-12 temperature x ST-15 vibration,Fail,1,S12_TEMP_X_S15_VIBRATION,46.103,4.42,5.415960000000001,0.44272727272727275,0.7045454545454546
VH-00449,448,3,B,74,Compact,0.7966754191008765,79.66754191008765,True,0.35,28,ST-12 temperature x ST-15 vibration,Fail,1,S12_TEMP_X_S15_VIBRATION,44.825,4.454,3.8250500000000027,0.4481818181818182,0.7045454545454546
VH-00472,471,4,A,22,SUV,0.7872168812613638,78.72168812613639,True,0.35,29,ST-12 temperature x ST-15 vibration,Fail,1,S12_TEMP_X_S15_VIBRATION,43.549,4.116,1.5737839999999987,0.44272727272727275,0.7045454545454546
VH-00471,470,4,A,21,Sedan,0.780061891253516,78.0061891253516,True,0.35,30,ST-12 temperature x ST-15 vibration,Fail,1,S12_TEMP_X_S15_VIBRATION,43.853,4.544,2.6757320000000013,0.44272727272727275,0.7045454545454546
VH-00413,412,3,B,38,Truck,0.7603783759123148,76.03783759123148,True,0.35,31,ST-12 temperature x ST-15 vibration,Pass,0,NONE,45.737,4.306,4.506822000000002,0.45,0.7045454545454546
VH-00420,419,3,B,45,Sedan,0.7543173878471812,75.43173878471812,True,0.35,32,ST-12 temperature x ST-15 vibration,Fail,1,S12_TEMP_X_S15_VIBRATION,45.17,3.985,2.805450000000001,0.44090909090909086,0.7045454545454546
VH-00396,395,3,B,21,SUV,0.7512507786993601,75.125077869936,True,0.35,33,ST-12 temperature x ST-15 vibration,Fail,1,S12_TEMP_X_S15_VIBRATION,45.038,3.79,2.0962199999999975,0.44636363636363635,0.7045454545454546
VH-00426,425,3,B,51,Sedan,0.7351397835562896,73.51397835562896,True,0.35,34,ST-12 temperature x ST-15 vibration,Fail,1,S12_TEMP_X_S15_VIBRATION,46.482,4.149,4.701617999999999,0.4445454545454545,0.7045454545454546
VH-00437,436,3,B,62,SUV,0.7300595358560806,73.00595358560807,True,0.35,35,ST-12 temperature x ST-15 vibration,Fail,1,S12_TEMP_X_S15_VIBRATION,46.735,4.678,7.471829999999998,0.45,0.7045454545454546
VH-00400,399,3,B,25,Sedan,0.7244062598960099,72.44062598960099,True,0.35,36,ST-12 temperature x ST-15 vibration,Fail,1,S12_TEMP_X_S15_VIBRATION,45.103,3.582,1.495646,0.4445454545454545,0.7045454545454546
VH-00470,469,4,A,20,Compact,0.7199569160586374,71.99569160586374,True,0.35,37,ST-12 temperature x ST-15 vibration,Fail,1,S12_TEMP_X_S15_VIBRATION,43.344,4.71,2.1638400000000018,0.4445454545454545,0.7045454545454546
VH-00423,422,3,B,48,Compact,0.7150647401884872,71.50647401884872,True,0.35,38,ST-12 temperature x ST-15 vibration,Pass,0,NONE,45.71,4.259,4.299890000000002,0.44272727272727275,0.7045454545454546
VH-00406,405,3,B,31,SUV,0.7115974167316318,71.15974167316318,True,0.35,39,ST-12 temperature x ST-15 vibration,Fail,1,S12_TEMP_X_S15_VIBRATION,45.246,4.097,3.236262000000003,0.4445454545454545,0.7045454545454546
VH-00527,526,4,B,2,SUV,0.7081385621852331,70.81385621852331,True,0.35,40,High upstream cycle-time variation,Fail,1,LOW_CONFIDENCE_MULTI_CAUSAL,42.999,4.134,1.0329660000000027,0.44272727272727275,0.7045454545454546
VH-00352,351,3,A,52,Sedan,0.6727542346478763,67.27542346478764,True,0.35,41,Low-confidence sparse telemetry,Fail,1,LOW_CONFIDENCE_MULTI_CAUSAL,42.485,2.743,0.0,0.4481818181818182,0.7045454545454546
VH-00446,445,3,B,71,SUV,0.65914648100872,65.914648100872,True,0.35,42,ST-12 temperature x ST-15 vibration,Fail,1,S12_TEMP_X_S15_VIBRATION,44.59,4.416,3.408440000000005,0.44272727272727275,0.7045454545454546
VH-00467,466,4,A,17,Compact,0.6574264699070195,65.74264699070194,True,0.35,43,ST-12 temperature x ST-15 vibration,Fail,1,S12_TEMP_X_S15_VIBRATION,43.247,4.507,1.7545289999999993,0.4445454545454545,0.7045454545454546
VH-00466,465,4,A,16,SUV,0.6523381624866292,65.23381624866292,True,0.35,44,ST-12 temperature x ST-15 vibration,Pass,0,NONE,43.878,4.471,2.574738,0.44272727272727275,0.7045454545454546
VH-00659,658,5,A,59,Sedan,0.6518861967868844,65.18861967868844,True,0.35,45,Low-confidence sparse telemetry,Fail,1,MANUAL_FIT_CHECK_VARIATION,39.111,2.16,0.0,0.4481818181818182,0.7045454545454546
VH-00533,532,4,B,8,SUV,0.6515579683753078,65.15579683753077,True,0.35,46,High upstream cycle-time variation,Fail,1,LOW_CONFIDENCE_MULTI_CAUSAL,42.864,3.632,0.45964799999999856,0.4445454545454545,0.7045454545454546
VH-00872,871,6,B,47,Compact,0.6508528806121195,65.08528806121195,True,0.35,47,Low-confidence sparse telemetry,Fail,1,LOW_CONFIDENCE_MULTI_CAUSAL,40.388,2.204,0.0,0.45,0.7045454545454546
VH-00404,403,3,B,29,SUV,0.6471434116608897,64.71434116608897,True,0.35,48,ST-12 temperature x ST-15 vibration,Pass,0,NONE,45.54,3.81,2.5133999999999994,0.4445454545454545,0.7045454545454546
VH-00411,410,3,B,36,Sedan,0.6445077796326072,64.45077796326072,True,0.35,49,ST-12 temperature x ST-15 vibration,Pass,0,NONE,44.725,3.977,2.3898250000000005,0.44272727272727275,0.7045454545454546
VH-00643,642,5,A,43,Compact,0.6364748707631364,63.64748707631364,True,0.35,50,High upstream cycle-time variation,Fail,1,LOW_CONFIDENCE_MULTI_CAUSAL,40.42,2.296,0.0,0.44090909090909086,0.7045454545454546
VH-00438,437,3,B,63,Compact,0.6294973618014306,62.949736180143056,True,0.35,51,ST-12 temperature x ST-15 vibration,Pass,0,NONE,46.625,4.246,5.300250000000002,0.4481818181818182,0.7045454545454546
VH-00385,384,3,B,10,SUV,0.6276446205929733,62.76446205929733,True,0.35,52,High upstream cycle-time variation,Fail,1,LOW_CONFIDENCE_MULTI_CAUSAL,44.172,3.412,0.6776639999999987,0.44272727272727275,0.7045454545454546
VH-00452,451,4,A,2,SUV,0.6183692508062971,61.83692508062971,True,0.35,53,ST-12 temperature x ST-15 vibration,Pass,0,NONE,45.226,4.61,4.8712599999999995,0.4445454545454545,0.7045454545454546
VH-00317,316,3,A,17,Truck,0.6157067816344824,61.57067816344824,True,0.35,54,High upstream cycle-time variation,Fail,1,MANUAL_FIT_CHECK_VARIATION,42.784,2.177,0.0,0.4445454545454545,0.7045454545454546
VH-00104,103,1,B,29,Truck,0.615162982502497,61.516298250249704,True,0.35,55,High upstream cycle-time variation,Fail,1,LOW_CONFIDENCE_MULTI_CAUSAL,39.58,2.26,0.0,0.45,0.7045454545454546
VH-00294,293,2,B,69,Compact,0.6125968266768766,61.25968266768766,True,0.35,56,Low-confidence sparse telemetry,Fail,1,FINAL_TORQUE_VARIATION,40.592,2.222,0.0,0.4445454545454545,0.7045454545454546
VH-00296,295,2,B,71,SUV,0.6093800850672394,60.93800850672394,True,0.35,57,High upstream cycle-time variation,Fail,1,LOW_CONFIDENCE_MULTI_CAUSAL,42.131,2.421,0.0,0.44636363636363635,0.7045454545454546
VH-00349,348,3,A,49,Compact,0.6063590648800529,60.63590648800529,True,0.35,58,Low-confidence sparse telemetry,Fail,1,LOW_CONFIDENCE_MULTI_CAUSAL,41.49,2.838,0.0,0.44636363636363635,0.7045454545454546
VH-00291,290,2,B,66,Compact,0.6051595694128551,60.51595694128551,True,0.35,59,Low-confidence sparse telemetry,Fail,1,LOW_CONFIDENCE_MULTI_CAUSAL,41.087,2.083,0.0,0.44636363636363635,0.7045454545454546
VH-00125,124,1,B,50,Compact,0.5990957837113706,59.90957837113706,True,0.35,60,Low-confidence sparse telemetry,Fail,1,LOW_CONFIDENCE_MULTI_CAUSAL,40.303,1.927,0.0,0.4481818181818182,0.7045454545454546
VH-00555,554,4,B,30,Sedan,0.5865146715401505,58.651467154015045,True,0.35,61,High upstream cycle-time variation,Fail,1,LOW_CONFIDENCE_MULTI_CAUSAL,41.705,3.58,0.0,0.4445454545454545,0.7045454545454546
VH-00282,281,2,B,57,Sedan,0.575660350400685,57.5660350400685,True,0.35,62,Low-confidence sparse telemetry,Fail,1,LOW_CONFIDENCE_MULTI_CAUSAL,41.404,2.539,0.0,0.45,0.7045454545454546
VH-00409,408,3,B,34,Truck,0.5669115836749126,56.691158367491255,True,0.35,63,ST-12 temperature x ST-15 vibration,Pass,0,NONE,45.681,3.725,2.3006249999999984,0.44636363636363635,0.7045454545454546
VH-00309,308,3,A,9,Compact,0.5657328893493933,56.57328893493933,True,0.35,64,High upstream cycle-time variation,Fail,1,MANUAL_FIT_CHECK_VARIATION,40.751,2.262,0.0,0.44636363636363635,0.7045454545454546
VH-00758,757,6,A,8,Compact,0.5654372962864045,56.54372962864045,True,0.35,65,High upstream cycle-time variation,Fail,1,LOW_CONFIDENCE_MULTI_CAUSAL,39.89,2.191,0.0,0.44272727272727275,0.7045454545454546
VH-00397,396,3,B,22,SUV,0.5648105100849968,56.48105100849968,True,0.35,66,ST-12 temperature x ST-15 vibration,Pass,0,NONE,44.438,3.737,1.5530060000000014,0.4481818181818182,0.7045454545454546
VH-00500,499,4,A,50,SUV,0.5601095501771302,56.010955017713016,True,0.35,67,ST-12 temperature x ST-15 vibration,Pass,0,NONE,43.879,4.44,2.5178599999999975,0.4481818181818182,0.7045454545454546
VH-00469,468,4,A,19,Sedan,0.5491232639999434,54.912326399994335,True,0.35,68,ST-12 temperature x ST-15 vibration,Pass,0,NONE,44.471,4.67,3.879469999999994,0.45,0.7045454545454546
VH-00883,882,6,B,58,Truck,0.5428303239620544,54.28303239620544,True,0.35,69,High upstream cycle-time variation,Fail,1,LOW_CONFIDENCE_MULTI_CAUSAL,38.639,1.838,0.0,0.44636363636363635,0.7045454545454546
VH-00053,52,1,A,53,SUV,0.5404924183619051,54.04924183619051,True,0.35,70,High upstream cycle-time variation,Fail,1,MANUAL_FIT_CHECK_VARIATION,39.704,2.305,0.0,0.4445454545454545,0.7045454545454546
VH-00478,477,4,A,28,Sedan,0.5389744160577259,53.89744160577259,True,0.35,71,ST-12 temperature x ST-15 vibration,Pass,0,NONE,44.559,4.776,4.288883999999995,0.4445454545454545,0.7045454545454546
VH-00422,421,3,B,47,Sedan,0.5259736619514974,52.59736619514974,True,0.35,72,ST-12 temperature x ST-15 vibration,Pass,0,NONE,45.839,4.067,3.712312999999999,0.4390909090909091,0.7045454545454546
VH-00480,479,4,A,30,Truck,0.5158696957931741,51.58696957931741,True,0.35,73,ST-12 temperature x ST-15 vibration,Pass,0,NONE,44.91,4.62,4.423199999999995,0.44636363636363635,0.7045454545454546
VH-00428,427,3,B,53,Truck,0.4862050444703348,48.62050444703348,True,0.35,74,ST-12 temperature x ST-15 vibration,Pass,0,NONE,44.934,3.989,2.6083259999999973,0.4445454545454545,0.7045454545454546
VH-00488,487,4,A,38,SUV,0.4807522708334877,48.07522708334877,True,0.35,75,ST-12 temperature x ST-15 vibration,Pass,0,NONE,44.426,4.566,3.556516000000002,0.44272727272727275,0.7045454545454546
VH-00453,452,4,A,3,SUV,0.47054495526646606,47.054495526646605,True,0.35,76,ST-12 temperature x ST-15 vibration,Pass,0,NONE,44.371,4.71,3.817310000000003,0.4481818181818182,0.7045454545454546
VH-00482,481,4,A,32,Truck,0.4652089818098788,46.52089818098788,True,0.35,77,ST-12 temperature x ST-15 vibration,Pass,0,NONE,43.555,4.61,2.3480499999999997,0.4445454545454545,0.7045454545454546
VH-00425,424,3,B,50,Truck,0.45427511000888904,45.427511000888906,True,0.35,78,ST-12 temperature x ST-15 vibration,Pass,0,NONE,45.158,3.897,2.516926,0.4445454545454545,0.7045454545454546
VH-00487,486,4,A,37,SUV,0.44351890706781943,44.351890706781944,True,0.35,79,ST-12 temperature x ST-15 vibration,Pass,0,NONE,44.102,4.576,3.1025519999999944,0.44636363636363635,0.7045454545454546
VH-00424,423,3,B,49,Truck,0.43682578476863604,43.682578476863604,True,0.35,80,ST-12 temperature x ST-15 vibration,Pass,0,NONE,45.371,4.063,3.246273000000001,0.44090909090909086,0.7045454545454546
VH-00481,480,4,A,31,SUV,0.4261049984719952,42.61049984719952,True,0.35,81,ST-12 temperature x ST-15 vibration,Pass,0,NONE,43.492,4.531,2.1350519999999955,0.44272727272727275,0.7045454545454546
VH-00459,458,4,A,9,Compact,0.4258626062157618,42.58626062157618,True,0.35,82,ST-12 temperature x ST-15 vibration,Pass,0,NONE,44.837,4.272,3.3249640000000045,0.44636363636363635,0.7045454545454546
VH-00416,415,3,B,41,Sedan,0.42121633088479365,42.12163308847936,True,0.35,83,ST-12 temperature x ST-15 vibration,Pass,0,NONE,45.632,3.997,3.2579039999999972,0.44636363636363635,0.7045454545454546
VH-00456,455,4,A,6,SUV,0.4029712481559046,40.297124815590465,True,0.35,84,ST-12 temperature x ST-15 vibration,Pass,0,NONE,44.333,3.97,2.029709999999999,0.4445454545454545,0.7045454545454546
VH-00532,531,4,B,7,SUV,0.3988609193927417,39.88609193927417,True,0.35,85,ST-12 temperature x ST-15 vibration,Pass,0,NONE,43.605,4.015,1.4685749999999964,0.44636363636363635,0.7045454545454546
VH-00434,433,3,B,59,Compact,0.392369521847752,39.2369521847752,True,0.35,86,ST-12 temperature x ST-15 vibration,Pass,0,NONE,45.562,4.284,4.217407999999996,0.44272727272727275,0.7045454545454546
VH-00531,530,4,B,6,Compact,0.37776832962948226,37.77683296294823,True,0.35,87,ST-12 temperature x ST-15 vibration,Pass,0,NONE,44.227,3.989,1.9798029999999966,0.44636363636363635,0.7045454545454546
VH-00491,490,4,A,41,Compact,0.37649766567814125,37.649766567814126,True,0.35,88,ST-12 temperature x ST-15 vibration,Pass,0,NONE,43.876,4.691,2.9847159999999957,0.44272727272727275,0.7045454545454546
VH-00417,416,3,B,42,Compact,0.3685927819788297,36.85927819788297,True,0.35,89,ST-12 temperature x ST-15 vibration,Pass,0,NONE,45.647,3.907,2.9431289999999986,0.44636363636363635,0.7045454545454546
VH-00479,478,4,A,29,Compact,0.36634720676415894,36.634720676415895,True,0.35,90,ST-12 temperature x ST-15 vibration,Pass,0,NONE,44.28,4.691,3.627480000000001,0.44636363636363635,0.7045454545454546
VH-00402,401,3,B,27,Sedan,0.3635945708921339,36.359457089213386,True,0.35,91,ST-12 temperature x ST-15 vibration,Pass,0,NONE,44.817,3.657,1.5690689999999998,0.4445454545454545,0.7045454545454546
VH-00454,453,4,A,4,SUV,0.35792691445194086,35.79269144519409,True,0.35,92,ST-12 temperature x ST-15 vibration,Pass,0,NONE,43.79,4.447,2.4111299999999987,0.4445454545454545,0.7045454545454546
VH-00421,420,3,B,46,Compact,0.3470829772811782,34.70829772811782,False,0.35,93,ST-12 temperature x ST-15 vibration,Pass,0,NONE,45.288,4.111,3.324167999999996,0.44636363636363635,0.7045454545454546
VH-00439,438,3,B,64,Compact,0.32871893829741516,32.871893829741516,False,0.35,94,ST-12 temperature x ST-15 vibration,Pass,0,NONE,44.962,4.587,4.404494000000004,0.44272727272727275,0.7045454545454546
VH-00461,460,4,A,11,Compact,0.3281442670220808,32.81442670220808,False,0.35,95,ST-12 temperature x ST-15 vibration,Pass,0,NONE,44.026,4.54,2.917440000000005,0.4445454545454545,0.7045454545454546
VH-00525,524,4,A,75,Compact,0.3179542953840393,31.79542953840393,False,0.35,96,ST-12 temperature x ST-15 vibration,Pass,0,NONE,43.452,4.261,1.6857719999999978,0.44636363636363635,0.7045454545454546
VH-00399,398,3,B,24,Compact,0.3176273623685161,31.76273623685161,False,0.35,97,ST-12 temperature x ST-15 vibration,Pass,0,NONE,44.917,3.739,1.8639630000000005,0.44636363636363635,0.7045454545454546
VH-00458,457,4,A,8,Sedan,0.3172870432063569,31.728704320635693,False,0.35,98,ST-12 temperature x ST-15 vibration,Pass,0,NONE,44.642,3.991,2.3540220000000027,0.4445454545454545,0.7045454545454546
VH-00518,517,4,A,68,SUV,0.3166981876681835,31.66981876681835,False,0.35,99,High upstream cycle-time variation,Pass,0,NONE,42.824,4.534,1.181615999999997,0.4445454545454545,0.7045454545454546
VH-00391,390,3,B,16,SUV,0.31376333796034667,31.376333796034668,False,0.35,100,ST-12 temperature x ST-15 vibration,Pass,0,NONE,46.067,3.573,1.9236909999999996,0.44272727272727275,0.7045454545454546
VH-00389,388,3,B,14,Sedan,0.28749830136889537,28.749830136889535,False,0.35,101,ST-12 temperature x ST-15 vibration,Pass,0,NONE,45.319,3.617,1.715923000000001,0.44636363636363635,0.7045454545454546
VH-00860,859,6,B,35,Compact,0.2854816428720914,28.548164287209136,False,0.35,102,Low-confidence sparse telemetry,Pass,0,NONE,40.859,2.054,0.0,0.44272727272727275,0.7045454545454546
VH-00376,375,3,B,1,SUV,0.26951029151171346,26.951029151171348,False,0.35,103,High upstream cycle-time variation,Pass,0,NONE,45.395,3.492,1.330840000000001,0.44272727272727275,0.7045454545454546
VH-00498,497,4,A,48,Compact,0.25700799329794466,25.700799329794467,False,0.35,104,ST-12 temperature x ST-15 vibration,Pass,0,NONE,43.42,4.679,2.242180000000003,0.44636363636363635,0.7045454545454546
VH-00863,862,6,B,38,Compact,0.2565371691829132,25.65371691829132,False,0.35,105,High upstream cycle-time variation,Pass,0,NONE,41.361,1.853,0.0,0.44636363636363635,0.7045454545454546
VH-00433,432,3,B,58,Compact,0.2559871268926024,25.59871268926024,False,0.35,106,High upstream cycle-time variation,Pass,0,NONE,45.78,2.23,0.0,0.44272727272727275,0.7045454545454546
VH-00304,303,3,A,4,Compact,0.25527680212187565,25.527680212187565,False,0.35,107,Low-confidence sparse telemetry,Pass,0,NONE,41.828,2.26,0.0,0.4481818181818182,0.7045454545454546
VH-00455,454,4,A,5,Compact,0.24964688114357483,24.964688114357482,False,0.35,108,ST-12 temperature x ST-15 vibration,Pass,0,NONE,44.598,4.391,3.3540179999999986,0.45,0.7045454545454546
VH-00363,362,3,A,63,Compact,0.24845186682477508,24.845186682477507,False,0.35,109,High upstream cycle-time variation,Pass,0,NONE,42.197,3.284,0.036248000000000447,0.44636363636363635,0.7045454545454546
VH-00501,500,4,A,51,Sedan,0.24393093383981274,24.393093383981274,False,0.35,110,ST-12 temperature x ST-15 vibration,Pass,0,NONE,43.235,4.246,1.4153099999999998,0.44636363636363635,0.7045454545454546
VH-00484,483,4,A,34,Compact,0.2417925225957024,24.17925225957024,False,0.35,111,ST-12 temperature x ST-15 vibration,Pass,0,NONE,43.946,4.298,2.3313079999999973,0.4445454545454545,0.7045454545454546
VH-00718,717,5,B,43,Compact,0.23775594478493198,23.775594478493197,False,0.35,112,High upstream cycle-time variation,Pass,0,NONE,39.948,1.794,0.0,0.4445454545454545,0.7045454545454546
VH-00512,511,4,A,62,Sedan,0.2377214136537815,23.77214136537815,False,0.35,113,ST-12 temperature x ST-15 vibration,Pass,0,NONE,43.189,4.472,1.6313080000000004,0.4445454545454545,0.7045454545454546
VH-00463,462,4,A,13,Compact,0.23573159892503337,23.573159892503337,False,0.35,114,ST-12 temperature x ST-15 vibration,Pass,0,NONE,43.472,4.678,2.3228160000000018,0.4445454545454545,0.7045454545454546
VH-00776,775,6,A,26,Compact,0.2303565727593175,23.03565727593175,False,0.35,115,High upstream cycle-time variation,Pass,0,NONE,39.901,2.143,0.0,0.4445454545454545,0.7045454545454546
VH-00129,128,1,B,54,Compact,0.22842356418972687,22.842356418972688,False,0.35,116,High upstream cycle-time variation,Pass,0,NONE,41.702,2.435,0.0,0.44636363636363635,0.7045454545454546
VH-00464,463,4,A,14,Sedan,0.2187424361232517,21.87424361232517,False,0.35,117,High upstream cycle-time variation,Fail,1,S12_TEMP_X_S15_VIBRATION,45.921,2.23,0.0,0.44272727272727275,0.7045454545454546
VH-00540,539,4,B,15,Sedan,0.2183399782220518,21.83399782220518,False,0.35,118,High upstream cycle-time variation,Pass,0,NONE,43.287,3.769,0.8610029999999994,0.4481818181818182,0.7045454545454546
VH-00503,502,4,A,53,Compact,0.20864854670292818,20.864854670292818,False,0.35,119,High upstream cycle-time variation,Pass,0,NONE,42.972,4.158,1.0283760000000017,0.4445454545454545,0.7045454545454546
VH-00098,97,1,B,23,Compact,0.20753734930565015,20.753734930565017,False,0.35,120,High upstream cycle-time variation,Pass,0,NONE,40.561,2.043,0.0,0.4445454545454545,0.7045454545454546
VH-00284,283,2,B,59,Compact,0.20515763852584715,20.515763852584715,False,0.35,121,High upstream cycle-time variation,Pass,0,NONE,40.355,2.004,0.0,0.44090909090909086,0.7045454545454546
VH-00457,456,4,A,7,Sedan,0.2045054659092531,20.45054659092531,False,0.35,122,ST-12 temperature x ST-15 vibration,Pass,0,NONE,43.353,4.239,1.5410670000000015,0.4445454545454545,0.7045454545454546
VH-00468,467,4,A,18,Compact,0.20287621842955267,20.287621842955268,False,0.35,123,ST-12 temperature x ST-15 vibration,Fail,1,S12_TEMP_X_S15_VIBRATION,44.932,4.051,2.7883320000000023,0.45,0.7045454545454546
VH-00344,343,3,A,44,Truck,0.19349406123969382,19.34940612396938,False,0.35,124,High upstream cycle-time variation,Pass,0,NONE,43.597,2.693,0.0,0.44636363636363635,0.7045454545454546
VH-00544,543,4,B,19,Compact,0.1918898866449421,19.18898866449421,False,0.35,125,High upstream cycle-time variation,Pass,0,NONE,43.071,3.338,0.2548979999999995,0.44272727272727275,0.7045454545454546
VH-00769,768,6,A,19,Compact,0.1857222728863297,18.57222728863297,False,0.35,126,Low-confidence sparse telemetry,Pass,0,NONE,38.331,1.985,0.0,0.44090909090909086,0.7045454545454546
VH-00374,373,3,A,74,Truck,0.18363747523862664,18.363747523862664,False,0.35,127,High upstream cycle-time variation,Pass,0,NONE,43.322,3.274,0.2300280000000004,0.44636363636363635,0.7045454545454546
VH-00534,533,4,B,9,SUV,0.18141442274663513,18.141442274663515,False,0.35,128,High upstream cycle-time variation,Pass,0,NONE,43.109,3.657,0.617713000000001,0.44272727272727275,0.7045454545454546
VH-00395,394,3,B,20,Compact,0.17781573065163095,17.781573065163094,False,0.35,129,Low-confidence sparse telemetry,Pass,0,NONE,43.242,3.686,0.7278119999999982,0.4481818181818182,0.7045454545454546
VH-00407,406,3,B,32,SUV,0.17702200156820655,17.702200156820656,False,0.35,130,High upstream cycle-time variation,Pass,0,NONE,40.432,3.648,0.0,0.4445454545454545,0.7045454545454546
VH-00117,116,1,B,42,Compact,0.17378483662687397,17.378483662687398,False,0.35,131,Low-confidence sparse telemetry,Pass,0,NONE,41.629,2.389,0.0,0.4445454545454545,0.7045454545454546
VH-00310,309,3,A,10,Compact,0.17323853457162536,17.323853457162535,False,0.35,132,High upstream cycle-time variation,Pass,0,NONE,40.306,1.997,0.0,0.4445454545454545,0.7045454545454546
VH-00476,475,4,A,26,Compact,0.1692269492908827,16.92269492908827,False,0.35,133,ST-12 temperature x ST-15 vibration,Pass,0,NONE,43.13,4.474,1.5526200000000037,0.44636363636363635,0.7045454545454546
VH-00550,549,4,B,25,Compact,0.1682376448480694,16.82376448480694,False,0.35,134,Low-confidence sparse telemetry,Pass,0,NONE,43.238,3.711,0.7564179999999995,0.4481818181818182,0.7045454545454546
VH-00289,288,2,B,64,SUV,0.16540439089491865,16.540439089491866,False,0.35,135,Low-confidence sparse telemetry,Pass,0,NONE,41.684,2.388,0.0,0.4481818181818182,0.7045454545454546
VH-00099,98,1,B,24,Compact,0.165218524538236,16.5218524538236,False,0.35,136,High upstream cycle-time variation,Pass,0,NONE,40.503,2.204,0.0,0.4481818181818182,0.7045454545454546
VH-00615,614,5,A,15,Compact,0.16446886313117828,16.44688631311783,False,0.35,137,High upstream cycle-time variation,Pass,0,NONE,39.292,2.208,0.0,0.44636363636363635,0.7045454545454546
VH-00516,515,4,A,66,SUV,0.16425373889952138,16.425373889952137,False,0.35,138,High upstream cycle-time variation,Pass,0,NONE,42.813,4.068,0.7869840000000019,0.4481818181818182,0.7045454545454546
VH-00359,358,3,A,59,Compact,0.1639506485810622,16.39506485810622,False,0.35,139,High upstream cycle-time variation,Pass,0,NONE,43.446,3.001,0.0,0.4481818181818182,0.7045454545454546
VH-00412,411,3,B,37,SUV,0.1604106075363279,16.04106075363279,False,0.35,140,High upstream cycle-time variation,Fail,1,S12_TEMP_X_S15_VIBRATION,40.432,3.869,0.0,0.4445454545454545,0.7045454545454546
VH-00563,562,4,B,38,SUV,0.16036334756965445,16.036334756965445,False,0.35,141,Low-confidence sparse telemetry,Pass,0,NONE,39.716,3.606,0.0,0.44272727272727275,0.7045454545454546
VH-00403,402,3,B,28,SUV,0.15865484309456815,15.865484309456814,False,0.35,142,High upstream cycle-time variation,Pass,0,NONE,40.432,3.598,0.0,0.4445454545454545,0.7045454545454546
VH-00110,109,1,B,35,Compact,0.15747731552108,15.747731552107998,False,0.35,143,High upstream cycle-time variation,Pass,0,NONE,40.668,2.237,0.0,0.44272727272727275,0.7045454545454546
VH-00390,389,3,B,15,Compact,0.15347056364614378,15.347056364614378,False,0.35,144,Low-confidence sparse telemetry,Pass,0,NONE,44.532,3.032,0.0,0.44272727272727275,0.7045454545454546
VH-00719,718,5,B,44,Compact,0.15267042778896484,15.267042778896483,False,0.35,145,Low-confidence sparse telemetry,Pass,0,NONE,41.186,2.337,0.0,0.44636363636363635,0.7045454545454546
VH-00330,329,3,A,30,Compact,0.1516889697417487,15.168896974174869,False,0.35,146,High upstream cycle-time variation,Pass,0,NONE,41.424,2.841,0.0,0.44272727272727275,0.7045454545454546
VH-00832,831,6,B,7,Truck,0.1503721854737179,15.03721854737179,False,0.35,147,High upstream cycle-time variation,Fail,1,LOW_CONFIDENCE_MULTI_CAUSAL,41.676,2.193,0.0,0.44272727272727275,0.7045454545454546
VH-00067,66,1,A,67,Compact,0.14970605261251424,14.970605261251425,False,0.35,148,High upstream cycle-time variation,Pass,0,NONE,39.868,1.877,0.0,0.45,0.7045454545454546
VH-00492,491,4,A,42,Sedan,0.14761645040408378,14.761645040408379,False,0.35,149,High upstream cycle-time variation,Pass,0,NONE,42.758,4.538,1.090004000000004,0.44636363636363635,0.7045454545454546
VH-00346,345,3,A,46,Compact,0.14648514587962227,14.648514587962227,False,0.35,150,High upstream cycle-time variation,Pass,0,NONE,43.251,2.759,0.0,0.44636363636363635,0.7045454545454546
VH-00398,397,3,B,23,Sedan,0.14640576711548065,14.640576711548064,False,0.35,151,High upstream cycle-time variation,Pass,0,NONE,44.945,3.464,1.0719799999999997,0.4445454545454545,0.7045454545454546
VH-00387,386,3,B,12,SUV,0.14581032731152058,14.581032731152058,False,0.35,152,High upstream cycle-time variation,Pass,0,NONE,43.186,3.389,0.3427539999999996,0.44090909090909086,0.7045454545454546
VH-00405,404,3,B,30,Compact,0.14373043385239462,14.373043385239463,False,0.35,153,High upstream cycle-time variation,Pass,0,NONE,40.432,4.01,0.0,0.44090909090909086,0.7045454545454546
VH-00558,557,4,B,33,Compact,0.14369875896801493,14.369875896801492,False,0.35,154,Low-confidence sparse telemetry,Pass,0,NONE,40.156,3.387,0.0,0.44272727272727275,0.7045454545454546
VH-00370,369,3,A,70,Truck,0.14348738899844776,14.348738899844776,False,0.35,155,High upstream cycle-time variation,Pass,0,NONE,43.032,3.554,0.4685279999999981,0.44272727272727275,0.7045454545454546
VH-00378,377,3,B,3,SUV,0.14305906811284838,14.305906811284839,False,0.35,156,High upstream cycle-time variation,Pass,0,NONE,44.344,3.428,0.7688320000000001,0.4481818181818182,0.7045454545454546
VH-00197,196,2,A,47,Sedan,0.14271592871215666,14.271592871215667,False,0.35,157,High upstream cycle-time variation,Pass,0,NONE,38.711,1.786,0.0,0.4445454545454545,0.7045454545454546
VH-00372,371,3,A,72,Sedan,0.13847810029714108,13.847810029714108,False,0.35,158,Low-confidence sparse telemetry,Pass,0,NONE,45.421,3.014,0.0,0.4445454545454545,0.7045454545454546
VH-00614,613,5,A,14,Sedan,0.1364120074215727,13.64120074215727,False,0.35,159,Low-confidence sparse telemetry,Pass,0,NONE,39.636,3.053,0.0,0.45,0.7045454545454546
VH-00618,617,5,A,18,Compact,0.13537394151433024,13.537394151433023,False,0.35,160,Low-confidence sparse telemetry,Pass,0,NONE,41.037,2.595,0.0,0.4445454545454545,0.7045454545454546
VH-00494,493,4,A,44,Compact,0.133726880861222,13.372688086122201,False,0.35,161,Low-confidence sparse telemetry,Pass,0,NONE,42.641,4.587,0.9531669999999972,0.44272727272727275,0.7045454545454546
VH-00362,361,3,A,62,Compact,0.13357130190846797,13.357130190846798,False,0.35,162,Low-confidence sparse telemetry,Pass,0,NONE,42.433,3.207,0.04633099999999988,0.44636363636363635,0.7045454545454546
VH-00474,473,4,A,24,Sedan,0.13330881255576282,13.330881255576282,False,0.35,163,High upstream cycle-time variation,Pass,0,NONE,43.943,2.23,0.0,0.44636363636363635,0.7045454545454546
VH-00627,626,5,A,27,Compact,0.13327883596914616,13.327883596914617,False,0.35,164,High upstream cycle-time variation,Pass,0,NONE,39.164,2.607,0.0,0.4481818181818182,0.7045454545454546
VH-00549,548,4,B,24,Compact,0.13296433776597696,13.296433776597697,False,0.35,165,Low-confidence sparse telemetry,Pass,0,NONE,42.108,3.866,0.08272799999999769,0.44636363636363635,0.7045454545454546
VH-00451,450,4,A,1,Sedan,0.1320001054942637,13.20001054942637,False,0.35,166,High upstream cycle-time variation,Pass,0,NONE,40.432,4.148,0.0,0.4390909090909091,0.7045454545454546
VH-00785,784,6,A,35,Sedan,0.13115102293353678,13.115102293353678,False,0.35,167,Low-confidence sparse telemetry,Pass,0,NONE,39.711,2.23,0.0,0.45,0.7045454545454546
VH-00625,624,5,A,25,Compact,0.1310284559261147,13.10284559261147,False,0.35,168,High upstream cycle-time variation,Pass,0,NONE,38.905,2.172,0.0,0.4445454545454545,0.7045454545454546
VH-00670,669,5,A,70,Truck,0.1308530396352467,13.08530396352467,False,0.35,169,High upstream cycle-time variation,Pass,0,NONE,38.834,2.06,0.0,0.4445454545454545,0.7045454545454546
VH-00580,579,4,B,55,Compact,0.12894066140392793,12.894066140392793,False,0.35,170,Low-confidence sparse telemetry,Pass,0,NONE,40.217,2.994,0.0,0.4445454545454545,0.7045454545454546
VH-00414,413,3,B,39,Sedan,0.12704044297632178,12.704044297632178,False,0.35,171,High upstream cycle-time variation,Pass,0,NONE,40.432,4.033,0.0,0.44090909090909086,0.7045454545454546
VH-00514,513,4,A,64,Truck,0.1266417519241282,12.664175192412818,False,0.35,172,Low-confidence sparse telemetry,Pass,0,NONE,40.816,4.09,0.0,0.4481818181818182,0.7045454545454546
VH-00408,407,3,B,33,Compact,0.12644512454017462,12.644512454017462,False,0.35,173,High upstream cycle-time variation,Pass,0,NONE,44.642,3.547,1.1809740000000015,0.4481818181818182,0.7045454545454546
VH-00805,804,6,A,55,Compact,0.12618526706543529,12.618526706543529,False,0.35,174,Low-confidence sparse telemetry,Pass,0,NONE,39.913,1.943,0.0,0.44636363636363635,0.7045454545454546
VH-00384,383,3,B,9,Sedan,0.12519319483939428,12.519319483939428,False,0.35,175,Low-confidence sparse telemetry,Pass,0,NONE,44.901,3.174,0.21467399999999978,0.4445454545454545,0.7045454545454546
VH-00169,168,2,A,19,Compact,0.12490321236791785,12.490321236791784,False,0.35,176,Low-confidence sparse telemetry,Pass,0,NONE,39.788,2.219,0.0,0.44636363636363635,0.7045454545454546
VH-00367,366,3,A,67,SUV,0.12399989076766679,12.39998907676668,False,0.35,177,High upstream cycle-time variation,Pass,0,NONE,42.907,2.917,0.0,0.4445454545454545,0.7045454545454546
VH-00393,392,3,B,18,Compact,0.12249246623638417,12.249246623638417,False,0.35,178,High upstream cycle-time variation,Pass,0,NONE,45.095,3.349,0.7706550000000001,0.44272727272727275,0.7045454545454546
VH-00316,315,3,A,16,Truck,0.1213963128169225,12.13963128169225,False,0.35,179,High upstream cycle-time variation,Fail,1,LOW_CONFIDENCE_MULTI_CAUSAL,40.432,1.983,0.0,0.44272727272727275,0.7045454545454546
VH-00545,544,4,B,20,Compact,0.11994757916968805,11.994757916968805,False,0.35,180,High upstream cycle-time variation,Pass,0,NONE,42.057,3.551,0.02570700000000098,0.44090909090909086,0.7045454545454546
VH-00354,353,3,A,54,SUV,0.11725866287424119,11.72586628742412,False,0.35,181,High upstream cycle-time variation,Pass,0,NONE,42.532,2.854,0.0,0.44636363636363635,0.7045454545454546
VH-00561,560,4,B,36,Compact,0.11648058782221488,11.648058782221488,False,0.35,182,High upstream cycle-time variation,Pass,0,NONE,40.449,3.149,0.0,0.4445454545454545,0.7045454545454546
VH-00542,541,4,B,17,Truck,0.11595303440736676,11.595303440736677,False,0.35,183,High upstream cycle-time variation,Pass,0,NONE,42.113,3.6,0.05649999999999977,0.4481818181818182,0.7045454545454546
VH-00382,381,3,B,7,Sedan,0.11509361355572575,11.509361355572576,False,0.35,184,High upstream cycle-time variation,Pass,0,NONE,43.335,3.412,0.41652000000000006,0.4445454545454545,0.7045454545454546
VH-00536,535,4,B,11,Compact,0.11495246643384306,11.495246643384306,False,0.35,185,High upstream cycle-time variation,Pass,0,NONE,42.509,3.973,0.44435700000000017,0.45,0.7045454545454546
VH-00537,536,4,B,12,Sedan,0.11477133332986733,11.477133332986734,False,0.35,186,High upstream cycle-time variation,Pass,0,NONE,42.369,3.755,0.24169499999999977,0.4445454545454545,0.7045454545454546
VH-00128,127,1,B,53,Sedan,0.11395746315208038,11.395746315208038,False,0.35,187,High upstream cycle-time variation,Pass,0,NONE,40.393,2.097,0.0,0.44090909090909086,0.7045454545454546
VH-00380,379,3,B,5,Truck,0.11335452649514975,11.335452649514975,False,0.35,188,High upstream cycle-time variation,Pass,0,NONE,43.967,3.267,0.3284889999999994,0.44272727272727275,0.7045454545454546
VH-00134,133,1,B,59,Compact,0.11332398222441784,11.332398222441784,False,0.35,189,High upstream cycle-time variation,Pass,0,NONE,40.018,2.101,0.0,0.44636363636363635,0.7045454545454546
VH-00299,298,2,B,74,Sedan,0.11289601235433384,11.289601235433384,False,0.35,190,High upstream cycle-time variation,Pass,0,NONE,42.202,2.369,0.0,0.4445454545454545,0.7045454545454546
VH-00825,824,6,A,75,SUV,0.1104688231244778,11.04688231244778,False,0.35,191,Low-confidence sparse telemetry,Pass,0,NONE,39.006,1.844,0.0,0.4445454545454545,0.7045454545454546
VH-00206,205,2,A,56,Sedan,0.10970981339329587,10.970981339329587,False,0.35,192,Low-confidence sparse telemetry,Pass,0,NONE,40.294,2.163,0.0,0.4481818181818182,0.7045454545454546
VH-00535,534,4,B,10,Compact,0.10878255607859633,10.878255607859632,False,0.35,193,High upstream cycle-time variation,Pass,0,NONE,41.791,4.027,0.0,0.44636363636363635,0.7045454545454546
VH-00373,372,3,A,73,Compact,0.10825102953561533,10.825102953561533,False,0.35,194,High upstream cycle-time variation,Pass,0,NONE,42.921,3.342,0.22288199999999983,0.44272727272727275,0.7045454545454546
VH-00559,558,4,B,34,SUV,0.10698605579435279,10.698605579435279,False,0.35,195,High upstream cycle-time variation,Pass,0,NONE,42.068,3.738,0.04338399999999862,0.44272727272727275,0.7045454545454546
VH-00327,326,3,A,27,Compact,0.10578918511768265,10.578918511768265,False,0.35,196,High upstream cycle-time variation,Pass,0,NONE,41.18,2.332,0.0,0.4481818181818182,0.7045454545454546
VH-00037,36,1,A,37,SUV,0.10347442570601395,10.347442570601395,False,0.35,197,Low-confidence sparse telemetry,Pass,0,NONE,41.508,1.78,0.0,0.44636363636363635,0.7045454545454546
VH-00213,212,2,A,63,Sedan,0.10331017612676369,10.33101761267637,False,0.35,198,Low-confidence sparse telemetry,Pass,0,NONE,38.83,2.183,0.0,0.4445454545454545,0.7045454545454546
VH-00739,738,5,B,64,Sedan,0.10239875211457211,10.23987521145721,False,0.35,199,Low-confidence sparse telemetry,Pass,0,NONE,40.718,1.967,0.0,0.4481818181818182,0.7045454545454546
VH-00789,788,6,A,39,Truck,0.10192548015694135,10.192548015694134,False,0.35,200,High upstream cycle-time variation,Pass,0,NONE,38.437,1.74,0.0,0.44636363636363635,0.7045454545454546
VH-00222,221,2,A,72,Sedan,0.10159555604495737,10.159555604495738,False,0.35,201,High upstream cycle-time variation,Pass,0,NONE,38.735,2.136,0.0,0.44636363636363635,0.7045454545454546
VH-00853,852,6,B,28,Compact,0.1011820647862764,10.11820647862764,False,0.35,202,High upstream cycle-time variation,Pass,0,NONE,40.801,1.901,0.0,0.4445454545454545,0.7045454545454546
VH-00699,698,5,B,24,SUV,0.10051844628845291,10.051844628845291,False,0.35,203,Low-confidence sparse telemetry,Pass,0,NONE,40.604,1.99,0.0,0.44090909090909086,0.7045454545454546
VH-00059,58,1,A,59,Compact,0.1004650870989317,10.046508709893171,False,0.35,204,High upstream cycle-time variation,Pass,0,NONE,40.066,2.161,0.0,0.44272727272727275,0.7045454545454546
VH-00268,267,2,B,43,Compact,0.09937652007122966,9.937652007122965,False,0.35,205,High upstream cycle-time variation,Pass,0,NONE,41.611,2.303,0.0,0.45,0.7045454545454546
VH-00326,325,3,A,26,Sedan,0.09928864283163953,9.928864283163954,False,0.35,206,Low-confidence sparse telemetry,Pass,0,NONE,42.073,2.302,0.0,0.44636363636363635,0.7045454545454546
VH-00356,355,3,A,56,Sedan,0.09901703664588057,9.901703664588057,False,0.35,207,Low-confidence sparse telemetry,Pass,0,NONE,42.612,3.087,0.0,0.44272727272727275,0.7045454545454546
VH-00824,823,6,A,74,Compact,0.09765279921977234,9.765279921977234,False,0.35,208,High upstream cycle-time variation,Pass,0,NONE,39.145,1.918,0.0,0.44272727272727275,0.7045454545454546
VH-00175,174,2,A,25,Compact,0.09702135227328097,9.702135227328098,False,0.35,209,Low-confidence sparse telemetry,Pass,0,NONE,40.489,1.928,0.0,0.44272727272727275,0.7045454545454546
VH-00553,552,4,B,28,SUV,0.09606174231367402,9.606174231367403,False,0.35,210,High upstream cycle-time variation,Fail,1,LOW_CONFIDENCE_MULTI_CAUSAL,42.657,3.462,0.2378339999999988,0.44636363636363635,0.7045454545454546
VH-00030,29,1,A,30,Compact,0.09513137072212796,9.513137072212796,False,0.35,211,Low-confidence sparse telemetry,Pass,0,NONE,40.235,2.0,0.0,0.4445454545454545,0.7045454545454546
VH-00495,494,4,A,45,SUV,0.0946464325147347,9.46464325147347,False,0.35,212,High upstream cycle-time variation,Pass,0,NONE,42.434,4.291,0.5168939999999972,0.44272727272727275,0.7045454545454546
VH-00899,898,6,B,74,Truck,0.09346341178465055,9.346341178465055,False,0.35,213,Low-confidence sparse telemetry,Pass,0,NONE,39.429,2.012,0.0,0.4445454545454545,0.7045454545454546
VH-00552,551,4,B,27,Truck,0.09346319158320897,9.346319158320897,False,0.35,214,High upstream cycle-time variation,Pass,0,NONE,42.572,3.473,0.21335600000000088,0.4518181818181818,0.7045454545454546
VH-00521,520,4,A,71,SUV,0.0933475566216448,9.334755662164481,False,0.35,215,Low-confidence sparse telemetry,Pass,0,NONE,41.486,3.829,0.0,0.44636363636363635,0.7045454545454546
VH-00657,656,5,A,57,Compact,0.09253303335129047,9.253303335129047,False,0.35,216,Low-confidence sparse telemetry,Pass,0,NONE,39.456,1.855,0.0,0.44636363636363635,0.7045454545454546
VH-00073,72,1,A,73,Compact,0.09199201311461941,9.199201311461941,False,0.35,217,High upstream cycle-time variation,Pass,0,NONE,39.833,2.377,0.0,0.44636363636363635,0.7045454545454546
VH-00203,202,2,A,53,Truck,0.09195040062503618,9.195040062503617,False,0.35,218,High upstream cycle-time variation,Pass,0,NONE,40.005,1.914,0.0,0.4481818181818182,0.7045454545454546
VH-00674,673,5,A,74,SUV,0.09190844250287836,9.190844250287835,False,0.35,219,Low-confidence sparse telemetry,Pass,0,NONE,39.405,2.377,0.0,0.4445454545454545,0.7045454545454546
VH-00850,849,6,B,25,Sedan,0.09187846408216471,9.18784640821647,False,0.35,220,Low-confidence sparse telemetry,Pass,0,NONE,40.279,1.983,0.0,0.44272727272727275,0.7045454545454546
VH-00505,504,4,A,55,Truck,0.09176203689923222,9.176203689923222,False,0.35,221,High upstream cycle-time variation,Pass,0,NONE,42.312,4.387,0.40154399999999674,0.44272727272727275,0.7045454545454546
VH-00178,177,2,A,28,Compact,0.09164213237971852,9.164213237971852,False,0.35,222,High upstream cycle-time variation,Pass,0,NONE,40.529,2.23,0.0,0.4445454545454545,0.7045454545454546
VH-00810,809,6,A,60,SUV,0.09161849616843153,9.161849616843153,False,0.35,223,Low-confidence sparse telemetry,Pass,0,NONE,39.963,2.252,0.0,0.44272727272727275,0.7045454545454546
VH-00779,778,6,A,29,Compact,0.0914251587098152,9.14251587098152,False,0.35,224,Low-confidence sparse telemetry,Pass,0,NONE,39.039,2.175,0.0,0.4445454545454545,0.7045454545454546
VH-00375,374,3,A,75,Truck,0.09118838627182946,9.118838627182946,False,0.35,225,High upstream cycle-time variation,Pass,0,NONE,43.798,3.323,0.40095400000000014,0.44272727272727275,0.7045454545454546
VH-00386,385,3,B,11,Sedan,0.09063117236293189,9.06311723629319,False,0.35,226,High upstream cycle-time variation,Pass,0,NONE,45.238,3.15,0.1618999999999994,0.44636363636363635,0.7045454545454546
VH-00794,793,6,A,44,Sedan,0.09043475107477972,9.043475107477972,False,0.35,227,High upstream cycle-time variation,Pass,0,NONE,40.214,1.735,0.0,0.44636363636363635,0.7045454545454546
VH-00371,370,3,A,71,Truck,0.09017996186331205,9.017996186331205,False,0.35,228,High upstream cycle-time variation,Pass,0,NONE,43.323,3.187,0.11510099999999969,0.4481818181818182,0.7045454545454546
VH-00334,333,3,A,34,Truck,0.09010583043862112,9.010583043862113,False,0.35,229,High upstream cycle-time variation,Pass,0,NONE,42.34,2.478,0.0,0.4481818181818182,0.7045454545454546
VH-00088,87,1,B,13,Compact,0.08901222903575529,8.901222903575528,False,0.35,230,High upstream cycle-time variation,Pass,0,NONE,39.103,2.1,0.0,0.44636363636363635,0.7045454545454546
VH-00497,496,4,A,47,Sedan,0.08882463290515143,8.882463290515142,False,0.35,231,High upstream cycle-time variation,Pass,0,NONE,42.534,4.652,0.8287679999999984,0.44272727272727275,0.7045454545454546
VH-00675,674,5,A,75,SUV,0.08810590855985835,8.810590855985835,False,0.35,232,High upstream cycle-time variation,Pass,0,NONE,39.228,2.28,0.0,0.44636363636363635,0.7045454545454546
VH-00392,391,3,B,17,SUV,0.08729232620264121,8.72923262026412,False,0.35,233,High upstream cycle-time variation,Pass,0,NONE,44.338,3.119,0.044422000000000315,0.45,0.7045454545454546
VH-00366,365,3,A,66,Sedan,0.08728092189753889,8.72809218975389,False,0.35,234,High upstream cycle-time variation,Pass,0,NONE,43.621,3.182,0.13292199999999993,0.4445454545454545,0.7045454545454546
VH-00401,400,3,B,26,Sedan,0.08714280111319331,8.714280111319331,False,0.35,235,High upstream cycle-time variation,Pass,0,NONE,44.925,2.23,0.0,0.44636363636363635,0.7045454545454546
VH-00792,791,6,A,42,Sedan,0.08621897455777087,8.621897455777088,False,0.35,236,Low-confidence sparse telemetry,Pass,0,NONE,39.701,2.205,0.0,0.45,0.7045454545454546
VH-00774,773,6,A,24,Sedan,0.08512903200253358,8.512903200253358,False,0.35,237,Low-confidence sparse telemetry,Pass,0,NONE,39.053,2.737,0.0,0.4481818181818182,0.7045454545454546
VH-00239,238,2,B,14,Compact,0.08487760048102104,8.487760048102103,False,0.35,238,Low-confidence sparse telemetry,Pass,0,NONE,39.917,2.044,0.0,0.44272727272727275,0.7045454545454546
VH-00696,695,5,B,21,Sedan,0.0848756296290683,8.48756296290683,False,0.35,239,High upstream cycle-time variation,Pass,0,NONE,41.568,1.945,0.0,0.44272727272727275,0.7045454545454546
VH-00339,338,3,A,39,SUV,0.0846173760685647,8.46173760685647,False,0.35,240,Low-confidence sparse telemetry,Pass,0,NONE,42.224,2.734,0.0,0.4481818181818182,0.7045454545454546
VH-00586,585,4,B,61,Truck,0.0844882702880621,8.44882702880621,False,0.35,241,High upstream cycle-time variation,Pass,0,NONE,40.203,3.055,0.0,0.4445454545454545,0.7045454545454546
VH-00565,564,4,B,40,Sedan,0.08448047224073299,8.4480472240733,False,0.35,242,High upstream cycle-time variation,Pass,0,NONE,42.767,3.351,0.19251700000000066,0.44636363636363635,0.7045454545454546
VH-00530,529,4,B,5,Sedan,0.08442344400897482,8.442344400897483,False,0.35,243,High upstream cycle-time variation,Pass,0,NONE,42.095,4.104,0.09537999999999885,0.44636363636363635,0.7045454545454546
VH-00180,179,2,A,30,Compact,0.08426432569941186,8.426432569941186,False,0.35,244,High upstream cycle-time variation,Fail,1,LOW_CONFIDENCE_MULTI_CAUSAL,37.377,1.953,0.0,0.44636363636363635,0.7045454545454546
VH-00778,777,6,A,28,Sedan,0.08420827225447593,8.420827225447592,False,0.35,245,High upstream cycle-time variation,Pass,0,NONE,39.668,2.093,0.0,0.4481818181818182,0.7045454545454546
VH-00394,393,3,B,19,SUV,0.08420606495940193,8.420606495940193,False,0.35,246,High upstream cycle-time variation,Pass,0,NONE,44.347,3.054,0.0,0.4445454545454545,0.7045454545454546
VH-00361,360,3,A,61,Truck,0.08395704848930974,8.395704848930974,False,0.35,247,High upstream cycle-time variation,Pass,0,NONE,43.647,2.888,0.0,0.44272727272727275,0.7045454545454546
VH-00333,332,3,A,33,Compact,0.08373241400974907,8.373241400974907,False,0.35,248,Low-confidence sparse telemetry,Pass,0,NONE,41.75,2.604,0.0,0.44272727272727275,0.7045454545454546
VH-00057,56,1,A,57,Sedan,0.08355978439897437,8.355978439897436,False,0.35,249,Low-confidence sparse telemetry,Pass,0,NONE,39.12,1.939,0.0,0.4445454545454545,0.7045454545454546
VH-00122,121,1,B,47,Sedan,0.0826894518056952,8.26894518056952,False,0.35,250,Low-confidence sparse telemetry,Pass,0,NONE,39.689,2.054,0.0,0.44636363636363635,0.7045454545454546
VH-00715,714,5,B,40,Compact,0.08256298849208386,8.256298849208386,False,0.35,251,Low-confidence sparse telemetry,Pass,0,NONE,41.444,2.05,0.0,0.44636363636363635,0.7045454545454546
VH-00343,342,3,A,43,SUV,0.08197200768989019,8.197200768989019,False,0.35,252,High upstream cycle-time variation,Pass,0,NONE,43.191,2.346,0.0,0.44636363636363635,0.7045454545454546
VH-00097,96,1,B,22,SUV,0.08190205840048041,8.19020584004804,False,0.35,253,Low-confidence sparse telemetry,Pass,0,NONE,39.872,2.362,0.0,0.4445454545454545,0.7045454545454546
VH-00046,45,1,A,46,SUV,0.08185023088478706,8.185023088478706,False,0.35,254,High upstream cycle-time variation,Pass,0,NONE,40.216,2.219,0.0,0.44090909090909086,0.7045454545454546
VH-00290,289,2,B,65,Truck,0.08159853082659926,8.159853082659927,False,0.35,255,High upstream cycle-time variation,Pass,0,NONE,42.481,1.84,0.0,0.4518181818181818,0.7045454545454546
VH-00502,501,4,A,52,SUV,0.08089433455586942,8.089433455586942,False,0.35,256,Low-confidence sparse telemetry,Pass,0,NONE,42.685,4.08,0.6713000000000022,0.44636363636363635,0.7045454545454546
VH-00546,545,4,B,21,Compact,0.08050792118116344,8.050792118116345,False,0.35,257,High upstream cycle-time variation,Pass,0,NONE,41.458,3.687,0.0,0.4445454545454545,0.7045454545454546
VH-00307,306,3,A,7,Compact,0.08031660083723038,8.031660083723038,False,0.35,258,Low-confidence sparse telemetry,Pass,0,NONE,40.694,1.89,0.0,0.44636363636363635,0.7045454545454546
VH-00044,43,1,A,44,Compact,0.08013761655643167,8.013761655643167,False,0.35,259,High upstream cycle-time variation,Pass,0,NONE,39.188,1.834,0.0,0.44272727272727275,0.7045454545454546
VH-00587,586,4,B,62,Compact,0.080046729703749,8.0046729703749,False,0.35,260,High upstream cycle-time variation,Pass,0,NONE,40.692,3.44,0.0,0.44636363636363635,0.7045454545454546
VH-00381,380,3,B,6,SUV,0.07984257135750517,7.984257135750516,False,0.35,261,High upstream cycle-time variation,Pass,0,NONE,44.25,3.02,0.0,0.44272727272727275,0.7045454545454546
VH-00345,344,3,A,45,Truck,0.07977701049754486,7.9777010497544865,False,0.35,262,High upstream cycle-time variation,Pass,0,NONE,42.588,2.662,0.0,0.4445454545454545,0.7045454545454546
VH-00750,749,5,B,75,Sedan,0.0787489998751587,7.874899987515869,False,0.35,263,Low-confidence sparse telemetry,Pass,0,NONE,40.53,2.126,0.0,0.44636363636363635,0.7045454545454546
VH-00707,706,5,B,32,Sedan,0.07842740931537415,7.842740931537414,False,0.35,264,Low-confidence sparse telemetry,Pass,0,NONE,40.969,2.548,0.0,0.4445454545454545,0.7045454545454546
VH-00159,158,2,A,9,Sedan,0.07789999523283865,7.789999523283865,False,0.35,265,Low-confidence sparse telemetry,Pass,0,NONE,39.883,1.77,0.0,0.4481818181818182,0.7045454545454546
VH-00071,70,1,A,71,Sedan,0.07769238472685464,7.769238472685464,False,0.35,266,High upstream cycle-time variation,Pass,0,NONE,38.815,1.887,0.0,0.4445454545454545,0.7045454545454546
VH-00358,357,3,A,58,Compact,0.0765642784857377,7.65642784857377,False,0.35,267,High upstream cycle-time variation,Pass,0,NONE,42.457,2.998,0.0,0.4481818181818182,0.7045454545454546
VH-00149,148,1,B,74,Compact,0.07610826198722444,7.610826198722444,False,0.35,268,Low-confidence sparse telemetry,Pass,0,NONE,40.389,2.461,0.0,0.4445454545454545,0.7045454545454546
VH-00133,132,1,B,58,Sedan,0.0759567558844151,7.59567558844151,False,0.35,269,Low-confidence sparse telemetry,Pass,0,NONE,39.977,2.077,0.0,0.44636363636363635,0.7045454545454546
VH-00599,598,4,B,74,Sedan,0.0752866574724584,7.52866574724584,False,0.35,270,Low-confidence sparse telemetry,Pass,0,NONE,40.47,2.574,0.0,0.4445454545454545,0.7045454545454546
VH-00383,382,3,B,8,Sedan,0.07528660187542961,7.528660187542961,False,0.35,271,High upstream cycle-time variation,Pass,0,NONE,45.182,3.099,0.0,0.44636363636363635,0.7045454545454546
VH-00749,748,5,B,74,Compact,0.07483750113486552,7.483750113486552,False,0.35,272,High upstream cycle-time variation,Pass,0,NONE,39.409,2.009,0.0,0.44636363636363635,0.7045454545454546
VH-00015,14,1,A,15,Compact,0.07451315982959163,7.451315982959163,False,0.35,273,High upstream cycle-time variation,Pass,0,NONE,40.295,2.383,0.0,0.44272727272727275,0.7045454545454546
VH-00726,725,5,B,51,Sedan,0.07434792876763922,7.434792876763923,False,0.35,274,High upstream cycle-time variation,Pass,0,NONE,41.009,2.027,0.0,0.44636363636363635,0.7045454545454546
VH-00032,31,1,A,32,Compact,0.07422669417641721,7.422669417641721,False,0.35,275,High upstream cycle-time variation,Pass,0,NONE,38.891,1.67,0.0,0.44272727272727275,0.7045454545454546
VH-00578,577,4,B,53,Truck,0.07356242815449142,7.356242815449142,False,0.35,276,Low-confidence sparse telemetry,Pass,0,NONE,40.311,3.017,0.0,0.44272727272727275,0.7045454545454546
VH-00571,570,4,B,46,Sedan,0.07218987480071003,7.218987480071003,False,0.35,277,Low-confidence sparse telemetry,Pass,0,NONE,42.583,3.11,0.00582999999999986,0.44636363636363635,0.7045454545454546
VH-00388,387,3,B,13,Sedan,0.07192558799865569,7.1925587998655685,False,0.35,278,High upstream cycle-time variation,Pass,0,NONE,43.31,3.529,0.5619900000000008,0.4481818181818182,0.7045454545454546
VH-00871,870,6,B,46,Compact,0.07153532981532403,7.153532981532402,False,0.35,279,High upstream cycle-time variation,Pass,0,NONE,40.091,1.935,0.0,0.45,0.7045454545454546
VH-00573,572,4,B,48,Compact,0.071499347369917,7.149934736991701,False,0.35,280,High upstream cycle-time variation,Pass,0,NONE,40.025,3.023,0.0,0.44636363636363635,0.7045454545454546
VH-00712,711,5,B,37,Sedan,0.07135999371605802,7.135999371605801,False,0.35,281,High upstream cycle-time variation,Pass,0,NONE,40.331,2.232,0.0,0.44272727272727275,0.7045454545454546
VH-00731,730,5,B,56,Sedan,0.0712793227367781,7.127932273677811,False,0.35,282,Low-confidence sparse telemetry,Pass,0,NONE,40.231,2.209,0.0,0.4445454545454545,0.7045454545454546
VH-00577,576,4,B,52,Truck,0.0707120085811995,7.0712008581199495,False,0.35,283,High upstream cycle-time variation,Pass,0,NONE,42.159,3.04,0.0,0.4481818181818182,0.7045454545454546
VH-00486,485,4,A,36,Compact,0.07050148893830957,7.050148893830957,False,0.35,284,High upstream cycle-time variation,Pass,0,NONE,40.432,2.23,0.0,0.44272727272727275,0.7045454545454546
VH-00506,505,4,A,56,Compact,0.07043334078842169,7.043334078842169,False,0.35,285,Low-confidence sparse telemetry,Pass,0,NONE,42.82,4.267,0.9569400000000006,0.4445454545454545,0.7045454545454546
VH-00002,1,1,A,2,SUV,0.07037809497467888,7.037809497467888,False,0.35,286,High upstream cycle-time variation,Pass,0,NONE,38.512,2.18,0.0,0.4481818181818182,0.7045454545454546
VH-00199,198,2,A,49,Truck,0.07019534460136401,7.0195344601364,False,0.35,287,High upstream cycle-time variation,Pass,0,NONE,39.702,2.119,0.0,0.4445454545454545,0.7045454545454546
VH-00248,247,2,B,23,Truck,0.07000266804427209,7.000266804427209,False,0.35,288,Low-confidence sparse telemetry,Pass,0,NONE,40.432,2.362,0.0,0.44636363636363635,0.7045454545454546
VH-00172,171,2,A,22,Compact,0.06965264212202421,6.965264212202421,False,0.35,289,High upstream cycle-time variation,Pass,0,NONE,38.579,2.076,0.0,0.4445454545454545,0.7045454545454546
VH-00136,135,1,B,61,Sedan,0.06961094508184915,6.961094508184915,False,0.35,290,High upstream cycle-time variation,Pass,0,NONE,41.211,2.149,0.0,0.4481818181818182,0.7045454545454546
VH-00158,157,2,A,8,Compact,0.0695224784842622,6.95224784842622,False,0.35,291,Low-confidence sparse telemetry,Pass,0,NONE,39.479,2.49,0.0,0.44272727272727275,0.7045454545454546
VH-00556,555,4,B,31,Sedan,0.06946716230486212,6.946716230486212,False,0.35,292,High upstream cycle-time variation,Pass,0,NONE,42.542,3.407,0.16639400000000046,0.4481818181818182,0.7045454545454546
VH-00241,240,2,B,16,Sedan,0.06917999266452685,6.917999266452685,False,0.35,293,High upstream cycle-time variation,Pass,0,NONE,40.616,1.92,0.0,0.4445454545454545,0.7045454545454546
VH-00688,687,5,B,13,Compact,0.06895314546285979,6.895314546285978,False,0.35,294,Low-confidence sparse telemetry,Pass,0,NONE,40.375,2.091,0.0,0.4445454545454545,0.7045454545454546
VH-00139,138,1,B,64,SUV,0.06871328653827725,6.871328653827725,False,0.35,295,High upstream cycle-time variation,Pass,0,NONE,40.333,2.205,0.0,0.45,0.7045454545454546
VH-00257,256,2,B,32,SUV,0.06823257458452746,6.823257458452746,False,0.35,296,High upstream cycle-time variation,Pass,0,NONE,40.774,2.16,0.0,0.4390909090909091,0.7045454545454546
VH-00036,35,1,A,36,Sedan,0.06795584067927404,6.795584067927404,False,0.35,297,High upstream cycle-time variation,Pass,0,NONE,40.782,1.911,0.0,0.44636363636363635,0.7045454545454546
VH-00859,858,6,B,34,Sedan,0.06778002421872877,6.778002421872877,False,0.35,298,High upstream cycle-time variation,Pass,0,NONE,39.896,2.169,0.0,0.44636363636363635,0.7045454545454546
VH-00697,696,5,B,22,Compact,0.06775586012855928,6.7755860128559275,False,0.35,299,High upstream cycle-time variation,Pass,0,NONE,39.82,1.992,0.0,0.4481818181818182,0.7045454545454546
VH-00460,459,4,A,10,Sedan,0.06761174951638363,6.761174951638363,False,0.35,300,High upstream cycle-time variation,Pass,0,NONE,42.528,4.28,0.6230399999999986,0.4445454545454545,0.7045454545454546
VH-00557,556,4,B,32,Sedan,0.0674934934501746,6.7493493450174595,False,0.35,301,High upstream cycle-time variation,Pass,0,NONE,41.615,3.547,0.0,0.4445454545454545,0.7045454545454546
VH-00893,892,6,B,68,SUV,0.06730135197872285,6.7301351978722845,False,0.35,302,High upstream cycle-time variation,Pass,0,NONE,39.803,2.428,0.0,0.4518181818181818,0.7045454545454546
VH-00357,356,3,A,57,Compact,0.06727336364605409,6.727336364605409,False,0.35,303,High upstream cycle-time variation,Pass,0,NONE,43.065,2.91,0.0,0.4481818181818182,0.7045454545454546
VH-00332,331,3,A,32,Compact,0.06721465117893312,6.721465117893312,False,0.35,304,High upstream cycle-time variation,Pass,0,NONE,42.161,2.336,0.0,0.4445454545454545,0.7045454545454546
VH-00547,546,4,B,22,Sedan,0.06680744021089269,6.680744021089269,False,0.35,305,High upstream cycle-time variation,Pass,0,NONE,40.432,3.818,0.0,0.44636363636363635,0.7045454545454546
VH-00499,498,4,A,49,Compact,0.06663615616935423,6.663615616935423,False,0.35,306,Low-confidence sparse telemetry,Pass,0,NONE,42.396,4.5,0.5544000000000011,0.4445454545454545,0.7045454545454546
VH-00548,547,4,B,23,Sedan,0.06644834718616131,6.644834718616131,False,0.35,307,High upstream cycle-time variation,Pass,0,NONE,41.309,4.221,0.0,0.44636363636363635,0.7045454545454546
VH-00368,367,3,A,68,Sedan,0.06593717891991917,6.593717891991917,False,0.35,308,High upstream cycle-time variation,Pass,0,NONE,43.158,3.397,0.343926,0.44636363636363635,0.7045454545454546
VH-00005,4,1,A,5,SUV,0.06503291704362571,6.503291704362571,False,0.35,309,High upstream cycle-time variation,Pass,0,NONE,39.428,2.311,0.0,0.44636363636363635,0.7045454545454546
VH-00085,84,1,B,10,Sedan,0.06484079442619342,6.484079442619342,False,0.35,310,High upstream cycle-time variation,Pass,0,NONE,41.07,2.011,0.0,0.44636363636363635,0.7045454545454546
VH-00889,888,6,B,64,Sedan,0.06464779283139405,6.464779283139404,False,0.35,311,High upstream cycle-time variation,Pass,0,NONE,39.39,1.77,0.0,0.4445454545454545,0.7045454545454546
VH-00737,736,5,B,62,Compact,0.06459261120862234,6.459261120862234,False,0.35,312,Low-confidence sparse telemetry,Pass,0,NONE,42.013,1.89,0.0,0.4445454545454545,0.7045454545454546
VH-00101,100,1,B,26,SUV,0.06457873403828734,6.457873403828734,False,0.35,313,Low-confidence sparse telemetry,Pass,0,NONE,40.731,1.625,0.0,0.4445454545454545,0.7045454545454546
VH-00035,34,1,A,35,SUV,0.0641169305130487,6.41169305130487,False,0.35,314,Low-confidence sparse telemetry,Pass,0,NONE,39.293,1.759,0.0,0.44272727272727275,0.7045454545454546
VH-00662,661,5,A,62,Sedan,0.06393621820334147,6.393621820334147,False,0.35,315,Low-confidence sparse telemetry,Pass,0,NONE,38.623,2.071,0.0,0.4445454545454545,0.7045454545454546
VH-00711,710,5,B,36,Compact,0.06381659506603951,6.381659506603951,False,0.35,316,Low-confidence sparse telemetry,Pass,0,NONE,39.959,2.138,0.0,0.4445454545454545,0.7045454545454546
VH-00596,595,4,B,71,SUV,0.06362303309767393,6.362303309767394,False,0.35,317,High upstream cycle-time variation,Pass,0,NONE,40.485,2.947,0.0,0.44272727272727275,0.7045454545454546
VH-00591,590,4,B,66,Sedan,0.06351676005471715,6.351676005471715,False,0.35,318,Low-confidence sparse telemetry,Pass,0,NONE,41.221,2.863,0.0,0.44090909090909086,0.7045454545454546
VH-00716,715,5,B,41,Compact,0.06326164681147403,6.326164681147403,False,0.35,319,Low-confidence sparse telemetry,Pass,0,NONE,40.263,1.972,0.0,0.44636363636363635,0.7045454545454546
VH-00708,707,5,B,33,Compact,0.06249386758008561,6.249386758008561,False,0.35,320,High upstream cycle-time variation,Pass,0,NONE,38.883,2.253,0.0,0.4445454545454545,0.7045454545454546
VH-00202,201,2,A,52,Compact,0.06230532880032404,6.2305328800324045,False,0.35,321,High upstream cycle-time variation,Pass,0,NONE,39.978,2.582,0.0,0.4445454545454545,0.7045454545454546
VH-00143,142,1,B,68,Sedan,0.06195453437632117,6.195453437632117,False,0.35,322,Low-confidence sparse telemetry,Pass,0,NONE,40.068,2.098,0.0,0.44636363636363635,0.7045454545454546
VH-00858,857,6,B,33,Compact,0.06180556019152214,6.180556019152214,False,0.35,323,Low-confidence sparse telemetry,Pass,0,NONE,39.437,2.195,0.0,0.4445454545454545,0.7045454545454546
VH-00318,317,3,A,18,Compact,0.06133136410600743,6.133136410600743,False,0.35,324,High upstream cycle-time variation,Pass,0,NONE,40.343,2.239,0.0,0.44636363636363635,0.7045454545454546
VH-00308,307,3,A,8,Truck,0.06098145562029794,6.098145562029794,False,0.35,325,High upstream cycle-time variation,Pass,0,NONE,40.665,2.44,0.0,0.4481818181818182,0.7045454545454546
VH-00215,214,2,A,65,Truck,0.06091532832678257,6.091532832678257,False,0.35,326,High upstream cycle-time variation,Pass,0,NONE,39.503,1.902,0.0,0.44636363636363635,0.7045454545454546
VH-00677,676,5,B,2,SUV,0.0607582539098751,6.07582539098751,False,0.35,327,Low-confidence sparse telemetry,Pass,0,NONE,39.578,1.873,0.0,0.4481818181818182,0.7045454545454546
VH-00050,49,1,A,50,Compact,0.06035668047840478,6.035668047840478,False,0.35,328,Low-confidence sparse telemetry,Pass,0,NONE,40.021,2.324,0.0,0.44272727272727275,0.7045454545454546
VH-00748,747,5,B,73,Compact,0.060231585423929604,6.02315854239296,False,0.35,329,High upstream cycle-time variation,Pass,0,NONE,40.574,1.887,0.0,0.44272727272727275,0.7045454545454546
VH-00879,878,6,B,54,Sedan,0.06002942902978778,6.002942902978778,False,0.35,330,High upstream cycle-time variation,Pass,0,NONE,39.504,2.314,0.0,0.4445454545454545,0.7045454545454546
VH-00772,771,6,A,22,SUV,0.059820273815024284,5.982027381502428,False,0.35,331,High upstream cycle-time variation,Pass,0,NONE,40.118,1.915,0.0,0.4518181818181818,0.7045454545454546
VH-00770,769,6,A,20,SUV,0.05974390354393419,5.974390354393419,False,0.35,332,High upstream cycle-time variation,Pass,0,NONE,39.678,2.248,0.0,0.4445454545454545,0.7045454545454546
VH-00583,582,4,B,58,Compact,0.05957083888160566,5.957083888160565,False,0.35,333,High upstream cycle-time variation,Pass,0,NONE,40.911,2.687,0.0,0.4445454545454545,0.7045454545454546
VH-00678,677,5,B,3,SUV,0.05953182172520579,5.953182172520579,False,0.35,334,High upstream cycle-time variation,Pass,0,NONE,40.738,2.135,0.0,0.44636363636363635,0.7045454545454546
VH-00623,622,5,A,23,Truck,0.05920132478915237,5.920132478915237,False,0.35,335,Low-confidence sparse telemetry,Pass,0,NONE,40.257,2.136,0.0,0.44636363636363635,0.7045454545454546
VH-00462,461,4,A,12,Sedan,0.05909377068473609,5.909377068473609,False,0.35,336,Low-confidence sparse telemetry,Pass,0,NONE,42.51,4.236,0.5793599999999975,0.44636363636363635,0.7045454545454546
VH-00242,241,2,B,17,Compact,0.058878165157948165,5.887816515794817,False,0.35,337,High upstream cycle-time variation,Pass,0,NONE,39.716,1.887,0.0,0.4445454545454545,0.7045454545454546
VH-00493,492,4,A,43,Compact,0.05879675000244345,5.879675000244345,False,0.35,338,Low-confidence sparse telemetry,Pass,0,NONE,41.919,4.449,0.0,0.44636363636363635,0.7045454545454546
VH-00185,184,2,A,35,Compact,0.05868382078976942,5.868382078976942,False,0.35,339,High upstream cycle-time variation,Pass,0,NONE,38.771,1.86,0.0,0.4445454545454545,0.7045454545454546
VH-00588,587,4,B,63,Truck,0.05858920988111602,5.858920988111602,False,0.35,340,High upstream cycle-time variation,Pass,0,NONE,40.549,2.728,0.0,0.44272727272727275,0.7045454545454546
VH-00539,538,4,B,14,Truck,0.05843286459949906,5.843286459949907,False,0.35,341,High upstream cycle-time variation,Pass,0,NONE,41.275,3.835,0.0,0.44636363636363635,0.7045454545454546
VH-00076,75,1,B,1,Compact,0.058210319951702214,5.821031995170221,False,0.35,342,High upstream cycle-time variation,Pass,0,NONE,40.467,2.012,0.0,0.4445454545454545,0.7045454545454546
VH-00885,884,6,B,60,Compact,0.0579488180813537,5.79488180813537,False,0.35,343,High upstream cycle-time variation,Pass,0,NONE,41.373,1.937,0.0,0.4445454545454545,0.7045454545454546
VH-00621,620,5,A,21,Sedan,0.057934253777117764,5.793425377711777,False,0.35,344,Low-confidence sparse telemetry,Pass,0,NONE,38.42,2.053,0.0,0.4445454545454545,0.7045454545454546
VH-00611,610,5,A,11,SUV,0.05783240322735926,5.783240322735926,False,0.35,345,High upstream cycle-time variation,Pass,0,NONE,40.716,2.718,0.0,0.44636363636363635,0.7045454545454546
VH-00300,299,2,B,75,Compact,0.05724939502087446,5.724939502087446,False,0.35,346,High upstream cycle-time variation,Pass,0,NONE,41.734,2.283,0.0,0.44636363636363635,0.7045454545454546
VH-00080,79,1,B,5,Sedan,0.057201234508172015,5.720123450817201,False,0.35,347,High upstream cycle-time variation,Pass,0,NONE,40.208,1.97,0.0,0.4445454545454545,0.7045454545454546
VH-00809,808,6,A,59,Compact,0.05717978652841398,5.717978652841398,False,0.35,348,Low-confidence sparse telemetry,Pass,0,NONE,38.551,2.234,0.0,0.4445454545454545,0.7045454545454546
VH-00875,874,6,B,50,Compact,0.05702884159626999,5.702884159626999,False,0.35,349,Low-confidence sparse telemetry,Pass,0,NONE,40.601,2.415,0.0,0.4445454545454545,0.7045454545454546
VH-00624,623,5,A,24,Sedan,0.05695141680625231,5.695141680625231,False,0.35,350,High upstream cycle-time variation,Pass,0,NONE,39.723,2.195,0.0,0.44636363636363635,0.7045454545454546
VH-00114,113,1,B,39,Sedan,0.05655214687554104,5.655214687554104,False,0.35,351,High upstream cycle-time variation,Pass,0,NONE,39.063,2.435,0.0,0.4445454545454545,0.7045454545454546
VH-00887,886,6,B,62,Compact,0.056508512696738455,5.650851269673845,False,0.35,352,High upstream cycle-time variation,Pass,0,NONE,39.654,1.957,0.0,0.44272727272727275,0.7045454545454546
VH-00229,228,2,B,4,Compact,0.056192685391975,5.6192685391975,False,0.35,353,High upstream cycle-time variation,Pass,0,NONE,40.206,2.214,0.0,0.44636363636363635,0.7045454545454546
VH-00736,735,5,B,61,SUV,0.056037620421739584,5.603762042173958,False,0.35,354,High upstream cycle-time variation,Pass,0,NONE,40.672,2.228,0.0,0.4481818181818182,0.7045454545454546
VH-00022,21,1,A,22,Compact,0.05596759608495444,5.596759608495444,False,0.35,355,Low-confidence sparse telemetry,Pass,0,NONE,39.63,2.163,0.0,0.44272727272727275,0.7045454545454546
VH-00279,278,2,B,54,Sedan,0.05596509577934354,5.596509577934354,False,0.35,356,Low-confidence sparse telemetry,Pass,0,NONE,40.993,2.121,0.0,0.4445454545454545,0.7045454545454546
VH-00538,537,4,B,13,SUV,0.05589468173275029,5.589468173275029,False,0.35,357,High upstream cycle-time variation,Pass,0,NONE,41.73,3.807,0.0,0.44272727272727275,0.7045454545454546
VH-00854,853,6,B,29,Sedan,0.055703015363279304,5.57030153632793,False,0.35,358,High upstream cycle-time variation,Pass,0,NONE,41.157,1.97,0.0,0.4445454545454545,0.7045454545454546
VH-00728,727,5,B,53,Sedan,0.055630935030061085,5.563093503006108,False,0.35,359,High upstream cycle-time variation,Pass,0,NONE,39.725,2.178,0.0,0.4445454545454545,0.7045454545454546
VH-00637,636,5,A,37,SUV,0.05547140000253933,5.547140000253933,False,0.35,360,Low-confidence sparse telemetry,Pass,0,NONE,40.623,2.06,0.0,0.4518181818181818,0.7045454545454546
VH-00329,328,3,A,29,Compact,0.05546577313747776,5.546577313747776,False,0.35,361,High upstream cycle-time variation,Pass,0,NONE,41.91,2.17,0.0,0.4445454545454545,0.7045454545454546
VH-00106,105,1,B,31,Compact,0.055404266287548305,5.5404266287548305,False,0.35,362,High upstream cycle-time variation,Pass,0,NONE,40.422,2.06,0.0,0.4481818181818182,0.7045454545454546
VH-00233,232,2,B,8,Compact,0.055402496906316934,5.540249690631693,False,0.35,363,High upstream cycle-time variation,Pass,0,NONE,40.142,2.23,0.0,0.44636363636363635,0.7045454545454546
VH-00223,222,2,A,73,Compact,0.05536938917714124,5.5369389177141235,False,0.35,364,High upstream cycle-time variation,Pass,0,NONE,39.353,1.911,0.0,0.44272727272727275,0.7045454545454546
VH-00888,887,6,B,63,Sedan,0.05535067531323565,5.535067531323564,False,0.35,365,High upstream cycle-time variation,Pass,0,NONE,40.11,2.243,0.0,0.44636363636363635,0.7045454545454546
VH-00074,73,1,A,74,SUV,0.05504978364288798,5.504978364288798,False,0.35,366,Low-confidence sparse telemetry,Pass,0,NONE,37.515,2.348,0.0,0.4518181818181818,0.7045454545454546
VH-00866,865,6,B,41,SUV,0.054996337263428625,5.4996337263428625,False,0.35,367,High upstream cycle-time variation,Pass,0,NONE,39.714,1.753,0.0,0.4481818181818182,0.7045454545454546
VH-00167,166,2,A,17,SUV,0.05497370755322752,5.497370755322752,False,0.35,368,High upstream cycle-time variation,Pass,0,NONE,38.477,2.049,0.0,0.4518181818181818,0.7045454545454546
VH-00520,519,4,A,70,Sedan,0.054964753214702844,5.496475321470284,False,0.35,369,High upstream cycle-time variation,Pass,0,NONE,41.257,4.08,0.0,0.4445454545454545,0.7045454545454546
VH-00541,540,4,B,16,SUV,0.05489494964227018,5.489494964227018,False,0.35,370,High upstream cycle-time variation,Pass,0,NONE,42.365,3.86,0.2774000000000014,0.4445454545454545,0.7045454545454546
VH-00650,649,5,A,50,Truck,0.054734933123058466,5.4734933123058465,False,0.35,371,High upstream cycle-time variation,Pass,0,NONE,40.258,2.127,0.0,0.4445454545454545,0.7045454545454546
VH-00019,18,1,A,19,Sedan,0.054483431741330746,5.448343174133075,False,0.35,372,High upstream cycle-time variation,Pass,0,NONE,38.713,2.23,0.0,0.44272727272727275,0.7045454545454546
VH-00798,797,6,A,48,Sedan,0.054463877377751733,5.446387737775173,False,0.35,373,High upstream cycle-time variation,Pass,0,NONE,39.874,2.131,0.0,0.44090909090909086,0.7045454545454546
VH-00312,311,3,A,12,Sedan,0.054166819117718694,5.416681911771869,False,0.35,374,High upstream cycle-time variation,Pass,0,NONE,41.622,2.513,0.0,0.45,0.7045454545454546
VH-00331,330,3,A,31,Sedan,0.053947629067741774,5.394762906774178,False,0.35,375,High upstream cycle-time variation,Pass,0,NONE,41.81,2.382,0.0,0.44636363636363635,0.7045454545454546
VH-00613,612,5,A,13,SUV,0.05382617313994548,5.3826173139945475,False,0.35,376,High upstream cycle-time variation,Pass,0,NONE,39.222,2.803,0.0,0.44090909090909086,0.7045454545454546
VH-00526,525,4,B,1,Compact,0.053459509417363875,5.345950941736388,False,0.35,377,High upstream cycle-time variation,Pass,0,NONE,41.798,3.843,0.0,0.4445454545454545,0.7045454545454546
VH-00353,352,3,A,53,Truck,0.05345770139612523,5.345770139612523,False,0.35,378,High upstream cycle-time variation,Pass,0,NONE,42.275,2.996,0.0,0.44272727272727275,0.7045454545454546
VH-00523,522,4,A,73,Sedan,0.0534088641082799,5.34088641082799,False,0.35,379,High upstream cycle-time variation,Pass,0,NONE,42.359,3.79,0.2477100000000012,0.4445454545454545,0.7045454545454546
VH-00207,206,2,A,57,Sedan,0.053278929832774706,5.32789298327747,False,0.35,380,High upstream cycle-time variation,Pass,0,NONE,39.38,2.151,0.0,0.44272727272727275,0.7045454545454546
VH-00529,528,4,B,4,SUV,0.053155035081385124,5.315503508138512,False,0.35,381,High upstream cycle-time variation,Pass,0,NONE,41.853,3.531,0.0,0.44636363636363635,0.7045454545454546
VH-00767,766,6,A,17,Compact,0.05271413906511986,5.271413906511986,False,0.35,382,High upstream cycle-time variation,Pass,0,NONE,38.487,1.743,0.0,0.44636363636363635,0.7045454545454546
VH-00225,224,2,A,75,Truck,0.052683134466849496,5.2683134466849495,False,0.35,383,High upstream cycle-time variation,Pass,0,NONE,39.555,2.13,0.0,0.4445454545454545,0.7045454545454546
VH-00154,153,2,A,4,Sedan,0.052582217300931974,5.258221730093197,False,0.35,384,Low-confidence sparse telemetry,Pass,0,NONE,39.324,2.308,0.0,0.4481818181818182,0.7045454545454546
VH-00668,667,5,A,68,SUV,0.05251766893279309,5.251766893279309,False,0.35,385,Low-confidence sparse telemetry,Pass,0,NONE,40.288,2.252,0.0,0.4445454545454545,0.7045454545454546
VH-00747,746,5,B,72,Compact,0.05248604582882515,5.248604582882515,False,0.35,386,Low-confidence sparse telemetry,Pass,0,NONE,41.081,1.849,0.0,0.44272727272727275,0.7045454545454546
VH-00096,95,1,B,21,Compact,0.051826015300820344,5.182601530082034,False,0.35,387,High upstream cycle-time variation,Pass,0,NONE,40.311,2.05,0.0,0.4445454545454545,0.7045454545454546
VH-00103,102,1,B,28,Sedan,0.05176069136633268,5.176069136633267,False,0.35,388,High upstream cycle-time variation,Pass,0,NONE,39.587,1.613,0.0,0.4445454545454545,0.7045454545454546
VH-00827,826,6,B,2,Truck,0.051721245046230574,5.172124504623057,False,0.35,389,High upstream cycle-time variation,Pass,0,NONE,40.127,2.345,0.0,0.4481818181818182,0.7045454545454546
VH-00519,518,4,A,69,Truck,0.051589973973372755,5.158997397337275,False,0.35,390,High upstream cycle-time variation,Pass,0,NONE,41.668,4.249,0.0,0.44636363636363635,0.7045454545454546
VH-00062,61,1,A,62,Compact,0.05119362755570814,5.119362755570814,False,0.35,391,Low-confidence sparse telemetry,Pass,0,NONE,39.148,2.173,0.0,0.4481818181818182,0.7045454545454546
VH-00816,815,6,A,66,Sedan,0.05117267189349959,5.117267189349959,False,0.35,392,High upstream cycle-time variation,Pass,0,NONE,38.564,2.06,0.0,0.4481818181818182,0.7045454545454546
VH-00255,254,2,B,30,Compact,0.05111921304737704,5.111921304737704,False,0.35,393,High upstream cycle-time variation,Pass,0,NONE,40.775,1.673,0.0,0.44636363636363635,0.7045454545454546
VH-00184,183,2,A,34,Truck,0.050800595205921784,5.080059520592179,False,0.35,394,High upstream cycle-time variation,Pass,0,NONE,39.672,2.098,0.0,0.44636363636363635,0.7045454545454546
VH-00322,321,3,A,22,Truck,0.050694427834287376,5.069442783428737,False,0.35,395,Low-confidence sparse telemetry,Pass,0,NONE,40.743,2.138,0.0,0.44636363636363635,0.7045454545454546
VH-00504,503,4,A,54,Sedan,0.050529511507896994,5.052951150789699,False,0.35,396,High upstream cycle-time variation,Pass,0,NONE,42.422,4.843,0.7355459999999948,0.4445454545454545,0.7045454545454546
VH-00543,542,4,B,18,Compact,0.05048017890912747,5.048017890912747,False,0.35,397,High upstream cycle-time variation,Pass,0,NONE,41.085,3.57,0.0,0.4445454545454545,0.7045454545454546
VH-00689,688,5,B,14,Compact,0.05018977272368258,5.018977272368258,False,0.35,398,Low-confidence sparse telemetry,Pass,0,NONE,40.371,1.748,0.0,0.4445454545454545,0.7045454545454546
VH-00579,578,4,B,54,Sedan,0.050044673885278994,5.0044673885279,False,0.35,399,Low-confidence sparse telemetry,Pass,0,NONE,41.458,3.254,0.0,0.4445454545454545,0.7045454545454546
VH-00898,897,6,B,73,SUV,0.049954462442178035,4.995446244217804,False,0.35,400,High upstream cycle-time variation,Pass,0,NONE,40.256,2.634,0.0,0.44636363636363635,0.7045454545454546
VH-00031,30,1,A,31,SUV,0.04994778318953331,4.994778318953331,False,0.35,401,High upstream cycle-time variation,Pass,0,NONE,39.794,1.912,0.0,0.4445454545454545,0.7045454545454546
VH-00311,310,3,A,11,Compact,0.0496753344585435,4.96753344585435,False,0.35,402,High upstream cycle-time variation,Pass,0,NONE,41.132,2.429,0.0,0.44090909090909086,0.7045454545454546
VH-00377,376,3,B,2,Compact,0.04967297477361309,4.967297477361309,False,0.35,403,High upstream cycle-time variation,Pass,0,NONE,44.53,3.24,0.35420000000000046,0.45,0.7045454545454546
VH-00360,359,3,A,60,SUV,0.04962789182234531,4.962789182234531,False,0.35,404,High upstream cycle-time variation,Pass,0,NONE,42.614,3.165,0.039909999999999786,0.4481818181818182,0.7045454545454546
VH-00890,889,6,B,65,Compact,0.04918729009383748,4.918729009383748,False,0.35,405,High upstream cycle-time variation,Pass,0,NONE,40.429,2.264,0.0,0.4445454545454545,0.7045454545454546
VH-00572,571,4,B,47,SUV,0.04909280783598628,4.9092807835986285,False,0.35,406,High upstream cycle-time variation,Pass,0,NONE,41.159,3.726,0.0,0.4445454545454545,0.7045454545454546
VH-00870,869,6,B,45,Sedan,0.04908516628537376,4.908516628537376,False,0.35,407,High upstream cycle-time variation,Pass,0,NONE,39.56,1.8,0.0,0.44636363636363635,0.7045454545454546
VH-00278,277,2,B,53,SUV,0.04895861462573075,4.895861462573075,False,0.35,408,High upstream cycle-time variation,Pass,0,NONE,40.497,2.001,0.0,0.44636363636363635,0.7045454545454546
VH-00188,187,2,A,38,SUV,0.04873031687182103,4.8730316871821024,False,0.35,409,High upstream cycle-time variation,Pass,0,NONE,39.278,2.151,0.0,0.44636363636363635,0.7045454545454546
VH-00900,899,6,B,75,Sedan,0.048596988540461385,4.8596988540461385,False,0.35,410,Low-confidence sparse telemetry,Pass,0,NONE,41.146,1.586,0.0,0.4390909090909091,0.7045454545454546
VH-00730,729,5,B,55,Truck,0.048559252737179225,4.855925273717922,False,0.35,411,Low-confidence sparse telemetry,Pass,0,NONE,40.432,2.347,0.0,0.44272727272727275,0.7045454545454546
VH-00028,27,1,A,28,Sedan,0.04848294674312716,4.848294674312716,False,0.35,412,High upstream cycle-time variation,Fail,1,LOW_CONFIDENCE_MULTI_CAUSAL,39.344,1.989,0.0,0.44272727272727275,0.7045454545454546
VH-00177,176,2,A,27,SUV,0.04818262466194494,4.8182624661944935,False,0.35,413,High upstream cycle-time variation,Pass,0,NONE,39.919,2.194,0.0,0.44090909090909086,0.7045454545454546
VH-00192,191,2,A,42,Compact,0.0481777950266695,4.8177795026669505,False,0.35,414,Low-confidence sparse telemetry,Pass,0,NONE,39.962,1.941,0.0,0.44272727272727275,0.7045454545454546
VH-00306,305,3,A,6,Sedan,0.04815272719090771,4.815272719090771,False,0.35,415,High upstream cycle-time variation,Pass,0,NONE,40.461,1.796,0.0,0.4481818181818182,0.7045454545454546
VH-00314,313,3,A,14,Compact,0.0480949437041056,4.80949437041056,False,0.35,416,High upstream cycle-time variation,Pass,0,NONE,40.91,2.299,0.0,0.4481818181818182,0.7045454545454546
VH-00714,713,5,B,39,Compact,0.0479761795781793,4.79761795781793,False,0.35,417,Low-confidence sparse telemetry,Pass,0,NONE,40.236,2.151,0.0,0.4445454545454545,0.7045454545454546
VH-00146,145,1,B,71,Sedan,0.04795466568410285,4.795466568410285,False,0.35,418,High upstream cycle-time variation,Pass,0,NONE,41.122,2.16,0.0,0.44272727272727275,0.7045454545454546
VH-00253,252,2,B,28,Compact,0.04792099833351115,4.792099833351115,False,0.35,419,Low-confidence sparse telemetry,Pass,0,NONE,40.731,2.323,0.0,0.4445454545454545,0.7045454545454546
VH-00601,600,5,A,1,Compact,0.04790255955553527,4.790255955553527,False,0.35,420,High upstream cycle-time variation,Pass,0,NONE,38.734,2.441,0.0,0.44272727272727275,0.7045454545454546
VH-00347,346,3,A,47,Compact,0.04787594471044608,4.787594471044608,False,0.35,421,High upstream cycle-time variation,Pass,0,NONE,42.458,2.34,0.0,0.4445454545454545,0.7045454545454546
VH-00757,756,6,A,7,Compact,0.047722776319355835,4.772277631935584,False,0.35,422,High upstream cycle-time variation,Pass,0,NONE,40.428,2.506,0.0,0.44272727272727275,0.7045454545454546
VH-00735,734,5,B,60,Sedan,0.04765759935029577,4.765759935029577,False,0.35,423,High upstream cycle-time variation,Pass,0,NONE,40.432,2.078,0.0,0.44272727272727275,0.7045454545454546
VH-00605,604,5,A,5,Compact,0.047597882939103296,4.759788293910329,False,0.35,424,High upstream cycle-time variation,Pass,0,NONE,40.644,2.692,0.0,0.4445454545454545,0.7045454545454546
VH-00259,258,2,B,34,SUV,0.047441418543791025,4.7441418543791025,False,0.35,425,High upstream cycle-time variation,Pass,0,NONE,40.98,2.389,0.0,0.4481818181818182,0.7045454545454546
VH-00753,752,6,A,3,SUV,0.047403029286251404,4.74030292862514,False,0.35,426,High upstream cycle-time variation,Pass,0,NONE,40.775,2.241,0.0,0.44636363636363635,0.7045454545454546
VH-00018,17,1,A,18,Sedan,0.04736900602207348,4.736900602207348,False,0.35,427,Low-confidence sparse telemetry,Pass,0,NONE,39.598,2.298,0.0,0.4445454545454545,0.7045454545454546
VH-00016,15,1,A,16,Sedan,0.04720058254936845,4.720058254936845,False,0.35,428,High upstream cycle-time variation,Pass,0,NONE,39.797,2.276,0.0,0.4445454545454545,0.7045454545454546
VH-00323,322,3,A,23,Compact,0.0471697074731013,4.71697074731013,False,0.35,429,High upstream cycle-time variation,Pass,0,NONE,41.732,2.443,0.0,0.4445454545454545,0.7045454545454546
VH-00818,817,6,A,68,Compact,0.04711984445105094,4.711984445105094,False,0.35,430,High upstream cycle-time variation,Pass,0,NONE,41.26,1.893,0.0,0.44272727272727275,0.7045454545454546
VH-00897,896,6,B,72,Compact,0.04695282884091642,4.695282884091642,False,0.35,431,High upstream cycle-time variation,Pass,0,NONE,39.425,2.19,0.0,0.44272727272727275,0.7045454545454546
VH-00831,830,6,B,6,Truck,0.04680398377400419,4.680398377400419,False,0.35,432,High upstream cycle-time variation,Pass,0,NONE,40.092,2.246,0.0,0.44272727272727275,0.7045454545454546
VH-00873,872,6,B,48,Truck,0.04663128925044209,4.663128925044209,False,0.35,433,High upstream cycle-time variation,Pass,0,NONE,40.595,2.32,0.0,0.44272727272727275,0.7045454545454546
VH-00517,516,4,A,67,Compact,0.04656645850327848,4.656645850327848,False,0.35,434,High upstream cycle-time variation,Pass,0,NONE,42.032,3.98,0.028159999999996896,0.44636363636363635,0.7045454545454546
VH-00811,810,6,A,61,Truck,0.046241735828633654,4.624173582863365,False,0.35,435,High upstream cycle-time variation,Pass,0,NONE,39.856,2.064,0.0,0.44636363636363635,0.7045454545454546
VH-00111,110,1,B,36,Sedan,0.04605203296285556,4.605203296285556,False,0.35,436,Low-confidence sparse telemetry,Pass,0,NONE,40.773,1.909,0.0,0.44272727272727275,0.7045454545454546
VH-00754,753,6,A,4,Truck,0.04596955753653237,4.596955753653237,False,0.35,437,High upstream cycle-time variation,Pass,0,NONE,38.452,2.132,0.0,0.4445454545454545,0.7045454545454546
VH-00508,507,4,A,58,Compact,0.04576992576197955,4.576992576197955,False,0.35,438,High upstream cycle-time variation,Pass,0,NONE,42.462,4.392,0.5969040000000044,0.4445454545454545,0.7045454545454546
VH-00581,580,4,B,56,Sedan,0.04548392681216436,4.548392681216436,False,0.35,439,High upstream cycle-time variation,Pass,0,NONE,41.836,2.928,0.0,0.44636363636363635,0.7045454545454546
VH-00009,8,1,A,9,Sedan,0.045410643227481444,4.541064322748144,False,0.35,440,High upstream cycle-time variation,Pass,0,NONE,38.213,2.284,0.0,0.44090909090909086,0.7045454545454546
VH-00243,242,2,B,18,Truck,0.04532226599814325,4.532226599814325,False,0.35,441,Low-confidence sparse telemetry,Pass,0,NONE,41.21,1.926,0.0,0.4445454545454545,0.7045454545454546
VH-00528,527,4,B,3,Sedan,0.0452104450845138,4.52104450845138,False,0.35,442,High upstream cycle-time variation,Pass,0,NONE,41.037,3.761,0.0,0.4445454545454545,0.7045454545454546
VH-00147,146,1,B,72,Truck,0.04494809041150978,4.494809041150978,False,0.35,443,High upstream cycle-time variation,Pass,0,NONE,40.631,1.822,0.0,0.44090909090909086,0.7045454545454546
VH-00817,816,6,A,67,Compact,0.04487259320304893,4.487259320304893,False,0.35,444,Low-confidence sparse telemetry,Pass,0,NONE,38.387,2.23,0.0,0.44090909090909086,0.7045454545454546
VH-00156,155,2,A,6,Truck,0.04480152239844317,4.480152239844317,False,0.35,445,High upstream cycle-time variation,Pass,0,NONE,39.499,1.993,0.0,0.44272727272727275,0.7045454545454546
VH-00121,120,1,B,46,Sedan,0.04469750147965364,4.469750147965364,False,0.35,446,High upstream cycle-time variation,Pass,0,NONE,40.071,1.972,0.0,0.44272727272727275,0.7045454545454546
VH-00342,341,3,A,42,SUV,0.044664917504952426,4.466491750495242,False,0.35,447,High upstream cycle-time variation,Pass,0,NONE,42.556,2.74,0.0,0.44272727272727275,0.7045454545454546
VH-00212,211,2,A,62,Sedan,0.044410653625576176,4.441065362557618,False,0.35,448,High upstream cycle-time variation,Pass,0,NONE,39.237,2.001,0.0,0.44636363636363635,0.7045454545454546
VH-00319,318,3,A,19,Compact,0.044350491295111455,4.435049129511145,False,0.35,449,High upstream cycle-time variation,Pass,0,NONE,42.57,2.072,0.0,0.4445454545454545,0.7045454545454546
VH-00628,627,5,A,28,SUV,0.04424010281605816,4.424010281605816,False,0.35,450,Low-confidence sparse telemetry,Pass,0,NONE,38.456,2.154,0.0,0.4445454545454545,0.7045454545454546
VH-00186,185,2,A,36,Sedan,0.04421740359677269,4.421740359677269,False,0.35,451,High upstream cycle-time variation,Pass,0,NONE,40.014,1.987,0.0,0.4445454545454545,0.7045454545454546
VH-00631,630,5,A,31,Sedan,0.04408081417619956,4.408081417619956,False,0.35,452,High upstream cycle-time variation,Pass,0,NONE,40.533,2.408,0.0,0.44272727272727275,0.7045454545454546
VH-00742,741,5,B,67,Compact,0.043945982607082754,4.394598260708276,False,0.35,453,High upstream cycle-time variation,Pass,0,NONE,40.323,1.827,0.0,0.4481818181818182,0.7045454545454546
VH-00721,720,5,B,46,SUV,0.043868974786597265,4.386897478659726,False,0.35,454,High upstream cycle-time variation,Pass,0,NONE,40.462,1.841,0.0,0.45,0.7045454545454546
VH-00797,796,6,A,47,SUV,0.04381498963448542,4.381498963448542,False,0.35,455,High upstream cycle-time variation,Pass,0,NONE,38.853,2.246,0.0,0.4445454545454545,0.7045454545454546
VH-00217,216,2,A,67,Sedan,0.04379233780446794,4.379233780446794,False,0.35,456,High upstream cycle-time variation,Pass,0,NONE,40.432,1.833,0.0,0.44090909090909086,0.7045454545454546
VH-00844,843,6,B,19,Truck,0.04371442908071086,4.371442908071086,False,0.35,457,High upstream cycle-time variation,Pass,0,NONE,39.729,2.043,0.0,0.45,0.7045454545454546
VH-00820,819,6,A,70,SUV,0.04371303974980225,4.371303974980225,False,0.35,458,High upstream cycle-time variation,Pass,0,NONE,38.974,2.129,0.0,0.4445454545454545,0.7045454545454546
VH-00684,683,5,B,9,Compact,0.043679601370854186,4.367960137085419,False,0.35,459,High upstream cycle-time variation,Pass,0,NONE,38.633,2.393,0.0,0.4481818181818182,0.7045454545454546
VH-00566,565,4,B,41,Sedan,0.04358705823412262,4.358705823412262,False,0.35,460,Low-confidence sparse telemetry,Pass,0,NONE,40.432,3.544,0.0,0.44272727272727275,0.7045454545454546
VH-00840,839,6,B,15,Compact,0.04334990647209187,4.334990647209187,False,0.35,461,High upstream cycle-time variation,Pass,0,NONE,41.163,2.309,0.0,0.45,0.7045454545454546
VH-00641,640,5,A,41,Compact,0.04332338111442065,4.3323381114420645,False,0.35,462,Low-confidence sparse telemetry,Pass,0,NONE,39.379,2.134,0.0,0.4445454545454545,0.7045454545454546
VH-00079,78,1,B,4,Compact,0.043249924065931984,4.324992406593198,False,0.35,463,Low-confidence sparse telemetry,Pass,0,NONE,40.454,2.125,0.0,0.44636363636363635,0.7045454545454546
VH-00664,663,5,A,64,Compact,0.04322229519848067,4.322229519848067,False,0.35,464,High upstream cycle-time variation,Pass,0,NONE,40.576,2.347,0.0,0.44272727272727275,0.7045454545454546
VH-00509,508,4,A,59,SUV,0.04308748075894634,4.308748075894634,False,0.35,465,High upstream cycle-time variation,Pass,0,NONE,41.423,3.909,0.0,0.4445454545454545,0.7045454545454546
VH-00003,2,1,A,3,Sedan,0.04294120851456712,4.294120851456712,False,0.35,466,High upstream cycle-time variation,Pass,0,NONE,40.942,1.944,0.0,0.4481818181818182,0.7045454545454546
VH-00773,772,6,A,23,Compact,0.0428987610382377,4.28987610382377,False,0.35,467,Low-confidence sparse telemetry,Pass,0,NONE,40.2,2.139,0.0,0.44636363636363635,0.7045454545454546
VH-00198,197,2,A,48,SUV,0.042845618406004336,4.284561840600434,False,0.35,468,High upstream cycle-time variation,Pass,0,NONE,37.918,2.305,0.0,0.45,0.7045454545454546
VH-00575,574,4,B,50,Sedan,0.04273225502523721,4.273225502523721,False,0.35,469,High upstream cycle-time variation,Pass,0,NONE,39.507,3.76,0.0,0.4445454545454545,0.7045454545454546
VH-00852,851,6,B,27,Truck,0.042680489292114265,4.268048929211426,False,0.35,470,High upstream cycle-time variation,Pass,0,NONE,40.49,2.065,0.0,0.44272727272727275,0.7045454545454546
VH-00741,740,5,B,66,Sedan,0.042645773430368114,4.2645773430368115,False,0.35,471,Low-confidence sparse telemetry,Pass,0,NONE,40.574,2.056,0.0,0.4481818181818182,0.7045454545454546
VH-00524,523,4,A,74,Sedan,0.04261183369206747,4.261183369206747,False,0.35,472,High upstream cycle-time variation,Pass,0,NONE,41.872,3.921,0.0,0.4445454545454545,0.7045454545454546
VH-00145,144,1,B,70,SUV,0.04243929003715533,4.243929003715533,False,0.35,473,High upstream cycle-time variation,Pass,0,NONE,40.14,1.765,0.0,0.44636363636363635,0.7045454545454546
VH-00214,213,2,A,64,Truck,0.04218212211174297,4.218212211174297,False,0.35,474,High upstream cycle-time variation,Pass,0,NONE,40.242,2.401,0.0,0.44636363636363635,0.7045454545454546
VH-00752,751,6,A,2,Compact,0.04212041953473244,4.212041953473244,False,0.35,475,Low-confidence sparse telemetry,Pass,0,NONE,39.001,2.317,0.0,0.4445454545454545,0.7045454545454546
VH-00764,763,6,A,14,Truck,0.0419842403374912,4.19842403374912,False,0.35,476,High upstream cycle-time variation,Pass,0,NONE,38.162,1.868,0.0,0.4445454545454545,0.7045454545454546
VH-00012,11,1,A,12,Sedan,0.041957853823916265,4.195785382391627,False,0.35,477,High upstream cycle-time variation,Pass,0,NONE,39.739,1.761,0.0,0.4481818181818182,0.7045454545454546
VH-00892,891,6,B,67,SUV,0.041916747651947105,4.19167476519471,False,0.35,478,Low-confidence sparse telemetry,Pass,0,NONE,40.606,1.776,0.0,0.44272727272727275,0.7045454545454546
VH-00052,51,1,A,52,SUV,0.0414456527303021,4.14456527303021,False,0.35,479,Low-confidence sparse telemetry,Pass,0,NONE,39.847,2.273,0.0,0.4445454545454545,0.7045454545454546
VH-00690,689,5,B,15,Compact,0.04126730127721629,4.126730127721629,False,0.35,480,Low-confidence sparse telemetry,Pass,0,NONE,40.128,2.106,0.0,0.44272727272727275,0.7045454545454546
VH-00065,64,1,A,65,Sedan,0.0411682532618912,4.11682532618912,False,0.35,481,High upstream cycle-time variation,Pass,0,NONE,38.976,2.252,0.0,0.4445454545454545,0.7045454545454546
VH-00089,88,1,B,14,Sedan,0.04115298357552117,4.115298357552117,False,0.35,482,High upstream cycle-time variation,Pass,0,NONE,41.292,2.042,0.0,0.4445454545454545,0.7045454545454546
VH-00647,646,5,A,47,Compact,0.041129228637177856,4.1129228637177855,False,0.35,483,High upstream cycle-time variation,Pass,0,NONE,39.49,2.554,0.0,0.45,0.7045454545454546
VH-00355,354,3,A,55,Truck,0.04110167445909859,4.110167445909859,False,0.35,484,High upstream cycle-time variation,Pass,0,NONE,40.845,2.23,0.0,0.44272727272727275,0.7045454545454546
VH-00836,835,6,B,11,SUV,0.04094346635790177,4.094346635790177,False,0.35,485,High upstream cycle-time variation,Pass,0,NONE,40.094,2.13,0.0,0.4445454545454545,0.7045454545454546
VH-00766,765,6,A,16,Compact,0.040942683270592424,4.094268327059242,False,0.35,486,High upstream cycle-time variation,Pass,0,NONE,38.037,1.764,0.0,0.44636363636363635,0.7045454545454546
VH-00328,327,3,A,28,Sedan,0.04080100243459042,4.080100243459042,False,0.35,487,High upstream cycle-time variation,Pass,0,NONE,42.733,2.808,0.0,0.4445454545454545,0.7045454545454546
VH-00286,285,2,B,61,SUV,0.04078718565822785,4.078718565822785,False,0.35,488,High upstream cycle-time variation,Pass,0,NONE,41.154,2.418,0.0,0.44272727272727275,0.7045454545454546
VH-00369,368,3,A,69,Sedan,0.040557816332887825,4.055781633288783,False,0.35,489,High upstream cycle-time variation,Pass,0,NONE,41.154,3.35,0.0,0.4445454545454545,0.7045454545454546
VH-00193,192,2,A,43,Sedan,0.04053410051400921,4.05341005140092,False,0.35,490,High upstream cycle-time variation,Pass,0,NONE,39.838,1.874,0.0,0.45,0.7045454545454546
VH-00049,48,1,A,49,Compact,0.040494325631340866,4.049432563134086,False,0.35,491,High upstream cycle-time variation,Pass,0,NONE,39.411,2.065,0.0,0.44272727272727275,0.7045454545454546
VH-00562,561,4,B,37,Sedan,0.040263426918242064,4.0263426918242065,False,0.35,492,Low-confidence sparse telemetry,Pass,0,NONE,41.264,3.143,0.0,0.44272727272727275,0.7045454545454546
VH-00266,265,2,B,41,Compact,0.04025162544952684,4.025162544952684,False,0.35,493,High upstream cycle-time variation,Fail,1,LOW_CONFIDENCE_MULTI_CAUSAL,40.037,1.68,0.0,0.44636363636363635,0.7045454545454546
VH-00804,803,6,A,54,Compact,0.040206364299226326,4.020636429922632,False,0.35,494,High upstream cycle-time variation,Pass,0,NONE,39.598,1.977,0.0,0.4481818181818182,0.7045454545454546
VH-00667,666,5,A,67,Compact,0.04019689889607632,4.019689889607632,False,0.35,495,High upstream cycle-time variation,Pass,0,NONE,40.678,2.248,0.0,0.44272727272727275,0.7045454545454546
VH-00803,802,6,A,53,Sedan,0.040117945468876356,4.011794546887636,False,0.35,496,Low-confidence sparse telemetry,Pass,0,NONE,38.868,2.082,0.0,0.44272727272727275,0.7045454545454546
VH-00021,20,1,A,21,Compact,0.04006261470711186,4.006261470711186,False,0.35,497,High upstream cycle-time variation,Pass,0,NONE,39.468,2.085,0.0,0.44090909090909086,0.7045454545454546
VH-00608,607,5,A,8,Truck,0.04002629845889401,4.002629845889401,False,0.35,498,High upstream cycle-time variation,Pass,0,NONE,39.744,2.898,0.0,0.44636363636363635,0.7045454545454546
VH-00636,635,5,A,36,SUV,0.039880430110324404,3.9880430110324405,False,0.35,499,High upstream cycle-time variation,Pass,0,NONE,39.069,2.23,0.0,0.44272727272727275,0.7045454545454546
VH-00107,106,1,B,32,Compact,0.03979652681845392,3.9796526818453923,False,0.35,500,Low-confidence sparse telemetry,Pass,0,NONE,41.476,2.296,0.0,0.4445454545454545,0.7045454545454546
VH-00630,629,5,A,30,Compact,0.03952979435253919,3.952979435253919,False,0.35,501,High upstream cycle-time variation,Pass,0,NONE,39.053,2.306,0.0,0.4481818181818182,0.7045454545454546
VH-00160,159,2,A,10,SUV,0.03948275583346465,3.948275583346465,False,0.35,502,High upstream cycle-time variation,Pass,0,NONE,39.57,2.23,0.0,0.44090909090909086,0.7045454545454546
VH-00072,71,1,A,72,SUV,0.03940491412836716,3.9404914128367166,False,0.35,503,High upstream cycle-time variation,Pass,0,NONE,38.994,2.355,0.0,0.44272727272727275,0.7045454545454546
VH-00551,550,4,B,26,Sedan,0.03936121064154042,3.936121064154042,False,0.35,504,High upstream cycle-time variation,Pass,0,NONE,41.98,3.819,0.0,0.4445454545454545,0.7045454545454546
VH-00658,657,5,A,58,Truck,0.03911802416931142,3.911802416931142,False,0.35,505,High upstream cycle-time variation,Pass,0,NONE,38.771,2.469,0.0,0.4445454545454545,0.7045454545454546
VH-00321,320,3,A,21,Sedan,0.039086304665134755,3.9086304665134755,False,0.35,506,High upstream cycle-time variation,Pass,0,NONE,41.532,2.369,0.0,0.44272727272727275,0.7045454545454546
VH-00108,107,1,B,33,Sedan,0.03884397082023967,3.8843970820239675,False,0.35,507,Low-confidence sparse telemetry,Pass,0,NONE,40.675,2.187,0.0,0.44636363636363635,0.7045454545454546
VH-00515,514,4,A,65,SUV,0.03880594586139987,3.880594586139987,False,0.35,508,High upstream cycle-time variation,Pass,0,NONE,42.443,4.145,0.4629349999999975,0.44272727272727275,0.7045454545454546
VH-00813,812,6,A,63,Compact,0.038649135401313546,3.864913540131355,False,0.35,509,High upstream cycle-time variation,Pass,0,NONE,39.518,1.531,0.0,0.4445454545454545,0.7045454545454546
VH-00130,129,1,B,55,Sedan,0.038545737920436036,3.854573792043604,False,0.35,510,High upstream cycle-time variation,Pass,0,NONE,40.697,2.149,0.0,0.44636363636363635,0.7045454545454546
VH-00341,340,3,A,41,Sedan,0.03845190291060103,3.845190291060103,False,0.35,511,High upstream cycle-time variation,Pass,0,NONE,41.925,2.864,0.0,0.4481818181818182,0.7045454545454546
VH-00585,584,4,B,60,Sedan,0.03837557150293915,3.8375571502939154,False,0.35,512,High upstream cycle-time variation,Pass,0,NONE,42.183,2.732,0.0,0.45,0.7045454545454546
VH-00857,856,6,B,32,Truck,0.03828885578276517,3.828885578276517,False,0.35,513,High upstream cycle-time variation,Pass,0,NONE,40.07,1.684,0.0,0.44272727272727275,0.7045454545454546
VH-00569,568,4,B,44,SUV,0.038132952936158857,3.8132952936158855,False,0.35,514,High upstream cycle-time variation,Pass,0,NONE,40.877,3.444,0.0,0.44636363636363635,0.7045454545454546
VH-00632,631,5,A,32,Compact,0.03809763463029976,3.8097634630299764,False,0.35,515,High upstream cycle-time variation,Pass,0,NONE,38.312,2.453,0.0,0.4445454545454545,0.7045454545454546
VH-00348,347,3,A,48,SUV,0.03800031170551949,3.800031170551949,False,0.35,516,High upstream cycle-time variation,Pass,0,NONE,42.221,2.765,0.0,0.44272727272727275,0.7045454545454546
VH-00874,873,6,B,49,Sedan,0.037970519022799486,3.7970519022799487,False,0.35,517,High upstream cycle-time variation,Pass,0,NONE,39.636,2.23,0.0,0.44090909090909086,0.7045454545454546
VH-00275,274,2,B,50,SUV,0.03791040884019867,3.791040884019867,False,0.35,518,High upstream cycle-time variation,Pass,0,NONE,39.606,2.108,0.0,0.4481818181818182,0.7045454545454546
VH-00210,209,2,A,60,SUV,0.03755184064373759,3.7551840643737586,False,0.35,519,High upstream cycle-time variation,Pass,0,NONE,39.253,2.23,0.0,0.44090909090909086,0.7045454545454546
VH-00633,632,5,A,33,Compact,0.037538477822083804,3.7538477822083802,False,0.35,520,High upstream cycle-time variation,Pass,0,NONE,39.72,2.96,0.0,0.4481818181818182,0.7045454545454546
VH-00865,864,6,B,40,Compact,0.03751308423251621,3.751308423251621,False,0.35,521,High upstream cycle-time variation,Pass,0,NONE,38.972,2.243,0.0,0.44636363636363635,0.7045454545454546
VH-00653,652,5,A,53,SUV,0.037479446033170535,3.7479446033170536,False,0.35,522,High upstream cycle-time variation,Pass,0,NONE,40.145,2.322,0.0,0.4445454545454545,0.7045454545454546
VH-00895,894,6,B,70,Truck,0.03701588245596168,3.701588245596168,False,0.35,523,Low-confidence sparse telemetry,Pass,0,NONE,39.454,2.303,0.0,0.44272727272727275,0.7045454545454546
VH-00070,69,1,A,70,Truck,0.03693732248764839,3.6937322487648387,False,0.35,524,High upstream cycle-time variation,Pass,0,NONE,40.403,2.477,0.0,0.44090909090909086,0.7045454545454546
VH-00218,217,2,A,68,Truck,0.03683873590240672,3.6838735902406725,False,0.35,525,High upstream cycle-time variation,Pass,0,NONE,40.062,2.126,0.0,0.4445454545454545,0.7045454545454546
VH-00063,62,1,A,63,Sedan,0.03662162187273309,3.6621621872733088,False,0.35,526,High upstream cycle-time variation,Pass,0,NONE,40.069,2.082,0.0,0.44090909090909086,0.7045454545454546
VH-00234,233,2,B,9,Compact,0.0365539556244681,3.65539556244681,False,0.35,527,High upstream cycle-time variation,Pass,0,NONE,41.122,1.989,0.0,0.4481818181818182,0.7045454545454546
VH-00055,54,1,A,55,Truck,0.036529259960656084,3.6529259960656084,False,0.35,528,High upstream cycle-time variation,Pass,0,NONE,39.426,2.218,0.0,0.4481818181818182,0.7045454545454546
VH-00880,879,6,B,55,SUV,0.036336862994635274,3.6336862994635273,False,0.35,529,High upstream cycle-time variation,Pass,0,NONE,40.846,2.126,0.0,0.4481818181818182,0.7045454545454546
VH-00008,7,1,A,8,Compact,0.03613163588084332,3.6131635880843316,False,0.35,530,High upstream cycle-time variation,Pass,0,NONE,39.526,2.204,0.0,0.4445454545454545,0.7045454545454546
VH-00118,117,1,B,43,SUV,0.035952238563706836,3.5952238563706835,False,0.35,531,High upstream cycle-time variation,Pass,0,NONE,39.701,1.993,0.0,0.44636363636363635,0.7045454545454546
VH-00485,484,4,A,35,SUV,0.035922789407952044,3.5922789407952043,False,0.35,532,High upstream cycle-time variation,Pass,0,NONE,40.432,4.093,0.0,0.44090909090909086,0.7045454545454546
VH-00126,125,1,B,51,SUV,0.03554980498121666,3.554980498121666,False,0.35,533,High upstream cycle-time variation,Pass,0,NONE,40.593,2.151,0.0,0.44090909090909086,0.7045454545454546
VH-00100,99,1,B,25,SUV,0.035547796877651944,3.5547796877651945,False,0.35,534,High upstream cycle-time variation,Pass,0,NONE,40.432,2.198,0.0,0.43727272727272726,0.7045454545454546
VH-00560,559,4,B,35,Compact,0.035186625791564625,3.5186625791564627,False,0.35,535,High upstream cycle-time variation,Pass,0,NONE,40.868,3.061,0.0,0.4445454545454545,0.7045454545454546
VH-00780,779,6,A,30,Sedan,0.03505245201055573,3.5052452010555726,False,0.35,536,Low-confidence sparse telemetry,Pass,0,NONE,40.71,2.194,0.0,0.4445454545454545,0.7045454545454546
VH-00882,881,6,B,57,Compact,0.03494016979992291,3.494016979992291,False,0.35,537,High upstream cycle-time variation,Pass,0,NONE,39.451,1.976,0.0,0.44636363636363635,0.7045454545454546
VH-00131,130,1,B,56,Sedan,0.034899196198306795,3.4899196198306797,False,0.35,538,High upstream cycle-time variation,Pass,0,NONE,41.649,1.933,0.0,0.44272727272727275,0.7045454545454546
VH-00292,291,2,B,67,SUV,0.03489331301221118,3.489331301221118,False,0.35,539,High upstream cycle-time variation,Pass,0,NONE,41.716,2.415,0.0,0.45,0.7045454545454546
VH-00660,659,5,A,60,Compact,0.03487957914323343,3.4879579143233435,False,0.35,540,High upstream cycle-time variation,Pass,0,NONE,38.395,2.333,0.0,0.4481818181818182,0.7045454545454546
VH-00042,41,1,A,42,SUV,0.03480203679479785,3.480203679479785,False,0.35,541,High upstream cycle-time variation,Pass,0,NONE,39.223,1.768,0.0,0.44636363636363635,0.7045454545454546
VH-00582,581,4,B,57,Compact,0.03474523404490148,3.4745234044901476,False,0.35,542,High upstream cycle-time variation,Pass,0,NONE,40.732,2.23,0.0,0.44636363636363635,0.7045454545454546
VH-00295,294,2,B,70,Sedan,0.03473893638922067,3.4738936389220667,False,0.35,543,High upstream cycle-time variation,Pass,0,NONE,42.566,1.965,0.0,0.44090909090909086,0.7045454545454546
VH-00379,378,3,B,4,Sedan,0.03455151302287337,3.455151302287337,False,0.35,544,High upstream cycle-time variation,Pass,0,NONE,43.605,3.167,0.10753499999999935,0.4481818181818182,0.7045454545454546
VH-00181,180,2,A,31,Compact,0.03453861360877621,3.4538613608776214,False,0.35,545,High upstream cycle-time variation,Pass,0,NONE,40.243,2.347,0.0,0.44636363636363635,0.7045454545454546
VH-00828,827,6,B,3,Compact,0.03446173256791789,3.4461732567917887,False,0.35,546,High upstream cycle-time variation,Pass,0,NONE,41.414,2.07,0.0,0.4445454545454545,0.7045454545454546
VH-00513,512,4,A,63,SUV,0.03445611514238586,3.4456115142385864,False,0.35,547,High upstream cycle-time variation,Pass,0,NONE,41.874,4.13,0.0,0.4445454545454545,0.7045454545454546
VH-00554,553,4,B,29,Truck,0.03441641538033135,3.4416415380331347,False,0.35,548,High upstream cycle-time variation,Pass,0,NONE,41.663,2.92,0.0,0.4445454545454545,0.7045454545454546
VH-00673,672,5,A,73,Truck,0.03431799629240064,3.4317996292400643,False,0.35,549,High upstream cycle-time variation,Pass,0,NONE,39.161,2.286,0.0,0.44636363636363635,0.7045454545454546
VH-00790,789,6,A,40,Sedan,0.03418535249851881,3.4185352498518813,False,0.35,550,Low-confidence sparse telemetry,Pass,0,NONE,39.655,1.886,0.0,0.4445454545454545,0.7045454545454546
VH-00260,259,2,B,35,Compact,0.03396567875107293,3.3965678751072934,False,0.35,551,High upstream cycle-time variation,Pass,0,NONE,40.53,2.247,0.0,0.4445454545454545,0.7045454545454546
VH-00170,169,2,A,20,Compact,0.03392640871197722,3.392640871197722,False,0.35,552,High upstream cycle-time variation,Pass,0,NONE,39.241,2.366,0.0,0.4445454545454545,0.7045454545454546
VH-00867,866,6,B,42,SUV,0.03388294032468534,3.3882940324685342,False,0.35,553,High upstream cycle-time variation,Pass,0,NONE,41.474,1.842,0.0,0.4445454545454545,0.7045454545454546
VH-00025,24,1,A,25,Sedan,0.03359803086403859,3.359803086403859,False,0.35,554,High upstream cycle-time variation,Pass,0,NONE,41.163,2.156,0.0,0.4445454545454545,0.7045454545454546
VH-00666,665,5,A,66,Compact,0.03357939710264445,3.357939710264445,False,0.35,555,High upstream cycle-time variation,Pass,0,NONE,39.743,2.313,0.0,0.44636363636363635,0.7045454545454546
VH-00336,335,3,A,36,Sedan,0.033535265428458694,3.353526542845869,False,0.35,556,High upstream cycle-time variation,Pass,0,NONE,41.885,2.58,0.0,0.44272727272727275,0.7045454545454546
VH-00652,651,5,A,52,SUV,0.03351243853982127,3.351243853982127,False,0.35,557,High upstream cycle-time variation,Pass,0,NONE,38.653,2.79,0.0,0.4445454545454545,0.7045454545454546
VH-00077,76,1,B,2,Compact,0.033433946196285154,3.3433946196285156,False,0.35,558,Low-confidence sparse telemetry,Pass,0,NONE,38.586,2.089,0.0,0.4445454545454545,0.7045454545454546
VH-00011,10,1,A,11,Compact,0.033185352348094985,3.3185352348094983,False,0.35,559,Low-confidence sparse telemetry,Pass,0,NONE,39.968,2.166,0.0,0.44272727272727275,0.7045454545454546
VH-00610,609,5,A,10,Compact,0.03311982854313893,3.3119828543138925,False,0.35,560,High upstream cycle-time variation,Pass,0,NONE,39.388,3.03,0.0,0.4481818181818182,0.7045454545454546
VH-00849,848,6,B,24,SUV,0.03309705391929825,3.309705391929825,False,0.35,561,High upstream cycle-time variation,Pass,0,NONE,40.16,2.013,0.0,0.4481818181818182,0.7045454545454546
VH-00522,521,4,A,72,Compact,0.03292408365905979,3.2924083659059793,False,0.35,562,High upstream cycle-time variation,Pass,0,NONE,41.203,4.193,0.0,0.44636363636363635,0.7045454545454546
VH-00236,235,2,B,11,Sedan,0.032918486440778084,3.2918486440778083,False,0.35,563,High upstream cycle-time variation,Pass,0,NONE,40.655,1.971,0.0,0.44272727272727275,0.7045454545454546
VH-00227,226,2,B,2,SUV,0.032832371942274244,3.2832371942274245,False,0.35,564,High upstream cycle-time variation,Pass,0,NONE,39.812,2.322,0.0,0.44636363636363635,0.7045454545454546
VH-00594,593,4,B,69,SUV,0.032783192165267545,3.2783192165267545,False,0.35,565,High upstream cycle-time variation,Pass,0,NONE,40.974,2.761,0.0,0.44636363636363635,0.7045454545454546
VH-00829,828,6,B,4,Truck,0.03256554419241033,3.2565544192410334,False,0.35,566,High upstream cycle-time variation,Pass,0,NONE,40.181,2.103,0.0,0.4445454545454545,0.7045454545454546
VH-00365,364,3,A,65,Sedan,0.03245501579329715,3.245501579329715,False,0.35,567,High upstream cycle-time variation,Pass,0,NONE,42.586,2.908,0.0,0.44636363636363635,0.7045454545454546
VH-00084,83,1,B,9,Compact,0.03240402191817933,3.240402191817933,False,0.35,568,High upstream cycle-time variation,Pass,0,NONE,39.81,2.316,0.0,0.44636363636363635,0.7045454545454546
VH-00251,250,2,B,26,Compact,0.03228658827735989,3.228658827735989,False,0.35,569,High upstream cycle-time variation,Pass,0,NONE,40.33,2.441,0.0,0.4445454545454545,0.7045454545454546
VH-00272,271,2,B,47,Sedan,0.032227015245447264,3.2227015245447266,False,0.35,570,High upstream cycle-time variation,Pass,0,NONE,40.224,2.249,0.0,0.44636363636363635,0.7045454545454546
VH-00795,794,6,A,45,SUV,0.03197500325571503,3.197500325571503,False,0.35,571,High upstream cycle-time variation,Pass,0,NONE,38.72,2.182,0.0,0.44636363636363635,0.7045454545454546
VH-00694,693,5,B,19,Sedan,0.031817227446856375,3.1817227446856373,False,0.35,572,High upstream cycle-time variation,Pass,0,NONE,40.12,1.756,0.0,0.4445454545454545,0.7045454545454546
VH-00802,801,6,A,52,Truck,0.031660217904788415,3.1660217904788417,False,0.35,573,High upstream cycle-time variation,Pass,0,NONE,38.629,1.968,0.0,0.44272727272727275,0.7045454545454546
VH-00102,101,1,B,27,Truck,0.03164260950840354,3.1642609508403536,False,0.35,574,High upstream cycle-time variation,Pass,0,NONE,40.812,1.964,0.0,0.44090909090909086,0.7045454545454546
VH-00189,188,2,A,39,SUV,0.031549217655642475,3.1549217655642474,False,0.35,575,High upstream cycle-time variation,Pass,0,NONE,38.656,1.924,0.0,0.4445454545454545,0.7045454545454546
VH-00232,231,2,B,7,Sedan,0.03153875025040127,3.1538750250401275,False,0.35,576,Low-confidence sparse telemetry,Pass,0,NONE,40.094,2.011,0.0,0.44272727272727275,0.7045454545454546
VH-00132,131,1,B,57,Compact,0.031511157789951824,3.1511157789951825,False,0.35,577,High upstream cycle-time variation,Pass,0,NONE,40.575,1.933,0.0,0.45,0.7045454545454546
VH-00759,758,6,A,9,SUV,0.031423033868004484,3.142303386800448,False,0.35,578,High upstream cycle-time variation,Pass,0,NONE,39.245,2.178,0.0,0.44636363636363635,0.7045454545454546
VH-00837,836,6,B,12,Truck,0.031325302003185236,3.1325302003185236,False,0.35,579,High upstream cycle-time variation,Pass,0,NONE,40.432,1.943,0.0,0.4445454545454545,0.7045454545454546
VH-00642,641,5,A,42,Sedan,0.03132348862017343,3.132348862017343,False,0.35,580,High upstream cycle-time variation,Pass,0,NONE,39.523,2.301,0.0,0.45363636363636367,0.7045454545454546
VH-00230,229,2,B,5,SUV,0.03129871778480151,3.129871778480151,False,0.35,581,High upstream cycle-time variation,Pass,0,NONE,40.108,1.987,0.0,0.4445454545454545,0.7045454545454546
VH-00010,9,1,A,10,Sedan,0.031283696020299276,3.1283696020299274,False,0.35,582,Low-confidence sparse telemetry,Pass,0,NONE,38.909,2.233,0.0,0.4445454545454545,0.7045454545454546
VH-00740,739,5,B,65,Sedan,0.031223511617115847,3.1223511617115847,False,0.35,583,High upstream cycle-time variation,Pass,0,NONE,39.157,2.127,0.0,0.4445454545454545,0.7045454545454546
VH-00313,312,3,A,13,Compact,0.03121924672076543,3.121924672076543,False,0.35,584,High upstream cycle-time variation,Pass,0,NONE,41.307,2.317,0.0,0.4445454545454545,0.7045454545454546
VH-00683,682,5,B,8,Compact,0.031203785617906286,3.120378561790629,False,0.35,585,High upstream cycle-time variation,Pass,0,NONE,40.34,1.955,0.0,0.4445454545454545,0.7045454545454546
VH-00709,708,5,B,34,SUV,0.03106050978578464,3.106050978578464,False,0.35,586,High upstream cycle-time variation,Pass,0,NONE,40.907,2.16,0.0,0.4445454545454545,0.7045454545454546
VH-00250,249,2,B,25,Sedan,0.030956119782881607,3.0956119782881606,False,0.35,587,High upstream cycle-time variation,Pass,0,NONE,40.739,2.148,0.0,0.44636363636363635,0.7045454545454546
VH-00297,296,2,B,72,Sedan,0.03076596215301269,3.076596215301269,False,0.35,588,High upstream cycle-time variation,Pass,0,NONE,41.831,2.411,0.0,0.4445454545454545,0.7045454545454546
VH-00208,207,2,A,58,Compact,0.030645828991000105,3.0645828991000106,False,0.35,589,Low-confidence sparse telemetry,Pass,0,NONE,39.644,2.371,0.0,0.44272727272727275,0.7045454545454546
VH-00507,506,4,A,57,Sedan,0.030574318109134593,3.0574318109134593,False,0.35,590,High upstream cycle-time variation,Pass,0,NONE,41.718,4.138,0.0,0.44636363636363635,0.7045454545454546
VH-00006,5,1,A,6,SUV,0.030572433922946406,3.0572433922946405,False,0.35,591,High upstream cycle-time variation,Pass,0,NONE,39.84,2.064,0.0,0.44272727272727275,0.7045454545454546
VH-00305,304,3,A,5,Sedan,0.03027022395055974,3.0270223950559743,False,0.35,592,High upstream cycle-time variation,Pass,0,NONE,40.096,2.097,0.0,0.44636363636363635,0.7045454545454546
VH-00693,692,5,B,18,SUV,0.030264482227517018,3.0264482227517018,False,0.35,593,High upstream cycle-time variation,Pass,0,NONE,41.251,2.179,0.0,0.4445454545454545,0.7045454545454546
VH-00087,86,1,B,12,SUV,0.0302198793983594,3.02198793983594,False,0.35,594,High upstream cycle-time variation,Pass,0,NONE,40.355,1.937,0.0,0.4445454545454545,0.7045454545454546
VH-00285,284,2,B,60,SUV,0.030045323458772623,3.004532345877262,False,0.35,595,Low-confidence sparse telemetry,Pass,0,NONE,40.871,1.77,0.0,0.44272727272727275,0.7045454545454546
VH-00204,203,2,A,54,Compact,0.02993502638646017,2.993502638646017,False,0.35,596,High upstream cycle-time variation,Pass,0,NONE,40.566,2.22,0.0,0.4445454545454545,0.7045454545454546
VH-00876,875,6,B,51,SUV,0.029918032397240103,2.9918032397240104,False,0.35,597,High upstream cycle-time variation,Pass,0,NONE,39.7,2.17,0.0,0.44636363636363635,0.7045454545454546
VH-00221,220,2,A,71,Compact,0.029888438236294057,2.9888438236294057,False,0.35,598,Low-confidence sparse telemetry,Pass,0,NONE,38.801,2.153,0.0,0.44272727272727275,0.7045454545454546
VH-00340,339,3,A,40,SUV,0.029838318947822805,2.9838318947822806,False,0.35,599,High upstream cycle-time variation,Pass,0,NONE,41.503,2.142,0.0,0.4445454545454545,0.7045454545454546
VH-00277,276,2,B,52,Truck,0.029727304659452915,2.9727304659452916,False,0.35,600,High upstream cycle-time variation,Pass,0,NONE,41.226,1.866,0.0,0.44636363636363635,0.7045454545454546
VH-00144,143,1,B,69,Truck,0.029679445486230128,2.967944548623013,False,0.35,601,High upstream cycle-time variation,Pass,0,NONE,40.34,2.169,0.0,0.4481818181818182,0.7045454545454546
VH-00091,90,1,B,16,SUV,0.029665974422075837,2.9665974422075836,False,0.35,602,High upstream cycle-time variation,Pass,0,NONE,40.434,1.834,0.0,0.44272727272727275,0.7045454545454546
VH-00564,563,4,B,39,Compact,0.029658981519935446,2.9658981519935446,False,0.35,603,Low-confidence sparse telemetry,Pass,0,NONE,41.514,3.487,0.0,0.44272727272727275,0.7045454545454546
VH-00090,89,1,B,15,Truck,0.02964330218876781,2.964330218876781,False,0.35,604,High upstream cycle-time variation,Pass,0,NONE,40.475,2.288,0.0,0.44272727272727275,0.7045454545454546
VH-00765,764,6,A,15,Sedan,0.029596837952517455,2.9596837952517454,False,0.35,605,High upstream cycle-time variation,Pass,0,NONE,40.049,2.202,0.0,0.4445454545454545,0.7045454545454546
VH-00891,890,6,B,66,Sedan,0.029425547589923263,2.942554758992326,False,0.35,606,High upstream cycle-time variation,Pass,0,NONE,40.691,1.858,0.0,0.4445454545454545,0.7045454545454546
VH-00109,108,1,B,34,Sedan,0.02939564131170578,2.939564131170578,False,0.35,607,High upstream cycle-time variation,Pass,0,NONE,40.735,2.045,0.0,0.4445454545454545,0.7045454545454546
VH-00265,264,2,B,40,Compact,0.0292365825388564,2.92365825388564,False,0.35,608,High upstream cycle-time variation,Pass,0,NONE,39.5,2.104,0.0,0.4445454545454545,0.7045454545454546
VH-00211,210,2,A,61,Sedan,0.02921200176865915,2.921200176865915,False,0.35,609,High upstream cycle-time variation,Pass,0,NONE,38.292,2.009,0.0,0.4481818181818182,0.7045454545454546
VH-00163,162,2,A,13,Compact,0.029140047654174932,2.914004765417493,False,0.35,610,Low-confidence sparse telemetry,Pass,0,NONE,39.935,2.008,0.0,0.44272727272727275,0.7045454545454546
VH-00648,647,5,A,48,SUV,0.029096408341526693,2.909640834152669,False,0.35,611,High upstream cycle-time variation,Pass,0,NONE,38.967,2.434,0.0,0.44272727272727275,0.7045454545454546
VH-00638,637,5,A,38,Sedan,0.029066548892887557,2.9066548892887556,False,0.35,612,High upstream cycle-time variation,Pass,0,NONE,40.039,2.536,0.0,0.4445454545454545,0.7045454545454546
VH-00201,200,2,A,51,SUV,0.028677242238717843,2.867724223871784,False,0.35,613,High upstream cycle-time variation,Pass,0,NONE,39.261,2.065,0.0,0.4390909090909091,0.7045454545454546
VH-00033,32,1,A,33,SUV,0.028499447088317312,2.8499447088317313,False,0.35,614,High upstream cycle-time variation,Pass,0,NONE,38.008,1.773,0.0,0.44636363636363635,0.7045454545454546
VH-00182,181,2,A,32,Sedan,0.028423666285760783,2.8423666285760785,False,0.35,615,High upstream cycle-time variation,Pass,0,NONE,38.906,2.204,0.0,0.44090909090909086,0.7045454545454546
VH-00157,156,2,A,7,Sedan,0.02834374970243056,2.834374970243056,False,0.35,616,High upstream cycle-time variation,Pass,0,NONE,40.704,2.034,0.0,0.4481818181818182,0.7045454545454546
VH-00240,239,2,B,15,Truck,0.028265571436083305,2.8265571436083303,False,0.35,617,High upstream cycle-time variation,Pass,0,NONE,39.973,2.15,0.0,0.44636363636363635,0.7045454545454546
VH-00848,847,6,B,23,Truck,0.02802797792660574,2.802797792660574,False,0.35,618,High upstream cycle-time variation,Pass,0,NONE,40.269,2.297,0.0,0.4445454545454545,0.7045454545454546
VH-00034,33,1,A,34,Compact,0.027866053797833624,2.7866053797833623,False,0.35,619,High upstream cycle-time variation,Pass,0,NONE,39.442,2.167,0.0,0.44636363636363635,0.7045454545454546
VH-00606,605,5,A,6,Compact,0.027821071426403044,2.7821071426403043,False,0.35,620,Low-confidence sparse telemetry,Pass,0,NONE,38.296,2.23,0.0,0.44636363636363635,0.7045454545454546
VH-00722,721,5,B,47,SUV,0.027768818234868427,2.7768818234868426,False,0.35,621,High upstream cycle-time variation,Pass,0,NONE,39.733,2.001,0.0,0.4445454545454545,0.7045454545454546
VH-00086,85,1,B,11,SUV,0.027363226864324415,2.7363226864324415,False,0.35,622,High upstream cycle-time variation,Pass,0,NONE,41.182,1.958,0.0,0.4445454545454545,0.7045454545454546
VH-00705,704,5,B,30,Compact,0.02733934890047772,2.733934890047772,False,0.35,623,Low-confidence sparse telemetry,Pass,0,NONE,40.524,1.939,0.0,0.44272727272727275,0.7045454545454546
VH-00351,350,3,A,51,Compact,0.027303043558901462,2.730304355890146,False,0.35,624,High upstream cycle-time variation,Pass,0,NONE,41.219,2.734,0.0,0.44272727272727275,0.7045454545454546
VH-00161,160,2,A,11,Sedan,0.027165459663963155,2.7165459663963154,False,0.35,625,High upstream cycle-time variation,Pass,0,NONE,38.373,1.916,0.0,0.44636363636363635,0.7045454545454546
VH-00244,243,2,B,19,Sedan,0.0268170199883303,2.68170199883303,False,0.35,626,High upstream cycle-time variation,Pass,0,NONE,40.225,2.655,0.0,0.44636363636363635,0.7045454545454546
VH-00510,509,4,A,60,SUV,0.026792392129342365,2.6792392129342364,False,0.35,627,High upstream cycle-time variation,Pass,0,NONE,41.229,4.515,0.0,0.4445454545454545,0.7045454545454546
VH-00654,653,5,A,54,SUV,0.026783820106992876,2.6783820106992877,False,0.35,628,Low-confidence sparse telemetry,Pass,0,NONE,40.373,1.721,0.0,0.4445454545454545,0.7045454545454546
VH-00496,495,4,A,46,SUV,0.02677868312088142,2.677868312088142,False,0.35,629,High upstream cycle-time variation,Pass,0,NONE,42.25,2.23,0.0,0.44636363636363635,0.7045454545454546
VH-00808,807,6,A,58,Truck,0.02673327584058195,2.6733275840581947,False,0.35,630,High upstream cycle-time variation,Pass,0,NONE,40.432,2.057,0.0,0.44636363636363635,0.7045454545454546
VH-00734,733,5,B,59,Sedan,0.026686060228310705,2.6686060228310704,False,0.35,631,High upstream cycle-time variation,Pass,0,NONE,41.955,1.89,0.0,0.4481818181818182,0.7045454545454546
VH-00113,112,1,B,38,Truck,0.026588511237546145,2.6588511237546144,False,0.35,632,High upstream cycle-time variation,Pass,0,NONE,40.432,2.178,0.0,0.4445454545454545,0.7045454545454546
VH-00054,53,1,A,54,SUV,0.026477811020133798,2.6477811020133797,False,0.35,633,High upstream cycle-time variation,Pass,0,NONE,40.724,2.14,0.0,0.44636363636363635,0.7045454545454546
VH-00148,147,1,B,73,SUV,0.026471810668960163,2.6471810668960165,False,0.35,634,High upstream cycle-time variation,Pass,0,NONE,40.961,2.049,0.0,0.4481818181818182,0.7045454545454546
VH-00051,50,1,A,51,SUV,0.026459702363517152,2.6459702363517152,False,0.35,635,High upstream cycle-time variation,Pass,0,NONE,38.053,2.186,0.0,0.4481818181818182,0.7045454545454546
VH-00724,723,5,B,49,SUV,0.026453870386280907,2.645387038628091,False,0.35,636,Low-confidence sparse telemetry,Pass,0,NONE,39.655,2.342,0.0,0.4481818181818182,0.7045454545454546
VH-00350,349,3,A,50,SUV,0.026267192290467367,2.6267192290467367,False,0.35,637,High upstream cycle-time variation,Pass,0,NONE,42.343,2.706,0.0,0.44636363636363635,0.7045454545454546
VH-00027,26,1,A,27,Sedan,0.02620193965199182,2.620193965199182,False,0.35,638,High upstream cycle-time variation,Pass,0,NONE,38.846,2.075,0.0,0.4481818181818182,0.7045454545454546
VH-00216,215,2,A,66,SUV,0.026159055458041647,2.6159055458041647,False,0.35,639,High upstream cycle-time variation,Pass,0,NONE,38.73,1.885,0.0,0.4481818181818182,0.7045454545454546
VH-00081,80,1,B,6,Compact,0.025988394862015988,2.598839486201599,False,0.35,640,High upstream cycle-time variation,Pass,0,NONE,41.414,2.23,0.0,0.44272727272727275,0.7045454545454546
VH-00639,638,5,A,39,Truck,0.025900494163480253,2.5900494163480254,False,0.35,641,High upstream cycle-time variation,Pass,0,NONE,39.064,2.073,0.0,0.4445454545454545,0.7045454545454546
VH-00807,806,6,A,57,Compact,0.025889164417694968,2.5889164417694968,False,0.35,642,Low-confidence sparse telemetry,Pass,0,NONE,38.391,2.095,0.0,0.4445454545454545,0.7045454545454546
VH-00338,337,3,A,38,Truck,0.02586012562613933,2.586012562613933,False,0.35,643,High upstream cycle-time variation,Pass,0,NONE,41.713,2.583,0.0,0.44272727272727275,0.7045454545454546
VH-00262,261,2,B,37,Sedan,0.025834136883100527,2.5834136883100527,False,0.35,644,High upstream cycle-time variation,Pass,0,NONE,41.825,2.257,0.0,0.4481818181818182,0.7045454545454546
VH-00602,601,5,A,2,Sedan,0.02546752986917113,2.546752986917113,False,0.35,645,High upstream cycle-time variation,Pass,0,NONE,40.264,2.51,0.0,0.45,0.7045454545454546
VH-00841,840,6,B,16,SUV,0.02545599421118976,2.545599421118976,False,0.35,646,High upstream cycle-time variation,Pass,0,NONE,40.89,2.003,0.0,0.4481818181818182,0.7045454545454546
VH-00303,302,3,A,3,Truck,0.025350266177502627,2.5350266177502627,False,0.35,647,High upstream cycle-time variation,Pass,0,NONE,41.959,2.526,0.0,0.4445454545454545,0.7045454545454546
VH-00738,737,5,B,63,Compact,0.02528643362506893,2.528643362506893,False,0.35,648,High upstream cycle-time variation,Pass,0,NONE,40.313,2.172,0.0,0.44636363636363635,0.7045454545454546
VH-00511,510,4,A,61,Compact,0.025245225193290994,2.5245225193290994,False,0.35,649,High upstream cycle-time variation,Pass,0,NONE,40.966,4.512,0.0,0.4445454545454545,0.7045454545454546
VH-00576,575,4,B,51,Compact,0.02514530532732472,2.514530532732472,False,0.35,650,High upstream cycle-time variation,Pass,0,NONE,40.046,3.206,0.0,0.44090909090909086,0.7045454545454546
VH-00276,275,2,B,51,Compact,0.025062039608644594,2.5062039608644593,False,0.35,651,High upstream cycle-time variation,Pass,0,NONE,40.168,1.819,0.0,0.44636363636363635,0.7045454545454546
VH-00687,686,5,B,12,Compact,0.025022550108239602,2.5022550108239603,False,0.35,652,High upstream cycle-time variation,Pass,0,NONE,38.683,2.01,0.0,0.44636363636363635,0.7045454545454546
VH-00024,23,1,A,24,SUV,0.024781597282592285,2.4781597282592287,False,0.35,653,High upstream cycle-time variation,Pass,0,NONE,39.915,2.23,0.0,0.44272727272727275,0.7045454545454546
VH-00320,319,3,A,20,Sedan,0.024621520323522637,2.4621520323522637,False,0.35,654,High upstream cycle-time variation,Pass,0,NONE,41.149,2.561,0.0,0.44272727272727275,0.7045454545454546
VH-00593,592,4,B,68,Sedan,0.024550734848628283,2.455073484862828,False,0.35,655,High upstream cycle-time variation,Pass,0,NONE,40.723,3.002,0.0,0.44636363636363635,0.7045454545454546
VH-00219,218,2,A,69,Compact,0.02430723318090449,2.430723318090449,False,0.35,656,High upstream cycle-time variation,Pass,0,NONE,40.025,1.887,0.0,0.44272727272727275,0.7045454545454546
VH-00249,248,2,B,24,Sedan,0.024192277719740193,2.419227771974019,False,0.35,657,High upstream cycle-time variation,Pass,0,NONE,40.307,2.237,0.0,0.44636363636363635,0.7045454545454546
VH-00830,829,6,B,5,SUV,0.02412857748169216,2.412857748169216,False,0.35,658,High upstream cycle-time variation,Pass,0,NONE,41.341,2.141,0.0,0.44272727272727275,0.7045454545454546
VH-00656,655,5,A,56,Sedan,0.023935739291280563,2.393573929128056,False,0.35,659,High upstream cycle-time variation,Pass,0,NONE,38.793,2.263,0.0,0.44272727272727275,0.7045454545454546
VH-00105,104,1,B,30,Truck,0.023779824758005438,2.3779824758005437,False,0.35,660,High upstream cycle-time variation,Pass,0,NONE,39.428,1.973,0.0,0.44636363636363635,0.7045454545454546
VH-00288,287,2,B,63,Sedan,0.02373098365045539,2.3730983650455393,False,0.35,661,High upstream cycle-time variation,Pass,0,NONE,40.671,2.101,0.0,0.44272727272727275,0.7045454545454546
VH-00045,44,1,A,45,Compact,0.023540629960474235,2.3540629960474235,False,0.35,662,High upstream cycle-time variation,Pass,0,NONE,40.06,1.961,0.0,0.44272727272727275,0.7045454545454546
VH-00834,833,6,B,9,SUV,0.023537680484449024,2.3537680484449024,False,0.35,663,High upstream cycle-time variation,Pass,0,NONE,41.745,2.092,0.0,0.4445454545454545,0.7045454545454546
VH-00640,639,5,A,40,Sedan,0.023487501761205298,2.3487501761205296,False,0.35,664,High upstream cycle-time variation,Pass,0,NONE,39.815,2.348,0.0,0.44636363636363635,0.7045454545454546
VH-00679,678,5,B,4,Compact,0.023410323296443505,2.3410323296443507,False,0.35,665,High upstream cycle-time variation,Pass,0,NONE,40.269,1.932,0.0,0.4445454545454545,0.7045454545454546
VH-00819,818,6,A,69,Compact,0.02330151668477796,2.330151668477796,False,0.35,666,Low-confidence sparse telemetry,Pass,0,NONE,39.552,1.934,0.0,0.4445454545454545,0.7045454545454546
VH-00814,813,6,A,64,Truck,0.023269727064775137,2.326972706477514,False,0.35,667,High upstream cycle-time variation,Pass,0,NONE,40.604,2.23,0.0,0.44272727272727275,0.7045454545454546
VH-00680,679,5,B,5,Sedan,0.022950070692428097,2.2950070692428097,False,0.35,668,Low-confidence sparse telemetry,Pass,0,NONE,40.215,2.205,0.0,0.44272727272727275,0.7045454545454546
VH-00220,219,2,A,70,Sedan,0.022949626712801038,2.294962671280104,False,0.35,669,High upstream cycle-time variation,Pass,0,NONE,39.174,2.037,0.0,0.44272727272727275,0.7045454545454546
VH-00043,42,1,A,43,SUV,0.02289454775410243,2.2894547754102432,False,0.35,670,High upstream cycle-time variation,Pass,0,NONE,39.173,1.984,0.0,0.44636363636363635,0.7045454545454546
VH-00150,149,1,B,75,Sedan,0.022829569011413895,2.2829569011413895,False,0.35,671,High upstream cycle-time variation,Pass,0,NONE,39.342,2.068,0.0,0.4445454545454545,0.7045454545454546
VH-00702,701,5,B,27,Compact,0.022738424334263894,2.2738424334263896,False,0.35,672,High upstream cycle-time variation,Pass,0,NONE,40.134,2.507,0.0,0.44272727272727275,0.7045454545454546
VH-00812,811,6,A,62,Compact,0.022668169968988107,2.2668169968988106,False,0.35,673,High upstream cycle-time variation,Pass,0,NONE,39.186,2.211,0.0,0.44636363636363635,0.7045454545454546
VH-00821,820,6,A,71,Truck,0.02263074385125685,2.263074385125685,False,0.35,674,High upstream cycle-time variation,Pass,0,NONE,40.537,2.204,0.0,0.44090909090909086,0.7045454545454546
VH-00567,566,4,B,42,Sedan,0.02226594720622548,2.226594720622548,False,0.35,675,High upstream cycle-time variation,Pass,0,NONE,40.905,3.282,0.0,0.44636363636363635,0.7045454545454546
VH-00017,16,1,A,17,SUV,0.022041591650716078,2.2041591650716077,False,0.35,676,Low-confidence sparse telemetry,Pass,0,NONE,39.8,2.051,0.0,0.45,0.7045454545454546
VH-00649,648,5,A,49,Sedan,0.021996043538433634,2.1996043538433634,False,0.35,677,High upstream cycle-time variation,Pass,0,NONE,39.295,2.088,0.0,0.44636363636363635,0.7045454545454546
VH-00775,774,6,A,25,Sedan,0.021906235008929246,2.1906235008929245,False,0.35,678,High upstream cycle-time variation,Pass,0,NONE,39.849,2.292,0.0,0.44636363636363635,0.7045454545454546
VH-00007,6,1,A,7,Sedan,0.021712252566609754,2.1712252566609753,False,0.35,679,High upstream cycle-time variation,Pass,0,NONE,39.295,1.687,0.0,0.4481818181818182,0.7045454545454546
VH-00151,150,2,A,1,Sedan,0.02156966945839324,2.156966945839324,False,0.35,680,High upstream cycle-time variation,Pass,0,NONE,38.931,1.946,0.0,0.44272727272727275,0.7045454545454546
VH-00622,621,5,A,22,Sedan,0.021557183473139004,2.1557183473139006,False,0.35,681,High upstream cycle-time variation,Pass,0,NONE,39.378,2.53,0.0,0.4481818181818182,0.7045454545454546
VH-00762,761,6,A,12,SUV,0.021550159445518757,2.1550159445518755,False,0.35,682,High upstream cycle-time variation,Pass,0,NONE,39.064,2.181,0.0,0.44090909090909086,0.7045454545454546
VH-00838,837,6,B,13,Sedan,0.021518149836383883,2.1518149836383884,False,0.35,683,High upstream cycle-time variation,Pass,0,NONE,40.524,1.978,0.0,0.44272727272727275,0.7045454545454546
VH-00682,681,5,B,7,SUV,0.021489898284758,2.1489898284758,False,0.35,684,High upstream cycle-time variation,Pass,0,NONE,40.432,1.886,0.0,0.4445454545454545,0.7045454545454546
VH-00590,589,4,B,65,Sedan,0.0213496158509866,2.13496158509866,False,0.35,685,High upstream cycle-time variation,Pass,0,NONE,41.568,2.953,0.0,0.4445454545454545,0.7045454545454546
VH-00061,60,1,A,61,SUV,0.021335917174424762,2.133591717442476,False,0.35,686,High upstream cycle-time variation,Pass,0,NONE,38.948,2.027,0.0,0.44636363636363635,0.7045454545454546
VH-00335,334,3,A,35,Compact,0.021294713604938783,2.1294713604938784,False,0.35,687,High upstream cycle-time variation,Pass,0,NONE,40.969,2.61,0.0,0.44272727272727275,0.7045454545454546
VH-00364,363,3,A,64,Sedan,0.021117655660527892,2.111765566052789,False,0.35,688,High upstream cycle-time variation,Pass,0,NONE,42.267,3.037,0.0,0.44272727272727275,0.7045454545454546
VH-00685,684,5,B,10,Compact,0.020975943294968755,2.0975943294968755,False,0.35,689,High upstream cycle-time variation,Pass,0,NONE,40.53,2.245,0.0,0.44636363636363635,0.7045454545454546
VH-00645,644,5,A,45,SUV,0.020940798298358806,2.0940798298358807,False,0.35,690,High upstream cycle-time variation,Pass,0,NONE,39.663,2.145,0.0,0.4481818181818182,0.7045454545454546
VH-00325,324,3,A,25,Sedan,0.020841957701696626,2.0841957701696625,False,0.35,691,High upstream cycle-time variation,Pass,0,NONE,40.859,1.956,0.0,0.4518181818181818,0.7045454545454546
VH-00861,860,6,B,36,Compact,0.020641110241202278,2.0641110241202276,False,0.35,692,Low-confidence sparse telemetry,Pass,0,NONE,39.692,2.018,0.0,0.4481818181818182,0.7045454545454546
VH-00263,262,2,B,38,Sedan,0.020330630403071436,2.0330630403071437,False,0.35,693,High upstream cycle-time variation,Pass,0,NONE,40.266,1.946,0.0,0.4445454545454545,0.7045454545454546
VH-00609,608,5,A,9,SUV,0.020306660007229062,2.0306660007229063,False,0.35,694,High upstream cycle-time variation,Pass,0,NONE,40.341,2.25,0.0,0.4445454545454545,0.7045454545454546
VH-00756,755,6,A,6,SUV,0.020032267986948443,2.003226798694844,False,0.35,695,High upstream cycle-time variation,Pass,0,NONE,39.847,2.033,0.0,0.4445454545454545,0.7045454545454546
VH-00862,861,6,B,37,Truck,0.020018208746103067,2.0018208746103068,False,0.35,696,High upstream cycle-time variation,Pass,0,NONE,40.583,1.847,0.0,0.44272727272727275,0.7045454545454546
VH-00168,167,2,A,18,Sedan,0.019991482919522022,1.9991482919522023,False,0.35,697,High upstream cycle-time variation,Pass,0,NONE,39.487,2.336,0.0,0.44272727272727275,0.7045454545454546
VH-00235,234,2,B,10,Compact,0.01980134295019627,1.9801342950196268,False,0.35,698,High upstream cycle-time variation,Pass,0,NONE,40.491,1.931,0.0,0.44090909090909086,0.7045454545454546
VH-00302,301,3,A,2,Truck,0.019777658283153584,1.9777658283153583,False,0.35,699,High upstream cycle-time variation,Pass,0,NONE,38.593,2.336,0.0,0.44272727272727275,0.7045454545454546
VH-00732,731,5,B,57,Compact,0.019676479246882064,1.9676479246882064,False,0.35,700,Low-confidence sparse telemetry,Pass,0,NONE,40.023,2.016,0.0,0.44272727272727275,0.7045454545454546
VH-00083,82,1,B,8,Sedan,0.019592049206461015,1.9592049206461015,False,0.35,701,High upstream cycle-time variation,Pass,0,NONE,40.713,2.254,0.0,0.44272727272727275,0.7045454545454546
VH-00701,700,5,B,26,Sedan,0.01948539496127645,1.948539496127645,False,0.35,702,High upstream cycle-time variation,Pass,0,NONE,40.06,2.194,0.0,0.44090909090909086,0.7045454545454546
VH-00629,628,5,A,29,Compact,0.01939571040746326,1.939571040746326,False,0.35,703,High upstream cycle-time variation,Pass,0,NONE,38.58,2.635,0.0,0.4445454545454545,0.7045454545454546
VH-00228,227,2,B,3,SUV,0.01917840215558495,1.9178402155584948,False,0.35,704,High upstream cycle-time variation,Pass,0,NONE,40.478,1.958,0.0,0.44272727272727275,0.7045454545454546
VH-00800,799,6,A,50,Sedan,0.01904813263622597,1.904813263622597,False,0.35,705,High upstream cycle-time variation,Pass,0,NONE,38.826,2.078,0.0,0.44090909090909086,0.7045454545454546
VH-00856,855,6,B,31,SUV,0.01903573413837359,1.9035734138373588,False,0.35,706,High upstream cycle-time variation,Pass,0,NONE,39.771,1.95,0.0,0.4481818181818182,0.7045454545454546
VH-00069,68,1,A,69,SUV,0.018976697251853962,1.8976697251853962,False,0.35,707,High upstream cycle-time variation,Pass,0,NONE,39.532,2.17,0.0,0.44636363636363635,0.7045454545454546
VH-00092,91,1,B,17,Compact,0.018944443636962627,1.8944443636962627,False,0.35,708,Low-confidence sparse telemetry,Pass,0,NONE,40.637,2.129,0.0,0.4481818181818182,0.7045454545454546
VH-00247,246,2,B,22,Truck,0.018942573562872742,1.8942573562872742,False,0.35,709,High upstream cycle-time variation,Pass,0,NONE,40.229,1.965,0.0,0.45,0.7045454545454546
VH-00261,260,2,B,36,Sedan,0.018934780394830146,1.8934780394830146,False,0.35,710,High upstream cycle-time variation,Pass,0,NONE,39.417,1.983,0.0,0.4445454545454545,0.7045454545454546
VH-00676,675,5,B,1,SUV,0.018778635662794682,1.8778635662794683,False,0.35,711,High upstream cycle-time variation,Pass,0,NONE,41.098,2.218,0.0,0.44636363636363635,0.7045454545454546
VH-00855,854,6,B,30,SUV,0.018732066721886844,1.8732066721886844,False,0.35,712,High upstream cycle-time variation,Pass,0,NONE,40.643,2.11,0.0,0.44636363636363635,0.7045454545454546
VH-00127,126,1,B,52,SUV,0.01866823929910204,1.866823929910204,False,0.35,713,High upstream cycle-time variation,Pass,0,NONE,40.725,2.115,0.0,0.44636363636363635,0.7045454545454546
VH-00165,164,2,A,15,SUV,0.0185977579534316,1.85977579534316,False,0.35,714,Low-confidence sparse telemetry,Pass,0,NONE,40.555,2.304,0.0,0.4445454545454545,0.7045454545454546
VH-00194,193,2,A,44,Compact,0.018320140235366156,1.8320140235366156,False,0.35,715,High upstream cycle-time variation,Pass,0,NONE,39.164,2.003,0.0,0.44636363636363635,0.7045454545454546
VH-00246,245,2,B,21,SUV,0.018252081400494592,1.8252081400494593,False,0.35,716,High upstream cycle-time variation,Pass,0,NONE,40.66,2.106,0.0,0.4445454545454545,0.7045454545454546
VH-00187,186,2,A,37,Compact,0.018235299595816976,1.8235299595816976,False,0.35,717,Low-confidence sparse telemetry,Pass,0,NONE,39.632,1.804,0.0,0.4445454545454545,0.7045454545454546
VH-00237,236,2,B,12,Sedan,0.018104905562029004,1.8104905562029003,False,0.35,718,High upstream cycle-time variation,Pass,0,NONE,41.039,2.482,0.0,0.4445454545454545,0.7045454545454546
VH-00651,650,5,A,51,Compact,0.018086006838593675,1.8086006838593676,False,0.35,719,High upstream cycle-time variation,Pass,0,NONE,39.874,2.007,0.0,0.4445454545454545,0.7045454545454546
VH-00692,691,5,B,17,SUV,0.01805521174217116,1.805521174217116,False,0.35,720,High upstream cycle-time variation,Pass,0,NONE,39.556,2.143,0.0,0.44272727272727275,0.7045454545454546
VH-00822,821,6,A,72,Sedan,0.017822247080659322,1.7822247080659321,False,0.35,721,High upstream cycle-time variation,Pass,0,NONE,40.651,1.93,0.0,0.4445454545454545,0.7045454545454546
VH-00041,40,1,A,41,Sedan,0.017796170002561798,1.7796170002561797,False,0.35,722,High upstream cycle-time variation,Pass,0,NONE,39.312,2.077,0.0,0.4481818181818182,0.7045454545454546
VH-00116,115,1,B,41,SUV,0.017775791191031193,1.7775791191031194,False,0.35,723,High upstream cycle-time variation,Pass,0,NONE,40.01,1.62,0.0,0.44090909090909086,0.7045454545454546
VH-00298,297,2,B,73,Truck,0.01774109037346251,1.774109037346251,False,0.35,724,High upstream cycle-time variation,Pass,0,NONE,39.688,2.252,0.0,0.44090909090909086,0.7045454545454546
VH-00603,602,5,A,3,SUV,0.01773235633381965,1.773235633381965,False,0.35,725,High upstream cycle-time variation,Pass,0,NONE,39.072,2.659,0.0,0.4445454545454545,0.7045454545454546
VH-00273,272,2,B,48,SUV,0.017535314377549887,1.7535314377549887,False,0.35,726,High upstream cycle-time variation,Pass,0,NONE,40.41,2.441,0.0,0.45,0.7045454545454546
VH-00710,709,5,B,35,Compact,0.017488181203798855,1.7488181203798854,False,0.35,727,High upstream cycle-time variation,Pass,0,NONE,40.107,2.202,0.0,0.4481818181818182,0.7045454545454546
VH-00164,163,2,A,14,Compact,0.0174349555214655,1.74349555214655,False,0.35,728,High upstream cycle-time variation,Pass,0,NONE,39.786,2.212,0.0,0.4445454545454545,0.7045454545454546
VH-00746,745,5,B,71,SUV,0.01743447599617457,1.7434475996174572,False,0.35,729,High upstream cycle-time variation,Pass,0,NONE,40.502,2.167,0.0,0.4445454545454545,0.7045454545454546
VH-00768,767,6,A,18,Sedan,0.017414421826819678,1.7414421826819677,False,0.35,730,High upstream cycle-time variation,Pass,0,NONE,40.432,1.85,0.0,0.44272727272727275,0.7045454545454546
VH-00763,762,6,A,13,Sedan,0.017343071626743835,1.7343071626743836,False,0.35,731,Low-confidence sparse telemetry,Pass,0,NONE,39.765,2.027,0.0,0.4445454545454545,0.7045454545454546
VH-00254,253,2,B,29,SUV,0.01731211950521232,1.731211950521232,False,0.35,732,High upstream cycle-time variation,Pass,0,NONE,40.862,2.453,0.0,0.4445454545454545,0.7045454545454546
VH-00826,825,6,B,1,Compact,0.017311484387423404,1.7311484387423404,False,0.35,733,High upstream cycle-time variation,Pass,0,NONE,40.545,2.058,0.0,0.4445454545454545,0.7045454545454546
VH-00846,845,6,B,21,Truck,0.017236561668606244,1.7236561668606245,False,0.35,734,High upstream cycle-time variation,Pass,0,NONE,40.681,2.045,0.0,0.4445454545454545,0.7045454545454546
VH-00663,662,5,A,63,Truck,0.017159383406186973,1.7159383406186972,False,0.35,735,High upstream cycle-time variation,Pass,0,NONE,39.835,2.042,0.0,0.44272727272727275,0.7045454545454546
VH-00570,569,4,B,45,Compact,0.016956572362982238,1.6956572362982238,False,0.35,736,High upstream cycle-time variation,Pass,0,NONE,41.002,3.546,0.0,0.44272727272727275,0.7045454545454546
VH-00014,13,1,A,14,SUV,0.016838486497947832,1.683848649794783,False,0.35,737,High upstream cycle-time variation,Pass,0,NONE,39.268,2.135,0.0,0.4445454545454545,0.7045454545454546
VH-00155,154,2,A,5,Sedan,0.016799228337785303,1.6799228337785304,False,0.35,738,High upstream cycle-time variation,Pass,0,NONE,38.394,2.079,0.0,0.44636363636363635,0.7045454545454546
VH-00209,208,2,A,59,Compact,0.016768200723049437,1.6768200723049436,False,0.35,739,High upstream cycle-time variation,Pass,0,NONE,40.145,1.791,0.0,0.4481818181818182,0.7045454545454546
VH-00896,895,6,B,71,SUV,0.0166339802415911,1.6633980241591102,False,0.35,740,High upstream cycle-time variation,Pass,0,NONE,39.863,2.418,0.0,0.44272727272727275,0.7045454545454546
VH-00574,573,4,B,49,SUV,0.0166326398870436,1.6632639887043599,False,0.35,741,High upstream cycle-time variation,Pass,0,NONE,40.389,2.23,0.0,0.44090909090909086,0.7045454545454546
VH-00793,792,6,A,43,Truck,0.01637078610374884,1.6370786103748842,False,0.35,742,High upstream cycle-time variation,Pass,0,NONE,39.984,2.3,0.0,0.44272727272727275,0.7045454545454546
VH-00123,122,1,B,48,Sedan,0.016357763844577787,1.6357763844577786,False,0.35,743,High upstream cycle-time variation,Pass,0,NONE,39.437,2.282,0.0,0.4481818181818182,0.7045454545454546
VH-00029,28,1,A,29,Compact,0.016313127530008662,1.6313127530008662,False,0.35,744,High upstream cycle-time variation,Pass,0,NONE,39.759,1.968,0.0,0.4445454545454545,0.7045454545454546
VH-00681,680,5,B,6,SUV,0.016291496726419937,1.6291496726419936,False,0.35,745,High upstream cycle-time variation,Pass,0,NONE,40.74,1.855,0.0,0.4445454545454545,0.7045454545454546
VH-00264,263,2,B,39,Sedan,0.01628662077977043,1.628662077977043,False,0.35,746,Low-confidence sparse telemetry,Pass,0,NONE,40.404,1.743,0.0,0.4445454545454545,0.7045454545454546
VH-00324,323,3,A,24,Truck,0.0161775824486324,1.6177582448632402,False,0.35,747,Low-confidence sparse telemetry,Pass,0,NONE,40.664,2.536,0.0,0.44272727272727275,0.7045454545454546
VH-00281,280,2,B,56,Truck,0.016118446610756742,1.6118446610756743,False,0.35,748,High upstream cycle-time variation,Pass,0,NONE,40.892,2.184,0.0,0.44272727272727275,0.7045454545454546
VH-00706,705,5,B,31,Sedan,0.015900954830017584,1.5900954830017584,False,0.35,749,High upstream cycle-time variation,Pass,0,NONE,39.883,2.256,0.0,0.45,0.7045454545454546
VH-00258,257,2,B,33,Sedan,0.01580558401277933,1.580558401277933,False,0.35,750,Low-confidence sparse telemetry,Pass,0,NONE,38.872,2.051,0.0,0.44272727272727275,0.7045454545454546
VH-00881,880,6,B,56,SUV,0.015724870133108013,1.5724870133108013,False,0.35,751,High upstream cycle-time variation,Pass,0,NONE,39.125,2.353,0.0,0.4445454545454545,0.7045454545454546
VH-00761,760,6,A,11,SUV,0.015698213862061626,1.5698213862061625,False,0.35,752,High upstream cycle-time variation,Pass,0,NONE,38.983,2.509,0.0,0.44272727272727275,0.7045454545454546
VH-00815,814,6,A,65,SUV,0.015683138376829494,1.5683138376829493,False,0.35,753,High upstream cycle-time variation,Pass,0,NONE,40.432,2.109,0.0,0.44272727272727275,0.7045454545454546
VH-00112,111,1,B,37,Truck,0.015571819934223288,1.5571819934223288,False,0.35,754,High upstream cycle-time variation,Pass,0,NONE,40.392,2.221,0.0,0.4445454545454545,0.7045454545454546
VH-00120,119,1,B,45,Sedan,0.015564218058344187,1.5564218058344186,False,0.35,755,High upstream cycle-time variation,Pass,0,NONE,41.397,1.927,0.0,0.4445454545454545,0.7045454545454546
VH-00869,868,6,B,44,Truck,0.015480229879988086,1.5480229879988086,False,0.35,756,High upstream cycle-time variation,Pass,0,NONE,40.517,2.239,0.0,0.44090909090909086,0.7045454545454546
VH-00669,668,5,A,69,Sedan,0.015367828126114409,1.536782812611441,False,0.35,757,Low-confidence sparse telemetry,Pass,0,NONE,39.877,2.122,0.0,0.4445454545454545,0.7045454545454546
VH-00166,165,2,A,16,Sedan,0.015344523665184724,1.5344523665184724,False,0.35,758,High upstream cycle-time variation,Pass,0,NONE,40.018,1.682,0.0,0.4445454545454545,0.7045454545454546
VH-00619,618,5,A,19,Sedan,0.015326544703012418,1.532654470301242,False,0.35,759,High upstream cycle-time variation,Pass,0,NONE,39.972,2.73,0.0,0.4445454545454545,0.7045454545454546
VH-00672,671,5,A,72,Compact,0.015194748362714736,1.5194748362714736,False,0.35,760,High upstream cycle-time variation,Pass,0,NONE,39.649,2.041,0.0,0.44272727272727275,0.7045454545454546
VH-00598,597,4,B,73,Truck,0.015173030949818438,1.5173030949818438,False,0.35,761,High upstream cycle-time variation,Pass,0,NONE,40.923,3.006,0.0,0.4445454545454545,0.7045454545454546
VH-00056,55,1,A,56,Sedan,0.01504817555230668,1.504817555230668,False,0.35,762,Low-confidence sparse telemetry,Pass,0,NONE,39.696,1.796,0.0,0.4445454545454545,0.7045454545454546
VH-00839,838,6,B,14,SUV,0.014899831410539584,1.4899831410539583,False,0.35,763,High upstream cycle-time variation,Fail,1,LOW_CONFIDENCE_MULTI_CAUSAL,40.449,2.2,0.0,0.44272727272727275,0.7045454545454546
VH-00190,189,2,A,40,SUV,0.014810568381929165,1.4810568381929166,False,0.35,764,High upstream cycle-time variation,Pass,0,NONE,40.385,1.745,0.0,0.4445454545454545,0.7045454545454546
VH-00595,594,4,B,70,SUV,0.014566960856374734,1.4566960856374733,False,0.35,765,High upstream cycle-time variation,Pass,0,NONE,40.771,2.716,0.0,0.44272727272727275,0.7045454545454546
VH-00075,74,1,A,75,SUV,0.014524100808236904,1.4524100808236904,False,0.35,766,Low-confidence sparse telemetry,Pass,0,NONE,38.914,1.625,0.0,0.4445454545454545,0.7045454545454546
VH-00048,47,1,A,48,Sedan,0.01449615098191578,1.449615098191578,False,0.35,767,High upstream cycle-time variation,Pass,0,NONE,40.892,2.142,0.0,0.4445454545454545,0.7045454545454546
VH-00592,591,4,B,67,Compact,0.014476440566267264,1.4476440566267263,False,0.35,768,Low-confidence sparse telemetry,Pass,0,NONE,40.939,2.878,0.0,0.4445454545454545,0.7045454545454546
VH-00039,38,1,A,39,Sedan,0.013860785853254697,1.3860785853254696,False,0.35,769,High upstream cycle-time variation,Pass,0,NONE,38.22,1.99,0.0,0.4445454545454545,0.7045454545454546
VH-00315,314,3,A,15,Truck,0.013812425179771015,1.3812425179771015,False,0.35,770,High upstream cycle-time variation,Pass,0,NONE,41.211,2.653,0.0,0.4445454545454545,0.7045454545454546
VH-00013,12,1,A,13,Compact,0.01365276825905157,1.3652768259051569,False,0.35,771,Low-confidence sparse telemetry,Pass,0,NONE,39.141,2.012,0.0,0.44636363636363635,0.7045454545454546
VH-00868,867,6,B,43,Sedan,0.013615061419899314,1.3615061419899315,False,0.35,772,Low-confidence sparse telemetry,Pass,0,NONE,39.607,2.478,0.0,0.4445454545454545,0.7045454545454546
VH-00196,195,2,A,46,Sedan,0.013610137737726853,1.3610137737726853,False,0.35,773,High upstream cycle-time variation,Pass,0,NONE,39.546,2.065,0.0,0.4445454545454545,0.7045454545454546
VH-00600,599,4,B,75,Sedan,0.013543100367415859,1.354310036741586,False,0.35,774,High upstream cycle-time variation,Pass,0,NONE,39.997,2.457,0.0,0.4481818181818182,0.7045454545454546
VH-00646,645,5,A,46,SUV,0.013515947920295408,1.3515947920295408,False,0.35,775,Low-confidence sparse telemetry,Pass,0,NONE,39.318,2.168,0.0,0.4445454545454545,0.7045454545454546
VH-00725,724,5,B,50,Truck,0.013461357639542561,1.3461357639542562,False,0.35,776,High upstream cycle-time variation,Pass,0,NONE,40.048,2.052,0.0,0.4445454545454545,0.7045454545454546
VH-00634,633,5,A,34,Compact,0.013438771332191133,1.3438771332191133,False,0.35,777,High upstream cycle-time variation,Pass,0,NONE,39.66,2.633,0.0,0.4445454545454545,0.7045454545454546
VH-00723,722,5,B,48,SUV,0.013233124847451651,1.3233124847451652,False,0.35,778,High upstream cycle-time variation,Pass,0,NONE,40.53,2.449,0.0,0.44272727272727275,0.7045454545454546
VH-00078,77,1,B,3,Compact,0.013124323916133766,1.3124323916133767,False,0.35,779,High upstream cycle-time variation,Pass,0,NONE,40.79,1.928,0.0,0.4481818181818182,0.7045454545454546
VH-00635,634,5,A,35,SUV,0.01308371648715869,1.308371648715869,False,0.35,780,High upstream cycle-time variation,Pass,0,NONE,39.65,2.143,0.0,0.4445454545454545,0.7045454545454546
VH-00597,596,4,B,72,Compact,0.013005328855278064,1.3005328855278064,False,0.35,781,High upstream cycle-time variation,Pass,0,NONE,40.499,2.561,0.0,0.4445454545454545,0.7045454545454546
VH-00751,750,6,A,1,Sedan,0.013002483327487263,1.3002483327487264,False,0.35,782,High upstream cycle-time variation,Pass,0,NONE,39.232,1.981,0.0,0.44090909090909086,0.7045454545454546
VH-00695,694,5,B,20,Compact,0.012948860323221657,1.2948860323221658,False,0.35,783,High upstream cycle-time variation,Pass,0,NONE,40.492,2.228,0.0,0.44272727272727275,0.7045454545454546
VH-00082,81,1,B,7,Compact,0.012760017014478242,1.2760017014478242,False,0.35,784,High upstream cycle-time variation,Pass,0,NONE,40.434,2.144,0.0,0.44272727272727275,0.7045454545454546
VH-00727,726,5,B,52,Sedan,0.012719379757058497,1.2719379757058498,False,0.35,785,High upstream cycle-time variation,Pass,0,NONE,40.603,2.174,0.0,0.44272727272727275,0.7045454545454546
VH-00801,800,6,A,51,SUV,0.012706390686792112,1.2706390686792113,False,0.35,786,High upstream cycle-time variation,Pass,0,NONE,39.72,2.021,0.0,0.44636363636363635,0.7045454545454546
VH-00655,654,5,A,55,Sedan,0.012605225898307593,1.2605225898307593,False,0.35,787,High upstream cycle-time variation,Pass,0,NONE,40.022,2.213,0.0,0.4481818181818182,0.7045454545454546
VH-00686,685,5,B,11,Sedan,0.012462487163874882,1.2462487163874882,False,0.35,788,High upstream cycle-time variation,Pass,0,NONE,40.393,2.23,0.0,0.44272727272727275,0.7045454545454546
VH-00607,606,5,A,7,SUV,0.012377138902708256,1.2377138902708256,False,0.35,789,High upstream cycle-time variation,Pass,0,NONE,40.612,2.766,0.0,0.44636363636363635,0.7045454545454546
VH-00256,255,2,B,31,Sedan,0.012289526264764837,1.2289526264764836,False,0.35,790,High upstream cycle-time variation,Pass,0,NONE,40.65,2.125,0.0,0.4445454545454545,0.7045454545454546
VH-00269,268,2,B,44,Truck,0.012115089869600573,1.2115089869600573,False,0.35,791,High upstream cycle-time variation,Pass,0,NONE,40.432,2.027,0.0,0.4445454545454545,0.7045454545454546
VH-00287,286,2,B,62,Sedan,0.012007357567569505,1.2007357567569505,False,0.35,792,High upstream cycle-time variation,Pass,0,NONE,40.243,2.016,0.0,0.4445454545454545,0.7045454545454546
VH-00205,204,2,A,55,Compact,0.011995318755839281,1.1995318755839282,False,0.35,793,High upstream cycle-time variation,Pass,0,NONE,40.634,2.016,0.0,0.44636363636363635,0.7045454545454546
VH-00626,625,5,A,26,Truck,0.011978281781993472,1.1978281781993472,False,0.35,794,High upstream cycle-time variation,Pass,0,NONE,38.88,2.251,0.0,0.44272727272727275,0.7045454545454546
VH-00604,603,5,A,4,Truck,0.01183091299527734,1.183091299527734,False,0.35,795,High upstream cycle-time variation,Pass,0,NONE,39.365,3.152,0.0,0.44272727272727275,0.7045454545454546
VH-00152,151,2,A,2,Sedan,0.011734805079304017,1.1734805079304018,False,0.35,796,High upstream cycle-time variation,Pass,0,NONE,39.809,2.202,0.0,0.4445454545454545,0.7045454545454546
VH-00176,175,2,A,26,Sedan,0.0115666081228255,1.1566608122825501,False,0.35,797,High upstream cycle-time variation,Pass,0,NONE,39.288,1.869,0.0,0.44272727272727275,0.7045454545454546
VH-00704,703,5,B,29,Sedan,0.011548044384196876,1.1548044384196876,False,0.35,798,Low-confidence sparse telemetry,Pass,0,NONE,39.731,2.2,0.0,0.4445454545454545,0.7045454545454546
VH-00878,877,6,B,53,Sedan,0.01152350796960357,1.152350796960357,False,0.35,799,High upstream cycle-time variation,Pass,0,NONE,40.364,2.23,0.0,0.44272727272727275,0.7045454545454546
VH-00612,611,5,A,12,SUV,0.011508757430207052,1.1508757430207053,False,0.35,800,Low-confidence sparse telemetry,Pass,0,NONE,39.781,2.434,0.0,0.4445454545454545,0.7045454545454546
VH-00644,643,5,A,44,SUV,0.011454170207017802,1.1454170207017802,False,0.35,801,High upstream cycle-time variation,Pass,0,NONE,39.276,2.449,0.0,0.44272727272727275,0.7045454545454546
VH-00755,754,6,A,5,SUV,0.011392185329621026,1.1392185329621025,False,0.35,802,High upstream cycle-time variation,Pass,0,NONE,39.473,2.291,0.0,0.4445454545454545,0.7045454545454546
VH-00119,118,1,B,44,SUV,0.011353613516568177,1.1353613516568177,False,0.35,803,High upstream cycle-time variation,Pass,0,NONE,39.594,2.035,0.0,0.44272727272727275,0.7045454545454546
VH-00786,785,6,A,36,SUV,0.011284578302798063,1.1284578302798063,False,0.35,804,High upstream cycle-time variation,Pass,0,NONE,39.098,2.238,0.0,0.4445454545454545,0.7045454545454546
VH-00620,619,5,A,20,Sedan,0.01125861741073551,1.125861741073551,False,0.35,805,High upstream cycle-time variation,Pass,0,NONE,39.651,2.323,0.0,0.4445454545454545,0.7045454545454546
VH-00066,65,1,A,66,Sedan,0.01122035910358964,1.1220359103589639,False,0.35,806,High upstream cycle-time variation,Pass,0,NONE,39.611,2.262,0.0,0.44272727272727275,0.7045454545454546
VH-00671,670,5,A,71,Compact,0.011098389629226591,1.109838962922659,False,0.35,807,High upstream cycle-time variation,Pass,0,NONE,39.822,2.115,0.0,0.4481818181818182,0.7045454545454546
VH-00047,46,1,A,47,Sedan,0.011048147616813466,1.1048147616813466,False,0.35,808,High upstream cycle-time variation,Pass,0,NONE,39.641,2.113,0.0,0.4445454545454545,0.7045454545454546
VH-00270,269,2,B,45,Sedan,0.011024111669088215,1.1024111669088215,False,0.35,809,High upstream cycle-time variation,Pass,0,NONE,40.245,2.463,0.0,0.4445454545454545,0.7045454545454546
VH-00833,832,6,B,8,Sedan,0.011017271729106659,1.101727172910666,False,0.35,810,High upstream cycle-time variation,Pass,0,NONE,40.762,1.693,0.0,0.4445454545454545,0.7045454545454546
VH-00274,273,2,B,49,Sedan,0.010947987296156146,1.0947987296156145,False,0.35,811,High upstream cycle-time variation,Pass,0,NONE,39.96,2.133,0.0,0.4445454545454545,0.7045454545454546
VH-00877,876,6,B,52,Sedan,0.010932369292749817,1.0932369292749817,False,0.35,812,High upstream cycle-time variation,Pass,0,NONE,40.869,2.237,0.0,0.4445454545454545,0.7045454545454546
VH-00843,842,6,B,18,Sedan,0.010864223790911953,1.0864223790911953,False,0.35,813,High upstream cycle-time variation,Pass,0,NONE,41.2,2.298,0.0,0.4445454545454545,0.7045454545454546
VH-00153,152,2,A,3,Sedan,0.01078869419820344,1.078869419820344,False,0.35,814,High upstream cycle-time variation,Pass,0,NONE,39.507,2.12,0.0,0.4445454545454545,0.7045454545454546
VH-00140,139,1,B,65,SUV,0.010768148820790833,1.0768148820790833,False,0.35,815,High upstream cycle-time variation,Pass,0,NONE,39.915,2.079,0.0,0.44272727272727275,0.7045454545454546
VH-00788,787,6,A,38,Truck,0.010741285215669251,1.0741285215669252,False,0.35,816,High upstream cycle-time variation,Pass,0,NONE,38.931,2.064,0.0,0.4445454545454545,0.7045454545454546
VH-00884,883,6,B,59,Sedan,0.010702417085004199,1.0702417085004199,False,0.35,817,High upstream cycle-time variation,Pass,0,NONE,40.056,1.716,0.0,0.44272727272727275,0.7045454545454546
VH-00783,782,6,A,33,SUV,0.010702186753367123,1.0702186753367122,False,0.35,818,High upstream cycle-time variation,Pass,0,NONE,37.918,2.027,0.0,0.44272727272727275,0.7045454545454546
VH-00183,182,2,A,33,Sedan,0.010657183831268688,1.0657183831268688,False,0.35,819,High upstream cycle-time variation,Pass,0,NONE,38.73,1.872,0.0,0.45,0.7045454545454546
VH-00301,300,3,A,1,Compact,0.010498688833287742,1.0498688833287741,False,0.35,820,High upstream cycle-time variation,Pass,0,NONE,40.132,2.201,0.0,0.44272727272727275,0.7045454545454546
VH-00823,822,6,A,73,SUV,0.010357178825491212,1.0357178825491211,False,0.35,821,High upstream cycle-time variation,Pass,0,NONE,39.204,2.025,0.0,0.44636363636363635,0.7045454545454546
VH-00068,67,1,A,68,Compact,0.010274367638063971,1.027436763806397,False,0.35,822,High upstream cycle-time variation,Pass,0,NONE,39.593,2.044,0.0,0.4445454545454545,0.7045454545454546
VH-00720,719,5,B,45,SUV,0.010243653229506502,1.0243653229506502,False,0.35,823,High upstream cycle-time variation,Pass,0,NONE,38.942,2.128,0.0,0.4481818181818182,0.7045454545454546
VH-00141,140,1,B,66,Sedan,0.010226945926049018,1.0226945926049018,False,0.35,824,High upstream cycle-time variation,Pass,0,NONE,40.86,2.16,0.0,0.4445454545454545,0.7045454545454546
VH-00781,780,6,A,31,Compact,0.01005261282580418,1.005261282580418,False,0.35,825,High upstream cycle-time variation,Pass,0,NONE,40.497,1.788,0.0,0.44636363636363635,0.7045454545454546
VH-00568,567,4,B,43,SUV,0.010049195917634526,1.0049195917634526,False,0.35,826,High upstream cycle-time variation,Pass,0,NONE,40.432,3.279,0.0,0.44090909090909086,0.7045454545454546
VH-00777,776,6,A,27,Sedan,0.009521352905603379,0.9521352905603379,False,0.35,827,High upstream cycle-time variation,Pass,0,NONE,38.634,2.123,0.0,0.44636363636363635,0.7045454545454546
VH-00191,190,2,A,41,Truck,0.009450481070393075,0.9450481070393075,False,0.35,828,High upstream cycle-time variation,Pass,0,NONE,38.952,2.013,0.0,0.44636363636363635,0.7045454545454546
VH-00195,194,2,A,45,Sedan,0.009223885227719948,0.9223885227719948,False,0.35,829,High upstream cycle-time variation,Pass,0,NONE,39.327,1.777,0.0,0.44272727272727275,0.7045454545454546
VH-00847,846,6,B,22,SUV,0.00907264312675072,0.9072643126750719,False,0.35,830,High upstream cycle-time variation,Pass,0,NONE,40.328,1.958,0.0,0.44636363636363635,0.7045454545454546
VH-00293,292,2,B,68,Compact,0.009021748851988901,0.9021748851988901,False,0.35,831,High upstream cycle-time variation,Pass,0,NONE,40.129,2.584,0.0,0.4445454545454545,0.7045454545454546
VH-00864,863,6,B,39,Compact,0.008982276018429578,0.8982276018429578,False,0.35,832,High upstream cycle-time variation,Pass,0,NONE,40.432,2.18,0.0,0.44272727272727275,0.7045454545454546
VH-00784,783,6,A,34,Sedan,0.008959663759081532,0.8959663759081532,False,0.35,833,High upstream cycle-time variation,Pass,0,NONE,38.685,1.913,0.0,0.44636363636363635,0.7045454545454546
VH-00179,178,2,A,29,Sedan,0.008952075280931558,0.8952075280931557,False,0.35,834,Low-confidence sparse telemetry,Pass,0,NONE,39.6,2.186,0.0,0.44272727272727275,0.7045454545454546
VH-00135,134,1,B,60,Sedan,0.008828593124287408,0.8828593124287407,False,0.35,835,High upstream cycle-time variation,Pass,0,NONE,40.996,2.084,0.0,0.44272727272727275,0.7045454545454546
VH-00040,39,1,A,40,SUV,0.008686375906935311,0.8686375906935311,False,0.35,836,High upstream cycle-time variation,Pass,0,NONE,40.206,2.093,0.0,0.4445454545454545,0.7045454545454546
VH-00729,728,5,B,54,SUV,0.008600322418317794,0.8600322418317794,False,0.35,837,High upstream cycle-time variation,Pass,0,NONE,40.396,2.15,0.0,0.44636363636363635,0.7045454545454546
VH-00004,3,1,A,4,SUV,0.008515091667639028,0.8515091667639028,False,0.35,838,High upstream cycle-time variation,Pass,0,NONE,40.385,1.773,0.0,0.44636363636363635,0.7045454545454546
VH-00231,230,2,B,6,SUV,0.008448973101966817,0.8448973101966817,False,0.35,839,High upstream cycle-time variation,Pass,0,NONE,40.487,2.131,0.0,0.4481818181818182,0.7045454545454546
VH-00771,770,6,A,21,Sedan,0.00844803570955445,0.8448035709554449,False,0.35,840,High upstream cycle-time variation,Pass,0,NONE,39.577,2.119,0.0,0.44636363636363635,0.7045454545454546
VH-00743,742,5,B,68,SUV,0.00838701346992315,0.8387013469923149,False,0.35,841,High upstream cycle-time variation,Pass,0,NONE,40.504,1.818,0.0,0.4445454545454545,0.7045454545454546
VH-00717,716,5,B,42,SUV,0.008212046821138942,0.8212046821138942,False,0.35,842,High upstream cycle-time variation,Pass,0,NONE,41.269,1.821,0.0,0.44272727272727275,0.7045454545454546
VH-00745,744,5,B,70,SUV,0.007816505924224528,0.7816505924224528,False,0.35,843,High upstream cycle-time variation,Pass,0,NONE,40.401,2.566,0.0,0.44272727272727275,0.7045454545454546
VH-00787,786,6,A,37,SUV,0.0076861554653908475,0.7686155465390847,False,0.35,844,High upstream cycle-time variation,Pass,0,NONE,39.334,2.013,0.0,0.4445454545454545,0.7045454545454546
VH-00001,0,1,A,1,Compact,0.007210088698401319,0.7210088698401319,False,0.35,845,High upstream cycle-time variation,Pass,0,NONE,39.165,1.925,0.0,0.4445454545454545,0.7045454545454546
VH-00238,237,2,B,13,SUV,0.007036692533802811,0.7036692533802811,False,0.35,846,High upstream cycle-time variation,Pass,0,NONE,40.506,2.01,0.0,0.44636363636363635,0.7045454545454546
VH-00782,781,6,A,32,SUV,0.006982186197737785,0.6982186197737785,False,0.35,847,High upstream cycle-time variation,Pass,0,NONE,40.271,2.182,0.0,0.4481818181818182,0.7045454545454546
VH-00226,225,2,B,1,SUV,0.006781870633007998,0.6781870633007998,False,0.35,848,High upstream cycle-time variation,Pass,0,NONE,39.925,2.222,0.0,0.4481818181818182,0.7045454545454546
VH-00171,170,2,A,21,SUV,0.006731488736365132,0.6731488736365132,False,0.35,849,High upstream cycle-time variation,Pass,0,NONE,40.222,2.17,0.0,0.4445454545454545,0.7045454545454546
VH-00064,63,1,A,64,Compact,0.006663834705967345,0.6663834705967345,False,0.35,850,High upstream cycle-time variation,Pass,0,NONE,39.393,1.839,0.0,0.4445454545454545,0.7045454545454546
VH-00691,690,5,B,16,SUV,0.006656202355430576,0.6656202355430576,False,0.35,851,High upstream cycle-time variation,Pass,0,NONE,39.381,1.988,0.0,0.44272727272727275,0.7045454545454546
VH-00224,223,2,A,74,Sedan,0.006598206915706124,0.6598206915706124,False,0.35,852,High upstream cycle-time variation,Pass,0,NONE,40.185,2.196,0.0,0.4445454545454545,0.7045454545454546
VH-00093,92,1,B,18,Compact,0.00658255930159386,0.658255930159386,False,0.35,853,High upstream cycle-time variation,Pass,0,NONE,40.34,2.092,0.0,0.44636363636363635,0.7045454545454546
VH-00791,790,6,A,41,Sedan,0.006392835863481114,0.6392835863481114,False,0.35,854,High upstream cycle-time variation,Pass,0,NONE,40.64,2.027,0.0,0.4481818181818182,0.7045454545454546
VH-00703,702,5,B,28,SUV,0.006277802273004392,0.6277802273004393,False,0.35,855,High upstream cycle-time variation,Pass,0,NONE,39.532,2.107,0.0,0.4445454545454545,0.7045454545454546
VH-00060,59,1,A,60,SUV,0.00625131928963693,0.625131928963693,False,0.35,856,High upstream cycle-time variation,Pass,0,NONE,40.638,1.819,0.0,0.44272727272727275,0.7045454545454546
VH-00744,743,5,B,69,SUV,0.00622048870007755,0.622048870007755,False,0.35,857,High upstream cycle-time variation,Pass,0,NONE,40.189,1.933,0.0,0.4445454545454545,0.7045454545454546
VH-00700,699,5,B,25,SUV,0.0062154246593460385,0.6215424659346038,False,0.35,858,High upstream cycle-time variation,Pass,0,NONE,40.024,2.215,0.0,0.44272727272727275,0.7045454545454546
VH-00584,583,4,B,59,SUV,0.006157886066098759,0.6157886066098759,False,0.35,859,High upstream cycle-time variation,Pass,0,NONE,40.956,3.174,0.0,0.4445454545454545,0.7045454545454546
VH-00886,885,6,B,61,SUV,0.006134722686509263,0.6134722686509263,False,0.35,860,High upstream cycle-time variation,Pass,0,NONE,39.886,2.149,0.0,0.44090909090909086,0.7045454545454546
VH-00142,141,1,B,67,Sedan,0.006055428759834492,0.6055428759834492,False,0.35,861,High upstream cycle-time variation,Pass,0,NONE,39.96,2.274,0.0,0.44272727272727275,0.7045454545454546
VH-00267,266,2,B,42,SUV,0.006018598201487047,0.6018598201487046,False,0.35,862,High upstream cycle-time variation,Pass,0,NONE,41.016,1.901,0.0,0.4445454545454545,0.7045454545454546
VH-00200,199,2,A,50,SUV,0.005951631607251574,0.5951631607251574,False,0.35,863,High upstream cycle-time variation,Pass,0,NONE,40.205,2.164,0.0,0.44272727272727275,0.7045454545454546
VH-00665,664,5,A,65,Sedan,0.005929410806098326,0.5929410806098325,False,0.35,864,High upstream cycle-time variation,Pass,0,NONE,40.432,2.109,0.0,0.44090909090909086,0.7045454545454546
VH-00280,279,2,B,55,Sedan,0.005902706312151833,0.5902706312151833,False,0.35,865,High upstream cycle-time variation,Pass,0,NONE,39.606,2.142,0.0,0.44090909090909086,0.7045454545454546
VH-00137,136,1,B,62,SUV,0.005872852296053048,0.5872852296053048,False,0.35,866,High upstream cycle-time variation,Pass,0,NONE,40.072,2.076,0.0,0.44272727272727275,0.7045454545454546
VH-00058,57,1,A,58,Sedan,0.005822425275706902,0.5822425275706902,False,0.35,867,High upstream cycle-time variation,Pass,0,NONE,39.93,1.789,0.0,0.4445454545454545,0.7045454545454546
VH-00806,805,6,A,56,Sedan,0.0053979696402839915,0.5397969640283992,False,0.35,868,High upstream cycle-time variation,Pass,0,NONE,39.816,2.272,0.0,0.4445454545454545,0.7045454545454546
VH-00851,850,6,B,26,SUV,0.004800079462544246,0.48000794625442456,False,0.35,869,High upstream cycle-time variation,Pass,0,NONE,40.131,1.878,0.0,0.44636363636363635,0.7045454545454546
VH-00094,93,1,B,19,Sedan,0.004785624516627996,0.4785624516627996,False,0.35,870,High upstream cycle-time variation,Pass,0,NONE,40.105,2.07,0.0,0.44272727272727275,0.7045454545454546
VH-00283,282,2,B,58,Sedan,0.0047708478000126255,0.47708478000126253,False,0.35,871,High upstream cycle-time variation,Pass,0,NONE,40.022,2.32,0.0,0.4445454545454545,0.7045454545454546
VH-00698,697,5,B,23,Compact,0.004754018810043877,0.4754018810043877,False,0.35,872,High upstream cycle-time variation,Pass,0,NONE,40.655,2.04,0.0,0.4445454545454545,0.7045454545454546
VH-00661,660,5,A,61,Sedan,0.004685615312922576,0.4685615312922576,False,0.35,873,High upstream cycle-time variation,Pass,0,NONE,39.843,2.438,0.0,0.44272727272727275,0.7045454545454546
VH-00713,712,5,B,38,SUV,0.004583150756390193,0.4583150756390193,False,0.35,874,High upstream cycle-time variation,Pass,0,NONE,40.991,2.222,0.0,0.4445454545454545,0.7045454545454546
VH-00115,114,1,B,40,SUV,0.00451307885452754,0.451307885452754,False,0.35,875,High upstream cycle-time variation,Pass,0,NONE,40.676,1.924,0.0,0.4481818181818182,0.7045454545454546
VH-00138,137,1,B,63,Truck,0.004454303472207861,0.4454303472207861,False,0.35,876,High upstream cycle-time variation,Pass,0,NONE,40.122,2.046,0.0,0.44272727272727275,0.7045454545454546
VH-00760,759,6,A,10,SUV,0.004387560703904197,0.43875607039041964,False,0.35,877,High upstream cycle-time variation,Pass,0,NONE,40.432,1.897,0.0,0.4445454545454545,0.7045454545454546
VH-00845,844,6,B,20,SUV,0.004362015235457063,0.4362015235457063,False,0.35,878,High upstream cycle-time variation,Pass,0,NONE,40.121,1.912,0.0,0.4445454545454545,0.7045454545454546
VH-00796,795,6,A,46,Sedan,0.004306972122603627,0.43069721226036267,False,0.35,879,High upstream cycle-time variation,Pass,0,NONE,39.854,1.933,0.0,0.44272727272727275,0.7045454545454546
VH-00337,336,3,A,37,Sedan,0.00428582988619133,0.428582988619133,False,0.35,880,High upstream cycle-time variation,Pass,0,NONE,39.935,2.389,0.0,0.44636363636363635,0.7045454545454546
VH-00733,732,5,B,58,Compact,0.004242424242424243,0.4242424242424243,False,0.35,881,High upstream cycle-time variation,Pass,0,NONE,39.207,1.862,0.0,0.44272727272727275,0.7045454545454546
VH-00799,798,6,A,49,SUV,0.004135347162465263,0.41353471624652627,False,0.35,882,High upstream cycle-time variation,Pass,0,NONE,38.679,1.994,0.0,0.44272727272727275,0.7045454545454546
VH-00835,834,6,B,10,Sedan,0.004085786355641952,0.40857863556419516,False,0.35,883,High upstream cycle-time variation,Pass,0,NONE,38.967,2.215,0.0,0.4445454545454545,0.7045454545454546
VH-00617,616,5,A,17,SUV,0.004075829867058151,0.40758298670581516,False,0.35,884,High upstream cycle-time variation,Pass,0,NONE,39.458,2.416,0.0,0.44272727272727275,0.7045454545454546
VH-00589,588,4,B,64,SUV,0.004068008630814191,0.40680086308141916,False,0.35,885,High upstream cycle-time variation,Pass,0,NONE,40.15,2.736,0.0,0.4445454545454545,0.7045454545454546
VH-00026,25,1,A,26,Compact,0.0040327380952380944,0.4032738095238094,False,0.35,886,High upstream cycle-time variation,Pass,0,NONE,39.242,2.366,0.0,0.4481818181818182,0.7045454545454546
VH-00124,123,1,B,49,SUV,0.0036473836062851568,0.36473836062851567,False,0.35,887,High upstream cycle-time variation,Pass,0,NONE,39.41,1.923,0.0,0.44090909090909086,0.7045454545454546
VH-00252,251,2,B,27,Compact,0.0024018475750577366,0.24018475750577367,False,0.35,888,High upstream cycle-time variation,Pass,0,NONE,40.932,1.813,0.0,0.44272727272727275,0.7045454545454546
VH-00038,37,1,A,38,SUV,0.002397841171935235,0.23978411719352352,False,0.35,889,High upstream cycle-time variation,Pass,0,NONE,38.64,2.108,0.0,0.44272727272727275,0.7045454545454546
VH-00023,22,1,A,23,SUV,0.0023259259259259257,0.23259259259259257,False,0.35,890,High upstream cycle-time variation,Pass,0,NONE,39.53,2.365,0.0,0.44636363636363635,0.7045454545454546
VH-00020,19,1,A,20,Truck,0.0023222222222222225,0.23222222222222225,False,0.35,891,High upstream cycle-time variation,Pass,0,NONE,39.596,1.879,0.0,0.44272727272727275,0.7045454545454546
VH-00174,173,2,A,24,Sedan,0.0022740740740740738,0.22740740740740736,False,0.35,892,High upstream cycle-time variation,Pass,0,NONE,38.711,2.26,0.0,0.44272727272727275,0.7045454545454546
VH-00271,270,2,B,46,Sedan,0.0021169630642954855,0.21169630642954856,False,0.35,893,High upstream cycle-time variation,Pass,0,NONE,39.383,2.153,0.0,0.4445454545454545,0.7045454545454546
VH-00162,161,2,A,12,SUV,0.0021043656207366986,0.21043656207366984,False,0.35,894,High upstream cycle-time variation,Pass,0,NONE,39.194,1.895,0.0,0.44272727272727275,0.7045454545454546
VH-00842,841,6,B,17,SUV,0.0020546558704453437,0.20546558704453438,False,0.35,895,High upstream cycle-time variation,Pass,0,NONE,40.3,1.933,0.0,0.4445454545454545,0.7045454545454546
VH-00894,893,6,B,69,SUV,0.0020535714285714285,0.20535714285714285,False,0.35,896,High upstream cycle-time variation,Pass,0,NONE,41.384,1.884,0.0,0.44272727272727275,0.7045454545454546
VH-00173,172,2,A,23,SUV,0.0019341943419434195,0.19341943419434196,False,0.35,897,High upstream cycle-time variation,Pass,0,NONE,39.658,1.97,0.0,0.4445454545454545,0.7045454545454546
VH-00245,244,2,B,20,SUV,0.001653522607781283,0.16535226077812828,False,0.35,898,High upstream cycle-time variation,Pass,0,NONE,40.089,2.085,0.0,0.44636363636363635,0.7045454545454546
VH-00616,615,5,A,16,Sedan,0.0,0.0,False,0.35,900,High upstream cycle-time variation,Pass,0,NONE,40.432,2.727,0.0,0.44272727272727275,0.7045454545454546
VH-00095,94,1,B,20,SUV,0.0,0.0,False,0.35,899,High upstream cycle-time variation,Pass,0,NONE,39.887,1.903,0.0,0.44090909090909086,0.7045454545454546
