Vehicle_ID,Cycle_Time_Mean,Cycle_Time_Std,Cycle_Time_Max,Cycle_Time_P95,Torque_Mean,Torque_Max,Temperature_Mean,Temperature_Max,Vibration_Mean,Vibration_Max,Torque_Missing_Rate,Temperature_Missing_Rate,Vibration_Missing_Rate,Sparse_Coverage_Rate,Legacy_Or_Manual_Imputed_Rate,Telemetry_Confidence_Mean,Body_Cycle_Time_Mean,Final_Assembly_Cycle_Time_Mean,Paint_Cycle_Time_Mean,ST12_Temperature_C,ST12_Cycle_Time,ST15_Vibration_MM_S,ST15_Cycle_Time,ST12_Temperature_Excess,ST15_Vibration_Excess,ST12_ST15_Interaction,Vehicle_Global_Index,Production_Day,Shift,Unit_In_Shift,Vehicle_Model,Model_Complexity_Factor,End_of_Line_Quality,Root_Cause_Label,Delayed_Defect_Detection_Station,Latent_Defect_Probability,Station_12_Temperature_Signal,Station_15_Vibration_Signal,Defect_Label
VH-00001,73.03204545454545,11.921124242586691,104.667,95.68695000000001,36.45997727272727,47.715,38.832875,49.075,1.828568181818182,2.295,0.7954545454545454,0.7045454545454546,0.8181818181818182,0.7045454545454546,0.7045454545454546,0.4445454545454545,64.0698125,71.01656249999999,87.669,39.165,72.908,1.925,65.279,0.0,0.0,0.0,0,1,A,1,Compact,0.94,Pass,NONE,,0.03114,39.165,1.925,0
VH-00002,73.09372727272726,11.778986864403794,104.61,96.14855000000001,36.50344318181818,49.215,38.93686363636363,47.576,1.797215909090909,2.18,0.75,0.6818181818181818,0.75,0.7045454545454546,0.7045454545454546,0.4481818181818182,64.3196875,71.065125,87.49725000000001,38.512,69.004,2.18,62.965,0.0,0.0,0.0,1,1,A,2,SUV,1.08,Pass,NONE,,0.03019,38.512,2.18,0
VH-00003,73.07520454545455,12.18025517275674,114.916,93.5685,36.56161363636364,53.51,38.91736363636364,48.172,1.8209772727272728,2.361,0.7954545454545454,0.7272727272727273,0.7272727272727273,0.7045454545454546,0.7045454545454546,0.4481818181818182,64.5631875,70.673125,87.62733333333334,40.942,71.285,1.944,65.235,0.0,0.0,0.0,2,1,A,3,Sedan,1.0,Pass,NONE,,0.01871,40.942,1.944,0
VH-00004,73.7639090909091,11.54341719954304,108.456,94.40215,36.54647727272727,50.723,38.91265909090909,48.483,1.8233522727272728,2.099,0.7727272727272727,0.7272727272727273,0.7954545454545454,0.7045454545454546,0.7045454545454546,0.44636363636363635,65.8136875,71.1568125,87.84033333333333,40.385,72.371,1.773,63.259,0.0,0.0,0.0,3,1,A,4,SUV,1.08,Pass,NONE,,0.03678,40.385,1.773,0
VH-00005,73.76656818181817,12.580882588919321,112.655,97.02955,36.21428409090909,47.404,39.005511363636366,46.924,1.8347613636363638,2.311,0.8181818181818182,0.7954545454545454,0.7954545454545454,0.7045454545454546,0.7045454545454546,0.44636363636363635,65.2403125,70.922125,88.92750000000001,39.428,73.066,2.311,65.125,0.0,0.0,0.0,4,1,A,5,SUV,1.08,Pass,NONE,,0.02798,39.428,2.311,0
VH-00006,73.96529545454545,11.724113314178593,108.673,92.91385000000001,36.43822727272727,51.605,39.13614772727273,48.935,1.8031363636363638,2.099,0.75,0.8181818181818182,0.8409090909090909,0.7045454545454546,0.7045454545454546,0.44272727272727275,65.384,72.42637500000001,87.45891666666667,39.84,69.108,2.064,57.049,0.0,0.0,0.0,5,1,A,6,SUV,1.08,Pass,NONE,,0.03993,39.84,2.064,0
VH-00007,73.23820454545454,11.815639048311308,109.997,94.33655,36.116522727272724,49.253,38.960215909090905,46.816,1.847590909090909,2.617,0.7272727272727273,0.6363636363636364,0.7954545454545454,0.7045454545454546,0.7045454545454546,0.4481818181818182,65.3865,70.86387500000001,86.87291666666665,39.295,66.688,1.687,64.991,0.0,0.0,0.0,6,1,A,7,Sedan,1.0,Pass,NONE,,0.02387,39.295,1.687,0
VH-00008,72.47129545454546,11.972965348494826,103.593,96.24105,36.595681818181816,49.943,38.90595454545455,47.116,1.830727272727273,2.204,0.75,0.7272727272727273,0.8636363636363636,0.7045454545454546,0.7045454545454546,0.4445454545454545,63.7986875,69.79525000000001,87.60283333333332,39.526,69.633,2.204,61.553,0.0,0.0,0.0,7,1,A,8,Compact,0.94,Pass,NONE,,0.03222,39.526,2.204,0
VH-00009,73.00406818181818,12.131519024114517,107.887,93.77470000000001,36.73546590909091,52.961,39.00772727272727,48.976,1.8153409090909092,2.284,0.8409090909090909,0.7727272727272727,0.8181818181818182,0.7045454545454546,0.7045454545454546,0.44090909090909086,64.1089375,71.3468125,87.07391666666666,38.213,68.366,2.284,57.928,0.0,0.0,0.0,8,1,A,9,Sedan,1.0,Pass,NONE,,0.03625,38.213,2.284,0
VH-00010,72.97302272727273,11.480414404822167,107.718,91.34555,36.35186363636364,47.788,38.99468181818182,47.954,1.8320227272727274,2.305,0.7727272727272727,0.7954545454545454,0.8409090909090909,0.7045454545454546,0.7045454545454546,0.4445454545454545,64.2394375,71.8854375,86.06791666666668,38.909,69.49,2.233,62.798,0.0,0.0,0.0,9,1,A,10,Sedan,1.0,Pass,NONE,,0.03573,38.909,2.233,0
VH-00011,73.10286363636364,11.260213114160916,108.148,90.873,36.375875,48.446,38.93305681818182,47.902,1.853340909090909,2.278,0.7954545454545454,0.7954545454545454,0.8409090909090909,0.7045454545454546,0.7045454545454546,0.44272727272727275,65.0474375,71.0295625,86.60783333333332,39.968,68.614,2.166,61.391,0.0,0.0,0.0,10,1,A,11,Compact,0.94,Pass,NONE,,0.02983,39.968,2.166,0
VH-00012,72.79488636363637,11.784952100455998,109.889,92.3622,36.63934090909091,47.943,39.021829545454544,49.799,1.8137045454545453,2.264,0.7045454545454546,0.6590909090909091,0.7727272727272727,0.7045454545454546,0.7045454545454546,0.4481818181818182,64.1185625,71.407875,86.21266666666666,39.739,70.424,1.761,61.601,0.0,0.0,0.0,11,1,A,12,Sedan,1.0,Pass,NONE,,0.02709,39.739,1.761,0
VH-00013,72.80979545454545,11.300630893233139,105.818,90.766,36.47351136363636,49.619,38.96153409090909,48.718,1.8196818181818182,2.318,0.75,0.7727272727272727,0.8409090909090909,0.7045454545454546,0.7045454545454546,0.44636363636363635,64.3355625,71.097125,86.39233333333334,39.141,72.14,2.012,69.444,0.0,0.0,0.0,12,1,A,13,Compact,0.94,Pass,NONE,,0.02104,39.141,2.012,0
VH-00014,73.48695454545454,11.783653648177694,108.537,92.56235,36.42661363636363,49.59,38.91760227272727,46.866,1.8306704545454549,2.135,0.7727272727272727,0.7272727272727273,0.7954545454545454,0.7045454545454546,0.7045454545454546,0.4445454545454545,65.8276875,70.98106250000001,87.0405,39.268,72.666,2.135,64.461,0.0,0.0,0.0,13,1,A,14,SUV,1.08,Pass,NONE,,0.02973,39.268,2.135,0
VH-00015,73.54245454545455,12.72692860964872,114.56,92.75810000000001,36.67490909090909,46.577,38.864636363636365,46.625,1.8415568181818183,2.383,0.7954545454545454,0.75,0.8636363636363636,0.7045454545454546,0.7045454545454546,0.44272727272727275,64.2884375,71.85125,88.13608333333333,40.295,72.986,2.383,59.671,0.0,0.0,0.0,14,1,A,15,Compact,0.94,Pass,NONE,,0.0318,40.295,2.383,0
VH-00016,73.20945454545455,13.328860106628468,110.043,95.43215000000001,36.92727272727273,49.669,39.01163636363636,48.379,1.8408181818181821,2.28,0.7954545454545454,0.7045454545454546,0.8181818181818182,0.7045454545454546,0.7045454545454546,0.4445454545454545,63.25075,71.3648125,88.94725,39.797,66.463,2.276,61.218,0.0,0.0,0.0,15,1,A,16,Sedan,1.0,Pass,NONE,,0.03544,39.797,2.276,0
VH-00017,74.0503409090909,11.702576174229176,108.737,91.9772,36.38945454545455,51.794,38.947329545454544,47.773,1.8230795454545456,2.305,0.7272727272727273,0.6818181818181818,0.7954545454545454,0.7045454545454546,0.7045454545454546,0.45,65.9319375,71.905625,87.73450000000001,39.8,71.371,2.051,63.039,0.0,0.0,0.0,16,1,A,17,SUV,1.08,Pass,NONE,,0.03147,39.8,2.051,0
VH-00018,72.99679545454545,11.472922294709575,110.196,88.82365,36.718340909090905,50.792,38.88260227272727,47.233,1.8277045454545453,2.298,0.7727272727272727,0.7954545454545454,0.7954545454545454,0.7045454545454546,0.7045454545454546,0.4445454545454545,64.55506249999999,71.35725,86.43849999999999,39.598,67.278,2.298,66.454,0.0,0.0,0.0,17,1,A,18,Sedan,1.0,Pass,NONE,,0.04144,39.598,2.298,0
VH-00019,73.23231818181819,12.001574187004525,107.217,92.4142,36.955738636363634,48.326,38.809011363636365,48.332,1.7968181818181819,2.23,0.8181818181818182,0.6818181818181818,0.7954545454545454,0.7045454545454546,0.7045454545454546,0.44272727272727275,64.415625,71.889625,86.77816666666666,38.713,68.704,2.23,67.286,0.0,0.0,0.0,18,1,A,19,Sedan,1.0,Pass,NONE,,0.02517,38.713,2.089,0
VH-00020,74.18738636363636,12.020408817905372,106.048,93.8867,36.42065909090909,50.676,39.05688636363636,48.697,1.8125113636363637,2.195,0.7727272727272727,0.75,0.8409090909090909,0.7045454545454546,0.7045454545454546,0.44272727272727275,65.7165,72.0566875,88.32283333333334,39.596,72.73,1.879,67.423,0.0,0.0,0.0,19,1,A,20,Truck,1.14,Pass,NONE,,0.03986,39.596,1.879,0
VH-00021,73.08913636363637,11.945416200933753,102.973,96.85615000000001,36.60256818181818,53.956,38.882659090909094,46.625,1.8489886363636365,2.231,0.7954545454545454,0.8409090909090909,0.7954545454545454,0.7045454545454546,0.7045454545454546,0.44090909090909086,64.659625,71.4103125,86.56691666666666,39.468,71.029,2.085,65.085,0.0,0.0,0.0,20,1,A,21,Compact,0.94,Pass,NONE,,0.02568,39.468,2.085,0
VH-00022,72.23472727272727,11.7503220032348,109.903,90.72380000000001,36.50852272727273,46.546,38.920465909090915,47.629,1.8108409090909092,2.179,0.8181818181818182,0.75,0.8409090909090909,0.7045454545454546,0.7045454545454546,0.44272727272727275,63.59625,70.7673125,85.70925,39.63,72.378,2.163,66.769,0.0,0.0,0.0,21,1,A,22,Compact,0.94,Pass,NONE,,0.04259,39.63,2.163,0
VH-00023,73.90554545454546,11.642562761224383,106.963,96.50670000000001,36.40804545454545,48.938,38.89689772727273,48.1,1.8113522727272728,2.516,0.75,0.7045454545454546,0.7727272727272727,0.7045454545454546,0.7045454545454546,0.44636363636363635,65.9013125,71.260125,88.10508333333333,39.53,74.381,2.365,66.621,0.0,0.0,0.0,22,1,A,23,SUV,1.08,Pass,NONE,,0.03267,39.53,2.365,0
VH-00024,74.21527272727273,12.233749955365347,107.265,94.5472,36.64661363636364,46.328,38.79128409090909,48.492,1.8124204545454545,2.23,0.75,0.7045454545454546,0.8409090909090909,0.7045454545454546,0.7045454545454546,0.44272727272727275,64.8976875,72.907375,88.38258333333333,39.915,73.482,2.23,62.44,0.0,0.0,0.0,23,1,A,24,SUV,1.08,Pass,NONE,,0.03615,39.915,2.038,0
VH-00025,72.2540909090909,11.86705399232091,104.258,95.87255000000002,36.48406818181818,48.282,38.97180681818182,49.632,1.8122272727272728,2.156,0.7272727272727273,0.7727272727272727,0.8409090909090909,0.7045454545454546,0.7045454545454546,0.4445454545454545,63.86075,70.287125,86.06783333333334,41.163,63.857,2.156,63.287,0.0,0.0,0.0,24,1,A,25,Sedan,1.0,Pass,NONE,,0.02779,41.163,2.156,0
VH-00026,72.9860909090909,11.937083095495005,105.197,96.55825000000002,36.36427272727273,47.918,38.97261363636364,46.77,1.8071704545454546,2.366,0.7727272727272727,0.7045454545454546,0.8181818181818182,0.7045454545454546,0.7045454545454546,0.4481818181818182,63.9520625,70.986875,87.69708333333334,39.242,71.373,2.366,65.978,0.0,0.0,0.0,25,1,A,26,Compact,0.94,Pass,NONE,,0.03776,39.242,2.366,0
VH-00027,73.14954545454545,12.05737051718091,112.474,92.54515,36.19468181818182,48.574,38.76111363636364,46.625,1.8188068181818182,2.099,0.7045454545454546,0.6818181818181818,0.7727272727272727,0.7045454545454546,0.7045454545454546,0.4481818181818182,64.872875,71.2315625,86.74241666666667,38.846,71.774,2.075,65.449,0.0,0.0,0.0,26,1,A,27,Sedan,1.0,Pass,NONE,,0.03203,38.846,2.075,0
VH-00028,72.41365909090909,11.080216054360617,102.655,92.6032,36.55448863636364,46.954,38.94192045454545,48.609,1.8464204545454548,2.427,0.8181818181818182,0.7272727272727273,0.7954545454545454,0.7045454545454546,0.7045454545454546,0.44272727272727275,63.969875,70.523,86.19291666666668,39.344,70.5,1.989,60.648,0.0,0.0,0.0,27,1,A,28,Sedan,1.0,Fail,LOW_CONFIDENCE_MULTI_CAUSAL,ST-45,0.03349,39.344,1.989,1
VH-00029,72.73106818181817,11.499948795432466,101.683,94.05005,36.344772727272726,46.546,38.807340909090904,48.257,1.8258295454545455,2.517,0.7727272727272727,0.6363636363636364,0.8181818181818182,0.7045454545454546,0.7045454545454546,0.4445454545454545,64.5365,71.042125,85.90908333333334,39.759,70.725,1.968,63.722,0.0,0.0,0.0,28,1,A,29,Compact,0.94,Pass,NONE,,0.03353,39.759,1.968,0
VH-00030,72.39279545454545,11.526142210623368,107.911,90.95320000000001,36.08469318181818,47.128,38.91194318181818,47.489,1.8283750000000003,2.329,0.8181818181818182,0.8409090909090909,0.7954545454545454,0.7045454545454546,0.7045454545454546,0.4445454545454545,63.13825,71.6878125,85.67216666666667,40.235,66.24,2.0,61.764,0.0,0.0,0.0,29,1,A,30,Compact,0.94,Pass,NONE,,0.04581,40.235,2.0,0
VH-00031,74.49436363636363,12.02020303216468,111.651,94.7617,35.99275,48.499,39.20757954545454,48.148,1.8171477272727274,2.099,0.75,0.7727272727272727,0.8409090909090909,0.7045454545454546,0.7045454545454546,0.4445454545454545,65.464,72.6378125,89.01025,39.794,71.518,1.912,68.674,0.0,0.0,0.0,30,1,A,31,SUV,1.08,Pass,NONE,,0.03229,39.794,1.912,0
VH-00032,72.51247727272727,12.307019102346354,109.67,93.45925,36.27802272727273,46.328,38.87409090909091,49.94,1.8172272727272727,2.099,0.7727272727272727,0.7045454545454546,0.8409090909090909,0.7045454545454546,0.7045454545454546,0.44272727272727275,63.7535,70.342125,87.08491666666667,38.891,74.42,1.67,64.716,0.0,0.0,0.0,31,1,A,32,Compact,0.94,Pass,NONE,,0.04203,38.891,1.67,0
VH-00033,73.79643181818182,11.82739921753963,112.295,92.48325,36.21711363636364,48.564,39.15113636363637,50.075,1.8013750000000002,2.117,0.7045454545454546,0.6818181818181818,0.7954545454545454,0.7045454545454546,0.7045454545454546,0.44636363636363635,65.9116875,71.415125,87.48450000000001,38.008,76.132,1.773,70.967,0.0,0.0,0.0,32,1,A,33,SUV,1.08,Pass,NONE,,0.03713,38.008,1.773,0
VH-00034,72.25722727272728,11.31949959010564,105.466,94.92785,36.56068181818182,46.328,38.77589772727273,47.742,1.8141818181818181,2.167,0.75,0.6818181818181818,0.8181818181818182,0.7045454545454546,0.7045454545454546,0.44636363636363635,64.1075625,70.5564375,85.39116666666666,39.442,70.328,2.167,63.578,0.0,0.0,0.0,33,1,A,34,Compact,0.94,Pass,NONE,,0.02172,39.442,2.167,0
VH-00035,73.60720454545455,12.077299133189383,107.973,91.83425,36.45481818181818,47.61,38.84732954545455,49.637,1.8087045454545454,2.099,0.7727272727272727,0.8181818181818182,0.7727272727272727,0.7045454545454546,0.7045454545454546,0.44272727272727275,65.1936875,71.18425,88.05583333333334,39.293,79.485,1.759,62.835,0.0,0.0,0.0,34,1,A,35,SUV,1.08,Pass,NONE,,0.03435,39.293,1.759,0
VH-00036,73.00620454545455,12.166101507361377,109.562,92.2003,36.451136363636365,46.328,39.04717045454545,49.315,1.816909090909091,2.099,0.75,0.6818181818181818,0.8409090909090909,0.7045454545454546,0.7045454545454546,0.44636363636363635,63.709875,71.853875,86.93775,40.782,70.154,1.911,62.499,0.0,0.0,0.0,35,1,A,36,Sedan,1.0,Pass,NONE,,0.03018,40.782,1.911,0
VH-00037,73.20427272727272,10.97911463233427,106.0,90.8044,36.80843181818182,49.405,38.97653409090909,46.699,1.8141818181818181,2.099,0.75,0.7727272727272727,0.8181818181818182,0.7045454545454546,0.7045454545454546,0.44636363636363635,65.0324375,72.0465625,85.64366666666666,41.508,67.225,1.78,60.951,0.0,0.0,0.0,36,1,A,37,SUV,1.08,Pass,NONE,,0.04095,41.508,1.78,0
VH-00038,73.84222727272727,11.624145871825224,107.463,94.64765000000001,36.16496590909091,47.449,38.87102272727273,47.391,1.8105340909090908,2.108,0.75,0.75,0.7954545454545454,0.7045454545454546,0.7045454545454546,0.44272727272727275,65.17925,72.334125,87.40366666666667,38.64,71.463,2.108,67.367,0.0,0.0,0.0,37,1,A,38,SUV,1.08,Pass,NONE,,0.04569,38.64,2.108,0
VH-00039,72.47177272727272,11.867912880249524,106.101,94.0644,36.343897727272726,47.679,38.718886363636365,47.142,1.8253295454545457,2.099,0.75,0.75,0.8181818181818182,0.7045454545454546,0.7045454545454546,0.4445454545454545,63.8234375,70.87975,86.12558333333334,38.22,69.094,1.99,65.261,0.0,0.0,0.0,38,1,A,39,Sedan,1.0,Pass,NONE,,0.03082,38.22,1.99,0
VH-00040,73.716,11.392601293495625,108.984,94.98555,36.25306818181818,46.328,39.04296590909091,47.343,1.8338295454545455,2.248,0.7954545454545454,0.8181818181818182,0.8409090909090909,0.7045454545454546,0.7045454545454546,0.4445454545454545,65.886125,71.3045625,87.37108333333333,40.206,69.939,2.093,66.255,0.0,0.0,0.0,39,1,A,40,SUV,1.08,Pass,NONE,,0.04053,40.206,2.093,0
VH-00041,72.99243181818181,11.906782107607148,106.813,94.1218,36.593295454545455,49.492,39.05470454545454,49.119,1.8288636363636364,2.099,0.7727272727272727,0.7727272727272727,0.7954545454545454,0.7045454545454546,0.7045454545454546,0.4481818181818182,63.830875,71.8259375,86.76316666666666,39.312,72.288,2.077,67.514,0.0,0.0,0.0,40,1,A,41,Sedan,1.0,Pass,NONE,,0.03369,39.312,2.077,0
VH-00042,74.60970454545453,11.974466390168757,105.609,93.3214,36.44239772727273,48.275,38.92036363636364,47.44,1.798659090909091,2.099,0.75,0.7272727272727273,0.8409090909090909,0.7045454545454546,0.7045454545454546,0.44636363636363635,66.416625,72.65956249999999,88.134,39.223,72.7,1.768,64.763,0.0,0.0,0.0,41,1,A,42,SUV,1.08,Pass,NONE,,0.04218,39.223,1.768,0
VH-00043,73.16265909090909,11.73072062843855,105.292,95.4625,36.44288636363637,51.141,39.138045454545455,49.822,1.7805909090909091,2.099,0.7954545454545454,0.6363636363636364,0.7954545454545454,0.7045454545454546,0.7045454545454546,0.44636363636363635,65.035125,70.9055,87.00891666666666,39.173,64.446,1.984,66.86,0.0,0.0,0.0,42,1,A,43,SUV,1.08,Pass,NONE,,0.02693,39.173,1.984,0
VH-00044,71.76422727272728,11.273402896968532,104.668,92.06145,36.79397727272727,48.608,39.02893181818182,47.219,1.8193181818181818,2.099,0.75,0.75,0.8636363636363636,0.7045454545454546,0.7045454545454546,0.44272727272727275,64.054625,70.124,84.23066666666666,39.188,64.967,1.834,66.332,0.0,0.0,0.0,43,1,A,44,Compact,0.94,Pass,NONE,,0.02396,39.188,1.834,0
VH-00045,72.55038636363636,11.612049097493536,104.396,92.5724,36.510999999999996,52.959,38.994443181818184,47.179,1.8112045454545453,2.247,0.7272727272727273,0.8181818181818182,0.8181818181818182,0.7045454545454546,0.7045454545454546,0.44272727272727275,64.85825,70.2075625,85.93033333333334,40.06,73.403,1.961,69.408,0.0,0.0,0.0,44,1,A,45,Compact,0.94,Pass,NONE,,0.02576,40.06,1.961,0
VH-00046,74.17643181818181,12.670860387074411,115.12,92.68455,36.73052272727273,49.494,39.28006818181819,49.888,1.837625,2.219,0.75,0.75,0.8409090909090909,0.7045454545454546,0.7045454545454546,0.44090909090909086,66.1721875,71.5405625,88.36325,40.216,78.796,2.219,67.314,0.0,0.0,0.0,45,1,A,46,SUV,1.08,Pass,NONE,,0.03408,40.216,2.219,0
VH-00047,72.97820454545455,12.269632621970329,113.115,93.22545,36.43375,49.983,38.937625,46.732,1.8207045454545456,2.113,0.75,0.7727272727272727,0.8409090909090909,0.7045454545454546,0.7045454545454546,0.4445454545454545,64.083625,70.3599375,88.32866666666666,39.641,69.353,2.113,62.458,0.0,0.0,0.0,46,1,A,47,Sedan,1.0,Pass,NONE,,0.03579,39.641,2.113,0
VH-00048,73.70631818181818,11.461408237216174,106.803,92.54995000000001,36.787909090909096,46.874,38.94109090909091,47.289,1.8225227272727273,2.363,0.75,0.7272727272727273,0.8409090909090909,0.7045454545454546,0.7045454545454546,0.4445454545454545,65.7509375,71.19475,87.66225000000001,40.892,68.116,2.142,62.752,0.0,0.0,0.0,47,1,A,48,Sedan,1.0,Pass,NONE,,0.0321,40.892,2.142,0
VH-00049,73.13065909090909,11.082866672110423,106.432,93.7356,36.656045454545456,47.477,38.974602272727275,48.682,1.8173295454545455,2.253,0.7954545454545454,0.6363636363636364,0.8181818181818182,0.7045454545454546,0.7045454545454546,0.44272727272727275,65.0445625,71.23875,86.43466666666666,39.411,74.227,2.065,61.07,0.0,0.0,0.0,48,1,A,49,Compact,0.94,Pass,NONE,,0.03087,39.411,2.065,0
VH-00050,72.6765,12.241839048078923,108.45,91.33855,36.289500000000004,47.911,38.89715909090909,46.625,1.814159090909091,2.324,0.75,0.7954545454545454,0.8409090909090909,0.7045454545454546,0.7045454545454546,0.44272727272727275,63.949625,70.816625,86.79216666666667,40.021,68.093,2.324,61.079,0.0,0.0,0.0,49,1,A,50,Compact,0.94,Pass,NONE,,0.02985,40.021,2.324,0
VH-00051,74.15795454545454,11.467477841460934,105.591,93.78465000000001,36.41848863636364,50.365,38.999511363636366,47.876,1.8122159090909091,2.186,0.75,0.6590909090909091,0.8409090909090909,0.7045454545454546,0.7045454545454546,0.4481818181818182,66.4735,72.0818125,87.17208333333333,38.053,71.04,2.186,64.557,0.0,0.0,0.0,50,1,A,51,SUV,1.08,Pass,NONE,,0.03434,38.053,2.186,0
VH-00052,73.40986363636364,11.33247576060472,102.14,90.49345,36.72623863636364,49.43,39.009136363636365,47.891,1.8323749999999999,2.273,0.75,0.7272727272727273,0.7727272727272727,0.7045454545454546,0.7045454545454546,0.4445454545454545,65.635875,71.516125,86.30016666666667,39.847,71.135,2.273,68.144,0.0,0.0,0.0,51,1,A,52,SUV,1.08,Pass,NONE,,0.03798,39.847,2.273,0
VH-00053,73.5,12.363797599029493,108.79,94.39655,36.031943181818185,46.328,38.785897727272726,46.625,1.8355795454545456,2.305,0.7727272727272727,0.7727272727272727,0.8409090909090909,0.7045454545454546,0.7045454545454546,0.4445454545454545,64.9750625,71.047375,88.13675,39.704,72.096,2.305,62.014,0.0,0.0,0.0,52,1,A,53,SUV,1.08,Fail,MANUAL_FIT_CHECK_VARIATION,ST-45,0.05205,39.704,2.305,1
VH-00054,73.79752272727272,11.50364897515817,106.623,95.35025,36.38794318181818,46.328,39.28609090909091,47.944,1.8221590909090908,2.253,0.7727272727272727,0.7272727272727273,0.7954545454545454,0.7045454545454546,0.7045454545454546,0.44636363636363635,65.6584375,71.913625,87.1615,40.724,72.597,2.14,64.701,0.0,0.0,0.0,53,1,A,54,SUV,1.08,Pass,NONE,,0.02996,40.724,2.14,0
VH-00055,74.87190909090909,11.938546543567968,109.532,95.3269,36.55047727272727,50.603,38.88798863636364,47.283,1.8191477272727274,2.218,0.75,0.75,0.7954545454545454,0.7045454545454546,0.7045454545454546,0.4481818181818182,66.06049999999999,72.886,89.26833333333333,39.426,69.794,2.218,63.415,0.0,0.0,0.0,54,1,A,55,Truck,1.14,Pass,NONE,,0.05339,39.426,2.218,0
VH-00056,72.8815909090909,11.212405760809393,103.976,91.63345,36.73423863636364,51.263,38.686375,46.625,1.8164431818181819,2.149,0.7954545454545454,0.75,0.8181818181818182,0.7045454545454546,0.7045454545454546,0.4445454545454545,64.58875,71.26225,86.09783333333333,39.696,68.194,1.796,65.75,0.0,0.0,0.0,55,1,A,56,Sedan,1.0,Pass,NONE,,0.03075,39.696,1.796,0
VH-00057,72.742,12.345562987906712,109.147,91.4884,36.44207954545455,52.181,39.08735227272727,48.05,1.8278636363636365,2.213,0.7727272727272727,0.6818181818181818,0.8636363636363636,0.7045454545454546,0.7045454545454546,0.4445454545454545,62.5468125,71.4735,88.02691666666668,39.12,68.874,1.939,58.699,0.0,0.0,0.0,56,1,A,57,Sedan,1.0,Pass,NONE,,0.03707,39.12,1.939,0
VH-00058,72.78845454545454,11.872875039162173,109.571,94.49310000000001,36.417806818181816,52.062,39.09456818181818,51.15,1.80425,2.099,0.7727272727272727,0.6818181818181818,0.7954545454545454,0.7045454545454546,0.7045454545454546,0.4445454545454545,64.6711875,70.74962500000001,86.32991666666668,39.93,72.234,1.789,64.388,0.0,0.0,0.0,57,1,A,58,Sedan,1.0,Pass,NONE,,0.03364,39.93,1.789,0
VH-00059,72.37325,12.093744337418297,106.945,93.9386,36.01505681818182,46.328,39.03032954545454,48.179,1.8415227272727273,2.544,0.7727272727272727,0.75,0.8409090909090909,0.7045454545454546,0.7045454545454546,0.44272727272727275,63.815375,70.240875,86.62691666666666,40.066,70.167,2.161,59.086,0.0,0.0,0.0,58,1,A,59,Compact,0.94,Pass,NONE,,0.02949,40.066,2.161,0
VH-00060,73.29470454545455,11.491293781430425,107.428,92.52765000000001,36.29288636363636,47.311,39.00771590909091,48.205,1.801534090909091,2.24,0.7272727272727273,0.8409090909090909,0.8409090909090909,0.7045454545454546,0.7045454545454546,0.44272727272727275,64.895625,71.59762500000001,86.75625000000001,40.638,67.754,1.819,66.53,0.0,0.0,0.0,59,1,A,60,SUV,1.08,Pass,NONE,,0.0306,40.638,1.819,0
VH-00061,73.43961363636363,11.916369240272276,112.02,93.62555,36.78489772727273,47.813,39.08901136363637,47.775,1.824818181818182,2.099,0.75,0.7272727272727273,0.8409090909090909,0.7045454545454546,0.7045454545454546,0.44636363636363635,64.9379375,71.5988125,87.22958333333332,38.948,69.267,2.027,61.266,0.0,0.0,0.0,60,1,A,61,SUV,1.08,Pass,NONE,,0.03804,38.948,2.027,0
VH-00062,72.46677272727273,11.459806236163056,107.936,91.67135,36.43517045454546,48.144,38.796670454545456,46.625,1.8300909090909092,2.219,0.7272727272727273,0.7272727272727273,0.7727272727272727,0.7045454545454546,0.7045454545454546,0.4481818181818182,64.9316875,69.9685625,85.8445,39.148,68.35,2.173,64.776,0.0,0.0,0.0,61,1,A,62,Compact,0.94,Pass,NONE,,0.02633,39.148,2.173,0
VH-00063,73.06390909090909,11.889206282929697,103.586,94.24780000000001,36.432886363636364,46.493,38.96456818181818,47.423,1.8312727272727274,2.358,0.7954545454545454,0.7727272727272727,0.7954545454545454,0.7045454545454546,0.7045454545454546,0.44090909090909086,64.5205625,70.60425000000001,87.73458333333333,40.069,71.764,2.082,56.734,0.0,0.0,0.0,62,1,A,63,Sedan,1.0,Pass,NONE,,0.03488,40.069,2.082,0
VH-00064,72.58893181818182,11.749168096028392,106.205,92.7692,36.64698863636364,48.265,38.89602272727273,47.515,1.8019204545454548,2.099,0.7954545454545454,0.75,0.8636363636363636,0.7045454545454546,0.7045454545454546,0.4445454545454545,64.7449375,70.740625,85.512,39.393,74.579,1.839,66.617,0.0,0.0,0.0,63,1,A,64,Compact,0.94,Pass,NONE,,0.03489,39.393,1.839,0
VH-00065,72.68361363636365,11.256136759751465,106.232,93.35480000000001,36.56289772727273,46.328,39.267931818181815,50.921,1.8120113636363635,2.252,0.7727272727272727,0.5681818181818182,0.8409090909090909,0.7045454545454546,0.7045454545454546,0.4445454545454545,65.5519375,69.72325,86.13966666666666,38.976,70.146,2.252,67.677,0.0,0.0,0.0,64,1,A,65,Sedan,1.0,Pass,NONE,,0.0299,38.976,2.252,0
VH-00066,73.08686363636365,11.47125456854312,104.587,95.71950000000001,36.29334090909091,46.328,38.971318181818184,47.884,1.8012954545454547,2.262,0.8181818181818182,0.6818181818181818,0.8636363636363636,0.7045454545454546,0.7045454545454546,0.44272727272727275,65.65356249999999,70.464875,86.49391666666666,39.611,72.371,2.262,64.018,0.0,0.0,0.0,65,1,A,66,Sedan,1.0,Pass,NONE,,0.03308,39.611,2.262,0
VH-00067,72.42563636363637,12.91159044315108,112.147,95.34155,36.24045454545455,46.328,39.00743181818182,47.997,1.7999204545454546,2.148,0.75,0.75,0.7954545454545454,0.7045454545454546,0.7045454545454546,0.45,62.7708125,71.174375,86.96708333333333,39.868,70.8,1.877,61.146,0.0,0.0,0.0,66,1,A,67,Compact,0.94,Pass,NONE,,0.0399,39.868,1.877,0
VH-00068,72.9165,11.489587960916092,108.483,95.67325000000001,36.510568181818186,50.261,38.82722727272727,46.625,1.8240454545454547,2.099,0.7954545454545454,0.7272727272727273,0.8636363636363636,0.7045454545454546,0.7045454545454546,0.4445454545454545,64.7713125,71.388375,85.81425,39.593,66.556,2.044,64.072,0.0,0.0,0.0,67,1,A,68,Compact,0.94,Pass,NONE,,0.0334,39.593,2.044,0
VH-00069,73.9208409090909,11.249728633302169,108.72,94.29740000000001,36.666625,49.262,39.140102272727276,49.476,1.8217613636363637,2.246,0.7954545454545454,0.75,0.8409090909090909,0.7045454545454546,0.7045454545454546,0.44636363636363635,66.412875,71.181375,87.58408333333334,39.532,67.956,2.17,65.712,0.0,0.0,0.0,68,1,A,69,SUV,1.08,Pass,NONE,,0.03106,39.532,2.17,0
VH-00070,73.994,12.181436540328342,110.142,98.763,36.569272727272725,46.403,38.898625,47.742,1.8436363636363637,2.477,0.7727272727272727,0.7954545454545454,0.8636363636363636,0.7045454545454546,0.7045454545454546,0.44090909090909086,65.711375,71.459375,88.41699999999999,40.403,72.929,2.477,62.516,0.0,0.0,0.0,69,1,A,70,Truck,1.14,Pass,NONE,,0.04859,40.403,2.477,0
VH-00071,73.92484090909092,11.441139656892577,109.413,93.99415,36.53540909090909,49.322,39.11561363636363,49.237,1.7922045454545454,2.099,0.7954545454545454,0.7272727272727273,0.8409090909090909,0.7045454545454546,0.7045454545454546,0.4445454545454545,65.033625,71.8098125,88.59983333333334,38.815,71.384,1.887,59.596,0.0,0.0,0.0,70,1,A,71,Sedan,1.0,Pass,NONE,,0.02845,38.815,1.887,0
VH-00072,73.8475,12.07818140380645,109.822,97.7105,36.62975,48.355,38.868272727272725,48.545,1.8277045454545453,2.355,0.7727272727272727,0.7272727272727273,0.8409090909090909,0.7045454545454546,0.7045454545454546,0.44272727272727275,65.11025000000001,71.833375,88.18266666666666,38.994,72.433,2.355,60.1,0.0,0.0,0.0,71,1,A,72,SUV,1.08,Pass,NONE,,0.02896,38.994,2.355,0
VH-00073,72.39602272727274,12.000869327985304,107.239,92.88810000000001,36.52707954545454,46.328,39.01771590909091,49.87,1.821375,2.47,0.8181818181818182,0.7272727272727273,0.7727272727272727,0.7045454545454546,0.7045454545454546,0.44636363636363635,64.351875,70.4245625,85.75016666666666,39.833,73.787,2.377,60.861,0.0,0.0,0.0,72,1,A,73,Compact,0.94,Pass,NONE,,0.02872,39.833,2.377,0
VH-00074,73.38747727272727,11.328130257858378,102.21,91.83635000000001,36.22052272727273,49.099,38.92307954545455,48.24,1.8187272727272727,2.348,0.7045454545454546,0.7045454545454546,0.75,0.7045454545454546,0.7045454545454546,0.4518181818181818,65.57481250000001,70.69025,87.40066666666667,37.515,67.217,2.348,66.461,0.0,0.0,0.0,73,1,A,74,SUV,1.08,Pass,NONE,,0.04111,37.515,2.348,0
VH-00075,73.36013636363636,11.31073082496998,103.06,91.8039,36.36414772727273,48.689,38.955102272727274,46.625,1.822886363636364,2.124,0.7954545454545454,0.7727272727272727,0.8409090909090909,0.7045454545454546,0.7045454545454546,0.4445454545454545,65.07075,71.5460625,86.83141666666666,38.914,70.772,1.625,65.517,0.0,0.0,0.0,74,1,A,75,SUV,1.08,Pass,NONE,,0.04077,38.914,1.625,0
VH-00076,72.34861363636364,11.058407135846252,103.495,92.92875000000001,36.51494318181818,51.875,39.1109090909091,48.307,1.8298977272727273,2.358,0.8409090909090909,0.7272727272727273,0.7954545454545454,0.7045454545454546,0.7045454545454546,0.4445454545454545,64.9219375,70.043625,85.32416666666667,40.467,74.001,2.012,63.667,0.0,0.0,0.0,75,1,B,1,Compact,0.94,Pass,NONE,,0.03932,40.467,2.012,0
VH-00077,73.14811363636363,11.432460479472184,104.751,91.4636,36.49148863636364,47.726,38.78604545454545,46.203500000000005,1.8144886363636366,2.099,0.7954545454545454,0.7727272727272727,0.8409090909090909,0.7045454545454546,0.7045454545454546,0.4445454545454545,63.9036875,72.3206875,86.57724999999999,38.586,67.517,2.089,61.446,0.0,0.0,0.0,76,1,B,2,Compact,0.94,Pass,NONE,,0.02559,38.586,2.089,0
VH-00078,73.09531818181819,11.78872765443156,109.563,94.3065,36.46143181818182,52.571,39.16745454545455,50.867,1.857965909090909,2.41,0.75,0.7045454545454546,0.8181818181818182,0.7045454545454546,0.7045454545454546,0.4481818181818182,65.5340625,69.9871875,87.32116666666667,40.79,73.894,1.928,64.625,0.0,0.0,0.0,77,1,B,3,Compact,0.94,Pass,NONE,,0.02165,40.79,1.928,0
VH-00079,73.4785,11.477949432980033,107.938,89.5592,36.48976136363637,51.412,39.08803409090909,48.541,1.8293636363636365,2.569,0.7727272727272727,0.5681818181818182,0.8409090909090909,0.7045454545454546,0.7045454545454546,0.44636363636363635,64.82412500000001,71.4409375,87.73441666666668,40.454,71.034,2.125,61.802,0.0,0.0,0.0,78,1,B,4,Compact,0.94,Pass,NONE,,0.03065,40.454,2.125,0
VH-00080,72.37011363636363,11.793935862396454,105.844,92.35725000000001,36.57472727272727,50.822,39.26560227272727,50.058,1.8310113636363639,2.183,0.75,0.7727272727272727,0.8181818181818182,0.7045454545454546,0.7045454545454546,0.4445454545454545,63.7639375,70.71025,86.05816666666668,40.208,66.295,1.97,57.57,0.0,0.0,0.0,79,1,B,5,Sedan,1.0,Pass,NONE,,0.02313,40.208,1.97,0
VH-00081,72.88631818181818,11.121913194487192,105.161,94.2899,36.58709090909091,46.467,39.20427272727273,50.078,1.8061477272727273,2.23,0.7727272727272727,0.7727272727272727,0.8409090909090909,0.7045454545454546,0.7045454545454546,0.44272727272727275,64.5683125,71.5643125,85.73966666666666,41.414,72.451,2.23,67.656,0.0,0.0,0.0,80,1,B,6,Compact,0.94,Pass,NONE,,0.03172,41.414,2.23,0
VH-00082,72.98365909090909,11.392648878222905,101.716,93.75425,36.43481818181818,47.898,39.08688636363637,47.853,1.809534090909091,2.296,0.7272727272727273,0.7727272727272727,0.8409090909090909,0.7045454545454546,0.7045454545454546,0.44272727272727275,65.0728125,71.08625,86.06133333333334,40.434,74.402,2.144,62.723,0.0,0.0,0.0,81,1,B,7,Compact,0.94,Pass,NONE,,0.03387,40.434,2.144,0
VH-00083,73.48254545454546,11.603479008078098,108.84,95.6928,36.35596590909091,52.203,38.856159090909095,46.625,1.8239090909090911,2.254,0.7954545454545454,0.75,0.8863636363636364,0.7045454545454546,0.7045454545454546,0.44272727272727275,64.8685,71.656125,87.40316666666666,40.713,72.677,2.254,63.915,0.0,0.0,0.0,82,1,B,8,Sedan,1.0,Pass,NONE,,0.02457,40.713,2.254,0
VH-00084,73.54422727272727,11.771657200643904,104.909,93.47445,36.47118181818182,53.111,38.948761363636365,46.625,1.840477272727273,2.316,0.7272727272727273,0.8181818181818182,0.8409090909090909,0.7045454545454546,0.7045454545454546,0.44636363636363635,65.7715625,71.102125,87.16391666666668,39.81,67.972,2.316,65.205,0.0,0.0,0.0,83,1,B,9,Compact,0.94,Pass,NONE,,0.02724,39.81,2.316,0
VH-00085,73.68479545454545,12.765567026784506,108.621,92.794,36.08381818181818,46.429,38.889829545454546,46.993,1.806465909090909,2.235,0.75,0.7954545454545454,0.7954545454545454,0.7045454545454546,0.7045454545454546,0.44636363636363635,64.05975,71.364375,89.61208333333333,41.07,71.33,2.011,62.644,0.0,0.0,0.0,84,1,B,10,Sedan,1.0,Pass,NONE,,0.03112,41.07,2.011,0
VH-00086,74.43013636363636,11.98788840453469,107.814,94.19225,36.574602272727276,52.589,39.08348863636364,47.355,1.8119886363636366,2.099,0.75,0.7272727272727273,0.8863636363636364,0.7045454545454546,0.7045454545454546,0.4445454545454545,65.491375,72.2208125,89.29424999999999,41.182,70.676,1.958,59.403,0.0,0.0,0.0,85,1,B,11,SUV,1.08,Pass,NONE,,0.03396,41.182,1.958,0
VH-00087,73.8598409090909,11.692744361142585,107.561,92.11645,36.59517045454545,48.486,39.01596590909091,49.071,1.8511704545454548,2.338,0.7727272727272727,0.7272727272727273,0.8181818181818182,0.7045454545454546,0.7045454545454546,0.4445454545454545,66.254375,71.514875,87.12708333333335,40.355,76.127,1.937,64.367,0.0,0.0,0.0,86,1,B,12,SUV,1.08,Pass,NONE,,0.03902,40.355,1.937,0
VH-00088,72.10309090909091,11.664457857432659,105.811,92.3326,36.583147727272724,48.581,38.96061363636364,48.267,1.8262613636363638,2.414,0.8181818181818182,0.7272727272727273,0.7954545454545454,0.7045454545454546,0.7045454545454546,0.44636363636363635,63.5601875,70.4280625,85.72699999999999,39.103,71.546,2.1,63.029,0.0,0.0,0.0,87,1,B,13,Compact,0.94,Pass,NONE,,0.02863,39.103,2.1,0
VH-00089,72.49918181818181,11.804886631593632,105.423,94.60950000000001,36.35814772727272,46.328,38.983875000000005,47.761,1.8144431818181816,2.099,0.75,0.7954545454545454,0.8181818181818182,0.7045454545454546,0.7045454545454546,0.4445454545454545,65.2393125,69.1050625,86.7045,41.292,74.667,2.042,68.863,0.0,0.0,0.0,88,1,B,14,Sedan,1.0,Pass,NONE,,0.02596,41.292,2.042,0
VH-00090,74.2115909090909,11.975964468260234,105.505,93.45320000000001,36.30470454545454,49.867,39.21565909090909,50.463,1.8281931818181818,2.288,0.7272727272727273,0.6136363636363636,0.8409090909090909,0.7045454545454546,0.7045454545454546,0.44272727272727275,66.12025,71.7374375,88.29891666666667,40.475,74.207,2.288,70.221,0.0,0.0,0.0,89,1,B,15,Truck,1.14,Pass,NONE,,0.03925,40.475,2.288,0
VH-00091,72.96188636363637,11.971108367437251,107.432,93.31885000000001,36.965,51.657,38.95394318181818,47.107,1.8397954545454547,2.458,0.7954545454545454,0.7954545454545454,0.7954545454545454,0.7045454545454546,0.7045454545454546,0.44272727272727275,64.726,70.668125,87.00141666666667,40.434,73.603,1.834,61.202,0.0,0.0,0.0,90,1,B,16,SUV,1.08,Pass,NONE,,0.03349,40.434,1.834,0
VH-00092,72.86320454545455,11.260757689777614,107.45,91.29220000000001,36.50334090909091,46.328,38.80021590909091,46.625,1.8266022727272728,2.393,0.75,0.7045454545454546,0.7727272727272727,0.7045454545454546,0.7045454545454546,0.4481818181818182,64.4826875,70.6585625,86.97675,40.637,68.697,2.129,64.235,0.0,0.0,0.0,91,1,B,17,Compact,0.94,Pass,NONE,,0.03537,40.637,2.129,0
VH-00093,73.00781818181818,11.617833193229636,105.717,93.74900000000001,36.657295454545455,47.885,38.974897727272726,49.013,1.828465909090909,2.099,0.7045454545454546,0.6818181818181818,0.8636363636363636,0.7045454545454546,0.7045454545454546,0.44636363636363635,64.15,71.7258125,86.52758333333334,40.34,72.52,2.092,60.682,0.0,0.0,0.0,92,1,B,18,Compact,0.94,Pass,NONE,,0.03126,40.34,2.092,0
VH-00094,73.53472727272728,11.236957575420371,108.086,93.86449999999999,36.55156818181818,52.059,38.96146590909091,46.782,1.8296363636363637,2.099,0.7727272727272727,0.7954545454545454,0.8863636363636364,0.7045454545454546,0.7045454545454546,0.44272727272727275,64.950375,72.6013125,86.22508333333333,40.105,69.546,2.07,64.031,0.0,0.0,0.0,93,1,B,19,Sedan,1.0,Pass,NONE,,0.039,40.105,2.07,0
VH-00095,74.07247727272727,11.581772679293111,108.522,95.4547,36.48290909090909,49.378,39.20589772727273,48.891,1.8034090909090912,2.236,0.7272727272727273,0.6818181818181818,0.8409090909090909,0.7045454545454546,0.7045454545454546,0.44090909090909086,65.8155625,72.6820625,86.93558333333334,39.887,69.367,1.903,64.997,0.0,0.0,0.0,94,1,B,20,SUV,1.08,Pass,NONE,,0.04121,39.887,1.903,0
VH-00096,72.05604545454545,11.689494416732314,104.397,94.52770000000001,36.284045454545456,46.403,38.87375,46.786,1.82275,2.099,0.7954545454545454,0.7045454545454546,0.8181818181818182,0.7045454545454546,0.7045454545454546,0.4445454545454545,63.9648125,70.224,85.28708333333333,40.311,67.323,2.05,63.919,0.0,0.0,0.0,95,1,B,21,Compact,0.94,Pass,NONE,,0.0334,40.311,2.05,0
VH-00097,73.42068181818182,10.810047238183314,104.528,91.75850000000001,36.25354545454545,49.132,38.77160227272727,46.625,1.8183181818181817,2.362,0.7727272727272727,0.75,0.8409090909090909,0.7045454545454546,0.7045454545454546,0.4445454545454545,65.2880625,72.22075,85.86408333333333,39.872,72.951,2.362,59.509,0.0,0.0,0.0,96,1,B,22,SUV,1.08,Pass,NONE,,0.02988,39.872,2.362,0
VH-00098,71.90736363636364,12.311470399573608,106.158,93.81485,37.08076136363636,50.139,38.85913636363636,47.054,1.8054545454545454,2.113,0.7727272727272727,0.7045454545454546,0.8181818181818182,0.7045454545454546,0.7045454545454546,0.4445454545454545,63.2520625,69.383125,86.81341666666667,40.561,73.619,2.043,61.287,0.0,0.0,0.0,97,1,B,23,Compact,0.94,Pass,NONE,,0.03915,40.561,2.043,0
VH-00099,72.1076590909091,11.90171117449412,108.054,94.7443,36.581227272727276,49.313,38.89095454545455,48.304,1.7936818181818182,2.204,0.8181818181818182,0.6818181818181818,0.7272727272727273,0.7045454545454546,0.7045454545454546,0.4481818181818182,64.7230625,68.80743749999999,86.35408333333334,40.503,72.08,2.204,65.177,0.0,0.0,0.0,98,1,B,24,Compact,0.94,Pass,NONE,,0.03442,40.503,2.204,0
VH-00100,73.736,11.883019168466387,109.574,93.00855,36.72593181818182,51.894,39.01086363636364,50.654,1.7944545454545455,2.198,0.7727272727272727,0.7954545454545454,0.8181818181818182,0.7045454545454546,0.7045454545454546,0.43727272727272726,65.5555,71.2094375,88.01208333333334,40.432,73.197,2.198,61.608,0.0,0.0,0.0,99,1,B,25,SUV,1.08,Pass,NONE,,0.04124,40.722,2.198,0
VH-00101,73.15822727272727,11.720584791473616,108.824,91.2043,36.79481818181818,48.242,39.098363636363636,50.804,1.8123409090909093,2.099,0.75,0.6363636363636364,0.7954545454545454,0.7045454545454546,0.7045454545454546,0.4445454545454545,66.0341875,70.1133125,86.71683333333334,40.731,69.758,1.625,61.626,0.0,0.0,0.0,100,1,B,26,SUV,1.08,Pass,NONE,,0.0459,40.731,1.625,0
VH-00102,74.3888409090909,11.950821421497354,110.652,92.29164999999999,36.77828409090909,52.765,39.12156818181818,48.307,1.8214545454545457,2.099,0.7954545454545454,0.75,0.7954545454545454,0.7045454545454546,0.7045454545454546,0.44090909090909086,65.990125,72.3428125,88.31516666666666,40.812,70.323,1.964,66.655,0.0,0.0,0.0,101,1,B,27,Truck,1.14,Pass,NONE,,0.04999,40.812,1.964,0
VH-00103,72.74268181818182,12.28626375507202,107.246,93.83915,36.80136363636364,46.397,39.052454545454545,46.625,1.8086136363636365,2.099,0.75,0.75,0.8636363636363636,0.7045454545454546,0.7045454545454546,0.4445454545454545,62.90225,71.883125,87.00933333333334,39.587,65.574,1.613,60.569,0.0,0.0,0.0,102,1,B,28,Sedan,1.0,Pass,NONE,,0.03646,39.587,1.613,0
VH-00104,74.19343181818182,11.470144445467737,106.04,92.44075000000001,36.91911363636364,54.119,39.008625,49.345,1.8188295454545456,2.318,0.7954545454545454,0.7272727272727273,0.7954545454545454,0.7045454545454546,0.7045454545454546,0.45,66.251375,72.298375,87.30958333333332,39.58,80.757,2.26,58.934,0.0,0.0,0.0,103,1,B,29,Truck,1.14,Fail,LOW_CONFIDENCE_MULTI_CAUSAL,ST-45,0.04552,39.58,2.26,1
VH-00105,74.41838636363637,12.069597294328073,104.428,97.7184,36.25484090909091,47.49,39.026579545454545,49.707,1.8149431818181818,2.362,0.75,0.75,0.8181818181818182,0.7045454545454546,0.7045454545454546,0.44636363636363635,66.1318125,72.1018125,88.55591666666668,39.428,71.454,1.973,64.887,0.0,0.0,0.0,104,1,B,30,Truck,1.14,Pass,NONE,,0.03663,39.428,1.973,0
VH-00106,72.60802272727273,11.845694035619783,107.973,93.23255,36.49018181818182,49.816,39.07255681818182,49.86,1.8459545454545456,2.24,0.8181818181818182,0.75,0.7727272727272727,0.7045454545454546,0.7045454545454546,0.4481818181818182,64.6230625,70.6675,85.842,40.422,70.955,2.06,68.701,0.0,0.0,0.0,105,1,B,31,Compact,0.94,Pass,NONE,,0.02712,40.422,2.06,0
VH-00107,72.72945454545454,11.41186101337479,106.633,91.80615,36.55620454545454,47.147,39.08865909090909,47.428,1.821943181818182,2.296,0.7727272727272727,0.6363636363636364,0.8636363636363636,0.7045454545454546,0.7045454545454546,0.4445454545454545,63.9686875,71.4865,86.06775,41.476,65.762,2.296,64.562,0.0,0.0,0.0,106,1,B,32,Compact,0.94,Pass,NONE,,0.03681,41.476,2.296,0
VH-00108,72.91381818181819,11.294697912866791,106.489,91.92540000000001,36.256,47.417,38.75304545454546,46.625,1.8437045454545455,2.265,0.7954545454545454,0.6818181818181818,0.8409090909090909,0.7045454545454546,0.7045454545454546,0.44636363636363635,64.9800625,70.721375,86.41541666666667,40.675,70.403,2.187,63.966,0.0,0.0,0.0,107,1,B,33,Sedan,1.0,Pass,NONE,,0.0345,40.675,2.187,0
VH-00109,73.00086363636363,11.843125333094775,103.77,92.4219,36.51330681818182,48.047,38.982488636363634,46.776,1.8079545454545454,2.356,0.7954545454545454,0.75,0.7954545454545454,0.7045454545454546,0.7045454545454546,0.4445454545454545,64.5728125,71.017,86.88341666666668,40.735,75.011,2.045,62.128,0.0,0.0,0.0,108,1,B,34,Sedan,1.0,Pass,NONE,,0.02745,40.735,2.045,0
VH-00110,72.07093181818182,12.065903361351593,108.269,93.45045,36.50747727272727,50.488,39.01489772727273,48.573,1.8112840909090908,2.237,0.75,0.75,0.8181818181818182,0.7045454545454546,0.7045454545454546,0.44272727272727275,64.3715625,69.177375,86.19483333333334,40.668,70.352,2.237,60.148,0.0,0.0,0.0,109,1,B,35,Compact,0.94,Pass,NONE,,0.03626,40.668,2.237,0
VH-00111,73.34375,10.962559947861864,109.272,91.20725,36.498670454545454,49.551,38.981238636363635,49.621,1.8039545454545456,2.099,0.8181818181818182,0.7272727272727273,0.9090909090909091,0.7045454545454546,0.7045454545454546,0.44272727272727275,65.7485,71.3321875,86.15283333333333,40.773,72.506,1.909,67.391,0.0,0.0,0.0,110,1,B,36,Sedan,1.0,Pass,NONE,,0.02698,40.773,1.909,0
VH-00112,74.36813636363637,11.988255245924554,108.198,97.01670000000001,36.40168181818182,47.073,38.94828409090909,48.1,1.8295227272727275,2.247,0.7272727272727273,0.7727272727272727,0.8409090909090909,0.7045454545454546,0.7045454545454546,0.4445454545454545,66.2846875,72.174375,88.07108333333333,40.392,72.552,2.221,68.269,0.0,0.0,0.0,111,1,B,37,Truck,1.14,Pass,NONE,,0.0496,40.392,2.221,0
VH-00113,74.12640909090909,11.461330093107478,107.016,92.7339,36.72138636363636,50.727,39.056613636363636,46.953,1.8275454545454546,2.178,0.75,0.8181818181818182,0.8181818181818182,0.7045454545454546,0.7045454545454546,0.4445454545454545,65.1330625,73.7075625,86.676,40.432,72.706,2.178,64.079,0.0,0.0,0.0,112,1,B,38,Truck,1.14,Pass,NONE,,0.03327,38.405,2.178,0
VH-00114,73.79725,12.531659236314889,106.42,94.07115,36.65781818181818,48.017,38.82772727272727,47.783,1.8505568181818184,2.435,0.7954545454545454,0.6363636363636364,0.8181818181818182,0.7045454545454546,0.7045454545454546,0.4445454545454545,64.2490625,72.2908125,88.53675,39.063,77.115,2.435,63.478,0.0,0.0,0.0,113,1,B,39,Sedan,1.0,Pass,NONE,,0.03245,39.063,2.435,0
VH-00115,73.52934090909092,12.056113294291789,107.767,96.83210000000001,36.451409090909095,48.969,38.79046590909091,46.625,1.8276477272727272,2.496,0.75,0.7727272727272727,0.7954545454545454,0.7045454545454546,0.7045454545454546,0.4481818181818182,65.2713125,71.4725625,87.28241666666668,40.676,75.302,1.924,64.914,0.0,0.0,0.0,114,1,B,40,SUV,1.08,Pass,NONE,,0.03644,40.676,1.924,0
VH-00116,73.09625,11.889381575101881,106.003,96.049,36.618818181818185,49.803,38.92819318181818,46.625,1.8084431818181819,2.099,0.7954545454545454,0.75,0.7727272727272727,0.7045454545454546,0.7045454545454546,0.44090909090909086,64.87075,70.815125,87.10508333333333,40.01,71.845,1.62,63.929,0.0,0.0,0.0,115,1,B,41,SUV,1.08,Pass,NONE,,0.04722,40.01,1.62,0
VH-00117,72.42159090909091,11.909699625833982,106.37,87.78495000000001,36.38209090909091,47.857,39.023193181818186,47.368,1.8374772727272728,2.389,0.75,0.7045454545454546,0.7954545454545454,0.7045454545454546,0.7045454545454546,0.4445454545454545,63.12425,71.11268749999999,86.56325,41.629,72.724,2.389,61.796,0.0,0.0,0.0,116,1,B,42,Compact,0.94,Pass,NONE,,0.01906,41.629,2.389,0
VH-00118,74.71690909090908,11.583784435667317,108.523,94.7215,36.091136363636366,46.328,38.95732954545454,48.514,1.8150227272727273,2.141,0.75,0.7954545454545454,0.7727272727272727,0.7045454545454546,0.7045454545454546,0.44636363636363635,66.1259375,73.2671875,88.10449999999999,39.701,71.306,1.993,61.098,0.0,0.0,0.0,117,1,B,43,SUV,1.08,Pass,NONE,,0.0395,39.701,1.993,0
VH-00119,73.53384090909091,12.055487184397457,108.558,94.67625,36.27575,50.977,38.96472727272727,47.325,1.7978522727272728,2.099,0.7272727272727273,0.7045454545454546,0.8409090909090909,0.7045454545454546,0.7045454545454546,0.44272727272727275,64.956125,71.650375,87.48208333333334,39.594,70.228,2.035,66.327,0.0,0.0,0.0,118,1,B,44,SUV,1.08,Pass,NONE,,0.03688,39.594,2.035,0
VH-00120,73.37802272727272,11.939988657406944,110.658,93.6151,36.527409090909096,48.601,38.92010227272727,47.296,1.8094545454545454,2.14,0.7727272727272727,0.7954545454545454,0.8181818181818182,0.7045454545454546,0.7045454545454546,0.4445454545454545,65.08075,71.628625,86.77358333333332,41.397,72.357,1.927,63.959,0.0,0.0,0.0,119,1,B,45,Sedan,1.0,Pass,NONE,,0.03517,41.397,1.927,0
VH-00121,72.37697727272727,12.343977136952699,105.25,93.33670000000001,36.548488636363636,46.773,38.85243181818182,47.132,1.8165,2.129,0.7727272727272727,0.6818181818181818,0.8636363636363636,0.7045454545454546,0.7045454545454546,0.44272727272727275,63.11775,70.5335625,87.1805,40.071,73.762,1.972,62.889,0.0,0.0,0.0,120,1,B,46,Sedan,1.0,Pass,NONE,,0.03551,40.071,1.972,0
VH-00122,72.62481818181818,12.039880365767232,109.547,90.88755,36.19072727272727,46.328,38.889886363636364,48.32,1.8427613636363638,2.859,0.7954545454545454,0.7045454545454546,0.7954545454545454,0.7045454545454546,0.7045454545454546,0.44636363636363635,63.174749999999996,71.12675,87.22233333333334,39.689,66.603,2.054,64.091,0.0,0.0,0.0,121,1,B,47,Sedan,1.0,Pass,NONE,,0.03731,39.689,2.054,0
VH-00123,72.9869090909091,11.595296720569724,105.546,93.26950000000001,36.56684090909091,48.711,38.92196590909091,49.691,1.8187272727272727,2.282,0.7272727272727273,0.7272727272727273,0.8181818181818182,0.7045454545454546,0.7045454545454546,0.4481818181818182,65.38825,70.2630625,86.75025,39.437,70.854,2.282,67.198,0.0,0.0,0.0,122,1,B,48,Sedan,1.0,Pass,NONE,,0.02627,39.437,2.282,0
VH-00124,73.83731818181819,11.49249292642148,106.476,94.3436,36.739875,50.623,38.80922727272727,46.625,1.8258636363636365,2.446,0.7272727272727273,0.7727272727272727,0.8863636363636364,0.7045454545454546,0.7045454545454546,0.44090909090909086,66.043,71.28393750000001,87.63425,39.41,69.092,1.923,64.302,0.0,0.0,0.0,123,1,B,49,SUV,1.08,Pass,NONE,,0.03481,39.41,1.923,0
VH-00125,72.13772727272728,12.157620657983408,106.316,91.26985,36.480295454545455,48.475,39.07934090909091,49.154,1.813193181818182,2.099,0.75,0.75,0.7727272727272727,0.7045454545454546,0.7045454545454546,0.4481818181818182,63.77575,69.504125,86.79849999999999,40.303,70.863,1.927,65.88,0.0,0.0,0.0,124,1,B,50,Compact,0.94,Fail,LOW_CONFIDENCE_MULTI_CAUSAL,ST-45,0.03037,40.303,1.927,1
VH-00126,73.78865909090909,12.338059292840036,112.959,95.84280000000001,36.607772727272724,52.936,39.05430681818182,48.807,1.8370340909090908,2.151,0.8181818181818182,0.75,0.8409090909090909,0.7045454545454546,0.7045454545454546,0.44090909090909086,65.1905625,71.517625,88.28083333333335,40.593,73.47,2.151,61.06,0.0,0.0,0.0,125,1,B,51,SUV,1.08,Pass,NONE,,0.04038,40.593,2.151,0
VH-00127,73.25636363636364,11.441643612801785,107.233,92.65100000000001,36.47052272727273,49.424,38.98209090909091,47.983,1.8211704545454546,2.229,0.7045454545454546,0.6818181818181818,0.8409090909090909,0.7045454545454546,0.7045454545454546,0.44636363636363635,65.0796875,71.7151875,86.2135,40.725,71.488,2.115,66.225,0.0,0.0,0.0,126,1,B,52,SUV,1.08,Pass,NONE,,0.03885,40.725,2.115,0
VH-00128,71.86102272727273,11.167466745466466,105.798,92.05460000000001,36.473375000000004,46.546,38.87621590909091,47.645,1.8327727272727272,2.099,0.8409090909090909,0.7727272727272727,0.7954545454545454,0.7045454545454546,0.7045454545454546,0.44090909090909086,64.461125,69.5791875,84.77,40.393,70.933,2.097,64.226,0.0,0.0,0.0,127,1,B,53,Sedan,1.0,Pass,NONE,,0.03033,40.393,2.097,0
VH-00129,72.35370454545455,12.385751030320899,108.924,92.4555,36.789625,51.375,39.22634090909091,50.772,1.8251931818181821,2.435,0.75,0.75,0.7727272727272727,0.7045454545454546,0.7045454545454546,0.44636363636363635,62.7429375,72.1295625,85.46691666666668,41.702,70.832,2.435,59.554,0.0,0.0,0.0,128,1,B,54,Compact,0.94,Pass,NONE,,0.03381,41.702,2.435,0
VH-00130,72.70847727272727,12.235366769174343,111.858,94.13945,36.88861363636364,48.421,39.13822727272728,49.754,1.8205454545454545,2.23,0.7727272727272727,0.7045454545454546,0.8409090909090909,0.7045454545454546,0.7045454545454546,0.44636363636363635,63.174749999999996,71.6406875,86.84383333333334,40.697,65.124,2.149,66.249,0.0,0.0,0.0,129,1,B,55,Sedan,1.0,Pass,NONE,,0.02379,40.697,2.149,0
VH-00131,73.31327272727273,12.633602109037287,107.579,97.8999,36.43256818181818,49.058,38.83985227272728,46.625,1.828818181818182,2.16,0.75,0.7272727272727273,0.7727272727272727,0.7045454545454546,0.7045454545454546,0.44272727272727275,64.121875,70.6724375,89.08958333333334,41.649,69.624,1.933,61.702,0.0,0.0,0.0,130,1,B,56,Sedan,1.0,Pass,NONE,,0.04434,41.649,1.933,0
VH-00132,72.98306818181818,11.613665197551743,108.707,94.8541,36.50428409090909,46.822,38.81730681818181,47.802,1.813431818181818,2.099,0.75,0.6818181818181818,0.7954545454545454,0.7045454545454546,0.7045454545454546,0.45,65.410125,70.56725,86.30141666666667,40.575,66.447,1.933,64.7,0.0,0.0,0.0,131,1,B,57,Compact,0.94,Pass,NONE,,0.03514,40.575,1.933,0
VH-00133,73.6530909090909,11.609697662105454,109.061,91.20994999999999,36.821568181818186,50.381,39.122738636363636,49.71,1.797193181818182,2.099,0.7727272727272727,0.5909090909090909,0.8181818181818182,0.7045454545454546,0.7045454545454546,0.44636363636363635,66.02225,70.7798125,87.65858333333334,39.977,70.285,2.077,68.402,0.0,0.0,0.0,132,1,B,58,Sedan,1.0,Pass,NONE,,0.03204,39.977,2.077,0
VH-00134,72.11454545454545,12.42846099558654,110.414,93.69920000000002,36.443977272727274,48.238,38.93484090909091,46.753,1.8339431818181817,2.533,0.7272727272727273,0.7272727272727273,0.8409090909090909,0.7045454545454546,0.7045454545454546,0.44636363636363635,63.5171875,69.743625,86.73891666666667,40.018,68.154,2.101,59.829,0.0,0.0,0.0,133,1,B,59,Compact,0.94,Pass,NONE,,0.02841,40.018,2.101,0
VH-00135,72.90375,11.481867687236658,109.912,93.04105,36.631204545454544,49.861,38.94479545454545,47.479,1.825965909090909,2.099,0.7727272727272727,0.7045454545454546,0.8181818181818182,0.7045454545454546,0.7045454545454546,0.44272727272727275,64.4506875,71.717625,85.75600000000001,40.996,69.304,2.084,64.554,0.0,0.0,0.0,134,1,B,60,Sedan,1.0,Pass,NONE,,0.04425,40.996,2.084,0
VH-00136,72.70720454545454,12.907794246346866,113.298,93.2593,36.54940909090909,49.239,39.07675,48.42,1.801590909090909,2.198,0.7954545454545454,0.75,0.7727272727272727,0.7045454545454546,0.7045454545454546,0.4481818181818182,62.8605625,71.768875,87.08716666666668,41.211,68.889,2.149,62.495,0.0,0.0,0.0,135,1,B,61,Sedan,1.0,Pass,NONE,,0.03165,41.211,2.149,0
VH-00137,73.64865909090909,11.27030142174077,104.995,92.27955,36.60031818181818,50.676,38.90734090909091,46.634,1.8264659090909092,2.099,0.75,0.8181818181818182,0.8181818181818182,0.7045454545454546,0.7045454545454546,0.44272727272727275,65.2351875,71.797,87.33550000000001,40.072,69.573,2.076,64.079,0.0,0.0,0.0,136,1,B,62,SUV,1.08,Pass,NONE,,0.0412,40.072,2.076,0
VH-00138,74.30611363636363,11.752895236010868,109.033,95.00215,36.518136363636366,49.099,39.02875,48.212,1.8262045454545457,2.099,0.75,0.7727272727272727,0.8181818181818182,0.7045454545454546,0.7045454545454546,0.44272727272727275,65.7451875,72.1058125,88.65441666666668,40.122,64.146,2.046,64.781,0.0,0.0,0.0,137,1,B,63,Truck,1.14,Pass,NONE,,0.04518,40.122,2.046,0
VH-00139,74.07724999999999,12.0056841268897,108.49,98.20130000000002,36.007340909090914,46.328,38.925329545454545,47.532,1.810125,2.349,0.75,0.6818181818181818,0.7727272727272727,0.7045454545454546,0.7045454545454546,0.45,65.500875,72.5908125,87.49433333333333,40.333,72.76,2.205,63.8,0.0,0.0,0.0,138,1,B,64,SUV,1.08,Pass,NONE,,0.02865,40.333,2.205,0
VH-00140,73.20045454545455,11.472989645968067,106.239,93.79135,36.431613636363636,47.898,38.963477272727275,46.625,1.8121022727272729,2.099,0.7272727272727273,0.8409090909090909,0.8636363636363636,0.7045454545454546,0.7045454545454546,0.44272727272727275,65.45768749999999,70.651375,86.92291666666667,39.915,73.769,2.079,64.804,0.0,0.0,0.0,139,1,B,65,SUV,1.08,Pass,NONE,,0.03401,39.915,2.079,0
VH-00141,73.29288636363637,11.873545304712719,109.856,95.29440000000001,36.64139772727273,53.085,39.17865909090909,51.544,1.8244772727272727,2.312,0.7727272727272727,0.6363636363636364,0.8409090909090909,0.7045454545454546,0.7045454545454546,0.4445454545454545,64.9153125,71.226,87.21883333333334,40.86,67.006,2.16,65.055,0.0,0.0,0.0,140,1,B,66,Sedan,1.0,Pass,NONE,,0.02596,40.86,2.16,0
VH-00142,72.88659090909091,11.602871958666864,106.046,95.66085,36.25390909090909,47.757,38.92786363636364,48.369,1.8289318181818182,2.274,0.7954545454545454,0.75,0.8181818181818182,0.7045454545454546,0.7045454545454546,0.44272727272727275,64.6290625,71.089125,86.29325,39.96,68.816,2.274,69.814,0.0,0.0,0.0,141,1,B,67,Sedan,1.0,Pass,NONE,,0.0246,39.96,2.274,0
VH-00143,72.77379545454545,11.623853314947702,109.144,91.34800000000001,36.41759090909091,46.328,38.973068181818185,47.725,1.8134545454545454,2.383,0.7272727272727273,0.6363636363636364,0.8181818181818182,0.7045454545454546,0.7045454545454546,0.44636363636363635,64.136,71.5115,85.97391666666665,40.068,71.595,2.098,64.555,0.0,0.0,0.0,142,1,B,68,Sedan,1.0,Pass,NONE,,0.03741,40.068,2.098,0
VH-00144,74.43447727272728,12.202351301226386,111.248,93.4696,36.73818181818182,50.642,39.02675,48.936,1.820693181818182,2.208,0.7954545454545454,0.6818181818181818,0.7954545454545454,0.7045454545454546,0.7045454545454546,0.4481818181818182,65.371875,72.427875,89.19341666666666,40.34,74.915,2.169,66.618,0.0,0.0,0.0,143,1,B,69,Truck,1.14,Pass,NONE,,0.03484,40.34,2.169,0
VH-00145,73.73134090909092,11.880122094242193,110.457,93.77465000000001,36.28243181818182,47.226,38.77282954545455,47.105,1.800909090909091,2.099,0.7272727272727273,0.75,0.75,0.7045454545454546,0.7045454545454546,0.44636363636363635,65.528375,70.9889375,88.32516666666668,40.14,72.286,1.765,68.722,0.0,0.0,0.0,144,1,B,70,SUV,1.08,Pass,NONE,,0.0427,40.14,1.765,0
VH-00146,73.68979545454546,11.623251079403843,110.824,92.59505000000001,36.47894318181818,47.063,38.98760227272727,46.625,1.797806818181818,2.16,0.7954545454545454,0.8181818181818182,0.8181818181818182,0.7045454545454546,0.7045454545454546,0.44272727272727275,66.2915,70.4895,87.82125,41.122,71.444,2.16,64.222,0.0,0.0,0.0,145,1,B,71,Sedan,1.0,Pass,NONE,,0.02834,41.122,2.16,0
VH-00147,74.45188636363636,10.909765342297504,110.051,93.35965,36.579409090909095,48.728,39.14875,47.943,1.7997045454545455,2.099,0.7954545454545454,0.6590909090909091,0.8636363636363636,0.7045454545454546,0.7045454545454546,0.44090909090909086,67.085375,72.0369375,87.49383333333333,40.631,73.994,1.822,65.929,0.0,0.0,0.0,146,1,B,72,Truck,1.14,Pass,NONE,,0.04975,40.631,1.822,0
VH-00148,74.14625,12.635914818806729,112.252,94.77765,36.64597727272727,46.519,39.31992045454546,49.411,1.8174090909090912,2.57,0.7727272727272727,0.75,0.7954545454545454,0.7045454545454546,0.7045454545454546,0.4481818181818182,65.34625,71.8471875,88.945,40.961,74.607,2.049,66.923,0.0,0.0,0.0,147,1,B,73,SUV,1.08,Pass,NONE,,0.04144,40.961,2.049,0
VH-00149,72.39009090909092,11.301997367862514,107.566,91.8365,36.911204545454545,54.471,39.096306818181816,49.754,1.858090909090909,2.461,0.7954545454545454,0.7272727272727273,0.8181818181818182,0.7045454545454546,0.7045454545454546,0.4445454545454545,64.4338125,70.6058125,85.3775,40.389,68.139,2.461,65.34,0.0,0.0,0.0,148,1,B,74,Compact,0.94,Pass,NONE,,0.01811,40.389,2.461,0
VH-00150,72.72286363636364,11.458746874526067,108.796,92.4187,36.67988636363636,51.67,38.72270454545455,46.625,1.8366477272727273,2.313,0.7727272727272727,0.7272727272727273,0.8181818181818182,0.7045454545454546,0.7045454545454546,0.4445454545454545,64.7474375,70.1608125,86.77283333333334,39.342,68.669,2.068,62.097,0.0,0.0,0.0,149,1,B,75,Sedan,1.0,Pass,NONE,,0.03537,39.342,2.068,0
VH-00151,72.67770454545455,11.39796594578937,102.456,95.16545000000002,36.260590909090915,46.629,38.95609090909091,49.514,1.8045000000000002,2.434,0.7727272727272727,0.75,0.7954545454545454,0.7045454545454546,0.7045454545454546,0.44272727272727275,64.8418125,71.001375,85.36066666666666,38.931,72.66,1.946,64.213,0.0,0.0,0.0,150,2,A,1,Sedan,1.0,Pass,NONE,,0.03355,38.931,1.946,0
VH-00152,73.01827272727273,11.808882908717356,105.47,95.73045,36.320136363636365,46.328,39.08560227272727,49.28,1.8272727272727274,2.202,0.8636363636363636,0.75,0.8409090909090909,0.7045454545454546,0.7045454545454546,0.4445454545454545,64.2174375,70.5703125,88.01666666666667,39.809,68.713,2.202,63.451,0.0,0.0,0.0,151,2,A,2,Sedan,1.0,Pass,NONE,,0.02682,39.809,2.202,0
VH-00153,72.99679545454545,11.892203986430047,101.942,93.00915,36.51890909090909,48.538,38.87097727272727,46.625,1.8296363636363637,2.274,0.7727272727272727,0.75,0.7954545454545454,0.7045454545454546,0.7045454545454546,0.4445454545454545,64.3083125,71.5055625,86.56975,39.507,69.579,2.12,65.854,0.0,0.0,0.0,152,2,A,3,Sedan,1.0,Pass,NONE,,0.03048,39.507,2.12,0
VH-00154,73.28654545454546,11.330975305329142,106.492,90.5409,36.54518181818182,50.284,39.004431818181814,50.671,1.8409545454545457,2.557,0.7272727272727273,0.6590909090909091,0.8181818181818182,0.7045454545454546,0.7045454545454546,0.4481818181818182,64.5515,72.143125,86.45783333333333,39.324,73.708,2.308,62.553,0.0,0.0,0.0,153,2,A,4,Sedan,1.0,Pass,NONE,,0.0312,39.324,2.308,0
VH-00155,73.41,12.341207460430903,112.458,94.75655000000002,36.22561363636364,49.345,38.96998863636364,46.803,1.8170113636363638,2.276,0.7272727272727273,0.7727272727272727,0.7954545454545454,0.7045454545454546,0.7045454545454546,0.44636363636363635,65.0575625,71.034375,87.71408333333333,38.394,69.378,2.079,63.549,0.0,0.0,0.0,154,2,A,5,Sedan,1.0,Pass,NONE,,0.03082,38.394,2.079,0
VH-00156,74.52429545454545,11.098220512252558,107.069,94.25319999999999,36.58196590909091,49.044,39.155625,49.25,1.8006704545454546,2.099,0.7727272727272727,0.7954545454545454,0.7954545454545454,0.7045454545454546,0.7045454545454546,0.44272727272727275,67.626125,71.6525625,87.55083333333333,39.499,74.805,1.993,65.3,0.0,0.0,0.0,155,2,A,6,Truck,1.14,Pass,NONE,,0.04049,39.499,1.993,0
VH-00157,72.58975,11.955046059504904,110.779,92.34245,36.38670454545455,47.928,38.94404545454545,49.921,1.8020568181818184,2.186,0.7727272727272727,0.75,0.7954545454545454,0.7045454545454546,0.7045454545454546,0.4481818181818182,63.746562499999996,71.166,86.279,40.704,69.441,2.034,62.291,0.0,0.0,0.0,156,2,A,7,Sedan,1.0,Pass,NONE,,0.03012,40.704,2.034,0
VH-00158,72.46109090909091,12.250717706204997,110.704,91.80709999999999,36.313806818181824,46.328,39.07940909090909,47.216,1.847568181818182,2.49,0.7954545454545454,0.7045454545454546,0.8636363636363636,0.7045454545454546,0.7045454545454546,0.44272727272727275,63.5553125,70.5448125,86.89049999999999,39.479,68.544,2.49,55.998,0.0,0.0,0.0,157,2,A,8,Compact,0.94,Pass,NONE,,0.03214,39.479,2.49,0
VH-00159,72.76375,11.363317037680385,106.138,90.4735,36.85840909090909,55.583,38.88665909090909,47.517,1.8242727272727273,2.322,0.7954545454545454,0.6818181818181818,0.75,0.7045454545454546,0.7045454545454546,0.4481818181818182,64.069875,71.437125,86.12441666666666,39.883,72.816,1.77,59.804,0.0,0.0,0.0,158,2,A,9,Sedan,1.0,Pass,NONE,,0.03535,39.883,1.77,0
VH-00160,73.80772727272728,11.407097008286035,112.425,94.24815000000001,36.50002272727273,51.517,38.869181818181815,46.997,1.8391022727272728,2.28,0.75,0.7954545454545454,0.8636363636363636,0.7045454545454546,0.7045454545454546,0.44090909090909086,65.5634375,71.428875,87.97191666666667,39.57,70.974,2.23,61.342,0.0,0.0,0.0,159,2,A,10,SUV,1.08,Pass,NONE,,0.04593,39.57,2.234,0
VH-00161,72.98679545454546,11.92629340960853,111.671,95.07045,37.093045454545454,50.158,39.02467045454545,47.106,1.8218522727272728,2.311,0.7272727272727273,0.7045454545454546,0.8181818181818182,0.7045454545454546,0.7045454545454546,0.44636363636363635,64.6719375,70.6748125,87.15591666666667,38.373,71.151,1.916,63.469,0.0,0.0,0.0,160,2,A,11,Sedan,1.0,Pass,NONE,,0.02972,38.373,1.916,0
VH-00162,73.85327272727272,11.529839673674314,110.269,93.67675000000001,36.74945454545455,47.771,38.89545454545455,46.625,1.814715909090909,2.319,0.7954545454545454,0.7727272727272727,0.8181818181818182,0.7045454545454546,0.7045454545454546,0.44272727272727275,65.9235,71.6543125,87.35825,39.194,70.028,1.895,63.891,0.0,0.0,0.0,161,2,A,12,SUV,1.08,Pass,NONE,,0.03429,39.194,1.895,0
VH-00163,72.48802272727272,12.134643942206239,111.189,90.79705000000001,36.82179545454546,49.179,38.92972727272727,49.05,1.8276136363636366,2.159,0.7954545454545454,0.7272727272727273,0.8409090909090909,0.7045454545454546,0.7045454545454546,0.44272727272727275,64.172875,69.84343750000001,87.101,39.935,70.744,2.008,65.52,0.0,0.0,0.0,162,2,A,13,Compact,0.94,Pass,NONE,,0.02916,39.935,2.008,0
VH-00164,73.75852272727273,11.746686316492676,106.116,93.6623,36.90681818181818,52.39,38.96434090909091,46.625,1.8266818181818183,2.212,0.7727272727272727,0.7954545454545454,0.8409090909090909,0.7045454545454546,0.7045454545454546,0.4445454545454545,65.3013125,71.60825,87.90183333333334,39.786,67.623,2.212,66.652,0.0,0.0,0.0,163,2,A,14,Compact,0.94,Pass,NONE,,0.02588,39.786,2.212,0
VH-00165,73.69959090909092,11.285789748500425,107.842,91.6528,36.59881818181818,48.967,39.03218181818182,47.537,1.8178522727272728,2.304,0.7954545454545454,0.6818181818181818,0.8409090909090909,0.7045454545454546,0.7045454545454546,0.4445454545454545,65.207375,72.140875,87.10083333333334,40.555,71.259,2.304,62.921,0.0,0.0,0.0,164,2,A,15,SUV,1.08,Pass,NONE,,0.0282,40.555,2.304,0
VH-00166,73.52499999999999,11.854977423889524,106.589,93.4017,36.37609090909091,49.926,38.84857954545455,46.625,1.8030568181818183,2.242,0.7045454545454546,0.7727272727272727,0.7954545454545454,0.7045454545454546,0.7045454545454546,0.4445454545454545,64.76625,71.411,88.022,40.018,65.585,1.682,60.403,0.0,0.0,0.0,165,2,A,16,Sedan,1.0,Pass,NONE,,0.02922,40.018,1.682,0
VH-00167,74.09752272727273,12.447089777522462,114.947,96.51845,36.41486363636364,46.328,38.92946590909091,47.434,1.838340909090909,2.3,0.7727272727272727,0.6818181818181818,0.7727272727272727,0.7045454545454546,0.7045454545454546,0.4518181818181818,64.8490625,72.6240625,88.39341666666667,38.477,69.354,2.049,62.831,0.0,0.0,0.0,166,2,A,17,SUV,1.08,Pass,NONE,,0.04432,38.477,2.049,0
VH-00168,72.90493181818182,11.786869709697427,107.199,95.96875000000001,36.32989772727273,46.328,38.88968181818182,46.625,1.8237045454545457,2.336,0.7954545454545454,0.7045454545454546,0.8409090909090909,0.7045454545454546,0.7045454545454546,0.44272727272727275,64.7611875,70.9446875,86.37691666666666,39.487,71.047,2.336,65.802,0.0,0.0,0.0,167,2,A,18,Sedan,1.0,Pass,NONE,,0.02961,39.487,2.336,0
VH-00169,72.05877272727274,11.69923220470916,105.744,90.4336,36.31431818181818,48.428,38.99701136363637,49.008,1.824568181818182,2.219,0.7272727272727273,0.7045454545454546,0.8636363636363636,0.7045454545454546,0.7045454545454546,0.44636363636363635,63.604625,70.2664375,85.72075,39.788,67.972,2.219,67.16,0.0,0.0,0.0,168,2,A,19,Compact,0.94,Pass,NONE,,0.02519,39.788,2.219,0
VH-00170,72.9098409090909,11.43464582370772,104.764,92.67025,36.24181818181818,54.468,38.920806818181816,48.475,1.831943181818182,2.366,0.75,0.7954545454545454,0.8409090909090909,0.7045454545454546,0.7045454545454546,0.4445454545454545,65.0330625,70.2976875,86.89508333333333,39.241,69.971,2.366,62.449,0.0,0.0,0.0,169,2,A,20,Compact,0.94,Pass,NONE,,0.0277,39.241,2.366,0
VH-00171,73.89281818181819,11.813816966375036,107.416,95.9526,36.70046590909091,51.95,39.10447727272727,48.582,1.8023522727272727,2.236,0.7954545454545454,0.7272727272727273,0.8181818181818182,0.7045454545454546,0.7045454545454546,0.4445454545454545,65.1335625,71.94024999999999,88.17525,40.222,68.622,2.17,64.556,0.0,0.0,0.0,170,2,A,21,SUV,1.08,Pass,NONE,,0.04841,40.222,2.17,0
VH-00172,72.84727272727274,11.346166690783846,110.34,92.3132,36.531693181818184,46.328,39.14548863636364,49.7,1.8239318181818183,2.159,0.8181818181818182,0.7045454545454546,0.75,0.7045454545454546,0.7045454545454546,0.4445454545454545,64.4866875,71.048875,86.39258333333333,38.579,72.271,2.076,61.55,0.0,0.0,0.0,171,2,A,22,Compact,0.94,Pass,NONE,,0.02929,38.579,2.076,0
VH-00173,73.93952272727273,11.707058652872504,108.137,95.10650000000001,36.550909090909094,49.452,38.9359659090909,48.135,1.8291477272727272,2.163,0.7727272727272727,0.6590909090909091,0.7954545454545454,0.7045454545454546,0.7045454545454546,0.4445454545454545,65.413375,72.3059375,87.48583333333333,39.658,75.18,1.97,66.344,0.0,0.0,0.0,172,2,A,23,SUV,1.08,Pass,NONE,,0.03294,39.658,1.97,0
VH-00174,72.72556818181819,11.938749298364405,107.439,92.07005000000001,36.292875,50.682,38.92907954545455,48.208,1.8190113636363636,2.26,0.7954545454545454,0.75,0.8863636363636364,0.7045454545454546,0.7045454545454546,0.44272727272727275,64.1935625,70.8730625,86.57158333333332,38.711,73.453,2.26,63.172,0.0,0.0,0.0,173,2,A,24,Sedan,1.0,Pass,NONE,,0.03631,38.711,2.26,0
VH-00175,72.59831818181819,11.994849913798227,107.133,91.75135,36.31878409090909,49.024,39.03098863636364,47.233,1.8285454545454547,2.391,0.8181818181818182,0.6818181818181818,0.8636363636363636,0.7045454545454546,0.7045454545454546,0.44272727272727275,62.7825625,71.754875,86.81058333333334,40.489,65.643,1.928,61.558,0.0,0.0,0.0,174,2,A,25,Compact,0.94,Pass,NONE,,0.02436,40.489,1.928,0
VH-00176,73.30818181818182,11.946239313424755,103.985,97.26755000000001,36.58481818181818,46.697,38.943352272727275,46.625,1.821909090909091,2.099,0.7727272727272727,0.7727272727272727,0.8181818181818182,0.7045454545454546,0.7045454545454546,0.44272727272727275,64.327,71.789,87.30866666666667,39.288,65.663,1.869,64.821,0.0,0.0,0.0,175,2,A,26,Sedan,1.0,Pass,NONE,,0.0247,39.288,1.869,0
VH-00177,73.08184090909091,12.765243883009285,110.696,98.12160000000002,36.519954545454546,46.328,38.91042045454546,47.69,1.8396477272727274,2.273,0.7272727272727273,0.7272727272727273,0.8409090909090909,0.7045454545454546,0.7045454545454546,0.44090909090909086,63.8420625,71.5541875,87.43841666666667,39.919,69.725,2.194,61.943,0.0,0.0,0.0,176,2,A,27,SUV,1.08,Pass,NONE,,0.02704,39.919,2.194,0
VH-00178,71.77281818181818,11.419236630440205,104.898,92.7339,36.473625,49.104,38.94875,47.505,1.8233068181818182,2.319,0.7954545454545454,0.6590909090909091,0.8636363636363636,0.7045454545454546,0.7045454545454546,0.4445454545454545,63.8645,69.7060625,85.07291666666667,40.529,73.967,2.23,65.564,0.0,0.0,0.0,177,2,A,28,Compact,0.94,Pass,NONE,,0.02649,40.529,2.113,0
VH-00179,73.30606818181819,11.5532084849867,106.321,91.94095,36.725545454545454,49.282,38.92540909090909,47.011,1.8067045454545456,2.186,0.7954545454545454,0.8636363636363636,0.8863636363636364,0.7045454545454546,0.7045454545454546,0.44272727272727275,64.7813125,71.50375,87.07549999999999,39.6,69.01,2.186,63.783,0.0,0.0,0.0,178,2,A,29,Sedan,1.0,Pass,NONE,,0.0382,39.6,2.186,0
VH-00180,72.25561363636363,12.162525608311501,104.634,93.6287,36.481875,46.328,38.96904545454545,46.625,1.8031590909090909,2.099,0.75,0.75,0.7272727272727273,0.7045454545454546,0.7045454545454546,0.44636363636363635,63.8049375,70.3413125,86.07558333333333,37.377,70.702,1.953,55.623,0.0,0.0,0.0,179,2,A,30,Compact,0.94,Fail,LOW_CONFIDENCE_MULTI_CAUSAL,ST-45,0.03223,37.377,1.953,1
VH-00181,72.55847727272727,11.431637469410482,104.879,92.369,36.25629545454546,47.535,38.91292045454546,47.212,1.8271477272727275,2.445,0.7272727272727273,0.7272727272727273,0.7954545454545454,0.7045454545454546,0.7045454545454546,0.44636363636363635,64.1821875,70.55437500000001,86.399,40.243,68.011,2.347,60.075,0.0,0.0,0.0,180,2,A,31,Compact,0.94,Pass,NONE,,0.02962,40.243,2.347,0
VH-00182,72.63922727272728,11.897037244749628,104.721,93.6414,36.45025,49.762,38.84048863636364,50.066,1.8230000000000002,2.456,0.8181818181818182,0.6818181818181818,0.8181818181818182,0.7045454545454546,0.7045454545454546,0.44090909090909086,63.2179375,71.9620625,86.10383333333334,38.906,69.644,2.204,60.537,0.0,0.0,0.0,181,2,A,32,Sedan,1.0,Pass,NONE,,0.0227,38.906,2.204,0
VH-00183,73.34595454545455,11.589028020632359,104.789,95.65915,36.84677272727273,51.371,39.091454545454546,48.469,1.8259886363636364,2.099,0.7272727272727273,0.6590909090909091,0.8181818181818182,0.7045454545454546,0.7045454545454546,0.45,64.6474375,71.339375,87.61941666666667,38.73,71.939,1.872,64.636,0.0,0.0,0.0,182,2,A,33,Sedan,1.0,Pass,NONE,,0.03772,38.73,1.872,0
VH-00184,74.57304545454545,11.91884198556872,107.6,95.03635,36.30905681818182,47.256,39.03115909090909,48.093,1.7968522727272729,2.099,0.8181818181818182,0.6363636363636364,0.8409090909090909,0.7045454545454546,0.7045454545454546,0.44636363636363635,65.54118749999999,73.049875,88.64641666666667,39.672,73.546,2.098,67.048,0.0,0.0,0.0,183,2,A,34,Truck,1.14,Pass,NONE,,0.0348,39.672,2.098,0
VH-00185,73.07584090909091,11.246462788502491,107.39,93.35815,36.51464772727273,46.959,38.71565909090909,47.405,1.7845,2.099,0.7727272727272727,0.75,0.8181818181818182,0.7045454545454546,0.7045454545454546,0.4445454545454545,64.597875,71.6241875,86.31533333333333,38.771,72.945,1.86,60.326,0.0,0.0,0.0,184,2,A,35,Compact,0.94,Pass,NONE,,0.0237,38.771,1.86,0
VH-00186,72.80565909090909,11.398201638943247,108.498,92.81490000000001,36.439431818181816,46.328,39.06628409090909,49.852,1.8339090909090912,2.099,0.75,0.7727272727272727,0.8181818181818182,0.7045454545454546,0.7045454545454546,0.4445454545454545,65.089375,71.00925,85.48925000000001,40.014,69.524,1.987,59.284,0.0,0.0,0.0,185,2,A,36,Sedan,1.0,Pass,NONE,,0.03178,40.014,1.987,0
VH-00187,72.41956818181818,11.541577805961243,105.976,90.75890000000001,36.52320454545455,46.374,38.819477272727276,48.75,1.8200909090909092,2.705,0.8181818181818182,0.7272727272727273,0.7954545454545454,0.7045454545454546,0.7045454545454546,0.4445454545454545,64.2913125,70.042,86.42733333333332,39.632,71.081,1.804,63.587,0.0,0.0,0.0,186,2,A,37,Compact,0.94,Pass,NONE,,0.03074,39.632,1.804,0
VH-00188,73.95929545454545,12.652254193087115,117.27,95.14065000000001,36.506772727272725,46.836,39.128704545454546,49.387,1.8420795454545456,2.202,0.75,0.8181818181818182,0.7954545454545454,0.7045454545454546,0.7045454545454546,0.44636363636363635,65.2346875,71.754875,88.53133333333334,39.278,71.311,2.151,61.524,0.0,0.0,0.0,187,2,A,38,SUV,1.08,Pass,NONE,,0.04888,39.278,2.151,0
VH-00189,74.44706818181818,11.95404700839695,111.948,94.9406,36.38360227272727,46.328,39.07142045454545,49.974,1.818568181818182,2.272,0.7727272727272727,0.7272727272727273,0.8863636363636364,0.7045454545454546,0.7045454545454546,0.4445454545454545,65.6018125,72.634875,88.657,38.656,69.91,1.924,61.18,0.0,0.0,0.0,188,2,A,39,SUV,1.08,Pass,NONE,,0.03556,38.656,1.924,0
VH-00190,73.56586363636364,11.875396352927007,105.18,95.8686,36.35990909090909,48.788,38.91253409090909,46.625,1.8141363636363637,2.302,0.7954545454545454,0.7272727272727273,0.8409090909090909,0.7045454545454546,0.7045454545454546,0.4445454545454545,64.5126875,71.601625,88.25574999999999,40.385,68.796,1.745,64.937,0.0,0.0,0.0,189,2,A,40,SUV,1.08,Pass,NONE,,0.03352,40.385,1.745,0
VH-00191,73.73175,11.899136095522538,109.575,93.29995000000001,36.41315909090909,49.307,39.088522727272725,47.819,1.8090113636363638,2.155,0.7272727272727273,0.6818181818181818,0.7727272727272727,0.7045454545454546,0.7045454545454546,0.44636363636363635,65.4559375,71.3351875,87.96158333333334,38.952,71.429,2.013,67.263,0.0,0.0,0.0,190,2,A,41,Truck,1.14,Pass,NONE,,0.04234,38.952,2.013,0
VH-00192,72.57120454545453,11.480718806156057,110.228,90.65265000000001,36.310522727272726,46.328,38.91518181818182,48.542,1.80325,2.288,0.75,0.7272727272727273,0.7954545454545454,0.7045454545454546,0.7045454545454546,0.44272727272727275,64.553,70.596375,85.89524999999999,39.962,70.017,1.941,60.27,0.0,0.0,0.0,191,2,A,42,Compact,0.94,Pass,NONE,,0.03038,39.962,1.941,0
VH-00193,72.92088636363636,11.724812939879191,108.451,93.28305,36.65384090909091,46.749,38.957772727272726,48.847,1.8254772727272728,2.099,0.7272727272727273,0.7045454545454546,0.7272727272727273,0.7045454545454546,0.7045454545454546,0.45,64.896625,70.55425,86.77541666666667,39.838,71.827,1.874,64.419,0.0,0.0,0.0,192,2,A,43,Sedan,1.0,Pass,NONE,,0.02664,39.838,1.874,0
VH-00194,72.444,12.26816318011598,110.773,93.85985,36.088409090909096,46.328,39.150102272727274,48.968,1.831090909090909,2.322,0.75,0.7272727272727273,0.8181818181818182,0.7045454545454546,0.7045454545454546,0.44636363636363635,63.9565,70.7115,86.07066666666667,39.164,68.667,2.003,67.746,0.0,0.0,0.0,193,2,A,44,Compact,0.94,Pass,NONE,,0.02825,39.164,2.003,0
VH-00195,73.3005,11.621373035599461,108.788,92.91185,36.32070454545455,47.818,38.941511363636366,47.107,1.8411022727272728,2.584,0.75,0.8409090909090909,0.7954545454545454,0.7045454545454546,0.7045454545454546,0.44272727272727275,65.1254375,71.03031250000001,87.2275,39.327,69.669,1.777,67.516,0.0,0.0,0.0,194,2,A,45,Sedan,1.0,Pass,NONE,,0.03467,39.327,1.777,0
VH-00196,72.79122727272727,12.666929300372454,108.544,94.59485,36.73023863636364,49.639,39.07068181818182,48.718,1.8325113636363637,2.29,0.8181818181818182,0.6818181818181818,0.8181818181818182,0.7045454545454546,0.7045454545454546,0.4445454545454545,64.282375,70.47631249999999,87.22291666666666,39.546,76.907,2.065,64.536,0.0,0.0,0.0,195,2,A,46,Sedan,1.0,Pass,NONE,,0.03933,39.546,2.065,0
VH-00197,72.03384090909091,12.136089086807937,107.185,94.24265000000001,36.49384090909091,46.328,38.81885227272728,47.56,1.809943181818182,2.378,0.7727272727272727,0.7045454545454546,0.8409090909090909,0.7045454545454546,0.7045454545454546,0.4445454545454545,63.0018125,70.1835,86.54366666666668,38.711,65.119,1.786,63.874,0.0,0.0,0.0,196,2,A,47,Sedan,1.0,Pass,NONE,,0.03481,38.711,1.786,0
VH-00198,73.60252272727273,11.462121885399336,109.472,94.50405,36.885045454545455,52.802,38.93859090909091,49.041,1.8225568181818184,2.305,0.7727272727272727,0.6136363636363636,0.8181818181818182,0.7045454545454546,0.7045454545454546,0.45,65.668125,71.2698125,87.29199999999999,37.918,73.807,2.305,68.586,0.0,0.0,0.0,197,2,A,48,SUV,1.08,Pass,NONE,,0.04867,37.918,2.305,0
VH-00199,74.5810909090909,12.278279200729973,109.031,96.1772,36.19943181818182,49.057,38.983295454545456,48.972,1.8163636363636364,2.188,0.7272727272727273,0.75,0.8181818181818182,0.7045454545454546,0.7045454545454546,0.4445454545454545,66.0266875,71.7883125,89.71066666666667,39.702,75.354,2.119,63.425,0.0,0.0,0.0,198,2,A,49,Truck,1.14,Pass,NONE,,0.02966,39.702,2.119,0
VH-00200,73.66847727272727,12.026855200871399,109.209,93.14250000000001,36.52577272727273,50.416,38.95101136363636,47.644,1.819,2.164,0.75,0.7727272727272727,0.8863636363636364,0.7045454545454546,0.7045454545454546,0.44272727272727275,65.236125,72.0905,87.01558333333332,40.205,67.574,2.164,64.003,0.0,0.0,0.0,199,2,A,50,SUV,1.08,Pass,NONE,,0.03476,40.205,2.164,0
VH-00201,73.48936363636363,12.58892010458312,113.999,94.38650000000001,36.275375000000004,46.546,38.76634090909091,47.599,1.8135454545454548,2.145,0.75,0.7045454545454546,0.8863636363636364,0.7045454545454546,0.7045454545454546,0.4390909090909091,64.1586875,72.1265625,87.74733333333334,39.261,68.795,2.065,65.273,0.0,0.0,0.0,200,2,A,51,SUV,1.08,Pass,NONE,,0.0328,39.261,2.065,0
VH-00202,72.21945454545454,11.914724701763614,105.319,92.9799,36.92722727272727,50.505,38.708397727272725,46.625,1.8267045454545454,2.582,0.75,0.7272727272727273,0.8409090909090909,0.7045454545454546,0.7045454545454546,0.4445454545454545,63.30525,70.7955,86.00366666666667,39.978,63.562,2.582,59.613,0.0,0.0,0.0,201,2,A,52,Compact,0.94,Pass,NONE,,0.0272,39.978,2.582,0
VH-00203,74.55204545454545,11.83601346100318,111.963,95.11825000000002,36.59034090909091,46.328,39.064727272727275,46.772,1.797090909090909,2.099,0.75,0.7045454545454546,0.75,0.7045454545454546,0.7045454545454546,0.4481818181818182,66.2303125,72.61775,88.22675,40.005,69.929,1.914,63.563,0.0,0.0,0.0,202,2,A,53,Truck,1.14,Pass,NONE,,0.04091,40.005,1.914,0
VH-00204,72.97025,11.873645538667013,109.876,92.0266,36.613125,51.507,38.81155681818182,47.839,1.8149886363636363,2.22,0.75,0.7272727272727273,0.8181818181818182,0.7045454545454546,0.7045454545454546,0.4445454545454545,64.5575,70.7135,87.19625,40.566,73.976,2.22,66.264,0.0,0.0,0.0,203,2,A,54,Compact,0.94,Pass,NONE,,0.02622,40.566,2.22,0
VH-00205,72.81745454545454,12.419210573822946,110.817,94.652,36.62954545454546,49.446,38.84815909090909,47.503,1.8160113636363635,2.392,0.7727272727272727,0.6590909090909091,0.8409090909090909,0.7045454545454546,0.7045454545454546,0.44636363636363635,64.7204375,70.13187500000001,87.19425,40.634,69.954,2.016,67.843,0.0,0.0,0.0,204,2,A,55,Compact,0.94,Pass,NONE,,0.03551,40.634,2.016,0
VH-00206,72.91475,12.37083507009108,111.291,90.8755,36.625386363636366,51.374,38.85297727272727,46.651,1.8213977272727275,2.163,0.7045454545454546,0.7272727272727273,0.7954545454545454,0.7045454545454546,0.7045454545454546,0.4481818181818182,64.594375,71.2898125,86.17516666666667,40.294,72.59,2.163,63.184,0.0,0.0,0.0,205,2,A,56,Sedan,1.0,Pass,NONE,,0.02786,40.294,2.163,0
VH-00207,73.08765909090909,12.224577822059533,111.588,93.602,36.48490909090909,46.328,38.92281818181818,46.726,1.8300000000000003,2.151,0.7727272727272727,0.8181818181818182,0.8409090909090909,0.7045454545454546,0.7045454545454546,0.44272727272727275,64.3396875,70.5541875,88.12958333333334,39.38,70.389,2.151,61.097,0.0,0.0,0.0,206,2,A,57,Sedan,1.0,Pass,NONE,,0.03258,39.38,2.151,0
VH-00208,72.57420454545455,11.557875974858497,107.017,90.25995,36.60011363636364,46.328,38.84344318181818,47.989,1.838375,2.738,0.7954545454545454,0.75,0.8636363636363636,0.7045454545454546,0.7045454545454546,0.44272727272727275,64.341625,70.19262499999999,86.72641666666668,39.644,69.943,2.371,64.291,0.0,0.0,0.0,207,2,A,58,Compact,0.94,Pass,NONE,,0.03049,39.644,2.371,0
VH-00209,72.42134090909092,11.997238988458742,106.426,93.48035,36.32775,49.055,38.85554545454546,47.029,1.8202954545454546,2.276,0.7727272727272727,0.6590909090909091,0.7954545454545454,0.7045454545454546,0.7045454545454546,0.4481818181818182,64.45043749999999,69.6426875,86.75408333333333,40.145,65.812,1.791,61.283,0.0,0.0,0.0,208,2,A,59,Compact,0.94,Pass,NONE,,0.02961,40.145,1.791,0
VH-00210,73.28304545454546,11.513551328062611,105.484,92.56315000000001,36.631625,47.711,38.93140909090909,47.217,1.8061250000000002,2.23,0.7954545454545454,0.75,0.8409090909090909,0.7045454545454546,0.7045454545454546,0.44090909090909086,65.6391875,70.63318749999999,87.008,39.253,77.485,2.23,60.248,0.0,0.0,0.0,209,2,A,60,SUV,1.08,Pass,NONE,,0.03328,39.253,2.118,0
VH-00211,73.3148409090909,11.637245116621632,107.805,93.3931,36.33888636363636,47.834,39.07784090909091,50.223,1.8048295454545455,2.099,0.7272727272727273,0.75,0.8181818181818182,0.7045454545454546,0.7045454545454546,0.4481818181818182,65.1740625,71.44675,86.66000000000001,38.292,73.054,2.009,66.503,0.0,0.0,0.0,210,2,A,61,Sedan,1.0,Pass,NONE,,0.02875,38.292,2.009,0
VH-00212,72.39918181818182,12.248143096608997,110.61,94.99535000000002,36.32835227272727,46.566,38.79026136363637,47.832,1.807784090909091,2.099,0.7727272727272727,0.7272727272727273,0.8409090909090909,0.7045454545454546,0.7045454545454546,0.44636363636363635,63.953250000000004,70.0305,86.81866666666667,39.237,69.507,2.001,61.119,0.0,0.0,0.0,211,2,A,62,Sedan,1.0,Pass,NONE,,0.03593,39.237,2.001,0
VH-00213,73.60645454545455,10.759138790326752,106.189,90.83879999999999,37.270375,53.373,39.036215909090906,46.625,1.8281477272727273,2.183,0.7727272727272727,0.7954545454545454,0.8181818181818182,0.7045454545454546,0.7045454545454546,0.4445454545454545,65.7310625,71.883375,86.40441666666668,38.83,73.587,2.183,64.408,0.0,0.0,0.0,212,2,A,63,Sedan,1.0,Pass,NONE,,0.03368,38.83,2.183,0
VH-00214,74.05390909090909,12.364734873953882,106.45,96.11765,36.49836363636364,49.688,39.04685227272727,50.467,1.8228977272727276,2.401,0.75,0.6590909090909091,0.8409090909090909,0.7045454545454546,0.7045454545454546,0.44636363636363635,65.0886875,71.9430625,88.822,40.242,70.307,2.401,60.034,0.0,0.0,0.0,213,2,A,64,Truck,1.14,Pass,NONE,,0.03399,40.242,2.401,0
VH-00215,74.0145909090909,11.452213072037964,110.797,94.88115,36.55495454545455,48.084,38.926511363636365,47.14,1.784318181818182,2.099,0.7954545454545454,0.6818181818181818,0.8181818181818182,0.7045454545454546,0.7045454545454546,0.44636363636363635,65.7958125,72.7334375,86.68116666666667,39.503,73.778,1.902,65.927,0.0,0.0,0.0,214,2,A,65,Truck,1.14,Pass,NONE,,0.03348,39.503,1.902,0
VH-00216,74.19718181818182,11.717441514280836,112.672,94.5766,36.54328409090909,48.184,39.00393181818182,48.166,1.8177272727272729,2.099,0.7727272727272727,0.7045454545454546,0.8181818181818182,0.7045454545454546,0.7045454545454546,0.4481818181818182,66.814375,70.9725,88.3405,38.73,75.977,1.885,68.409,0.0,0.0,0.0,215,2,A,66,SUV,1.08,Pass,NONE,,0.03122,38.73,1.885,0
VH-00217,73.40038636363637,12.581810947066273,107.655,95.14615,36.673590909090905,49.867,38.84370454545455,48.655,1.799409090909091,2.099,0.8409090909090909,0.6818181818181818,0.8409090909090909,0.7045454545454546,0.7045454545454546,0.44090909090909086,63.749562499999996,72.1666875,87.91308333333335,40.432,69.794,1.833,58.691,0.0,0.0,0.0,216,2,A,67,Sedan,1.0,Pass,NONE,,0.04065,37.609,1.833,0
VH-00218,74.72245454545454,12.473714136003077,114.41,94.0945,36.15561363636363,47.077,38.87734090909091,47.739,1.8423522727272728,2.229,0.75,0.7727272727272727,0.8409090909090909,0.7045454545454546,0.7045454545454546,0.4445454545454545,65.935625,72.948125,88.80399999999999,40.062,70.249,2.126,69.152,0.0,0.0,0.0,217,2,A,68,Truck,1.14,Pass,NONE,,0.0515,40.062,2.126,0
VH-00219,72.52456818181818,11.926277310360312,109.515,92.17175,36.41676136363637,50.346,39.02101136363637,49.133,1.8105340909090908,2.279,0.7727272727272727,0.7272727272727273,0.8409090909090909,0.7045454545454546,0.7045454545454546,0.44272727272727275,64.30025,69.638625,87.33825,40.025,69.821,1.887,69.722,0.0,0.0,0.0,218,2,A,69,Compact,0.94,Pass,NONE,,0.03133,40.025,1.887,0
VH-00220,73.23320454545454,11.720193235131244,104.146,94.4063,36.103,49.245,39.035011363636364,49.312,1.8181136363636363,2.099,0.75,0.7045454545454546,0.9090909090909091,0.7045454545454546,0.7045454545454546,0.44272727272727275,64.6761875,71.53525,86.9065,39.174,64.482,2.037,62.291,0.0,0.0,0.0,219,2,A,70,Sedan,1.0,Pass,NONE,,0.02783,39.174,2.037,0
VH-00221,72.67638636363637,12.286149865668667,109.737,91.97055,36.36968181818182,52.119,39.06518181818182,49.553,1.8347386363636362,2.153,0.75,0.7727272727272727,0.8409090909090909,0.7045454545454546,0.7045454545454546,0.44272727272727275,64.825375,69.8523125,86.90983333333334,38.801,72.747,2.153,61.276,0.0,0.0,0.0,220,2,A,71,Compact,0.94,Pass,NONE,,0.03015,38.801,2.153,0
VH-00222,72.71170454545455,12.516523192071086,113.705,92.9071,36.51993181818182,49.67,38.80655681818182,46.625,1.796875,2.137,0.7272727272727273,0.7954545454545454,0.8181818181818182,0.7045454545454546,0.7045454545454546,0.44636363636363635,63.698125,71.0510625,86.944,38.735,67.266,2.136,63.112,0.0,0.0,0.0,221,2,A,72,Sedan,1.0,Pass,NONE,,0.03322,38.735,2.136,0
VH-00223,72.53181818181818,12.16902724375275,112.801,92.11915,36.66325,48.224,39.14654545454545,48.489,1.8207386363636362,2.099,0.7272727272727273,0.7272727272727273,0.8863636363636364,0.7045454545454546,0.7045454545454546,0.44272727272727275,64.388,70.4865,86.11733333333332,39.353,71.792,1.911,68.693,0.0,0.0,0.0,222,2,A,73,Compact,0.94,Pass,NONE,,0.03047,39.353,1.911,0
VH-00224,73.21695454545454,11.32268592704651,102.419,94.2359,36.58195454545454,51.66,39.123113636363634,48.443,1.823636363636364,2.224,0.7727272727272727,0.7272727272727273,0.7954545454545454,0.7045454545454546,0.7045454545454546,0.4445454545454545,64.8639375,71.4939375,86.65166666666666,40.185,69.9,2.196,67.25,0.0,0.0,0.0,223,2,A,74,Sedan,1.0,Pass,NONE,,0.02135,40.185,2.196,0
VH-00225,74.28995454545453,11.806561069039354,108.563,94.0026,36.31477272727273,48.181,39.157613636363635,47.875,1.8352045454545456,2.148,0.7727272727272727,0.6590909090909091,0.8409090909090909,0.7045454545454546,0.7045454545454546,0.4445454545454545,66.3294375,72.21525,87.67025000000001,39.555,76.342,2.13,60.791,0.0,0.0,0.0,224,2,A,75,Truck,1.14,Pass,NONE,,0.05297,39.555,2.13,0
VH-00226,73.07106818181818,11.455764135380738,100.913,94.41915,36.25032954545455,46.909,39.15205681818182,51.135,1.8280113636363637,2.351,0.7727272727272727,0.7272727272727273,0.7954545454545454,0.7045454545454546,0.7045454545454546,0.4481818181818182,64.520375,71.588,86.44941666666666,39.925,69.318,2.222,66.107,0.0,0.0,0.0,225,2,B,1,SUV,1.08,Pass,NONE,,0.04595,39.925,2.222,0
VH-00227,73.41552272727273,12.002412450310915,107.948,94.62825,36.672931818181816,46.328,38.877624999999995,47.181,1.8291363636363636,2.322,0.7272727272727273,0.75,0.8409090909090909,0.7045454545454546,0.7045454545454546,0.44636363636363635,65.676,70.4171875,87.73266666666666,39.812,77.263,2.322,63.12,0.0,0.0,0.0,226,2,B,2,SUV,1.08,Pass,NONE,,0.02673,39.812,2.322,0
VH-00228,73.64375,12.47548972637109,115.564,93.19080000000001,36.66993181818182,51.536,38.79330681818182,47.239,1.8202500000000001,2.099,0.75,0.6818181818181818,0.8409090909090909,0.7045454545454546,0.7045454545454546,0.44272727272727275,65.076875,71.028375,88.55341666666668,40.478,69.017,1.958,61.674,0.0,0.0,0.0,227,2,B,3,SUV,1.08,Pass,NONE,,0.03567,40.478,1.958,0
VH-00229,72.32779545454547,11.759741210132184,103.196,92.67460000000001,36.248386363636364,51.831,38.94539772727273,46.625,1.828909090909091,2.214,0.7272727272727273,0.75,0.8181818181818182,0.7045454545454546,0.7045454545454546,0.44636363636363635,63.2886875,71.53393750000001,85.43841666666667,40.206,65.954,2.214,62.553,0.0,0.0,0.0,228,2,B,4,Compact,0.94,Pass,NONE,,0.04159,40.206,2.214,0
VH-00230,73.3409090909091,11.039215245992686,102.349,92.4074,36.607113636363636,48.629,38.857,47.781,1.815056818181818,2.099,0.7954545454545454,0.75,0.8409090909090909,0.7045454545454546,0.7045454545454546,0.4445454545454545,65.285125,71.221125,86.90833333333335,40.108,72.615,1.987,61.775,0.0,0.0,0.0,229,2,B,5,SUV,1.08,Pass,NONE,,0.02967,40.108,1.987,0
VH-00231,74.31745454545454,11.829965687214674,110.899,93.57735,36.46789772727273,50.934,39.06460227272727,48.716,1.8178863636363638,2.242,0.75,0.7045454545454546,0.8181818181818182,0.7045454545454546,0.7045454545454546,0.4481818181818182,65.42212500000001,72.9674375,87.97791666666666,40.487,70.549,2.131,69.139,0.0,0.0,0.0,230,2,B,6,SUV,1.08,Pass,NONE,,0.03669,40.487,2.131,0
VH-00232,73.72231818181818,11.122349427172603,110.456,91.2646,36.57025,47.799,39.015511363636364,47.978,1.818693181818182,2.099,0.75,0.7954545454545454,0.8409090909090909,0.7045454545454546,0.7045454545454546,0.44272727272727275,65.0044375,72.9604375,86.36200000000001,40.094,75.317,2.011,63.555,0.0,0.0,0.0,231,2,B,7,Sedan,1.0,Pass,NONE,,0.04,40.094,2.011,0
VH-00233,72.16347727272726,11.74226790520515,102.323,94.23765,36.2705,51.931,39.097170454545456,48.885,1.8323295454545454,2.23,0.7272727272727273,0.7727272727272727,0.8636363636363636,0.7045454545454546,0.7045454545454546,0.44636363636363635,64.561875,70.634,84.33825,40.142,67.601,2.23,62.658,0.0,0.0,0.0,232,2,B,8,Compact,0.94,Pass,NONE,,0.02756,40.142,2.137,0
VH-00234,72.60070454545455,11.317860313392599,107.314,93.6036,36.09754545454546,50.343,39.08692045454546,47.672,1.8096136363636364,2.108,0.7727272727272727,0.6818181818181818,0.75,0.7045454545454546,0.7045454545454546,0.4481818181818182,64.9213125,69.8559375,86.49958333333332,41.122,74.493,1.989,63.453,0.0,0.0,0.0,233,2,B,9,Compact,0.94,Pass,NONE,,0.03595,41.122,1.989,0
VH-00235,72.58515909090909,12.127539028223255,109.493,93.83215000000001,36.140772727272726,48.16,39.000125,48.278,1.821090909090909,2.174,0.75,0.75,0.8409090909090909,0.7045454545454546,0.7045454545454546,0.44090909090909086,64.4746875,69.721125,87.21783333333333,40.491,64.855,1.931,66.602,0.0,0.0,0.0,234,2,B,10,Compact,0.94,Pass,NONE,,0.02728,40.491,1.931,0
VH-00236,73.42054545454545,12.373152730256663,109.133,96.97005,36.504295454545456,48.549,38.86356818181818,46.625,1.838568181818182,2.531,0.8636363636363636,0.7272727272727273,0.8409090909090909,0.7045454545454546,0.7045454545454546,0.44272727272727275,64.262,71.661125,87.97783333333332,40.655,74.094,1.971,63.874,0.0,0.0,0.0,235,2,B,11,Sedan,1.0,Pass,NONE,,0.03396,40.655,1.971,0
VH-00237,72.94302272727272,12.128902825221145,109.583,94.72905,36.77193181818182,51.541,39.03098863636364,48.854,1.844840909090909,2.482,0.75,0.8181818181818182,0.8181818181818182,0.7045454545454546,0.7045454545454546,0.4445454545454545,64.6765,70.019875,87.86258333333335,41.039,69.13,2.482,62.027,0.0,0.0,0.0,236,2,B,12,Sedan,1.0,Pass,NONE,,0.0335,41.039,2.482,0
VH-00238,73.90477272727273,11.83712862115038,107.647,94.9518,36.63743181818182,49.875,39.102011363636365,47.837,1.8453068181818182,2.527,0.7954545454545454,0.6818181818181818,0.7727272727272727,0.7045454545454546,0.7045454545454546,0.44636363636363635,65.728625,71.1700625,88.45258333333334,40.506,73.025,2.01,65.51,0.0,0.0,0.0,237,2,B,13,SUV,1.08,Pass,NONE,,0.04018,40.506,2.01,0
VH-00239,72.37995454545454,11.788504400384545,107.109,90.19925,36.517375,52.272,39.124375,49.369,1.816784090909091,2.124,0.7954545454545454,0.7272727272727273,0.8181818181818182,0.7045454545454546,0.7045454545454546,0.44272727272727275,63.3555625,71.0839375,86.14049999999999,39.917,71.707,2.044,63.4,0.0,0.0,0.0,238,2,B,14,Compact,0.94,Pass,NONE,,0.03093,39.917,2.044,0
VH-00240,74.01831818181819,11.817798356268783,108.475,92.7694,36.45702272727272,46.328,38.77557954545455,46.893,1.8399545454545454,2.15,0.7045454545454546,0.75,0.8181818181818182,0.7045454545454546,0.7045454545454546,0.44636363636363635,66.0135625,71.596,87.92108333333334,39.973,75.874,2.15,63.593,0.0,0.0,0.0,239,2,B,15,Truck,1.14,Pass,NONE,,0.05372,39.973,2.15,0
VH-00241,73.19886363636364,12.383495512061671,111.961,94.30605,36.47445454545454,46.328,38.88826136363636,46.625,1.8388295454545456,2.382,0.7272727272727273,0.5909090909090909,0.8409090909090909,0.7045454545454546,0.7045454545454546,0.4445454545454545,64.2136875,70.816125,88.35608333333333,40.616,75.528,1.92,59.653,0.0,0.0,0.0,240,2,B,16,Sedan,1.0,Pass,NONE,,0.03537,40.616,1.92,0
VH-00242,73.27997727272727,11.02971792527349,109.925,92.0244,36.408488636363636,47.5,39.263431818181814,47.419,1.8046477272727273,2.155,0.7954545454545454,0.6590909090909091,0.7727272727272727,0.7045454545454546,0.7045454545454546,0.4445454545454545,65.7819375,70.891625,86.46183333333333,39.716,69.287,1.887,68.358,0.0,0.0,0.0,241,2,B,17,Compact,0.94,Pass,NONE,,0.02984,39.716,1.887,0
VH-00243,74.30504545454545,12.505636556061614,112.792,91.9386,36.615863636363635,47.374,39.09794318181818,49.993,1.8113750000000002,2.102,0.7727272727272727,0.6818181818181818,0.8181818181818182,0.7045454545454546,0.7045454545454546,0.4445454545454545,65.4005625,72.0815,89.14241666666668,41.21,73.245,1.926,65.638,0.0,0.0,0.0,242,2,B,18,Truck,1.14,Pass,NONE,,0.03353,41.21,1.926,0
VH-00244,73.60406818181819,12.152342207771232,110.383,94.14515,36.491136363636365,46.403,38.89809090909091,46.625,1.821659090909091,2.655,0.75,0.8181818181818182,0.75,0.7045454545454546,0.7045454545454546,0.44636363636363635,64.813875,71.27612500000001,88.42824999999999,40.225,70.678,2.655,61.502,0.0,0.0,0.0,243,2,B,19,Sedan,1.0,Pass,NONE,,0.03538,40.225,2.655,0
VH-00245,73.9056590909091,11.630065439923039,108.842,93.09785000000001,36.621795454545456,48.993,38.82354545454546,46.625,1.829568181818182,2.1,0.7727272727272727,0.7045454545454546,0.8409090909090909,0.7045454545454546,0.7045454545454546,0.44636363636363635,66.02475,71.2995625,87.88833333333334,40.089,71.181,2.085,65.697,0.0,0.0,0.0,244,2,B,20,SUV,1.08,Pass,NONE,,0.03061,40.089,2.085,0
VH-00246,73.76820454545454,12.086254453908786,108.287,94.0492,36.32085227272727,47.979,38.891079545454545,46.203500000000005,1.8249318181818182,2.106,0.7727272727272727,0.7954545454545454,0.8636363636363636,0.7045454545454546,0.7045454545454546,0.4445454545454545,64.9685,71.533875,88.48025,40.66,68.799,2.106,62.14,0.0,0.0,0.0,245,2,B,21,SUV,1.08,Pass,NONE,,0.03569,40.66,2.106,0
VH-00247,73.767,12.408653392824533,110.002,95.73110000000001,36.691204545454546,50.643,39.035681818181814,48.79,1.8062954545454546,2.099,0.7727272727272727,0.7045454545454546,0.75,0.7045454545454546,0.7045454545454546,0.45,64.6965,71.74475,88.55733333333335,40.229,67.218,1.965,63.654,0.0,0.0,0.0,246,2,B,22,Truck,1.14,Pass,NONE,,0.03662,40.229,1.965,0
VH-00248,74.33222727272727,10.590330967144391,104.735,91.56945,36.36615909090909,47.347,38.91475,47.644,1.8317727272727273,2.362,0.75,0.75,0.7954545454545454,0.7045454545454546,0.7045454545454546,0.44636363636363635,66.7408125,72.081875,87.45458333333333,40.432,73.827,2.362,66.186,0.0,0.0,0.0,247,2,B,23,Truck,1.14,Pass,NONE,,0.04222,39.159,2.362,0
VH-00249,72.71109090909091,11.6590946332021,107.833,96.21000000000001,36.38264772727273,47.457,38.86742045454545,46.625,1.8364318181818182,2.271,0.7727272727272727,0.6818181818181818,0.8636363636363636,0.7045454545454546,0.7045454545454546,0.44636363636363635,64.261875,71.1470625,86.06208333333332,40.307,69.536,2.237,62.371,0.0,0.0,0.0,248,2,B,24,Sedan,1.0,Pass,NONE,,0.02289,40.307,2.237,0
VH-00250,72.73231818181819,12.392574469795582,110.041,92.69555,36.83029545454546,48.527,39.137738636363636,48.023,1.8133409090909092,2.148,0.7272727272727273,0.7727272727272727,0.8181818181818182,0.7045454545454546,0.7045454545454546,0.44636363636363635,63.6754375,70.2061875,88.17633333333333,40.739,70.88,2.148,65.67,0.0,0.0,0.0,249,2,B,25,Sedan,1.0,Pass,NONE,,0.03426,40.739,2.148,0
VH-00251,73.58997727272727,11.960436729773432,109.826,92.0788,37.03396590909091,49.496,38.831886363636364,49.724,1.8266704545454546,2.441,0.8181818181818182,0.7045454545454546,0.8409090909090909,0.7045454545454546,0.7045454545454546,0.4445454545454545,65.7008125,70.60662500000001,88.08666666666666,40.33,69.277,2.441,67.326,0.0,0.0,0.0,250,2,B,26,Compact,0.94,Pass,NONE,,0.03485,40.33,2.441,0
VH-00252,73.02736363636365,11.838651272747107,107.41,95.22115000000001,36.52768181818182,49.336,39.027488636363636,47.107,1.8139204545454546,2.298,0.75,0.75,0.8181818181818182,0.7045454545454546,0.7045454545454546,0.44272727272727275,64.9805625,70.873125,86.62875000000001,40.932,72.684,1.813,62.142,0.0,0.0,0.0,251,2,B,27,Compact,0.94,Pass,NONE,,0.02648,40.932,1.813,0
VH-00253,72.58193181818181,11.630608697297909,106.338,90.5821,36.20827272727273,52.364,38.952875,46.625,1.84125,2.323,0.7045454545454546,0.7272727272727273,0.8409090909090909,0.7045454545454546,0.7045454545454546,0.4445454545454545,64.4945625,70.32025,86.38066666666667,40.731,68.897,2.323,60.834,0.0,0.0,0.0,252,2,B,28,Compact,0.94,Pass,NONE,,0.02607,40.731,2.323,0
VH-00254,73.48979545454546,11.298669181933299,105.095,92.79885,36.60928409090909,46.656,38.93122727272727,47.649,1.8339431818181817,2.453,0.7727272727272727,0.6818181818181818,0.8409090909090909,0.7045454545454546,0.7045454545454546,0.4445454545454545,64.770875,72.607125,86.29191666666667,40.862,70.52,2.453,62.722,0.0,0.0,0.0,253,2,B,29,SUV,1.08,Pass,NONE,,0.04592,40.862,2.453,0
VH-00255,72.27193181818183,11.613009910496487,104.903,94.30665,36.533159090909095,46.328,38.98770454545455,46.625,1.8118977272727272,2.099,0.75,0.8181818181818182,0.8409090909090909,0.7045454545454546,0.7045454545454546,0.44636363636363635,63.6405,70.822625,85.71291666666667,40.775,61.724,1.673,63.435,0.0,0.0,0.0,254,2,B,30,Compact,0.94,Pass,NONE,,0.02658,40.775,1.673,0
VH-00256,73.44468181818182,12.227894836355285,110.823,98.80055,36.52363636363636,46.824,38.77947727272727,47.267,1.824284090909091,2.488,0.7272727272727273,0.75,0.7954545454545454,0.7045454545454546,0.7045454545454546,0.4445454545454545,64.5098125,71.282125,88.24125,40.65,68.434,2.125,63.253,0.0,0.0,0.0,255,2,B,31,Sedan,1.0,Pass,NONE,,0.03648,40.65,2.125,0
VH-00257,73.68238636363637,11.205379553601691,104.214,92.91655,36.693568181818186,51.174,38.92806818181818,48.341,1.8031022727272727,2.16,0.7727272727272727,0.75,0.8181818181818182,0.7045454545454546,0.7045454545454546,0.4390909090909091,65.7139375,71.7426875,86.89325000000001,40.774,77.059,2.16,60.093,0.0,0.0,0.0,256,2,B,32,SUV,1.08,Pass,NONE,,0.03954,40.774,2.16,0
VH-00258,72.94054545454546,11.244065962541258,106.623,91.1024,36.319238636363636,48.346,38.918772727272724,46.924,1.824,2.312,0.75,0.7954545454545454,0.8636363636363636,0.7045454545454546,0.7045454545454546,0.44272727272727275,65.6879375,70.4010625,85.99666666666667,38.872,72.239,2.051,62.966,0.0,0.0,0.0,257,2,B,33,Sedan,1.0,Pass,NONE,,0.02834,38.872,2.051,0
VH-00259,73.66527272727272,13.201979957855226,113.57,94.42995,36.574636363636365,50.909,39.019340909090914,47.162,1.8325568181818184,2.389,0.7727272727272727,0.7954545454545454,0.75,0.7045454545454546,0.7045454545454546,0.4481818181818182,65.451,70.0694375,89.41208333333333,40.98,72.49,2.389,66.625,0.0,0.0,0.0,258,2,B,34,SUV,1.08,Pass,NONE,,0.02681,40.98,2.389,0
VH-00260,72.34945454545455,11.592555581271222,108.116,93.03255000000001,36.64772727272727,46.328,38.86353409090909,46.625,1.812818181818182,2.247,0.75,0.7727272727272727,0.8181818181818182,0.7045454545454546,0.7045454545454546,0.4445454545454545,63.8776875,70.5713125,86.016,40.53,68.912,2.247,55.772,0.0,0.0,0.0,259,2,B,35,Compact,0.94,Pass,NONE,,0.03229,40.53,2.247,0
VH-00261,73.18022727272727,11.639873065046785,107.673,93.97845,36.74076136363636,47.137,38.791647727272725,46.378,1.8096022727272727,2.099,0.7727272727272727,0.7954545454545454,0.8863636363636364,0.7045454545454546,0.7045454545454546,0.4445454545454545,65.228125,71.2984375,86.29208333333334,39.417,70.667,1.983,62.941,0.0,0.0,0.0,260,2,B,36,Sedan,1.0,Pass,NONE,,0.02963,39.417,1.983,0
VH-00262,73.9644090909091,12.112647603570723,109.856,96.9398,36.52093181818182,47.671,39.08093181818182,47.351,1.825215909090909,2.257,0.7727272727272727,0.75,0.7727272727272727,0.7045454545454546,0.7045454545454546,0.4481818181818182,66.12675,71.6176875,87.54358333333333,41.825,70.15,2.257,61.992,0.0,0.0,0.0,261,2,B,37,Sedan,1.0,Pass,NONE,,0.02346,41.825,2.257,0
VH-00263,72.36438636363636,11.36356576697098,104.11,93.4509,36.33278409090909,51.476,39.033477272727275,48.477,1.8111590909090909,2.099,0.7727272727272727,0.75,0.8181818181818182,0.7045454545454546,0.7045454545454546,0.4445454545454545,64.8866875,69.75725,85.81083333333333,40.266,72.289,1.946,63.002,0.0,0.0,0.0,262,2,B,38,Sedan,1.0,Pass,NONE,,0.03274,40.266,1.946,0
VH-00264,73.1449090909091,11.70670685888715,107.819,91.96695,36.42307954545455,49.25,39.00678409090909,49.245,1.8344772727272727,2.099,0.7727272727272727,0.7727272727272727,0.8636363636363636,0.7045454545454546,0.7045454545454546,0.4445454545454545,64.901625,71.0281875,86.95825,40.404,67.789,1.743,65.901,0.0,0.0,0.0,263,2,B,39,Sedan,1.0,Pass,NONE,,0.03019,40.404,1.743,0
VH-00265,72.93368181818181,12.467992076033488,105.253,93.2632,36.81064772727273,46.939,38.87682954545455,48.382,1.8403295454545456,2.407,0.7727272727272727,0.6590909090909091,0.8863636363636364,0.7045454545454546,0.7045454545454546,0.4445454545454545,64.239375,71.659375,86.22516666666667,39.5,71.232,2.104,60.831,0.0,0.0,0.0,264,2,B,40,Compact,0.94,Pass,NONE,,0.03099,39.5,2.104,0
VH-00266,72.60252272727273,11.610760621456881,106.845,94.0892,36.599284090909094,50.913,38.792511363636365,46.625,1.8553863636363637,2.423,0.8181818181818182,0.7272727272727273,0.7727272727272727,0.7045454545454546,0.7045454545454546,0.44636363636363635,63.6455625,71.358875,86.20333333333333,40.037,70.617,1.68,66.297,0.0,0.0,0.0,265,2,B,41,Compact,0.94,Fail,LOW_CONFIDENCE_MULTI_CAUSAL,ST-45,0.02559,40.037,1.68,1
VH-00267,73.70631818181818,11.592104656252989,103.512,94.9508,36.64294318181818,52.898,39.05710227272727,48.544,1.8302045454545455,2.378,0.8181818181818182,0.6818181818181818,0.7954545454545454,0.7045454545454546,0.7045454545454546,0.4445454545454545,65.235125,71.5525,87.87299999999999,41.016,67.476,1.901,66.685,0.0,0.0,0.0,266,2,B,42,SUV,1.08,Pass,NONE,,0.03619,41.016,1.901,0
VH-00268,72.59220454545454,11.66513740901245,106.967,92.3006,36.73918181818182,48.921,38.98503409090909,48.473,1.8281704545454547,2.303,0.7727272727272727,0.6136363636363636,0.7954545454545454,0.7045454545454546,0.7045454545454546,0.45,63.7931875,70.8219375,86.68458333333332,41.611,67.773,2.303,61.972,0.0,0.0,0.0,267,2,B,43,Compact,0.94,Pass,NONE,,0.03058,41.611,2.303,0
VH-00269,74.15511363636364,11.951225830317645,109.75,94.7377,36.22259090909091,47.308,39.04804545454545,46.627,1.8305568181818181,2.327,0.7272727272727273,0.7045454545454546,0.7727272727272727,0.7045454545454546,0.7045454545454546,0.4445454545454545,66.3558125,71.48949999999999,88.10833333333333,40.432,72.042,2.027,71.246,0.0,0.0,0.0,268,2,B,44,Truck,1.14,Pass,NONE,,0.03973,40.617,2.027,0
VH-00270,73.19525,11.215800395756062,103.295,93.7672,36.77161363636364,49.431,39.05911363636364,48.985,1.8488295454545456,2.463,0.7954545454545454,0.6818181818181818,0.8409090909090909,0.7045454545454546,0.7045454545454546,0.4445454545454545,64.6136875,71.160125,87.35083333333334,40.245,72.717,2.463,67.218,0.0,0.0,0.0,269,2,B,45,Sedan,1.0,Pass,NONE,,0.02833,40.245,2.463,0
VH-00271,73.72081818181817,11.222389225100946,104.753,94.23715,36.19511363636364,49.499,39.10581818181818,47.586,1.8328409090909092,2.402,0.75,0.75,0.7954545454545454,0.7045454545454546,0.7045454545454546,0.4445454545454545,65.611875,71.7298125,87.18741666666666,39.383,68.418,2.153,66.204,0.0,0.0,0.0,270,2,B,46,Sedan,1.0,Pass,NONE,,0.02891,39.383,2.153,0
VH-00272,72.73652272727273,12.238321925722131,108.457,93.0437,36.483295454545456,48.101,38.96505681818182,46.625,1.8188863636363637,2.492,0.7727272727272727,0.7954545454545454,0.75,0.7045454545454546,0.7045454545454546,0.44636363636363635,63.6236875,70.382375,88.02583333333332,40.224,71.125,2.249,61.399,0.0,0.0,0.0,271,2,B,47,Sedan,1.0,Pass,NONE,,0.02374,40.224,2.249,0
VH-00273,73.14888636363636,12.056671832826046,111.777,94.65285,36.272954545454546,46.328,38.967704545454545,49.161,1.8124431818181819,2.441,0.75,0.75,0.7727272727272727,0.7045454545454546,0.7045454545454546,0.45,64.3564375,71.196,87.476,40.41,68.396,2.441,67.431,0.0,0.0,0.0,272,2,B,48,SUV,1.08,Pass,NONE,,0.04681,40.41,2.441,0
VH-00274,73.04006818181819,12.203314479991437,106.998,94.67115,36.35086363636364,46.328,39.193954545454545,47.956,1.8073750000000002,2.133,0.7727272727272727,0.7727272727272727,0.8181818181818182,0.7045454545454546,0.7045454545454546,0.4445454545454545,64.276625,70.2813125,88.403,39.96,67.905,2.133,69.469,0.0,0.0,0.0,273,2,B,49,Sedan,1.0,Pass,NONE,,0.04192,39.96,2.133,0
VH-00275,74.2920909090909,12.452156691537944,109.716,97.86535,36.26270454545455,48.263,39.03275,47.498,1.8186136363636365,2.108,0.75,0.7272727272727273,0.8181818181818182,0.7045454545454546,0.7045454545454546,0.4481818181818182,65.182875,72.336,89.04583333333333,39.606,73.965,2.108,60.94,0.0,0.0,0.0,274,2,B,50,SUV,1.08,Pass,NONE,,0.0322,39.606,2.108,0
VH-00276,72.94975000000001,11.397802664865246,110.768,92.41615,36.142375,46.328,38.78164772727273,47.792,1.8120568181818184,2.164,0.7272727272727273,0.6363636363636364,0.7954545454545454,0.7045454545454546,0.7045454545454546,0.44636363636363635,65.3743125,70.1184375,86.82541666666667,40.168,70.304,1.819,67.287,0.0,0.0,0.0,275,2,B,51,Compact,0.94,Pass,NONE,,0.03957,40.168,1.819,0
VH-00277,74.01431818181818,12.148954419117773,109.74,93.5956,36.48769318181818,50.528,39.062647727272726,48.768,1.820875,2.166,0.7727272727272727,0.7045454545454546,0.7727272727272727,0.7045454545454546,0.7045454545454546,0.44636363636363635,65.410375,71.7545625,88.49925,41.226,71.04,1.866,65.293,0.0,0.0,0.0,276,2,B,52,Truck,1.14,Pass,NONE,,0.03869,41.226,1.866,0
VH-00278,73.24488636363637,11.265074607698754,103.148,94.00295,36.65514772727273,52.418,38.840818181818186,47.37,1.79375,2.17,0.7954545454545454,0.75,0.7727272727272727,0.7045454545454546,0.7045454545454546,0.44636363636363635,64.746,72.00456249999999,86.2305,40.497,68.73,2.001,66.273,0.0,0.0,0.0,277,2,B,53,SUV,1.08,Pass,NONE,,0.03368,40.497,2.001,0
VH-00279,72.70443181818182,12.088954852006339,109.467,91.696,36.02847727272727,46.328,39.03777272727273,49.732,1.815784090909091,2.121,0.75,0.6818181818181818,0.8409090909090909,0.7045454545454546,0.7045454545454546,0.4445454545454545,64.429125,70.4326875,86.76716666666665,40.993,71.583,2.121,62.105,0.0,0.0,0.0,278,2,B,54,Sedan,1.0,Pass,NONE,,0.03149,40.993,2.121,0
VH-00280,73.212,11.985748857473133,106.243,93.259,36.63670454545455,48.247,39.093534090909095,48.73,1.838102272727273,2.25,0.7954545454545454,0.6818181818181818,0.8636363636363636,0.7045454545454546,0.7045454545454546,0.44090909090909086,65.029375,70.9173125,87.18175000000001,39.606,70.913,2.142,65.607,0.0,0.0,0.0,279,2,B,55,Sedan,1.0,Pass,NONE,,0.03506,39.606,2.142,0
VH-00281,74.69559090909091,12.099691436231282,105.727,96.00640000000001,36.58554545454546,49.049,38.9775,48.347,1.8408750000000003,2.184,0.7727272727272727,0.5909090909090909,0.8636363636363636,0.7045454545454546,0.7045454545454546,0.44272727272727275,65.855,73.115625,88.58966666666667,40.892,72.32,2.184,68.58,0.0,0.0,0.0,280,2,B,56,Truck,1.14,Pass,NONE,,0.04568,40.892,2.184,0
VH-00282,72.54445454545454,12.134741971662029,109.316,90.4078,36.308,46.328,38.913931818181815,48.128,1.8427727272727275,2.539,0.75,0.7727272727272727,0.7954545454545454,0.7045454545454546,0.7045454545454546,0.45,64.390625,70.526125,86.10733333333333,41.404,69.084,2.539,61.759,0.0,0.0,0.0,281,2,B,57,Sedan,1.0,Fail,LOW_CONFIDENCE_MULTI_CAUSAL,ST-45,0.03269,41.404,2.539,1
VH-00283,73.67340909090909,12.03572404430299,111.276,95.09555,36.34640909090909,49.114,39.01265909090909,47.597,1.8229204545454545,2.32,0.7272727272727273,0.7727272727272727,0.8181818181818182,0.7045454545454546,0.7045454545454546,0.4445454545454545,65.0976875,71.683375,87.76108333333333,40.022,69.833,2.32,64.578,0.0,0.0,0.0,282,2,B,58,Sedan,1.0,Pass,NONE,,0.03965,40.022,2.32,0
VH-00284,71.72627272727273,12.654098757546919,116.743,92.23825000000001,36.68831818181818,48.738,39.080386363636364,48.111,1.8358750000000001,2.315,0.7954545454545454,0.7272727272727273,0.8863636363636364,0.7045454545454546,0.7045454545454546,0.44090909090909086,62.9824375,69.3065625,86.611,40.355,67.109,2.004,61.599,0.0,0.0,0.0,283,2,B,59,Compact,0.94,Pass,NONE,,0.02846,40.355,2.004,0
VH-00285,73.57086363636364,11.590854146327505,105.197,91.81565,36.363727272727274,50.109,39.18577272727273,49.047,1.7991590909090909,2.099,0.75,0.7727272727272727,0.8181818181818182,0.7045454545454546,0.7045454545454546,0.44272727272727275,64.5986875,72.257125,87.28541666666666,40.871,76.229,1.77,67.331,0.0,0.0,0.0,284,2,B,60,SUV,1.08,Pass,NONE,,0.0465,40.871,1.77,0
VH-00286,73.63327272727273,12.456472609747042,111.649,92.11115,36.72119318181819,52.799,39.18575,49.748,1.8351136363636364,2.418,0.75,0.75,0.8409090909090909,0.7045454545454546,0.7045454545454546,0.44272727272727275,64.381375,71.9570625,88.20408333333334,41.154,68.736,2.418,61.28,0.0,0.0,0.0,285,2,B,61,SUV,1.08,Pass,NONE,,0.04167,41.154,2.418,0
VH-00287,73.44361363636364,11.4954703601349,109.905,97.11735,36.51868181818182,47.729,38.848420454545455,46.625,1.803818181818182,2.099,0.7272727272727273,0.7045454545454546,0.8636363636363636,0.7045454545454546,0.7045454545454546,0.4445454545454545,65.54412500000001,71.173875,87.00258333333333,40.243,71.265,2.016,63.366,0.0,0.0,0.0,286,2,B,62,Sedan,1.0,Pass,NONE,,0.03725,40.243,2.016,0
VH-00288,72.97931818181819,12.094642870935695,108.444,92.13165,36.595113636363635,47.655,38.973954545454546,47.237,1.8229772727272726,2.101,0.75,0.7727272727272727,0.8181818181818182,0.7045454545454546,0.7045454545454546,0.44272727272727275,64.046875,70.4689375,88.23641666666667,40.671,71.993,2.101,56.228,0.0,0.0,0.0,287,2,B,63,Sedan,1.0,Pass,NONE,,0.04256,40.671,2.101,0
VH-00289,73.4061590909091,10.488190561444396,104.912,90.4864,36.43415909090909,49.885,39.05619318181818,48.56,1.8527500000000001,2.416,0.75,0.7045454545454546,0.7954545454545454,0.7045454545454546,0.7045454545454546,0.4481818181818182,66.9511875,71.146625,85.02550000000001,41.684,73.344,2.388,65.273,0.0,0.0,0.0,288,2,B,64,SUV,1.08,Pass,NONE,,0.0511,41.684,2.388,0
VH-00290,74.39775,12.314458001320206,115.285,94.88690000000001,36.16096590909091,48.091,38.859511363636365,48.198,1.8141704545454547,2.192,0.7727272727272727,0.7045454545454546,0.7727272727272727,0.7045454545454546,0.7045454545454546,0.4518181818181818,65.46787499999999,72.45100000000001,88.89991666666667,42.481,64.353,1.84,66.622,0.48100000000000165,0.0,0.0,289,2,B,65,Truck,1.14,Pass,NONE,,0.04268,42.481,1.84,0
VH-00291,72.54561363636364,11.558646710471091,109.024,91.61405,36.49702272727273,47.599,39.144681818181816,48.546,1.7926136363636365,2.099,0.7272727272727273,0.8181818181818182,0.75,0.7045454545454546,0.7045454545454546,0.44636363636363635,63.2675,71.812,85.89458333333334,41.087,69.878,2.083,65.05,0.0,0.0,0.0,290,2,B,66,Compact,0.94,Fail,LOW_CONFIDENCE_MULTI_CAUSAL,ST-45,0.02904,41.087,2.083,1
VH-00292,73.97622727272727,12.108577205730896,106.952,96.62595000000002,36.31190909090909,49.343,39.16698863636364,49.031,1.839215909090909,2.415,0.7045454545454546,0.6818181818181818,0.7954545454545454,0.7045454545454546,0.7045454545454546,0.45,65.6301875,72.246375,87.41075000000001,41.716,71.899,2.415,69.707,0.0,0.0,0.0,291,2,B,67,SUV,1.08,Pass,NONE,,0.03374,41.716,2.415,0
VH-00293,72.62970454545454,12.295141236559894,109.503,95.5373,36.914204545454545,50.012,38.926545454545455,47.576,1.8371022727272726,2.584,0.7272727272727273,0.75,0.8409090909090909,0.7045454545454546,0.7045454545454546,0.4445454545454545,64.424625,70.102375,86.93958333333335,40.129,68.41,2.584,66.663,0.0,0.0,0.0,292,2,B,68,Compact,0.94,Pass,NONE,,0.03253,40.129,2.584,0
VH-00294,72.66718181818182,12.39942866701926,114.255,91.3544,36.529272727272726,53.148,39.03642045454546,49.175,1.828568181818182,2.222,0.7272727272727273,0.8181818181818182,0.8181818181818182,0.7045454545454546,0.7045454545454546,0.4445454545454545,63.863375,70.6185625,87.13708333333334,40.592,74.139,2.222,59.983,0.0,0.0,0.0,293,2,B,69,Compact,0.94,Fail,FINAL_TORQUE_VARIATION,ST-45,0.02656,40.592,2.222,1
VH-00295,73.24061363636363,12.061825867830134,106.74,96.42610000000002,36.404363636363634,51.199,39.03319318181818,46.625,1.8207727272727274,2.099,0.7727272727272727,0.7954545454545454,0.8636363636363636,0.7045454545454546,0.7045454545454546,0.44090909090909086,64.5204375,71.0705625,87.76091666666667,42.566,69.768,1.965,68.653,0.5660000000000025,0.0,0.0,294,2,B,70,Sedan,1.0,Pass,NONE,,0.03348,42.566,1.965,0
VH-00296,73.54302272727273,11.53592381254201,110.912,92.763,36.57665909090909,49.141,39.06977272727273,48.036,1.8403522727272728,2.421,0.7272727272727273,0.7272727272727273,0.7954545454545454,0.7045454545454546,0.7045454545454546,0.44636363636363635,65.175125,72.685625,85.84341666666666,42.131,70.981,2.421,60.879,0.13100000000000023,0.0,0.0,295,2,B,71,SUV,1.08,Fail,LOW_CONFIDENCE_MULTI_CAUSAL,ST-45,0.03311,42.131,2.421,1
VH-00297,72.88252272727273,11.606876968115058,109.173,94.88925,36.62081818181818,51.223,38.96990909090909,48.797,1.8386136363636363,2.411,0.7727272727272727,0.7272727272727273,0.8409090909090909,0.7045454545454546,0.7045454545454546,0.4445454545454545,64.52325,71.6029375,85.73433333333332,41.831,68.61,2.411,64.374,0.0,0.0,0.0,296,2,B,72,Sedan,1.0,Pass,NONE,,0.03487,41.831,2.411,0
VH-00298,73.57481818181817,11.561930305307072,105.215,97.55810000000001,36.942,52.605,38.994761363636364,49.01,1.8205909090909094,2.252,0.75,0.75,0.8409090909090909,0.7045454545454546,0.7045454545454546,0.44090909090909086,65.608125,71.6484375,86.76558333333332,39.688,67.561,2.252,64.992,0.0,0.0,0.0,297,2,B,73,Truck,1.14,Pass,NONE,,0.03864,39.688,2.252,0
VH-00299,72.81711363636363,11.046247613358297,103.205,92.14525,36.46565909090909,52.901,38.993852272727274,47.856,1.8176818181818184,2.369,0.7954545454545454,0.6818181818181818,0.8409090909090909,0.7045454545454546,0.7045454545454546,0.4445454545454545,64.22987499999999,71.9326875,85.44600000000001,42.202,69.781,2.369,62.198,0.20199999999999818,0.0,0.0,298,2,B,74,Sedan,1.0,Pass,NONE,,0.01809,42.202,2.369,0
VH-00300,72.97806818181817,12.056017525561185,110.885,93.78190000000001,36.57931818181818,50.876,38.948443181818185,47.304,1.8013750000000002,2.283,0.75,0.7045454545454546,0.8181818181818182,0.7045454545454546,0.7045454545454546,0.44636363636363635,64.0468125,71.73768749999999,86.54025,41.734,69.049,2.283,59.999,0.0,0.0,0.0,299,2,B,75,Compact,0.94,Pass,NONE,,0.03079,41.734,2.283,0
VH-00301,73.36843181818182,11.997888948802677,111.365,94.55605,36.71589772727273,50.009,38.95861363636364,47.732,1.8201363636363637,2.201,0.75,0.7727272727272727,0.8181818181818182,0.7045454545454546,0.7045454545454546,0.44272727272727275,64.962375,71.2323125,87.42466666666667,40.132,70.639,2.201,63.537,0.0,0.0,0.0,300,3,A,1,Compact,0.94,Pass,NONE,,0.02858,40.132,2.201,0
VH-00302,74.11095454545455,11.578855221067577,107.281,96.0119,36.55477272727273,48.492,38.952965909090906,48.449,1.8112386363636366,2.336,0.7727272727272727,0.8181818181818182,0.8181818181818182,0.7045454545454546,0.7045454545454546,0.44272727272727275,65.9026875,72.701875,86.93408333333333,38.593,74.735,2.336,65.923,0.0,0.0,0.0,301,3,A,2,Truck,1.14,Pass,NONE,,0.04449,38.593,2.336,0
VH-00303,74.36359090909092,11.526678364031081,105.467,97.19335000000001,36.55157954545455,47.604,39.011875,49.468,1.8358409090909091,2.526,0.7727272727272727,0.7045454545454546,0.8636363636363636,0.7045454545454546,0.7045454545454546,0.4445454545454545,65.9208125,72.2873125,88.38900000000001,41.959,72.718,2.526,65.126,0.0,0.0,0.0,302,3,A,3,Truck,1.14,Pass,NONE,,0.04284,41.959,2.526,0
VH-00304,72.71072727272727,10.862893582911392,110.316,89.59195,36.851,48.069,39.05102272727272,46.625,1.837590909090909,2.266,0.7954545454545454,0.75,0.7272727272727273,0.7045454545454546,0.7045454545454546,0.4481818181818182,65.6003125,70.5618125,85.0565,41.828,69.769,2.26,62.61,0.0,0.0,0.0,303,3,A,4,Compact,0.94,Pass,NONE,,0.03087,41.828,2.26,0
VH-00305,73.15872727272728,11.328026112183382,106.316,93.8343,36.588806818181816,48.003,38.93786363636364,47.225,1.789659090909091,2.187,0.75,0.7045454545454546,0.7954545454545454,0.7045454545454546,0.7045454545454546,0.44636363636363635,65.4951875,71.01575,86.23408333333333,40.096,76.347,2.097,65.948,0.0,0.0,0.0,304,3,A,5,Sedan,1.0,Pass,NONE,,0.03089,40.096,2.097,0
VH-00306,72.37259090909092,11.858667038152978,108.924,95.11345,36.73545454545455,50.562,39.04926136363636,48.419,1.8270909090909093,2.256,0.7727272727272727,0.6818181818181818,0.7954545454545454,0.7045454545454546,0.7045454545454546,0.4481818181818182,63.806937500000004,70.9064375,85.74833333333333,40.461,68.759,1.796,59.381,0.0,0.0,0.0,305,3,A,6,Sedan,1.0,Pass,NONE,,0.03396,40.461,1.796,0
VH-00307,72.14713636363636,10.98189670488602,107.326,90.3248,36.40105681818182,52.142,38.96960227272727,46.625,1.8343295454545454,2.3,0.7272727272727273,0.7954545454545454,0.7954545454545454,0.7045454545454546,0.7045454545454546,0.44636363636363635,64.1849375,70.072125,85.53008333333332,40.694,67.427,1.89,61.118,0.0,0.0,0.0,306,3,A,7,Compact,0.94,Pass,NONE,,0.02043,40.694,1.89,0
VH-00308,74.25225,12.47694322307593,111.841,94.42410000000001,36.87677272727273,56.671,38.980011363636365,49.673,1.8442272727272728,2.44,0.7727272727272727,0.8181818181818182,0.7727272727272727,0.7045454545454546,0.7045454545454546,0.4481818181818182,65.3925625,72.51181249999999,88.38574999999999,40.665,72.836,2.44,66.071,0.0,0.0,0.0,307,3,A,8,Truck,1.14,Pass,NONE,,0.04669,40.665,2.44,0
VH-00309,72.13529545454546,12.279447335453046,107.161,93.0696,36.35697727272728,46.955,38.98594318181818,47.882,1.8318750000000001,2.262,0.75,0.6590909090909091,0.8181818181818182,0.7045454545454546,0.7045454545454546,0.44636363636363635,63.1765625,69.8801875,87.08708333333334,40.751,69.249,2.262,66.02,0.0,0.0,0.0,308,3,A,9,Compact,0.94,Fail,MANUAL_FIT_CHECK_VARIATION,ST-45,0.03022,40.751,2.262,1
VH-00310,72.02,12.473282639864832,113.334,93.2067,36.40711363636364,47.538,39.17581818181819,50.113,1.8100454545454547,2.099,0.7272727272727273,0.7045454545454546,0.8636363636363636,0.7045454545454546,0.7045454545454546,0.4445454545454545,63.1230625,70.3571875,86.09966666666666,40.306,65.997,1.997,64.334,0.0,0.0,0.0,309,3,A,10,Compact,0.94,Pass,NONE,,0.04159,40.306,1.997,0
VH-00311,72.86061363636364,11.711288909296831,108.861,92.50985000000001,36.050590909090914,46.546,39.00473863636363,47.667,1.8531250000000001,2.429,0.7954545454545454,0.7727272727272727,0.8181818181818182,0.7045454545454546,0.7045454545454546,0.44090909090909086,64.9513125,70.409125,86.675,41.132,70.398,2.429,61.488,0.0,0.0,0.0,310,3,A,11,Compact,0.94,Pass,NONE,,0.03898,41.132,2.429,0
VH-00312,73.08688636363637,12.136032207067199,110.091,93.83435,36.68636363636364,48.042,39.01384090909091,47.617,1.8489545454545455,2.513,0.75,0.7045454545454546,0.7727272727272727,0.7045454545454546,0.7045454545454546,0.45,63.739374999999995,71.550625,87.59858333333334,41.622,67.484,2.513,57.145,0.0,0.0,0.0,311,3,A,12,Sedan,1.0,Pass,NONE,,0.03131,41.622,2.513,0
VH-00313,72.85670454545455,12.041061311833268,106.877,94.2068,36.44390909090909,47.772,39.19653409090909,49.598,1.824340909090909,2.317,0.8181818181818182,0.7272727272727273,0.8636363636363636,0.7045454545454546,0.7045454545454546,0.4445454545454545,64.0903125,70.166,88.13283333333334,41.307,66.328,2.317,62.778,0.0,0.0,0.0,312,3,A,13,Compact,0.94,Pass,NONE,,0.02461,41.307,2.317,0
VH-00314,72.98340909090909,12.262946983187751,105.775,95.93979999999999,36.09738636363637,46.328,39.00690909090909,47.451,1.8097954545454547,2.299,0.7727272727272727,0.6363636363636364,0.8181818181818182,0.7045454545454546,0.7045454545454546,0.4481818181818182,63.8818125,71.611625,86.94791666666667,40.91,68.448,2.299,54.413,0.0,0.0,0.0,313,3,A,14,Compact,0.94,Pass,NONE,,0.04276,40.91,2.299,0
VH-00315,74.02440909090909,11.970391882839614,108.573,95.14315,36.38247727272727,50.036,39.00184090909091,47.676,1.8422272727272728,2.653,0.7954545454545454,0.7727272727272727,0.75,0.7045454545454546,0.7045454545454546,0.4445454545454545,65.5590625,71.790875,88.28958333333333,41.211,71.631,2.653,63.153,0.0,0.0,0.0,314,3,A,15,Truck,1.14,Pass,NONE,,0.03298,41.211,2.653,0
VH-00316,74.19404545454546,12.360076373201505,111.123,94.52019999999999,36.62442045454546,46.328,38.75504545454545,46.625,1.7954545454545454,2.099,0.7954545454545454,0.7954545454545454,0.8409090909090909,0.7045454545454546,0.7045454545454546,0.44272727272727275,65.33275,72.12125,88.77283333333332,40.432,72.184,1.983,66.033,0.0,0.0,0.0,315,3,A,16,Truck,1.14,Fail,LOW_CONFIDENCE_MULTI_CAUSAL,ST-45,0.05284,41.12,1.983,1
VH-00317,73.19179545454546,11.801629648168806,111.446,94.29360000000001,36.713875,47.94,38.864352272727274,46.625,1.833181818181818,2.177,0.7954545454545454,0.7272727272727273,0.8181818181818182,0.7045454545454546,0.7045454545454546,0.4445454545454545,64.814125,70.91375,87.39941666666668,42.784,70.401,2.177,67.872,0.7839999999999989,0.0,0.0,316,3,A,17,Truck,1.14,Fail,MANUAL_FIT_CHECK_VARIATION,ST-45,0.05681,42.784,2.177,1
VH-00318,72.44138636363635,12.3468147897303,110.49,92.95155000000001,36.40086363636363,47.579,38.90468181818182,48.673,1.8456477272727272,2.239,0.75,0.7272727272727273,0.7954545454545454,0.7045454545454546,0.7045454545454546,0.44636363636363635,64.0599375,69.6101875,87.39158333333334,40.343,71.091,2.239,65.562,0.0,0.0,0.0,317,3,A,18,Compact,0.94,Pass,NONE,,0.02467,40.343,2.239,0
VH-00319,72.62213636363636,11.793295636969868,105.157,94.24925,36.49276136363637,51.331,38.94554545454545,47.002,1.8141136363636363,2.099,0.7954545454545454,0.6818181818181818,0.8409090909090909,0.7045454545454546,0.7045454545454546,0.4445454545454545,64.3214375,70.1255625,87.0185,42.57,72.973,2.072,62.948,0.5700000000000003,0.0,0.0,318,3,A,19,Compact,0.94,Pass,NONE,,0.03552,42.57,2.072,0
VH-00320,73.41075,12.37903989237359,111.026,98.74435,36.43654545454546,46.328,39.07051136363636,50.329,1.8369545454545457,2.561,0.8181818181818182,0.7272727272727273,0.8636363636363636,0.7045454545454546,0.7045454545454546,0.44272727272727275,64.8374375,71.543,87.33216666666665,41.149,72.205,2.561,62.666,0.0,0.0,0.0,319,3,A,20,Sedan,1.0,Pass,NONE,,0.03903,41.149,2.561,0
VH-00321,73.19879545454545,12.009840328856582,109.1,95.43570000000001,36.65028409090909,47.46,38.90536363636364,47.962,1.8551363636363638,2.369,0.7954545454545454,0.75,0.7954545454545454,0.7045454545454546,0.7045454545454546,0.44272727272727275,64.4461875,71.32724999999999,87.36433333333333,41.532,69.583,2.369,61.519,0.0,0.0,0.0,320,3,A,21,Sedan,1.0,Pass,NONE,,0.02832,41.532,2.369,0
VH-00322,73.66754545454545,11.596061333045217,113.255,91.62135,36.042227272727274,46.557,38.992318181818185,46.978,1.8117159090909092,2.138,0.75,0.7272727272727273,0.8181818181818182,0.7045454545454546,0.7045454545454546,0.44636363636363635,65.9459375,71.8396875,86.40016666666666,40.743,70.562,2.138,66.593,0.0,0.0,0.0,321,3,A,22,Truck,1.14,Pass,NONE,,0.03018,40.743,2.138,0
VH-00323,73.16261363636364,12.756736923691529,111.624,94.86680000000001,36.104749999999996,49.671,38.985761363636364,46.625,1.8192954545454547,2.443,0.75,0.7272727272727273,0.8636363636363636,0.7045454545454546,0.7045454545454546,0.4445454545454545,63.9016875,71.00725,88.38433333333334,41.732,74.22,2.443,61.965,0.0,0.0,0.0,322,3,A,23,Compact,0.94,Pass,NONE,,0.02419,41.732,2.443,0
VH-00324,74.29190909090909,11.704686365801345,110.624,91.86534999999999,36.54029545454546,51.494,39.14271590909091,47.856,1.8249318181818182,2.536,0.8181818181818182,0.7727272727272727,0.8863636363636364,0.7045454545454546,0.7045454545454546,0.44272727272727275,65.7356875,72.53425,88.04375,40.664,66.607,2.536,66.049,0.0,0.0,0.0,323,3,A,24,Truck,1.14,Pass,NONE,,0.04201,40.664,2.536,0
VH-00325,73.06404545454546,11.85461103881552,110.999,94.28635000000001,36.43238636363637,47.071,39.28073863636364,48.598,1.8035340909090911,2.099,0.7272727272727273,0.7045454545454546,0.7954545454545454,0.7045454545454546,0.7045454545454546,0.4518181818181818,64.789875,71.2429375,86.52441666666668,40.859,69.24,1.956,64.889,0.0,0.0,0.0,324,3,A,25,Sedan,1.0,Pass,NONE,,0.0372,40.859,1.956,0
VH-00326,72.34554545454546,11.305669037842673,106.727,88.29415,36.77425,49.642,38.97194318181818,49.055,1.846875,2.302,0.7727272727272727,0.6818181818181818,0.7954545454545454,0.7045454545454546,0.7045454545454546,0.44636363636363635,64.425375,70.5743125,85.26741666666668,42.073,75.233,2.302,63.807,0.0730000000000004,0.0,0.0,325,3,A,26,Sedan,1.0,Pass,NONE,,0.02467,42.073,2.302,0
VH-00327,72.464,12.833822604787816,107.666,93.9452,36.583090909090906,48.166,38.814738636363636,48.291,1.7898295454545454,2.332,0.7727272727272727,0.75,0.7954545454545454,0.7045454545454546,0.7045454545454546,0.4481818181818182,63.26175,70.220875,87.72449999999999,41.18,76.602,2.332,65.117,0.0,0.0,0.0,326,3,A,27,Compact,0.94,Pass,NONE,,0.0235,41.18,2.332,0
VH-00328,73.3615909090909,12.898960326443797,108.915,94.7403,36.39575,51.302,39.13609090909091,47.631,1.8174204545454544,2.808,0.7954545454545454,0.75,0.7954545454545454,0.7045454545454546,0.7045454545454546,0.4445454545454545,64.1121875,71.4334375,88.265,42.733,76.01,2.808,66.616,0.732999999999997,0.0,0.0,327,3,A,28,Sedan,1.0,Pass,NONE,,0.0381,42.733,2.808,0
VH-00329,72.41977272727273,12.252003723859675,106.996,96.26635,36.79109090909091,50.475,39.196636363636365,49.929,1.8432045454545454,2.336,0.8181818181818182,0.6136363636363636,0.8863636363636364,0.7045454545454546,0.7045454545454546,0.4445454545454545,63.5583125,70.65406250000001,86.58933333333333,41.91,68.942,2.17,61.178,0.0,0.0,0.0,328,3,A,29,Compact,0.94,Pass,NONE,,0.02347,41.91,2.17,0
VH-00330,71.90622727272726,12.37121274509315,111.188,92.16895000000001,36.519977272727274,50.535,39.14294318181818,48.329,1.8439431818181817,2.841,0.7727272727272727,0.75,0.8409090909090909,0.7045454545454546,0.7045454545454546,0.44272727272727275,63.837875000000004,69.239375,86.21983333333333,41.424,72.558,2.841,61.487,0.0,0.0,0.0,329,3,A,30,Compact,0.94,Pass,NONE,,0.0398,41.424,2.841,0
VH-00331,72.7489090909091,11.893403455654958,108.001,94.91445,37.011250000000004,56.507,39.00694318181818,48.089,1.829056818181818,2.382,0.75,0.7045454545454546,0.7954545454545454,0.7045454545454546,0.7045454545454546,0.44636363636363635,63.5518125,71.7793125,86.3045,41.81,69.76,2.382,62.48,0.0,0.0,0.0,330,3,A,31,Sedan,1.0,Pass,NONE,,0.02654,41.81,2.382,0
VH-00332,72.73084090909092,12.94448170285302,109.041,98.69635000000001,36.301840909090906,50.232,39.19959090909091,50.099,1.817284090909091,2.336,0.7727272727272727,0.8181818181818182,0.8181818181818182,0.7045454545454546,0.7045454545454546,0.4445454545454545,63.188125,70.9065,87.88691666666666,42.161,67.984,2.336,63.006,0.16100000000000136,0.0,0.0,331,3,A,32,Compact,0.94,Pass,NONE,,0.02593,42.161,2.336,0
VH-00333,72.669,11.37118919554724,108.018,89.9126,36.684954545454545,49.6,39.271772727272726,49.712,1.8246477272727275,2.604,0.7727272727272727,0.8636363636363636,0.8181818181818182,0.7045454545454546,0.7045454545454546,0.44272727272727275,64.812375,70.76775,85.6795,41.75,70.927,2.604,64.715,0.0,0.0,0.0,332,3,A,33,Compact,0.94,Pass,NONE,,0.02843,41.75,2.604,0
VH-00334,73.86736363636363,11.347126531234952,108.109,94.6845,36.07703409090909,47.2,39.088761363636365,46.625,1.8582272727272728,2.478,0.7727272727272727,0.7272727272727273,0.7954545454545454,0.7045454545454546,0.7045454545454546,0.4481818181818182,66.323375,71.6694375,86.85658333333333,42.34,76.672,2.478,65.354,0.3400000000000034,0.0,0.0,333,3,A,34,Truck,1.14,Pass,NONE,,0.04046,42.34,2.478,0
VH-00335,72.97043181818182,12.201261214636844,105.474,96.11265,36.60357954545455,47.887,39.22143181818182,49.736,1.849659090909091,2.61,0.7727272727272727,0.75,0.8636363636363636,0.7045454545454546,0.7045454545454546,0.44272727272727275,63.7595,71.4051875,87.33866666666667,40.969,69.788,2.61,62.753,0.0,0.0,0.0,334,3,A,35,Compact,0.94,Pass,NONE,,0.02931,40.969,2.61,0
VH-00336,72.94122727272728,11.71934915222671,110.856,92.6334,36.60193181818182,51.482,38.741727272727275,46.719,1.8369431818181818,2.58,0.7727272727272727,0.6590909090909091,0.8636363636363636,0.7045454545454546,0.7045454545454546,0.44272727272727275,65.36868750000001,70.1524375,86.75633333333333,41.885,68.917,2.58,65.257,0.0,0.0,0.0,335,3,A,36,Sedan,1.0,Pass,NONE,,0.0242,41.885,2.58,0
VH-00337,73.09163636363637,11.769452659797095,111.552,93.03690000000002,36.430102272727275,51.117,38.96938636363637,47.221,1.8410568181818183,2.389,0.75,0.6818181818181818,0.8409090909090909,0.7045454545454546,0.7045454545454546,0.44636363636363635,64.56075,70.7213125,87.62658333333333,39.935,68.531,2.389,68.64,0.0,0.0,0.0,336,3,A,37,Sedan,1.0,Pass,NONE,,0.04042,39.935,2.389,0
VH-00338,74.03945454545455,12.094449627353185,111.368,96.31535,36.55309090909091,50.572,39.04592045454546,47.942,1.8402954545454546,2.583,0.75,0.7954545454545454,0.8863636363636364,0.7045454545454546,0.7045454545454546,0.44272727272727275,65.37075,71.2080625,89.37291666666665,41.713,72.261,2.583,62.446,0.0,0.0,0.0,337,3,A,38,Truck,1.14,Pass,NONE,,0.03681,41.713,2.583,0
VH-00339,73.53822727272728,11.212361299058916,106.304,89.99159999999999,36.43120454545454,47.606,39.023306818181815,48.501,1.827284090909091,2.734,0.75,0.7045454545454546,0.7954545454545454,0.7045454545454546,0.7045454545454546,0.4481818181818182,65.4949375,71.69525,86.71991666666668,42.224,67.251,2.734,64.536,0.22399999999999665,0.0,0.0,338,3,A,39,SUV,1.08,Pass,NONE,,0.03822,42.224,2.734,0
VH-00340,74.22509090909091,11.582706411089626,108.754,95.638,36.44293181818182,47.951,38.79197727272727,46.625,1.8382045454545455,2.384,0.7954545454545454,0.75,0.8636363636363636,0.7045454545454546,0.7045454545454546,0.4445454545454545,65.7814375,71.9435625,88.52533333333334,41.503,72.276,2.142,63.541,0.0,0.0,0.0,339,3,A,40,SUV,1.08,Pass,NONE,,0.0404,41.503,2.142,0
VH-00341,72.6175,12.301365572711367,107.765,93.835,36.27072727272727,49.547,38.86685227272727,46.307,1.8561931818181818,2.864,0.7045454545454546,0.7272727272727273,0.7954545454545454,0.7045454545454546,0.7045454545454546,0.4481818181818182,64.2288125,70.111,87.14441666666666,41.925,71.025,2.864,65.346,0.0,0.0,0.0,340,3,A,41,Sedan,1.0,Pass,NONE,,0.02706,41.925,2.864,0
VH-00342,73.65556818181818,11.49270279178747,102.232,97.13810000000001,36.396806818181815,46.328,39.14782954545455,47.495,1.8385227272727276,2.74,0.8181818181818182,0.7954545454545454,0.8636363636363636,0.7045454545454546,0.7045454545454546,0.44272727272727275,65.7993125,71.022,87.642,42.556,74.097,2.74,69.079,0.5559999999999974,0.0,0.0,341,3,A,42,SUV,1.08,Pass,NONE,,0.02985,42.556,2.74,0
VH-00343,73.81725,12.305622146987064,111.422,93.67595,36.59492045454545,52.092,39.16319318181818,51.768,1.8183409090909093,2.346,0.8181818181818182,0.7272727272727273,0.8409090909090909,0.7045454545454546,0.7045454545454546,0.44636363636363635,65.6175625,70.9205,88.6125,43.191,71.785,2.346,68.73,1.1910000000000025,0.0,0.0,342,3,A,43,SUV,1.08,Pass,NONE,,0.03145,43.191,2.346,0
VH-00344,74.31222727272727,12.719532702882764,115.224,95.953,36.866431818181816,50.972,38.90690909090909,48.306,1.840784090909091,2.693,0.7727272727272727,0.7727272727272727,0.8409090909090909,0.7045454545454546,0.7045454545454546,0.44636363636363635,65.294125,72.25375,89.081,43.597,80.11,2.693,63.843,1.5970000000000013,0.0,0.0,343,3,A,44,Truck,1.14,Pass,NONE,,0.0569,43.597,2.693,0
VH-00345,74.16877272727272,12.92055822442927,110.956,97.35090000000001,36.37054545454546,48.141,38.959590909090906,47.067,1.8370227272727275,2.662,0.7272727272727273,0.6590909090909091,0.8636363636363636,0.7045454545454546,0.7045454545454546,0.4445454545454545,65.1225625,71.286125,90.07391666666666,42.588,69.552,2.662,63.608,0.588000000000001,0.0,0.0,344,3,A,45,Truck,1.14,Pass,NONE,,0.02646,42.588,2.662,0
VH-00346,72.67284090909091,11.75851367158278,108.751,92.78410000000001,36.269125,46.328,38.906147727272725,47.856,1.8540227272727272,2.759,0.7954545454545454,0.7727272727272727,0.8409090909090909,0.7045454545454546,0.7045454545454546,0.44636363636363635,63.5686875,71.79575,85.98116666666665,43.251,67.326,2.759,56.987,1.2509999999999977,0.0,0.0,345,3,A,46,Compact,0.94,Pass,NONE,,0.03993,43.251,2.759,0
VH-00347,72.68675,11.817165793927188,106.483,95.90345,36.739352272727274,51.981,39.03903409090909,46.663,1.834625,2.391,0.75,0.75,0.8409090909090909,0.7045454545454546,0.7045454545454546,0.4445454545454545,64.191,71.0933125,86.13900000000001,42.458,67.765,2.34,61.106,0.4579999999999984,0.0,0.0,346,3,A,47,Compact,0.94,Pass,NONE,,0.04372,42.458,2.34,0
VH-00348,74.4555,11.753276161772241,110.271,93.4411,36.37460227272727,46.385,38.98134090909091,48.381,1.8302272727272728,2.765,0.8181818181818182,0.6590909090909091,0.7954545454545454,0.7045454545454546,0.7045454545454546,0.44272727272727275,66.1444375,72.238375,88.49308333333333,42.221,70.515,2.765,65.666,0.22099999999999653,0.0,0.0,347,3,A,48,SUV,1.08,Pass,NONE,,0.02783,42.221,2.765,0
VH-00349,71.97686363636363,11.7512102822327,106.242,91.3601,36.26382954545455,47.276,38.931670454545454,48.341,1.8591022727272728,2.838,0.7727272727272727,0.6363636363636364,0.8181818181818182,0.7045454545454546,0.7045454545454546,0.44636363636363635,62.4539375,71.07075,85.88225,41.49,64.952,2.838,60.533,0.0,0.0,0.0,348,3,A,49,Compact,0.94,Fail,LOW_CONFIDENCE_MULTI_CAUSAL,ST-45,0.0269,41.49,2.838,1
VH-00350,72.8756590909091,11.802280183601855,105.528,94.1016,36.13997727272727,46.328,39.12314772727273,48.586,1.8223863636363637,2.706,0.75,0.7272727272727273,0.8181818181818182,0.7045454545454546,0.7045454545454546,0.44636363636363635,63.8710625,71.1035,87.24466666666666,42.343,69.709,2.706,62.129,0.3430000000000035,0.0,0.0,349,3,A,50,SUV,1.08,Pass,NONE,,0.04044,42.343,2.706,0
VH-00351,73.01479545454545,12.207698490934327,111.734,92.0745,36.60011363636364,51.579,39.09861363636364,48.862,1.8291818181818185,2.734,0.8409090909090909,0.7727272727272727,0.7954545454545454,0.7045454545454546,0.7045454545454546,0.44272727272727275,64.7225,70.79725,87.02791666666667,41.219,71.728,2.734,71.235,0.0,0.0,0.0,350,3,A,51,Compact,0.94,Pass,NONE,,0.02857,41.219,2.734,0
VH-00352,73.68070454545455,11.182379229674604,110.278,90.65485000000001,36.2479090909091,48.976,39.01164772727273,47.423,1.871909090909091,2.743,0.75,0.7272727272727273,0.7954545454545454,0.7045454545454546,0.7045454545454546,0.4481818181818182,66.300625,71.2831875,86.71750000000002,42.485,72.216,2.743,60.443,0.48499999999999943,0.0,0.0,351,3,A,52,Sedan,1.0,Fail,LOW_CONFIDENCE_MULTI_CAUSAL,ST-45,0.0341,42.485,2.743,1
VH-00353,74.55420454545455,11.764993573920789,112.284,93.9131,36.59130681818181,48.905,39.03332954545454,48.807,1.842568181818182,2.996,0.8181818181818182,0.7727272727272727,0.8409090909090909,0.7045454545454546,0.7045454545454546,0.44272727272727275,66.557875,72.00806250000001,88.61083333333333,42.275,72.966,2.996,70.789,0.2749999999999986,0.0,0.0,352,3,A,53,Truck,1.14,Pass,NONE,,0.03289,42.275,2.996,0
VH-00354,73.96127272727273,11.302044771496584,111.759,94.5341,36.63077272727273,49.06,39.03427272727273,49.999,1.840943181818182,2.854,0.7954545454545454,0.6590909090909091,0.7954545454545454,0.7045454545454546,0.7045454545454546,0.44636363636363635,66.5031875,71.9833125,86.54266666666666,42.532,78.396,2.854,63.788,0.5319999999999965,0.0,0.0,353,3,A,54,SUV,1.08,Pass,NONE,,0.0297,42.532,2.854,0
VH-00355,74.71268181818182,11.819712645097807,108.241,94.8948,36.754318181818185,50.296,38.91090909090909,47.338,1.8360227272727272,2.398,0.7727272727272727,0.8181818181818182,0.8181818181818182,0.7045454545454546,0.7045454545454546,0.44272727272727275,65.7655625,72.632375,89.41591666666666,40.845,68.196,2.23,66.509,0.0,0.0,0.0,354,3,A,55,Truck,1.14,Pass,NONE,,0.0523,40.845,2.702,0
VH-00356,73.29743181818182,11.965380357024442,106.123,89.61935,36.340295454545455,50.067,38.84526136363636,47.581,1.8400454545454545,3.087,0.8181818181818182,0.8181818181818182,0.8636363636363636,0.7045454545454546,0.7045454545454546,0.44272727272727275,64.5953125,71.6129375,87.14625000000001,42.612,71.44,3.087,60.263,0.6120000000000019,0.0,0.0,355,3,A,56,Sedan,1.0,Pass,NONE,,0.03977,42.612,3.087,0
VH-00357,72.78622727272727,12.756015913821109,111.385,95.3843,36.33859090909091,46.328,38.86889772727273,47.676,1.8158863636363636,2.91,0.7272727272727273,0.6818181818181818,0.7954545454545454,0.7045454545454546,0.7045454545454546,0.4481818181818182,63.4190625,71.1524375,87.45416666666667,43.065,68.021,2.91,61.279,1.0649999999999977,0.0,0.0,356,3,A,57,Compact,0.94,Pass,NONE,,0.0411,43.065,2.91,0
VH-00358,72.5493409090909,12.04088414999648,107.079,92.5655,36.46247727272727,49.126,38.990500000000004,47.425,1.8380568181818182,2.998,0.75,0.7727272727272727,0.7727272727272727,0.7045454545454546,0.7045454545454546,0.4481818181818182,63.53825,70.6048125,87.15683333333334,42.457,67.119,2.998,61.803,0.45700000000000074,0.0,0.0,357,3,A,58,Compact,0.94,Pass,NONE,,0.04042,42.457,2.998,0
VH-00359,71.98818181818181,11.386197154475761,105.439,92.17895,36.440113636363634,46.328,39.00290909090909,48.997,1.846534090909091,3.001,0.75,0.7045454545454546,0.7727272727272727,0.7045454545454546,0.7045454545454546,0.4481818181818182,63.99675,70.2210625,84.99958333333333,43.446,72.65,3.001,65.497,1.445999999999998,0.0,0.0,358,3,A,59,Compact,0.94,Pass,NONE,,0.03082,43.446,3.001,0
VH-00360,73.89681818181818,11.926461209823687,110.332,92.33505000000001,36.39325,48.849,38.95673863636364,49.827,1.860568181818182,3.165,0.7727272727272727,0.6363636363636364,0.7954545454545454,0.7045454545454546,0.7045454545454546,0.4481818181818182,65.705875,71.9009375,87.47925,42.614,69.294,3.165,64.303,0.6139999999999972,0.06499999999999995,0.039909999999999786,359,3,A,60,SUV,1.08,Pass,NONE,,0.04126,42.614,3.165,0
VH-00361,73.28152272727273,12.02774057439937,109.664,94.08680000000001,36.50368181818182,46.834,39.13201136363636,48.486,1.8392840909090908,2.888,0.7954545454545454,0.6818181818181818,0.8636363636363636,0.7045454545454546,0.7045454545454546,0.44272727272727275,65.0111875,71.2916875,86.96175,43.647,72.914,2.888,64.329,1.6469999999999985,0.0,0.0,360,3,A,61,Truck,1.14,Pass,NONE,,0.03475,43.647,2.888,0
VH-00362,72.42227272727273,11.711134968459357,106.59,91.4234,36.48261363636364,46.328,39.097238636363635,47.399,1.8593181818181819,3.207,0.8181818181818182,0.7045454545454546,0.7954545454545454,0.7045454545454546,0.7045454545454546,0.44636363636363635,63.9204375,70.855125,85.84758333333333,42.433,71.197,3.207,59.238,0.43299999999999983,0.10699999999999976,0.04633099999999988,361,3,A,62,Compact,0.94,Pass,NONE,,0.04366,42.433,3.207,0
VH-00363,71.90727272727273,12.214243493149159,104.826,94.72205,36.186181818181815,46.328,38.90501136363636,48.7,1.8580340909090909,3.284,0.75,0.7045454545454546,0.7954545454545454,0.7045454545454546,0.7045454545454546,0.44636363636363635,63.2315,70.33425,85.57233333333333,42.197,70.213,3.284,65.584,0.19700000000000273,0.18399999999999972,0.036248000000000447,362,3,A,63,Compact,0.94,Pass,NONE,,0.02739,42.197,3.284,0
VH-00364,73.26322727272726,12.082845450460088,109.681,94.17385,36.450568181818184,49.078,39.108079545454544,48.471,1.838102272727273,3.037,0.75,0.7954545454545454,0.8181818181818182,0.7045454545454546,0.7045454545454546,0.44272727272727275,64.7654375,71.0328125,87.5675,42.267,69.214,3.037,64.926,0.267000000000003,0.0,0.0,363,3,A,64,Sedan,1.0,Pass,NONE,,0.02619,42.267,3.037,0
VH-00365,73.25177272727272,11.768351930344714,109.682,95.23195,36.45080681818182,49.046,39.11456818181818,48.878,1.8608522727272727,2.908,0.7727272727272727,0.6818181818181818,0.8409090909090909,0.7045454545454546,0.7045454545454546,0.44636363636363635,64.6416875,71.736375,86.75241666666666,42.586,67.642,2.908,63.219,0.5859999999999985,0.0,0.0,364,3,A,65,Sedan,1.0,Pass,NONE,,0.03893,42.586,2.908,0
VH-00366,72.69477272727273,11.652511802010025,111.162,95.18255,36.304875,46.328,38.99165909090909,47.674,1.8349886363636365,3.182,0.8409090909090909,0.75,0.7727272727272727,0.7045454545454546,0.7045454545454546,0.4445454545454545,64.4374375,70.7245625,86.3315,43.621,74.273,3.182,63.532,1.6210000000000022,0.08199999999999985,0.13292199999999993,365,3,A,66,Sedan,1.0,Pass,NONE,,0.04046,43.621,3.182,0
VH-00367,73.72136363636363,11.928988537973876,111.151,94.5064,36.46961363636364,46.403,38.88407954545455,48.727,1.8428522727272727,2.917,0.7954545454545454,0.7272727272727273,0.8181818181818182,0.7045454545454546,0.7045454545454546,0.4445454545454545,66.2970625,70.72425,87.61658333333332,42.907,76.009,2.917,68.148,0.9069999999999965,0.0,0.0,366,3,A,67,SUV,1.08,Pass,NONE,,0.0295,42.907,2.917,0
VH-00368,73.23340909090909,11.809257443363506,107.58,94.55055,36.654318181818184,50.016,39.077602272727276,47.99,1.8725909090909092,3.397,0.7954545454545454,0.6818181818181818,0.7727272727272727,0.7045454545454546,0.7045454545454546,0.44636363636363635,64.9185,70.8219375,87.53525,43.158,73.32,3.397,65.759,1.1580000000000013,0.2969999999999997,0.343926,367,3,A,68,Sedan,1.0,Pass,NONE,,0.04849,43.158,3.397,0
VH-00369,73.06981818181818,11.420814391343653,106.687,92.056,36.247170454545454,47.21,38.91801136363636,48.439,1.8633181818181819,3.35,0.7727272727272727,0.6818181818181818,0.7727272727272727,0.7045454545454546,0.7045454545454546,0.4445454545454545,65.29575,70.4691875,86.90275000000001,41.154,68.567,3.35,63.469,0.0,0.25,0.0,368,3,A,69,Sedan,1.0,Pass,NONE,,0.0258,41.154,3.35,0
VH-00370,74.42884090909091,11.956658450406742,111.774,94.28435,36.43032954545455,47.279,38.98681818181819,48.095,1.8352045454545456,3.554,0.7954545454545454,0.7272727272727273,0.8409090909090909,0.7045454545454546,0.7045454545454546,0.44272727272727275,65.9766875,72.7925,87.88016666666665,43.032,74.803,3.554,64.373,1.0319999999999965,0.45399999999999974,0.4685279999999981,369,3,A,70,Truck,1.14,Pass,NONE,,0.06337,43.032,3.554,0
VH-00371,73.53063636363636,11.78770323031967,108.893,94.30324999999999,36.51602272727273,47.588,39.047318181818184,47.379,1.8663295454545454,3.187,0.7727272727272727,0.7045454545454546,0.7727272727272727,0.7045454545454546,0.7045454545454546,0.4481818181818182,65.9794375,70.021625,88.27758333333333,43.323,70.858,3.187,68.754,1.3230000000000004,0.08699999999999974,0.11510099999999969,370,3,A,71,Truck,1.14,Pass,NONE,,0.04149,43.323,3.187,0
VH-00372,72.98338636363637,12.035293987222726,110.568,89.99235,36.56811363636364,48.65,39.01651136363636,46.868,1.8283068181818185,3.014,0.7727272727272727,0.75,0.8181818181818182,0.7045454545454546,0.7045454545454546,0.4445454545454545,65.261,70.513125,86.57358333333333,45.421,75.061,3.014,57.316,3.4209999999999994,0.0,0.0,371,3,A,72,Sedan,1.0,Pass,NONE,,0.03619,45.421,3.014,0
VH-00373,72.54625,11.627911686621141,109.18,94.37075,36.60463636363637,53.284,39.1285,48.201,1.8416590909090909,3.342,0.7272727272727273,0.7954545454545454,0.8409090909090909,0.7045454545454546,0.7045454545454546,0.44272727272727275,64.88875,69.8454375,86.35733333333333,42.921,73.609,3.342,68.535,0.9209999999999994,0.242,0.22288199999999983,372,3,A,73,Compact,0.94,Pass,NONE,,0.04178,42.921,3.342,0
VH-00374,75.06486363636363,11.782564711906948,102.681,98.95705000000002,36.40498863636364,46.328,38.83146590909091,46.625,1.843659090909091,3.274,0.7272727272727273,0.75,0.8181818181818182,0.7045454545454546,0.7045454545454546,0.44636363636363635,67.5418125,71.8753125,89.34833333333334,43.322,73.64,3.274,64.382,1.3220000000000027,0.17399999999999993,0.2300280000000004,373,3,A,74,Truck,1.14,Pass,NONE,,0.04273,43.322,3.274,0
VH-00375,74.73931818181818,11.984998599553094,109.227,94.84595,36.58081818181818,50.219,39.08526136363636,49.288,1.8569204545454547,3.323,0.75,0.7045454545454546,0.8181818181818182,0.7045454545454546,0.7045454545454546,0.44272727272727275,66.588375,72.5676875,88.50274999999999,43.798,71.957,3.323,69.102,1.7980000000000018,0.22299999999999986,0.40095400000000014,374,3,A,75,Truck,1.14,Pass,NONE,,0.0418,43.798,3.323,0
VH-00376,75.22247727272726,12.30652142581821,114.86,99.14065000000001,36.503420454545456,51.78,38.97727272727273,47.709,1.8596477272727272,3.492,0.75,0.6590909090909091,0.8636363636363636,0.7045454545454546,0.7045454545454546,0.44272727272727275,66.9510625,72.840875,89.42649999999999,45.395,78.504,3.492,67.271,3.395000000000003,0.3919999999999999,1.330840000000001,375,3,B,1,SUV,1.08,Pass,NONE,,0.07529,45.395,3.492,0
VH-00377,72.81434090909092,12.424703359789019,109.466,93.53405000000001,36.78211363636364,48.454,39.334056818181814,48.944,1.8446022727272728,3.24,0.75,0.7045454545454546,0.75,0.7045454545454546,0.7045454545454546,0.45,64.16862499999999,70.6816875,87.18549999999999,44.53,72.901,3.24,61.632,2.530000000000001,0.14000000000000012,0.35420000000000046,376,3,B,2,Compact,0.94,Pass,NONE,,0.03919,44.53,3.24,0
VH-00378,74.40645454545455,12.32590403015846,113.527,95.05900000000001,36.48913636363636,47.957,39.146806818181815,48.682,1.8628409090909093,3.428,0.75,0.6818181818181818,0.8181818181818182,0.7045454545454546,0.7045454545454546,0.4481818181818182,65.79418749999999,71.9321875,89.18849999999999,44.344,69.91,3.428,66.114,2.344000000000001,0.32799999999999985,0.7688320000000001,377,3,B,3,SUV,1.08,Pass,NONE,,0.07278,44.344,3.428,0
VH-00379,72.89345454545455,12.283448374728904,109.859,95.46065,36.12656818181818,47.528,39.09201136363637,48.148,1.8234886363636365,3.167,0.75,0.6590909090909091,0.7954545454545454,0.7045454545454546,0.7045454545454546,0.4481818181818182,65.08375,69.7611875,87.48275,43.605,68.776,3.167,64.462,1.6049999999999969,0.06699999999999973,0.10753499999999935,378,3,B,4,Sedan,1.0,Pass,NONE,,0.04945,43.605,3.167,0
VH-00380,74.53047727272727,11.907873827535074,107.484,94.54865,36.320454545454545,47.086,38.99492045454545,46.625,1.8702727272727273,3.267,0.7727272727272727,0.7045454545454546,0.8863636363636364,0.7045454545454546,0.7045454545454546,0.44272727272727275,65.8965625,72.4556875,88.80874999999999,43.967,72.69,3.267,64.45,1.9669999999999987,0.16699999999999982,0.3284889999999994,379,3,B,5,Truck,1.14,Pass,NONE,,0.04257,43.967,3.267,0
VH-00381,73.44206818181819,11.383729775424849,106.789,92.61005000000002,36.55434090909091,51.321,39.146875,48.099,1.8541704545454545,3.02,0.75,0.7727272727272727,0.7954545454545454,0.7045454545454546,0.7045454545454546,0.44272727272727275,65.2955,71.4069375,87.01766666666667,44.25,75.509,3.02,63.642,2.25,0.0,0.0,380,3,B,6,SUV,1.08,Pass,NONE,,0.04308,44.25,3.02,0
VH-00382,73.63618181818183,12.28646096276015,107.571,93.47930000000001,35.97235227272727,46.822,39.180488636363634,48.238,1.871727272727273,3.412,0.75,0.7272727272727273,0.8409090909090909,0.7045454545454546,0.7045454545454546,0.4445454545454545,64.90712500000001,71.575,88.02316666666667,43.335,70.161,3.412,67.296,1.3350000000000009,0.31199999999999983,0.41652000000000006,381,3,B,7,Sedan,1.0,Pass,NONE,,0.05263,43.335,3.412,0
VH-00383,74.04884090909091,12.094491638649277,110.87,93.99685,36.744068181818186,54.088,39.005852272727275,47.992,1.8504659090909092,3.099,0.7727272727272727,0.7045454545454546,0.7954545454545454,0.7045454545454546,0.7045454545454546,0.44636363636363635,65.9175625,71.0285,88.91766666666666,45.182,71.451,3.099,64.898,3.182000000000002,0.0,0.0,382,3,B,8,Sedan,1.0,Pass,NONE,,0.02427,45.182,3.099,0
VH-00384,73.17604545454546,11.63768689347002,107.288,91.96385,36.57427272727273,46.328,38.873352272727274,46.625,1.8342954545454546,3.174,0.8181818181818182,0.7954545454545454,0.75,0.7045454545454546,0.7045454545454546,0.4445454545454545,64.3261875,71.522875,87.18008333333334,44.901,72.412,3.174,59.695,2.9010000000000034,0.07399999999999984,0.21467399999999978,383,3,B,9,Sedan,1.0,Pass,NONE,,0.03656,44.901,3.174,0
VH-00385,74.32606818181819,12.214216403195099,113.367,95.04129999999999,36.45770454545455,46.753,38.906079545454546,46.625,1.8510340909090912,3.412,0.8181818181818182,0.75,0.8409090909090909,0.7045454545454546,0.7045454545454546,0.44272727272727275,66.248375,71.1176875,89.37416666666667,44.172,71.186,3.412,70.433,2.171999999999997,0.31199999999999983,0.6776639999999987,384,3,B,10,SUV,1.08,Fail,LOW_CONFIDENCE_MULTI_CAUSAL,ST-45,0.09488,44.172,3.412,1
VH-00386,73.83813636363637,11.424727843872436,106.298,95.51815,36.623352272727274,48.092,39.126318181818185,50.031,1.8532727272727272,3.15,0.7954545454545454,0.7045454545454546,0.8636363636363636,0.7045454545454546,0.7045454545454546,0.44636363636363635,65.31756250000001,72.8920625,86.46033333333332,45.238,73.248,3.15,70.68,3.2379999999999995,0.04999999999999982,0.1618999999999994,385,3,B,11,Sedan,1.0,Pass,NONE,,0.03581,45.238,3.15,0
VH-00387,74.23645454545455,12.055223353972545,112.314,95.46300000000001,36.53120454545455,46.328,39.051500000000004,46.625,1.8431477272727272,3.389,0.7954545454545454,0.7272727272727273,0.8636363636363636,0.7045454545454546,0.7045454545454546,0.44090909090909086,66.7066875,71.351125,88.12325,43.186,75.344,3.389,73.79,1.186,0.2889999999999997,0.3427539999999996,386,3,B,12,SUV,1.08,Pass,NONE,,0.05072,43.186,3.389,0
VH-00388,72.79338636363637,11.921420726976175,110.691,92.02565,36.23561363636364,46.857,39.11598863636363,46.95,1.8437045454545455,3.529,0.7272727272727273,0.7045454545454546,0.75,0.7045454545454546,0.7045454545454546,0.4481818181818182,63.9815,71.56875,86.17541666666666,43.31,70.08,3.529,64.499,1.3100000000000023,0.4289999999999998,0.5619900000000008,387,3,B,13,Sedan,1.0,Pass,NONE,,0.04707,43.31,3.529,0
VH-00389,73.34227272727273,12.149700619076688,113.415,95.90855,36.52493181818182,48.482,39.095386363636365,47.911,1.8506136363636365,3.617,0.75,0.7272727272727273,0.8409090909090909,0.7045454545454546,0.7045454545454546,0.44636363636363635,65.7878125,69.918875,87.97941666666667,45.319,70.331,3.617,70.54,3.3190000000000026,0.5169999999999999,1.715923000000001,388,3,B,14,Sedan,1.0,Pass,NONE,,0.09169,45.319,3.617,0
VH-00390,72.93102272727273,11.787619394919037,107.02,91.55315,36.130545454545455,49.033,39.05173863636364,46.709,1.8952954545454546,3.032,0.75,0.6590909090909091,0.7954545454545454,0.7045454545454546,0.7045454545454546,0.44272727272727275,65.164625,70.304,86.78891666666668,44.532,77.187,3.032,61.11,2.5319999999999965,0.0,0.0,389,3,B,15,Compact,0.94,Pass,NONE,,0.03571,44.532,3.032,0
VH-00391,74.35934090909092,11.909280569025821,109.731,94.4604,36.66669318181818,50.006,39.14190909090909,50.164,1.8477954545454545,3.573,0.8181818181818182,0.8181818181818182,0.8181818181818182,0.7045454545454546,0.7045454545454546,0.44272727272727275,65.35793749999999,72.3895,88.98766666666667,46.067,71.866,3.573,68.446,4.067,0.47299999999999986,1.9236909999999996,390,3,B,16,SUV,1.08,Pass,NONE,,0.13403,46.067,3.573,0
VH-00392,73.50193181818182,11.86922850571277,109.901,92.34005,36.171068181818185,46.403,39.11081818181818,47.841,1.832977272727273,3.119,0.75,0.7272727272727273,0.7954545454545454,0.7045454545454546,0.7045454545454546,0.45,65.668625,70.3916875,88.09333333333335,44.338,72.481,3.119,65.321,2.338000000000001,0.019000000000000128,0.044422000000000315,391,3,B,17,SUV,1.08,Pass,NONE,,0.0303,44.338,3.119,0
VH-00393,72.61570454545455,11.649781518221895,110.289,92.67545,35.99431818181818,46.546,39.18756818181818,47.994,1.8330113636363636,3.349,0.7727272727272727,0.7272727272727273,0.7954545454545454,0.7045454545454546,0.7045454545454546,0.44272727272727275,64.36125,70.718625,86.15108333333335,45.095,73.271,3.349,68.054,3.094999999999999,0.2490000000000001,0.7706550000000001,392,3,B,18,Compact,0.94,Pass,NONE,,0.04563,45.095,3.349,0
VH-00394,73.67177272727272,11.69580902649984,111.106,92.76055000000001,36.63934090909091,52.191,39.09610227272727,47.548,1.8403977272727274,3.054,0.8409090909090909,0.6818181818181818,0.8181818181818182,0.7045454545454546,0.7045454545454546,0.4445454545454545,65.469125,71.09049999999999,88.05033333333334,44.347,69.268,3.054,59.208,2.3470000000000013,0.0,0.0,393,3,B,19,SUV,1.08,Pass,NONE,,0.0298,44.347,3.054,0
VH-00395,72.49563636363636,11.413214161339496,103.985,90.68035,36.199045454545455,50.074,39.03240909090909,48.953,1.8613295454545453,3.686,0.7272727272727273,0.6818181818181818,0.8181818181818182,0.7045454545454546,0.7045454545454546,0.4481818181818182,64.057375,70.27856249999999,86.70275,43.242,72.526,3.686,67.372,1.2419999999999973,0.5859999999999999,0.7278119999999982,394,3,B,20,Compact,0.94,Pass,NONE,,0.04406,43.242,3.686,0
VH-00396,74.08615909090909,12.262059284815669,110.108,96.7781,36.589113636363635,49.499,39.10246590909091,46.982,1.866443181818182,3.79,0.8409090909090909,0.6590909090909091,0.7727272727272727,0.7045454545454546,0.7045454545454546,0.44636363636363635,65.16725,72.178125,88.52208333333334,45.038,70.949,3.79,62.975,3.0379999999999967,0.69,2.0962199999999975,395,3,B,21,SUV,1.08,Fail,S12_TEMP_X_S15_VIBRATION,ST-45,0.14731,45.038,3.79,1
VH-00397,74.19886363636364,12.171446935044349,109.328,96.06305,36.55431818181818,47.78,39.14395454545455,47.79,1.859693181818182,3.737,0.7727272727272727,0.7272727272727273,0.8181818181818182,0.7045454545454546,0.7045454545454546,0.4481818181818182,65.8030625,71.421875,89.09591666666667,44.438,71.861,3.737,67.522,2.4380000000000024,0.637,1.5530060000000014,396,3,B,22,SUV,1.08,Pass,NONE,,0.12769,44.438,3.737,0
VH-00398,73.69668181818182,12.229794319844808,109.978,96.84505,36.737261363636364,50.418,38.982136363636364,47.263,1.8557386363636363,3.464,0.7954545454545454,0.6818181818181818,0.8181818181818182,0.7045454545454546,0.7045454545454546,0.4445454545454545,65.3161875,71.1069375,88.32366666666667,44.945,68.918,3.464,62.067,2.9450000000000003,0.3639999999999999,1.0719799999999997,397,3,B,23,Sedan,1.0,Pass,NONE,,0.08064,44.945,3.464,0
VH-00399,74.57695454545454,12.534772206823531,111.074,94.1808,36.332625,53.259,39.13217045454545,49.17,1.8569659090909092,3.739,0.7727272727272727,0.7727272727272727,0.8181818181818182,0.7045454545454546,0.7045454545454546,0.44636363636363635,66.1719375,71.5929375,89.76233333333333,44.917,70.628,3.739,69.544,2.9170000000000016,0.6389999999999998,1.8639630000000005,398,3,B,24,Compact,0.94,Pass,NONE,,0.10291,44.917,3.739,0
VH-00400,73.90597727272727,12.027323471296189,110.617,93.91215000000001,36.97261363636364,50.999,39.100488636363636,49.146,1.886090909090909,3.582,0.7727272727272727,0.7272727272727273,0.7727272727272727,0.7045454545454546,0.7045454545454546,0.4445454545454545,64.9035625,72.478875,87.81200000000001,45.103,74.229,3.582,69.519,3.1030000000000015,0.48199999999999976,1.495646,399,3,B,25,Sedan,1.0,Fail,S12_TEMP_X_S15_VIBRATION,ST-45,0.09015,45.103,3.582,1
VH-00401,73.28381818181818,12.166571912651007,110.091,96.67805000000001,36.547045454545454,51.028,39.01354545454546,46.717,1.8220340909090909,2.23,0.7045454545454546,0.7045454545454546,0.8181818181818182,0.7045454545454546,0.7045454545454546,0.44636363636363635,64.8685,71.0845625,87.43658333333333,44.925,74.134,2.23,68.082,2.924999999999997,0.0,0.0,400,3,B,26,Sedan,1.0,Pass,NONE,,0.14197,44.925,3.866,0
VH-00402,73.34536363636363,11.631234200525936,110.008,93.53395,36.74368181818182,48.597,39.068295454545456,47.333,1.847931818181818,3.657,0.7272727272727273,0.7727272727272727,0.8409090909090909,0.7045454545454546,0.7045454545454546,0.4445454545454545,65.0321875,71.118,87.39941666666665,44.817,73.66,3.657,68.784,2.817,0.5569999999999999,1.5690689999999998,401,3,B,27,Sedan,1.0,Pass,NONE,,0.09469,44.817,3.657,0
VH-00403,73.78306818181818,12.245150281390913,113.605,92.74455,36.36465909090909,47.654,38.944647727272724,49.728,1.8634204545454545,3.598,0.7727272727272727,0.7727272727272727,0.8409090909090909,0.7045454545454546,0.7045454545454546,0.4445454545454545,64.96225,72.78775,86.87124999999999,40.432,72.61,3.598,66.157,0.0,0.4979999999999998,0.0,402,3,B,28,SUV,1.08,Pass,NONE,,0.11262,44.525,3.598,0
VH-00404,75.20743181818182,12.224408302412037,112.991,94.46325,36.908818181818184,51.29,39.11878409090909,47.653,1.859034090909091,3.81,0.7272727272727273,0.7727272727272727,0.8181818181818182,0.7045454545454546,0.7045454545454546,0.4445454545454545,66.1265625,73.210375,89.97800000000001,45.54,73.658,3.81,69.235,3.539999999999999,0.71,2.5133999999999994,403,3,B,29,SUV,1.08,Pass,NONE,,0.21648,45.54,3.81,0
VH-00405,74.0361590909091,12.898545995113361,113.144,97.72579999999999,36.62648863636363,47.195,39.16396590909091,49.427,1.852102272727273,4.01,0.8409090909090909,0.8181818181818182,0.8181818181818182,0.7045454545454546,0.7045454545454546,0.44090909090909086,64.5671875,71.908375,89.49849999999999,40.432,70.859,4.01,66.972,0.0,0.9099999999999997,0.0,404,3,B,30,Compact,0.94,Pass,NONE,,0.2013,44.904,4.01,0
VH-00406,75.43934090909092,11.704553685386792,106.571,97.66265000000001,36.71520454545455,52.067,38.939170454545454,47.939,1.8506363636363636,4.097,0.7727272727272727,0.8181818181818182,0.8181818181818182,0.7045454545454546,0.7045454545454546,0.4445454545454545,66.7173125,72.582625,90.87766666666666,45.246,73.363,4.097,66.175,3.246000000000002,0.9970000000000003,3.236262000000003,405,3,B,31,SUV,1.08,Fail,S12_TEMP_X_S15_VIBRATION,ST-45,0.39457,45.246,4.097,1
VH-00407,75.4345909090909,12.00226453500703,112.692,95.1626,36.74104545454546,50.433,38.92156818181818,47.432,1.856340909090909,3.648,0.75,0.75,0.7954545454545454,0.7045454545454546,0.7045454545454546,0.4445454545454545,66.1505,73.720125,90.09933333333333,40.432,71.131,3.648,71.864,0.0,0.548,0.0,406,3,B,32,SUV,1.08,Pass,NONE,,0.15046,45.631,3.648,0
VH-00408,73.22895454545454,11.609867589242617,111.107,93.1001,36.58082954545455,47.161,39.074011363636366,48.733,1.8503181818181818,3.547,0.75,0.6818181818181818,0.7954545454545454,0.7045454545454546,0.7045454545454546,0.4481818181818182,65.1414375,71.31925,86.55858333333333,44.642,75.662,3.547,66.792,2.642000000000003,0.44700000000000006,1.1809740000000015,407,3,B,33,Compact,0.94,Pass,NONE,,0.10614,44.642,3.547,0
VH-00409,74.14888636363636,12.25981936058718,110.826,96.62729999999999,37.04711363636364,53.002,39.13502272727273,48.746,1.8558863636363638,3.725,0.7727272727272727,0.6590909090909091,0.7954545454545454,0.7045454545454546,0.7045454545454546,0.44636363636363635,65.0400625,72.0640625,89.07375,45.681,74.652,3.725,70.075,3.6809999999999974,0.625,2.3006249999999984,408,3,B,34,Truck,1.14,Pass,NONE,,0.17763,45.681,3.725,0
VH-00410,73.79279545454546,13.281371669458863,114.074,95.7814,36.55504545454546,51.18,39.16386363636364,47.926,1.8805227272727274,3.843,0.75,0.75,0.7954545454545454,0.7045454545454546,0.7045454545454546,0.4481818181818182,64.598125,71.1704375,89.54883333333333,46.093,77.266,3.843,66.701,4.0930000000000035,0.7429999999999999,3.041099000000002,409,3,B,35,Compact,0.94,Fail,S12_TEMP_X_S15_VIBRATION,ST-45,0.27842,46.093,3.843,1
VH-00411,74.34638636363637,12.997497351620853,111.22,97.83380000000001,36.92115909090909,50.504,39.05865909090909,48.582,1.8766363636363637,3.977,0.7954545454545454,0.75,0.8181818181818182,0.7045454545454546,0.7045454545454546,0.44272727272727275,65.6915625,71.177875,90.11083333333333,44.725,76.793,3.977,71.632,2.7250000000000014,0.8769999999999998,2.3898250000000005,410,3,B,36,Sedan,1.0,Pass,NONE,,0.19048,44.725,3.977,0
VH-00412,75.11877272727273,12.688716452145973,111.626,97.66325,36.502818181818185,46.403,39.09531818181818,48.333,1.8661136363636366,3.869,0.7954545454545454,0.7727272727272727,0.7727272727272727,0.7045454545454546,0.7045454545454546,0.4445454545454545,66.8649375,72.122375,90.11908333333334,40.432,69.638,3.869,75.127,0.0,0.7690000000000001,0.0,411,3,B,37,SUV,1.08,Fail,S12_TEMP_X_S15_VIBRATION,ST-45,0.25631,45.494,3.869,1
VH-00413,75.71472727272727,12.841667006478767,110.76,98.18145,36.81340909090909,52.275,39.12676136363637,48.92,1.8687500000000001,4.306,0.7272727272727273,0.75,0.7954545454545454,0.7045454545454546,0.7045454545454546,0.45,66.6334375,72.7945625,91.71666666666665,45.737,75.547,4.306,76.029,3.737000000000002,1.206,4.506822000000002,412,3,B,38,Truck,1.14,Pass,NONE,,0.53211,45.737,4.306,0
VH-00414,74.28745454545455,12.12397124564916,107.178,92.73219999999999,36.73620454545455,47.047,38.82459090909091,46.625,1.8582045454545457,4.033,0.8409090909090909,0.8181818181818182,0.7954545454545454,0.7045454545454546,0.7045454545454546,0.44090909090909086,65.566625,71.671875,89.40266666666666,40.432,71.53,4.033,74.535,0.0,0.9330000000000003,0.0,413,3,B,39,Sedan,1.0,Pass,NONE,,0.20085,45.011,4.033,0
VH-00415,75.68113636363636,12.340353725643196,111.033,96.35015,36.467625,51.858,39.00082954545454,46.625,1.882534090909091,4.181,0.7954545454545454,0.7272727272727273,0.8181818181818182,0.7045454545454546,0.7045454545454546,0.44272727272727275,66.47568749999999,73.327875,91.09275000000001,45.137,75.842,4.181,72.052,3.1370000000000005,1.081,3.3910970000000002,414,3,B,40,SUV,1.08,Fail,S12_TEMP_X_S15_VIBRATION,ST-45,0.39794,45.137,4.181,1
VH-00416,74.15552272727273,13.287748537111844,110.292,94.18435000000001,36.32870454545454,49.095,39.01922727272727,48.681,1.8589886363636365,3.997,0.75,0.7272727272727273,0.8409090909090909,0.7045454545454546,0.7045454545454546,0.44636363636363635,64.158,72.5104375,89.67900000000002,45.632,75.897,3.997,65.863,3.631999999999998,0.8969999999999998,3.2579039999999972,415,3,B,41,Sedan,1.0,Pass,NONE,,0.35597,45.632,3.997,0
VH-00417,73.10125,12.367819369610086,109.658,92.81705,36.554272727272725,50.484,39.19385227272728,47.978,1.8749886363636363,3.907,0.75,0.7272727272727273,0.7954545454545454,0.7045454545454546,0.7045454545454546,0.44636363636363635,64.5846875,70.470625,87.96416666666666,45.647,72.032,3.907,66.641,3.6469999999999985,0.8069999999999999,2.9431289999999986,416,3,B,42,Compact,0.94,Pass,NONE,,0.24032,45.647,3.907,0
VH-00418,74.19190909090909,13.12844370382745,113.443,97.3217,36.262215909090905,48.845,39.08965909090909,47.66,1.839443181818182,3.953,0.7727272727272727,0.7272727272727273,0.7954545454545454,0.7045454545454546,0.7045454545454546,0.4445454545454545,64.73887500000001,71.13025,90.87816666666667,45.709,75.85,3.953,63.81,3.709000000000003,0.8529999999999998,3.163777000000002,417,3,B,43,SUV,1.08,Fail,S12_TEMP_X_S15_VIBRATION,ST-45,0.41378,45.709,3.953,1
VH-00419,75.16793181818183,12.303616719915807,108.427,99.4073,36.57778409090909,46.923,38.88078409090909,46.625,1.886477272727273,3.964,0.7272727272727273,0.7272727272727273,0.7954545454545454,0.7045454545454546,0.7045454545454546,0.44636363636363635,66.1719375,72.758375,90.37533333333333,45.655,76.959,3.964,64.748,3.655000000000001,0.8639999999999999,3.1579200000000007,418,3,B,44,Truck,1.14,Fail,S12_TEMP_X_S15_VIBRATION,ST-45,0.28388,45.655,3.964,1
VH-00420,73.90302272727273,12.502868987014468,108.252,97.05105,36.498590909090915,50.864,39.13705681818182,48.433,1.8654318181818184,3.985,0.7954545454545454,0.75,0.8636363636363636,0.7045454545454546,0.7045454545454546,0.44090909090909086,64.437125,72.4339375,88.483,45.17,77.088,3.985,66.336,3.1700000000000017,0.8849999999999998,2.805450000000001,419,3,B,45,Sedan,1.0,Fail,S12_TEMP_X_S15_VIBRATION,ST-45,0.21667,45.17,3.985,1
VH-00421,73.43027272727274,12.878244222310414,107.334,98.69525000000002,36.569863636363635,52.428,38.93898863636363,48.08,1.8699659090909093,4.111,0.7954545454545454,0.7045454545454546,0.8181818181818182,0.7045454545454546,0.7045454545454546,0.44636363636363635,63.913000000000004,71.434875,88.7805,45.288,71.183,4.111,69.504,3.2879999999999967,1.0109999999999997,3.324167999999996,420,3,B,46,Compact,0.94,Pass,NONE,,0.40538,45.288,4.111,0
VH-00422,74.18290909090909,12.781746568461621,109.843,94.6637,36.851625000000006,55.125,39.102636363636364,48.235,1.8733181818181819,4.067,0.8181818181818182,0.7727272727272727,0.8409090909090909,0.7045454545454546,0.7045454545454546,0.4390909090909091,64.258125,72.49575,89.6655,45.839,75.301,4.067,67.463,3.8389999999999986,0.9670000000000001,3.712312999999999,421,3,B,47,Sedan,1.0,Pass,NONE,,0.4441,45.839,4.067,0
VH-00423,74.08702272727272,12.457539737114915,109.73,95.8636,36.39120454545454,46.403,39.15231818181818,47.213,1.8724886363636364,4.259,0.7727272727272727,0.7045454545454546,0.8636363636363636,0.7045454545454546,0.7045454545454546,0.44272727272727275,65.4241875,71.216625,89.46466666666667,45.71,71.053,4.259,70.208,3.710000000000001,1.1590000000000003,4.299890000000002,422,3,B,48,Compact,0.94,Pass,NONE,,0.54638,45.71,4.259,0
VH-00424,75.80168181818182,12.23872141971657,113.697,95.90185000000001,36.18442045454546,48.421,39.165386363636365,48.25,1.8566704545454547,4.063,0.8181818181818182,0.6363636363636364,0.8863636363636364,0.7045454545454546,0.7045454545454546,0.44090909090909086,67.793375,72.9598125,90.26858333333332,45.371,78.371,4.063,72.513,3.371000000000002,0.9629999999999996,3.246273000000001,423,3,B,49,Truck,1.14,Pass,NONE,,0.30041,45.371,4.063,0
VH-00425,74.73779545454546,12.309739525666108,112.267,96.53160000000001,36.444545454545455,49.174,39.140738636363636,49.92,1.862852272727273,3.897,0.7954545454545454,0.7272727272727273,0.8636363636363636,0.7045454545454546,0.7045454545454546,0.4445454545454545,65.63425000000001,73.3114375,88.77766666666668,45.158,73.809,3.897,67.653,3.1580000000000013,0.7969999999999997,2.516926,424,3,B,50,Truck,1.14,Pass,NONE,,0.2629,45.158,3.897,0
VH-00426,74.32547727272727,12.39278691274032,110.411,97.70085000000002,37.028375,50.891,39.017886363636364,46.625,1.868840909090909,4.149,0.7954545454545454,0.8181818181818182,0.8409090909090909,0.7045454545454546,0.7045454545454546,0.4445454545454545,65.9456875,71.6075,89.1225,46.482,75.021,4.149,73.597,4.481999999999999,1.049,4.701617999999999,425,3,B,51,Sedan,1.0,Fail,S12_TEMP_X_S15_VIBRATION,ST-45,0.62003,46.482,4.149,1
VH-00427,76.11911363636364,12.89093738489196,112.321,100.3392,36.52589772727273,46.862,39.01822727272727,47.435,1.8528409090909093,4.134,0.7727272727272727,0.7272727272727273,0.8636363636363636,0.7045454545454546,0.7045454545454546,0.44636363636363635,67.1146875,73.272625,91.92033333333335,46.372,80.727,4.134,69.165,4.372,1.0340000000000003,4.520648000000001,426,3,B,52,Truck,1.14,Fail,S12_TEMP_X_S15_VIBRATION,ST-45,0.63201,46.372,4.134,1
VH-00428,74.71063636363637,12.27350976146161,110.518,96.52435,35.994125000000004,46.328,39.147113636363635,47.919,1.8783181818181818,3.989,0.7727272727272727,0.6590909090909091,0.8181818181818182,0.7045454545454546,0.7045454545454546,0.4445454545454545,65.9561875,72.5328125,89.28699999999999,44.934,74.839,3.989,70.565,2.9339999999999975,0.8889999999999998,2.6083259999999973,427,3,B,53,Truck,1.14,Pass,NONE,,0.22852,44.934,3.989,0
VH-00429,75.87293181818183,11.210252602588755,105.394,95.8101,36.80834090909091,48.906,38.94822727272727,46.625,1.8580340909090909,4.119,0.7954545454545454,0.7727272727272727,0.8181818181818182,0.7045454545454546,0.7045454545454546,0.4445454545454545,67.083,73.7088125,90.47833333333334,45.179,74.065,4.119,67.159,3.179000000000002,1.0189999999999997,3.239401000000001,428,3,B,54,Truck,1.14,Fail,S12_TEMP_X_S15_VIBRATION,ST-45,0.40748,45.179,4.119,1
VH-00430,75.26504545454544,13.204501542073828,107.832,98.34765,36.44590909090909,47.412,39.16646590909091,47.747,1.8578409090909092,4.1,0.7272727272727273,0.8636363636363636,0.75,0.7045454545454546,0.7045454545454546,0.44272727272727275,66.1560625,71.5733125,92.33266666666667,47.747,78.563,4.1,68.689,5.747,0.9999999999999996,5.746999999999997,429,3,B,55,Compact,0.94,Fail,S12_TEMP_X_S15_VIBRATION,ST-45,0.85182,47.747,4.1,1
VH-00431,74.16125,12.815248261575507,108.673,97.06625000000001,36.43877272727273,57.688,38.97526136363636,47.708,1.870875,4.166,0.75,0.7272727272727273,0.8409090909090909,0.7045454545454546,0.7045454545454546,0.4481818181818182,64.67275,71.5749375,90.26100000000001,46.18,78.357,4.166,70.14,4.18,1.0660000000000003,4.4558800000000005,430,3,B,56,Compact,0.94,Fail,S12_TEMP_X_S15_VIBRATION,ST-45,0.54297,46.18,4.166,1
VH-00432,74.49479545454545,12.650998751968336,112.007,98.03225,36.52103409090909,50.214,39.08504545454545,48.775,1.8660113636363638,4.173,0.8409090909090909,0.75,0.7727272727272727,0.7045454545454546,0.7045454545454546,0.4445454545454545,66.3451875,71.01225,90.00433333333332,46.957,71.292,4.173,69.429,4.957000000000001,1.073,5.318861000000001,431,3,B,57,Compact,0.94,Fail,S12_TEMP_X_S15_VIBRATION,ST-45,0.70121,46.957,4.173,1
VH-00433,74.87325,12.923213590055143,110.841,95.018,36.25573863636364,50.107,38.83446590909091,46.625,1.8228636363636364,2.23,0.7727272727272727,0.8181818181818182,0.8409090909090909,0.7045454545454546,0.7045454545454546,0.44272727272727275,65.5170625,72.2460625,90.85108333333334,45.78,75.023,2.23,74.322,3.780000000000001,0.0,0.0,432,3,B,58,Compact,0.94,Pass,NONE,,0.57997,45.78,4.419,0
VH-00434,74.09911363636364,12.557247167617868,112.131,96.10755,36.437954545454545,47.526,39.23828409090909,46.625,1.866409090909091,4.284,0.7727272727272727,0.75,0.8409090909090909,0.7045454545454546,0.7045454545454546,0.44272727272727275,64.429,71.90275,89.92108333333334,45.562,70.042,4.284,66.254,3.5619999999999976,1.1839999999999997,4.217407999999996,433,3,B,59,Compact,0.94,Pass,NONE,,0.46612,45.562,4.284,0
VH-00435,75.13163636363636,13.16602277727295,117.163,97.5912,36.71943181818182,49.372,39.070784090909086,47.479,1.881693181818182,4.252,0.7272727272727273,0.6818181818181818,0.8409090909090909,0.7045454545454546,0.7045454545454546,0.4481818181818182,65.5691875,72.1093125,91.91133333333333,46.843,71.456,4.252,64.895,4.8430000000000035,1.1519999999999997,5.579136000000003,434,3,B,60,Compact,0.94,Fail,S12_TEMP_X_S15_VIBRATION,ST-45,0.70823,46.843,4.252,1
VH-00436,75.55454545454546,14.523135173816831,116.764,99.39375,36.80892045454545,55.045,39.05829545454546,47.442,1.8861590909090908,4.639,0.7727272727272727,0.8409090909090909,0.8181818181818182,0.7045454545454546,0.7045454545454546,0.4445454545454545,65.1530625,72.0846875,94.04966666666667,47.442,72.564,4.639,69.612,5.442,1.5390000000000001,8.375238000000001,435,3,B,61,Sedan,1.0,Fail,S12_TEMP_X_S15_VIBRATION,ST-45,0.97322,47.442,4.639,1
VH-00437,76.31095454545454,13.82797625468786,115.787,100.1482,36.89511363636364,53.027,38.96039772727273,47.016,1.873409090909091,4.678,0.7272727272727273,0.6818181818181818,0.8181818181818182,0.7045454545454546,0.7045454545454546,0.45,67.0085625,72.8378125,93.34500000000001,46.735,75.329,4.678,73.207,4.734999999999999,1.5779999999999998,7.471829999999998,436,3,B,62,SUV,1.08,Fail,S12_TEMP_X_S15_VIBRATION,ST-45,0.93966,46.735,4.678,1
VH-00438,73.74336363636364,12.956223346314204,111.776,96.03135,36.23882954545454,49.29,39.07043181818182,46.856,1.8530113636363637,4.246,0.7954545454545454,0.75,0.7954545454545454,0.7045454545454546,0.7045454545454546,0.4481818181818182,65.4054375,69.879,90.01308333333333,46.625,76.595,4.246,66.931,4.625,1.1460000000000004,5.300250000000002,437,3,B,63,Compact,0.94,Pass,NONE,,0.68445,46.625,4.246,0
VH-00439,73.92154545454545,13.2401830477309,112.537,100.63695000000001,36.76398863636364,54.73,38.764863636363636,47.776,1.890965909090909,4.587,0.75,0.6363636363636364,0.8636363636363636,0.7045454545454546,0.7045454545454546,0.44272727272727275,64.061125,71.535375,90.25033333333333,44.962,68.828,4.587,70.606,2.9620000000000033,1.4869999999999997,4.404494000000004,438,3,B,64,Compact,0.94,Pass,NONE,,0.43339,44.962,4.587,0
VH-00440,74.11386363636363,12.405781976404741,107.815,99.05890000000001,36.50627272727273,46.328,38.97393181818182,47.256,1.877011363636364,4.11,0.7272727272727273,0.7045454545454546,0.7727272727272727,0.7045454545454546,0.7045454545454546,0.45,65.02674999999999,71.4153125,89.82808333333332,44.957,71.375,4.11,68.762,2.9570000000000007,1.0100000000000002,2.9865700000000013,439,3,B,65,SUV,1.08,Fail,S12_TEMP_X_S15_VIBRATION,ST-45,0.34841,44.957,4.11,1
VH-00441,75.19520454545454,13.956567298986581,112.196,101.36545,36.700295454545454,51.065,39.07685227272727,49.017,1.876193181818182,4.496,0.7272727272727273,0.7727272727272727,0.7727272727272727,0.7045454545454546,0.7045454545454546,0.44636363636363635,65.88175,70.710125,93.59325,45.676,75.702,4.496,71.251,3.676000000000002,1.3960000000000004,5.131696000000004,440,3,B,66,Truck,1.14,Fail,S12_TEMP_X_S15_VIBRATION,ST-45,0.75669,45.676,4.496,1
VH-00442,74.3118409090909,13.699061875779202,117.529,95.28365,36.38888636363637,48.053,38.99378409090909,47.412,1.8860568181818183,4.637,0.75,0.75,0.8181818181818182,0.7045454545454546,0.7045454545454546,0.44636363636363635,64.44862499999999,71.527125,91.17575,45.226,72.068,4.637,71.208,3.225999999999999,1.5369999999999995,4.958361999999997,441,3,B,67,Compact,0.94,Fail,S12_TEMP_X_S15_VIBRATION,ST-45,0.61334,45.226,4.637,1
VH-00443,74.62945454545455,12.684100333762567,108.142,96.988,36.768795454545455,49.501,39.13392045454545,49.092,1.8536363636363637,4.261,0.75,0.75,0.8181818181818182,0.7045454545454546,0.7045454545454546,0.44272727272727275,65.3538125,71.7321875,90.86,46.244,75.747,4.261,67.303,4.244,1.161,4.927284,442,3,B,68,Sedan,1.0,Fail,S12_TEMP_X_S15_VIBRATION,ST-45,0.77873,46.244,4.261,1
VH-00444,75.56936363636363,12.673018705916418,110.123,97.39625000000001,36.52225,48.901,39.14718181818182,47.193,1.8745000000000003,4.219,0.7954545454545454,0.7727272727272727,0.8409090909090909,0.7045454545454546,0.7045454545454546,0.44272727272727275,66.833,72.6669375,91.08775000000001,46.092,76.493,4.219,71.049,4.091999999999999,1.1190000000000002,4.578948,443,3,B,69,SUV,1.08,Fail,S12_TEMP_X_S15_VIBRATION,ST-45,0.55012,46.092,4.219,1
VH-00445,75.15352272727273,12.474503042697219,112.781,95.11630000000001,36.67168181818182,51.855,39.11504545454545,48.108,1.8773863636363637,4.438,0.7272727272727273,0.7272727272727273,0.8181818181818182,0.7045454545454546,0.7045454545454546,0.4445454545454545,66.2098125,72.97975,89.97683333333333,44.84,70.992,4.438,72.9,2.8400000000000034,1.3379999999999996,3.7999200000000037,444,3,B,70,SUV,1.08,Fail,S12_TEMP_X_S15_VIBRATION,ST-45,0.47568,44.84,4.438,1
VH-00446,74.9398409090909,12.997719055608181,115.549,98.46260000000001,36.62745454545455,54.093,38.764227272727275,46.773,1.8587954545454546,4.416,0.8409090909090909,0.6818181818181818,0.8409090909090909,0.7045454545454546,0.7045454545454546,0.44272727272727275,66.446375,71.2895,91.13158333333332,44.59,72.287,4.416,74.523,2.5900000000000034,1.3160000000000003,3.408440000000005,445,3,B,71,SUV,1.08,Fail,S12_TEMP_X_S15_VIBRATION,ST-45,0.35083,44.59,4.416,1
VH-00447,75.70109090909091,12.539637001567405,113.474,99.03435,36.86690909090909,48.071,39.278068181818185,49.421,1.892465909090909,4.299,0.7727272727272727,0.7272727272727273,0.8181818181818182,0.7045454545454546,0.7045454545454546,0.44272727272727275,67.4470625,72.3131875,91.22366666666666,45.211,75.578,4.299,72.217,3.2109999999999985,1.1990000000000003,3.849988999999999,446,3,B,72,SUV,1.08,Fail,S12_TEMP_X_S15_VIBRATION,ST-45,0.4807,45.211,4.299,1
VH-00448,74.39347727272728,12.973991830686778,113.529,98.34060000000001,36.47842045454546,48.249,39.185886363636364,49.107,1.8942954545454547,4.468,0.7727272727272727,0.75,0.7727272727272727,0.7045454545454546,0.7045454545454546,0.4481818181818182,64.54975,72.4383125,90.12533333333333,45.856,72.957,4.468,69.487,3.8560000000000016,1.3679999999999999,5.2750080000000015,447,3,B,73,Compact,0.94,Fail,S12_TEMP_X_S15_VIBRATION,ST-45,0.69,45.856,4.468,1
VH-00449,74.46434090909091,12.93298487812549,112.354,94.9556,36.86268181818182,49.911,39.291579545454546,50.77,1.8611022727272728,4.454,0.7727272727272727,0.7045454545454546,0.7954545454545454,0.7045454545454546,0.7045454545454546,0.4481818181818182,66.2765,70.5294375,90.628,44.825,72.219,4.454,72.998,2.825000000000003,1.3539999999999996,3.8250500000000027,448,3,B,74,Compact,0.94,Fail,S12_TEMP_X_S15_VIBRATION,ST-45,0.38093,44.825,4.454,1
VH-00450,73.68865909090908,13.288403209483919,112.952,95.45925,36.936136363636365,51.639,39.061977272727276,49.183,1.8850909090909092,4.42,0.8409090909090909,0.6818181818181818,0.8181818181818182,0.7045454545454546,0.7045454545454546,0.44272727272727275,64.704875,69.96543750000001,90.63133333333333,46.103,71.235,4.42,72.471,4.1030000000000015,1.3199999999999998,5.415960000000001,449,3,B,75,Compact,0.94,Fail,S12_TEMP_X_S15_VIBRATION,ST-45,0.73881,46.103,4.42,1
VH-00451,74.43106818181819,13.057007321915139,111.772,95.2686,36.66488636363636,47.352,38.875693181818185,46.625,1.8622727272727273,4.148,0.8181818181818182,0.7954545454545454,0.8863636363636364,0.7045454545454546,0.7045454545454546,0.4390909090909091,65.957875,70.702875,90.69958333333334,40.432,74.416,4.148,68.992,0.0,1.0479999999999996,0.0,450,4,A,1,Sedan,1.0,Pass,NONE,,0.2596,44.832,4.148,0
VH-00452,75.50075,12.912005974475221,109.789,97.50125,36.55370454545454,48.364,39.00354545454545,46.732,1.8668863636363637,4.61,0.75,0.6590909090909091,0.8181818181818182,0.7045454545454546,0.7045454545454546,0.4445454545454545,66.5554375,72.17037499999999,91.86833333333334,45.226,73.551,4.61,71.074,3.225999999999999,1.5100000000000002,4.8712599999999995,451,4,A,2,SUV,1.08,Pass,NONE,,0.76277,45.226,4.61,0
VH-00453,75.03752272727273,12.379253752330465,111.465,96.86735000000002,36.484215909090906,47.008,39.07846590909091,46.684,1.8997727272727274,4.71,0.7727272727272727,0.7727272727272727,0.75,0.7045454545454546,0.7045454545454546,0.4481818181818182,65.8440625,72.7856875,90.29791666666667,44.371,74.417,4.71,74.909,2.371000000000002,1.6099999999999999,3.817310000000003,452,4,A,3,SUV,1.08,Pass,NONE,,0.47525,44.371,4.71,0
VH-00454,73.59129545454545,12.776756913875204,110.904,96.112,36.90615909090909,47.98,39.12357954545455,48.303,1.8736590909090909,4.447,0.7727272727272727,0.7954545454545454,0.7954545454545454,0.7045454545454546,0.7045454545454546,0.4445454545454545,65.0780625,69.588875,90.27883333333334,43.79,71.154,4.447,66.92,1.7899999999999991,1.347,2.4111299999999987,453,4,A,4,SUV,1.08,Pass,NONE,,0.20081,43.79,4.447,0
VH-00455,73.88222727272728,13.013680511629817,112.641,97.75185,36.10219318181818,46.328,39.023295454545455,46.86,1.850068181818182,4.391,0.75,0.6136363636363636,0.7727272727272727,0.7045454545454546,0.7045454545454546,0.45,65.0276875,70.3104375,90.45066666666666,44.598,70.79,4.391,73.328,2.597999999999999,1.291,3.3540179999999986,454,4,A,5,Compact,0.94,Pass,NONE,,0.33821,44.598,4.391,0
VH-00456,74.37243181818182,12.509312819967418,111.636,98.0472,36.61602272727273,48.34,39.00989772727273,49.06,1.8734318181818181,3.97,0.7954545454545454,0.7045454545454546,0.7727272727272727,0.7045454545454546,0.7045454545454546,0.4445454545454545,66.411375,70.7321875,89.84083333333332,44.333,70.652,3.97,71.522,2.3329999999999984,0.8700000000000001,2.029709999999999,455,4,A,6,SUV,1.08,Pass,NONE,,0.1742,44.333,3.97,0
VH-00457,73.58634090909091,11.816629840527929,111.664,93.48590000000002,36.200193181818186,49.321,39.00018181818182,47.835,1.8698636363636363,4.239,0.8181818181818182,0.7272727272727273,0.8863636363636364,0.7045454545454546,0.7045454545454546,0.4445454545454545,64.52550000000001,71.8413125,87.99416666666667,43.353,69.855,4.239,71.527,1.3530000000000015,1.1389999999999998,1.5410670000000015,456,4,A,7,Sedan,1.0,Pass,NONE,,0.08465,43.353,4.239,0
VH-00458,74.19363636363636,12.311472896771907,109.11,97.10230000000001,36.40225,50.2,39.18931818181818,48.387,1.8584886363636364,3.991,0.8181818181818182,0.7272727272727273,0.8636363636363636,0.7045454545454546,0.7045454545454546,0.4445454545454545,66.444125,70.8521875,88.98158333333333,44.642,72.126,3.991,72.274,2.642000000000003,0.891,2.3540220000000027,457,4,A,8,Sedan,1.0,Pass,NONE,,0.20169,44.642,3.991,0
VH-00459,73.37068181818182,11.458569348933265,104.747,91.97765,36.64627272727273,52.847,39.013977272727274,47.305,1.8647613636363638,4.272,0.7727272727272727,0.7272727272727273,0.8181818181818182,0.7045454545454546,0.7045454545454546,0.44636363636363635,65.479,70.7754375,87.35325,44.837,75.411,4.272,68.984,2.8370000000000033,1.1720000000000002,3.3249640000000045,458,4,A,9,Compact,0.94,Pass,NONE,,0.26967,44.837,4.272,0
VH-00460,73.78697727272727,12.114063617343804,109.047,93.97375,36.70711363636364,49.906,38.89363636363636,46.935,1.893977272727273,4.28,0.7045454545454546,0.75,0.8863636363636364,0.7045454545454546,0.7045454545454546,0.4445454545454545,65.9225625,70.760125,88.30866666666667,42.528,65.967,4.28,72.617,0.5279999999999987,1.1800000000000002,0.6230399999999986,459,4,A,10,Sedan,1.0,Pass,NONE,,0.04573,42.528,4.28,0
VH-00461,73.32461363636364,13.334073948218297,108.05,94.90065,36.63606818181818,48.887,38.94977272727272,48.038,1.8630909090909091,4.54,0.7272727272727273,0.7727272727272727,0.8409090909090909,0.7045454545454546,0.7045454545454546,0.4445454545454545,64.126,69.8110625,90.27416666666666,44.026,75.283,4.54,72.01,2.0260000000000034,1.44,2.917440000000005,460,4,A,11,Compact,0.94,Pass,NONE,,0.24354,44.026,4.54,0
VH-00462,72.45668181818182,11.33913116882629,102.132,91.2656,36.438863636363635,47.006,39.032886363636365,47.731,1.8711931818181817,4.236,0.7727272727272727,0.7045454545454546,0.75,0.7045454545454546,0.7045454545454546,0.44636363636363635,63.8454375,71.6053125,85.07350000000001,42.51,70.804,4.236,70.303,0.509999999999998,1.1359999999999997,0.5793599999999975,461,4,A,12,Sedan,1.0,Pass,NONE,,0.06574,42.51,4.236,0
VH-00463,73.54813636363636,11.747219874151936,106.332,95.91915,36.784,51.536,39.03330681818182,47.277,1.86675,4.678,0.7954545454545454,0.75,0.8636363636363636,0.7045454545454546,0.7045454545454546,0.4445454545454545,65.56125,70.546125,88.2,43.472,65.267,4.678,77.759,1.4720000000000013,1.5779999999999998,2.3228160000000018,462,4,A,13,Compact,0.94,Pass,NONE,,0.14617,43.472,4.678,0
VH-00464,75.03284090909091,13.475605106046308,111.969,97.35445,36.48528409090909,46.328,39.462329545454544,50.688,1.8564204545454546,2.351,0.7727272727272727,0.7727272727272727,0.8409090909090909,0.7045454545454546,0.7045454545454546,0.44272727272727275,65.19325,72.03875,92.14441666666666,45.921,67.026,2.23,73.52,3.9209999999999994,0.0,0.0,463,4,A,14,Sedan,1.0,Fail,S12_TEMP_X_S15_VIBRATION,ST-45,0.82015,45.921,4.657,1
VH-00465,74.06104545454546,12.618684170068299,112.886,93.4594,36.468840909090915,46.328,39.018556818181814,46.816,1.8634204545454545,4.628,0.7727272727272727,0.8181818181818182,0.7727272727272727,0.7045454545454546,0.7045454545454546,0.44272727272727275,64.63368750000001,71.67775,89.80858333333333,43.925,72.45,4.628,69.045,1.9249999999999972,1.528,2.941399999999996,464,4,A,15,Sedan,1.0,Fail,S12_TEMP_X_S15_VIBRATION,ST-45,0.32905,43.925,4.628,1
VH-00466,74.74279545454546,12.620530948510233,110.548,96.7151,36.90013636363636,47.897,38.974284090909094,46.9,1.8877272727272727,4.471,0.7954545454545454,0.7045454545454546,0.8181818181818182,0.7045454545454546,0.7045454545454546,0.44272727272727275,65.98375,72.03218749999999,90.03566666666667,43.878,74.321,4.471,72.117,1.8780000000000001,1.371,2.574738,465,4,A,16,SUV,1.08,Pass,NONE,,0.26757,43.878,4.471,0
VH-00467,72.44015909090909,11.51597682886427,106.212,92.13080000000001,36.624545454545455,48.476,38.980886363636365,49.25,1.886215909090909,4.507,0.7727272727272727,0.75,0.8181818181818182,0.7045454545454546,0.7045454545454546,0.4445454545454545,64.9459375,69.7619375,86.00341666666667,43.247,74.095,4.507,71.166,1.2469999999999999,1.4069999999999996,1.7545289999999993,466,4,A,17,Compact,0.94,Fail,S12_TEMP_X_S15_VIBRATION,ST-45,0.09153,43.247,4.507,1
VH-00468,73.14627272727273,12.716371887075406,111.325,95.5219,36.724931818181815,48.243,39.02521590909091,47.861,1.835477272727273,4.051,0.7272727272727273,0.75,0.7727272727272727,0.7045454545454546,0.7045454545454546,0.45,64.24375,70.6963125,88.28291666666667,44.932,69.847,4.051,67.826,2.932000000000002,0.9510000000000001,2.7883320000000023,467,4,A,18,Compact,0.94,Fail,S12_TEMP_X_S15_VIBRATION,ST-45,0.25205,44.932,4.051,1
VH-00469,74.12054545454545,12.807347463249272,112.18,98.12365000000001,36.899409090909096,51.082,39.05703409090909,47.489,1.8810909090909091,4.67,0.7272727272727273,0.75,0.7954545454545454,0.7045454545454546,0.7045454545454546,0.45,65.2994375,71.7151875,89.08916666666666,44.471,71.76,4.67,70.645,2.4709999999999965,1.5699999999999998,3.879469999999994,468,4,A,19,Sedan,1.0,Pass,NONE,,0.41115,44.471,4.67,0
VH-00470,73.71286363636364,12.540942792330544,109.011,96.13515000000001,36.306613636363636,49.324,38.956,49.444,1.8826363636363637,4.71,0.7954545454545454,0.7727272727272727,0.8636363636363636,0.7045454545454546,0.7045454545454546,0.4445454545454545,65.6686875,70.2563125,89.04716666666667,43.344,75.333,4.71,76.856,1.3440000000000012,1.6099999999999999,2.1638400000000018,469,4,A,20,Compact,0.94,Fail,S12_TEMP_X_S15_VIBRATION,ST-45,0.16676,43.344,4.71,1
VH-00471,73.80588636363636,12.224990099802731,110.597,95.00665000000001,36.57898863636364,47.723,39.130874999999996,48.359,1.889568181818182,4.544,0.7727272727272727,0.75,0.8409090909090909,0.7045454545454546,0.7045454545454546,0.44272727272727275,65.52575,71.2489375,88.25533333333334,43.853,74.405,4.544,71.572,1.8530000000000015,1.4439999999999995,2.6757320000000013,470,4,A,21,Sedan,1.0,Fail,S12_TEMP_X_S15_VIBRATION,ST-45,0.26131,43.853,4.544,1
VH-00472,74.30479545454546,12.116901410608136,111.601,95.23685000000002,36.185784090909095,46.328,38.907636363636364,47.392,1.8809318181818184,4.116,0.7954545454545454,0.7727272727272727,0.8181818181818182,0.7045454545454546,0.7045454545454546,0.44272727272727275,66.6845,71.038125,88.82074999999999,43.549,73.115,4.116,69.923,1.5489999999999995,1.0159999999999996,1.5737839999999987,471,4,A,22,SUV,1.08,Fail,S12_TEMP_X_S15_VIBRATION,ST-45,0.11139,43.549,4.116,1
VH-00473,74.32052272727273,11.476276457329394,108.891,94.58615,36.56667045454546,53.909,38.90571590909091,46.625,1.8895227272727275,4.844,0.7727272727272727,0.7272727272727273,0.7727272727272727,0.7045454545454546,0.7045454545454546,0.4445454545454545,66.331375,71.7050625,88.46,43.629,73.393,4.844,71.857,1.6289999999999978,1.7440000000000002,2.8409759999999964,472,4,A,23,Sedan,1.0,Fail,S12_TEMP_X_S15_VIBRATION,ST-45,0.24293,43.629,4.844,1
VH-00474,73.98847727272727,12.645959931174335,110.627,96.83744999999999,36.96856818181818,49.592,39.15089772727273,49.733,1.8282045454545455,2.23,0.7045454545454546,0.6818181818181818,0.8409090909090909,0.7045454545454546,0.7045454545454546,0.44636363636363635,64.52175,71.781,89.55408333333332,43.943,71.16,2.23,69.75,1.9429999999999978,0.0,0.0,473,4,A,24,Sedan,1.0,Pass,NONE,,0.25979,43.943,4.583,0
VH-00475,74.69990909090909,12.783969550961682,112.1,92.2058,36.66655681818182,50.471,39.27405681818182,49.034,1.8718522727272728,4.566,0.7727272727272727,0.7727272727272727,0.8409090909090909,0.7045454545454546,0.7045454545454546,0.44272727272727275,65.8660625,71.864375,90.25908333333332,44.242,75.164,4.566,72.242,2.2419999999999973,1.4659999999999997,3.2867719999999956,474,4,A,25,Sedan,1.0,Fail,S12_TEMP_X_S15_VIBRATION,ST-45,0.28137,44.242,4.566,1
VH-00476,73.21422727272727,12.613464077729368,109.9,95.60215,36.44857954545454,46.328,39.091488636363636,48.449,1.8859545454545454,4.474,0.8181818181818182,0.6136363636363636,0.8181818181818182,0.7045454545454546,0.7045454545454546,0.44636363636363635,63.8463125,70.690625,89.06958333333334,43.13,71.59,4.474,66.804,1.1300000000000026,1.374,1.5526200000000037,475,4,A,26,Compact,0.94,Pass,NONE,,0.09698,43.13,4.474,0
VH-00477,74.265,12.793835477782187,112.975,94.497,36.59815909090909,51.496,39.03247727272728,48.514,1.8804886363636364,4.415,0.7954545454545454,0.7954545454545454,0.8181818181818182,0.7045454545454546,0.7045454545454546,0.44272727272727275,65.6540625,70.97125,90.13791666666667,44.172,75.14,4.415,71.544,2.171999999999997,1.315,2.856179999999996,476,4,A,27,Sedan,1.0,Fail,S12_TEMP_X_S15_VIBRATION,ST-45,0.24762,44.172,4.415,1
VH-00478,74.91413636363637,13.107578547402314,112.944,96.0592,36.89822727272727,51.89,39.08040909090909,46.625,1.859965909090909,4.776,0.7954545454545454,0.75,0.8181818181818182,0.7045454545454546,0.7045454545454546,0.4445454545454545,65.45475,72.1249375,91.24558333333334,44.559,74.348,4.776,73.768,2.5589999999999975,1.6759999999999997,4.288883999999995,477,4,A,28,Sedan,1.0,Pass,NONE,,0.49054,44.559,4.776,0
VH-00479,74.54056818181817,12.616439779754563,110.573,96.83015,36.33231818181818,50.102,39.03673863636364,49.89,1.892465909090909,4.691,0.7045454545454546,0.7272727272727273,0.8181818181818182,0.7045454545454546,0.7045454545454546,0.44636363636363635,65.2651875,72.172875,90.06466666666667,44.28,68.985,4.691,70.515,2.280000000000001,1.5909999999999997,3.627480000000001,478,4,A,29,Compact,0.94,Pass,NONE,,0.39689,44.28,4.691,0
VH-00480,75.40727272727273,12.62375110905728,113.882,97.71365,36.56021590909091,52.023,39.037625,48.279,1.8607045454545457,4.62,0.75,0.7727272727272727,0.7954545454545454,0.7045454545454546,0.7045454545454546,0.44636363636363635,66.409375,72.5313125,91.23908333333333,44.91,72.626,4.62,72.361,2.9099999999999966,1.52,4.423199999999995,479,4,A,30,Truck,1.14,Pass,NONE,,0.57316,44.91,4.62,0
VH-00481,74.72484090909091,12.097315506444954,110.633,95.3769,36.52156818181818,48.921,39.08128409090909,47.345,1.8644090909090911,4.531,0.8181818181818182,0.75,0.8409090909090909,0.7045454545454546,0.7045454545454546,0.44272727272727275,66.4164375,72.269625,89.07633333333332,43.492,72.181,4.531,79.317,1.4919999999999973,1.4309999999999996,2.1350519999999955,480,4,A,31,SUV,1.08,Pass,NONE,,0.18023,43.492,4.531,0
VH-00482,75.41272727272727,12.656274609602049,112.343,97.17145000000001,36.632886363636366,50.451,38.85968181818182,46.625,1.8633522727272727,4.61,0.7727272727272727,0.75,0.8181818181818182,0.7045454545454546,0.7045454545454546,0.4445454545454545,66.8279375,72.631875,90.56691666666666,43.555,73.776,4.61,76.491,1.5549999999999997,1.5100000000000002,2.3480499999999997,481,4,A,32,Truck,1.14,Pass,NONE,,0.21783,43.555,4.61,0
VH-00483,73.95372727272728,12.539930987836575,108.368,95.2135,36.58734090909091,47.241,39.227636363636364,47.342,1.8766136363636363,4.905,0.7954545454545454,0.75,0.8181818181818182,0.7045454545454546,0.7045454545454546,0.4481818181818182,64.95075,71.2375,89.57933333333334,44.332,73.521,4.905,75.531,2.3320000000000007,1.8050000000000002,4.209260000000001,482,4,A,33,Compact,0.94,Fail,S12_TEMP_X_S15_VIBRATION,ST-45,0.52094,44.332,4.905,1
VH-00484,73.26452272727273,12.40585732719538,104.384,96.45275000000001,36.467397727272726,50.012,39.127795454545456,49.313,1.876840909090909,4.298,0.7727272727272727,0.7272727272727273,0.7954545454545454,0.7045454545454546,0.7045454545454546,0.4445454545454545,63.926125,71.29599999999999,88.34041666666667,43.946,70.555,4.298,68.849,1.945999999999998,1.198,2.3313079999999973,483,4,A,34,Compact,0.94,Pass,NONE,,0.2051,43.946,4.298,0
VH-00485,74.10893181818182,11.898081315709819,107.866,93.17125,36.361261363636366,46.546,38.90028409090909,48.084,1.8620113636363635,4.093,0.7954545454545454,0.7045454545454546,0.8636363636363636,0.7045454545454546,0.7045454545454546,0.44090909090909086,66.455125,70.77074999999999,88.76491666666668,40.432,71.317,4.093,69.384,0.0,0.9929999999999999,0.0,484,4,A,35,SUV,1.08,Pass,NONE,,0.1171,43.502,4.093,0
VH-00486,73.70704545454545,12.456896935180126,112.32,96.18310000000001,36.493534090909094,50.432,39.01465909090909,49.168,1.8019999999999998,2.23,0.8181818181818182,0.7272727272727273,0.8409090909090909,0.7045454545454546,0.7045454545454546,0.44272727272727275,65.5649375,69.86325,89.68825,40.432,72.772,2.23,72.461,0.0,0.0,0.0,485,4,A,36,Compact,0.94,Pass,NONE,,0.43182,44.468,4.674,0
VH-00487,75.26168181818183,11.60700860000509,111.915,92.8562,36.527522727272725,54.284,39.03855681818182,49.765,1.8862500000000002,4.576,0.7727272727272727,0.7045454545454546,0.8181818181818182,0.7045454545454546,0.7045454545454546,0.44636363636363635,67.7155625,72.5675625,88.91533333333332,44.102,74.177,4.576,77.812,2.1019999999999968,1.4759999999999995,3.1025519999999944,486,4,A,37,SUV,1.08,Pass,NONE,,0.29406,44.102,4.576,0
VH-00488,74.80925,12.455672840629315,107.577,100.06415000000001,36.433443181818184,47.762,39.24161363636364,47.2,1.8768295454545454,4.566,0.8181818181818182,0.7045454545454546,0.8636363636363636,0.7045454545454546,0.7045454545454546,0.44272727272727275,65.61137500000001,72.4561875,90.21050000000001,44.426,73.302,4.566,75.147,2.426000000000002,1.4659999999999997,3.556516000000002,487,4,A,38,SUV,1.08,Pass,NONE,,0.42257,44.426,4.566,0
VH-00489,75.14956818181818,13.062034195362695,117.401,96.08574999999999,36.604704545454545,46.328,39.11214772727273,49.609,1.8960227272727272,4.555,0.7954545454545454,0.7272727272727273,0.8409090909090909,0.7045454545454546,0.7045454545454546,0.4445454545454545,65.630375,72.6803125,91.13416666666666,44.667,72.926,4.555,68.204,2.6670000000000016,1.4549999999999996,3.8804850000000015,488,4,A,39,Truck,1.14,Fail,S12_TEMP_X_S15_VIBRATION,ST-45,0.47211,44.667,4.555,1
VH-00490,74.20636363636363,11.885268235403192,110.017,93.61415,36.67644318181818,50.874,39.057295454545454,48.192,1.8965454545454548,4.736,0.8181818181818182,0.75,0.8409090909090909,0.7045454545454546,0.7045454545454546,0.4445454545454545,65.6131875,72.75775,87.59541666666667,43.703,75.475,4.736,70.114,1.703000000000003,1.6359999999999997,2.7861080000000045,489,4,A,40,Sedan,1.0,Fail,S12_TEMP_X_S15_VIBRATION,ST-45,0.23607,43.703,4.736,1
VH-00491,73.71709090909091,11.89652756023973,106.416,94.72995,36.768181818181816,48.985,39.088829545454544,48.033,1.899556818181818,4.691,0.7045454545454546,0.7727272727272727,0.8636363636363636,0.7045454545454546,0.7045454545454546,0.44272727272727275,66.08443749999999,70.983625,87.53858333333334,43.876,71.572,4.691,75.821,1.8759999999999977,1.5909999999999997,2.9847159999999957,490,4,A,41,Compact,0.94,Pass,NONE,,0.21904,43.876,4.691,0
VH-00492,73.19822727272728,11.772578484754478,112.63,92.7702,36.70475,50.382,39.025625,46.919,1.8926250000000002,4.538,0.7272727272727273,0.6818181818181818,0.8409090909090909,0.7045454545454546,0.7045454545454546,0.44636363636363635,65.934375,70.905625,85.94016666666666,42.758,75.048,4.538,76.01,0.7580000000000027,1.4380000000000002,1.090004000000004,491,4,A,42,Sedan,1.0,Pass,NONE,,0.10078,42.758,4.538,0
VH-00493,72.11593181818182,11.603312655299714,103.14,91.13235,36.75627272727273,47.494,38.897352272727275,48.664,1.8894090909090908,4.449,0.75,0.6818181818181818,0.8181818181818182,0.7045454545454546,0.7045454545454546,0.44636363636363635,63.9600625,69.828,86.041,41.919,69.06,4.449,70.47,0.0,1.3489999999999998,0.0,492,4,A,43,Compact,0.94,Pass,NONE,,0.03394,41.919,4.449,0
VH-00494,71.92343181818181,12.072294524582574,112.352,89.98105000000001,36.34030681818182,47.689,39.00178409090909,46.85,1.8801249999999998,4.587,0.8181818181818182,0.7272727272727273,0.8409090909090909,0.7045454545454546,0.7045454545454546,0.44272727272727275,63.557875,70.2558125,85.301,42.641,71.129,4.587,70.953,0.6409999999999982,1.4869999999999997,0.9531669999999972,493,4,A,44,Compact,0.94,Pass,NONE,,0.0643,42.641,4.587,0
VH-00495,74.41611363636365,12.088234249296141,111.359,96.77635000000001,36.75745454545454,51.526,38.917545454545454,46.625,1.9062159090909092,4.291,0.8181818181818182,0.8409090909090909,0.7727272727272727,0.7045454545454546,0.7045454545454546,0.44272727272727275,66.60625,71.7398125,88.39766666666667,42.434,70.364,4.291,63.248,0.4339999999999975,1.1910000000000003,0.5168939999999972,494,4,A,45,SUV,1.08,Pass,NONE,,0.05083,42.434,4.291,0
VH-00496,74.5314090909091,12.587498629025918,111.722,96.6195,36.696374999999996,51.697,39.09831818181818,49.183,1.8241818181818183,2.23,0.7727272727272727,0.6818181818181818,0.7954545454545454,0.7045454545454546,0.7045454545454546,0.44636363636363635,66.4675625,72.1374375,88.47516666666667,42.25,70.277,2.23,72.409,0.25,0.0,0.0,495,4,A,46,SUV,1.08,Pass,NONE,,0.0454,42.25,4.189,0
VH-00497,74.18931818181818,11.980060784822165,107.418,93.8948,36.809022727272726,53.386,39.18094318181818,49.485,1.8650227272727273,4.652,0.8181818181818182,0.7045454545454546,0.7954545454545454,0.7045454545454546,0.7045454545454546,0.44272727272727275,66.3793125,71.2595,88.50908333333332,42.534,72.025,4.652,73.529,0.5339999999999989,1.552,0.8287679999999984,496,4,A,47,Sedan,1.0,Pass,NONE,,0.05838,42.534,4.652,0
VH-00498,73.30188636363636,12.377433754038995,111.611,91.6546,36.416340909090906,50.772,39.17471590909091,49.439,1.8735795454545454,4.679,0.75,0.6363636363636364,0.8181818181818182,0.7045454545454546,0.7045454545454546,0.44636363636363635,64.995875,70.63925,87.92675000000001,43.42,78.572,4.679,68.481,1.4200000000000017,1.5790000000000002,2.242180000000003,497,4,A,48,Compact,0.94,Pass,NONE,,0.17285,43.42,4.679,0
VH-00499,72.52954545454546,11.349455572342816,104.793,90.77155,36.52190909090909,51.393,38.84676136363636,46.625,1.8820227272727272,4.5,0.7727272727272727,0.7045454545454546,0.8181818181818182,0.7045454545454546,0.7045454545454546,0.4445454545454545,64.910125,70.0521875,85.99191666666667,42.396,71.243,4.5,74.443,0.3960000000000008,1.4,0.5544000000000011,498,4,A,49,Compact,0.94,Pass,NONE,,0.04662,42.396,4.5,0
VH-00500,74.68059090909091,12.022753707552765,111.864,93.6576,36.68961363636364,50.455,39.076818181818176,48.972,1.8877272727272727,4.44,0.7272727272727273,0.6363636363636364,0.8181818181818182,0.7045454545454546,0.7045454545454546,0.4481818181818182,66.1033125,72.0981875,89.56016666666666,43.879,71.808,4.44,69.719,1.8789999999999978,1.3400000000000003,2.5178599999999975,499,4,A,50,SUV,1.08,Pass,NONE,,0.26046,43.879,4.44,0
VH-00501,73.15379545454545,11.302497014869836,104.944,92.8344,36.51556818181818,47.985,39.026045454545454,47.406,1.870511363636364,4.246,0.7727272727272727,0.7272727272727273,0.7727272727272727,0.7045454545454546,0.7045454545454546,0.44636363636363635,65.2683125,70.5315,87.16416666666667,43.235,72.327,4.246,65.091,1.2349999999999994,1.1460000000000004,1.4153099999999998,500,4,A,51,Sedan,1.0,Pass,NONE,,0.0867,43.235,4.246,0
VH-00502,73.96854545454545,11.419239598059312,109.192,91.2171,36.501113636363634,47.983,39.11504545454546,48.886,1.8690113636363639,4.08,0.7045454545454546,0.7272727272727273,0.8181818181818182,0.7045454545454546,0.7045454545454546,0.44636363636363635,65.7586875,72.12975,87.36675000000001,42.685,68.475,4.08,67.723,0.6850000000000023,0.98,0.6713000000000022,501,4,A,52,SUV,1.08,Pass,NONE,,0.06226,42.685,4.08,0
VH-00503,72.84109090909091,12.249581847287851,108.938,92.7909,36.77035227272727,53.546,38.87139772727273,46.625,1.8690568181818181,4.158,0.7727272727272727,0.75,0.7954545454545454,0.7045454545454546,0.7045454545454546,0.4445454545454545,65.0315,69.3226875,87.94508333333333,42.972,71.084,4.158,73.295,0.9720000000000013,1.0580000000000003,1.0283760000000017,502,4,A,53,Compact,0.94,Pass,NONE,,0.06654,42.972,4.158,0
VH-00504,73.60795454545455,11.63428946262776,101.907,95.15845000000002,36.71429545454546,50.849,39.19680681818182,49.513,1.907409090909091,4.843,0.7272727272727273,0.7272727272727273,0.8409090909090909,0.7045454545454546,0.7045454545454546,0.4445454545454545,65.8410625,71.2355,87.12708333333335,42.422,73.064,4.843,75.128,0.42199999999999704,1.7429999999999999,0.7355459999999948,503,4,A,54,Sedan,1.0,Pass,NONE,,0.05593,42.422,4.843,0
VH-00505,75.03920454545454,11.85385938639973,111.823,94.9205,36.45446590909091,48.138,39.11057954545454,47.485,1.8837272727272727,4.387,0.7727272727272727,0.7727272727272727,0.8409090909090909,0.7045454545454546,0.7045454545454546,0.44272727272727275,67.6335625,72.023625,88.93416666666667,42.312,72.224,4.387,72.898,0.3119999999999976,1.2869999999999995,0.40154399999999674,504,4,A,55,Truck,1.14,Pass,NONE,,0.04596,42.312,4.387,0
VH-00506,73.12788636363636,12.039379330397601,110.545,91.3233,36.45371590909091,49.446,39.06705681818182,47.928,1.879977272727273,4.267,0.7954545454545454,0.7954545454545454,0.8181818181818182,0.7045454545454546,0.7045454545454546,0.4445454545454545,64.0851875,71.082875,87.9115,42.82,68.311,4.267,69.331,0.8200000000000003,1.1670000000000003,0.9569400000000006,505,4,A,56,Compact,0.94,Pass,NONE,,0.06911,42.82,4.267,0
VH-00507,72.78604545454546,11.471193849092916,107.708,92.94755,36.8765,47.449,38.970659090909095,47.194,1.8804545454545456,4.138,0.75,0.7272727272727273,0.8636363636363636,0.7045454545454546,0.7045454545454546,0.44636363636363635,65.8326875,69.5356875,86.391,41.718,68.956,4.138,69.918,0.0,1.0379999999999998,0.0,506,4,A,57,Sedan,1.0,Pass,NONE,,0.02318,41.718,4.138,0
VH-00508,73.05772727272728,12.678259959407233,110.504,92.50840000000001,36.319227272727275,49.145,39.18181818181818,49.649,1.8666590909090912,4.392,0.7727272727272727,0.75,0.8181818181818182,0.7045454545454546,0.7045454545454546,0.4445454545454545,64.3705625,70.5508125,87.98316666666666,42.462,71.592,4.392,70.561,0.4620000000000033,1.2920000000000003,0.5969040000000044,507,4,A,58,Compact,0.94,Pass,NONE,,0.06145,42.462,4.392,0
VH-00509,73.05043181818182,11.714435861507914,107.994,92.9055,36.530863636363634,51.991,38.857443181818184,46.625,1.876909090909091,3.909,0.7727272727272727,0.7727272727272727,0.8181818181818182,0.7045454545454546,0.7045454545454546,0.4445454545454545,64.94475,71.61325,85.77425,41.423,71.385,3.909,69.711,0.0,0.8089999999999997,0.0,508,4,A,59,SUV,1.08,Pass,NONE,,0.03327,41.423,3.909,0
VH-00510,72.74490909090909,11.74880104485319,108.842,95.3708,36.50475,51.347,39.065363636363635,49.125,1.8573068181818184,4.515,0.7954545454545454,0.6590909090909091,0.8181818181818182,0.7045454545454546,0.7045454545454546,0.4445454545454545,65.13737499999999,70.003125,86.544,41.229,66.585,4.515,73.094,0.0,1.4149999999999996,0.0,509,4,A,60,SUV,1.08,Pass,NONE,,0.03194,41.229,4.515,0
VH-00511,72.50440909090909,11.969861137152185,108.179,93.85130000000001,36.63461363636364,52.027,38.956863636363636,49.053,1.8738068181818184,4.512,0.7954545454545454,0.75,0.8409090909090909,0.7045454545454546,0.7045454545454546,0.4445454545454545,64.3935,69.92025,86.7645,40.966,66.992,4.512,68.546,0.0,1.4119999999999995,0.0,510,4,A,61,Compact,0.94,Pass,NONE,,0.02902,40.966,4.512,0
VH-00512,73.41981818181819,11.99524452337157,105.434,94.58725,36.592738636363634,50.519,39.222863636363634,48.903,1.885875,4.472,0.7954545454545454,0.7045454545454546,0.8409090909090909,0.7045454545454546,0.7045454545454546,0.4445454545454545,65.0888125,70.9941875,87.762,43.189,71.658,4.472,72.69,1.189,1.3720000000000003,1.6313080000000004,511,4,A,62,Sedan,1.0,Pass,NONE,,0.11346,43.189,4.472,0
VH-00513,73.78622727272727,11.96141455402297,107.217,95.5922,36.54836363636363,47.943,39.216625,49.592,1.8608522727272727,4.13,0.75,0.6363636363636364,0.8181818181818182,0.7045454545454546,0.7045454545454546,0.4445454545454545,65.6658125,71.515375,87.64125,41.874,68.541,4.13,68.773,0.0,1.0299999999999998,0.0,512,4,A,63,SUV,1.08,Pass,NONE,,0.02595,41.874,4.13,0
VH-00514,74.40279545454545,11.042290124324136,105.813,91.47800000000001,36.834545454545456,50.036,39.11426136363636,49.267,1.871193181818182,4.09,0.7954545454545454,0.7272727272727273,0.7954545454545454,0.7045454545454546,0.7045454545454546,0.4481818181818182,66.221875,73.26831250000001,86.82333333333334,40.816,69.999,4.09,67.998,0.0,0.9899999999999998,0.0,513,4,A,64,Truck,1.14,Pass,NONE,,0.03636,40.816,4.09,0
VH-00515,73.56165909090909,11.508328290584556,106.554,95.29280000000001,36.29723863636364,48.842,39.00539772727273,47.093,1.8772727272727274,4.145,0.75,0.7727272727272727,0.8863636363636364,0.7045454545454546,0.7045454545454546,0.44272727272727275,66.957375,70.173,86.88558333333333,42.443,70.194,4.145,80.108,0.44299999999999784,1.0449999999999995,0.4629349999999975,514,4,A,65,SUV,1.08,Pass,NONE,,0.05904,42.443,4.145,0
VH-00516,73.63440909090909,12.561689806928719,113.621,95.03085,36.714909090909096,48.276,39.10378409090909,48.759,1.8205454545454545,4.068,0.7954545454545454,0.7045454545454546,0.7727272727272727,0.7045454545454546,0.7045454545454546,0.4481818181818182,64.92275,70.9088125,88.88408333333332,42.813,73.038,4.068,69.704,0.8130000000000024,0.9679999999999995,0.7869840000000019,515,4,A,66,SUV,1.08,Pass,NONE,,0.06183,42.813,4.068,0
VH-00517,72.82979545454545,12.10608863644518,105.654,92.43655,36.53245454545455,47.623,38.895261363636365,46.625,1.8707159090909093,3.98,0.75,0.7272727272727273,0.7727272727272727,0.7045454545454546,0.7045454545454546,0.44636363636363635,64.354,70.193,87.64658333333334,42.032,72.34,3.98,67.855,0.031999999999996476,0.8799999999999999,0.028159999999996896,516,4,A,67,Compact,0.94,Pass,NONE,,0.03176,42.032,3.98,0
VH-00518,74.7230909090909,11.520124922243745,109.829,94.61225000000002,36.209,48.78,39.08120454545455,48.705,1.8785113636363635,4.534,0.7727272727272727,0.75,0.8181818181818182,0.7045454545454546,0.7045454545454546,0.4445454545454545,66.1218125,73.3070625,88.0795,42.824,72.739,4.534,68.607,0.8239999999999981,1.4339999999999997,1.181615999999997,517,4,A,68,SUV,1.08,Pass,NONE,,0.08243,42.824,4.534,0
VH-00519,74.61872727272727,11.792556036643559,109.189,95.97525,36.47968181818182,51.031,38.92446590909091,48.801,1.8780454545454546,4.249,0.7272727272727273,0.7272727272727273,0.8636363636363636,0.7045454545454546,0.7045454545454546,0.44636363636363635,66.62325,72.4413125,88.18258333333334,41.668,69.892,4.249,73.781,0.0,1.1489999999999996,0.0,518,4,A,69,Truck,1.14,Pass,NONE,,0.04192,41.668,4.249,0
VH-00520,73.109,11.816592622634587,102.864,95.4585,36.84854545454545,50.023,38.9185,50.259,1.857568181818182,4.08,0.7727272727272727,0.6363636363636364,0.75,0.7045454545454546,0.7045454545454546,0.4445454545454545,63.5968125,72.2923125,86.88083333333333,41.257,65.943,4.08,66.141,0.0,0.98,0.0,519,4,A,70,Sedan,1.0,Pass,NONE,,0.03195,41.257,4.08,0
VH-00521,73.47545454545455,11.936969196682085,114.239,91.68095,36.55221590909091,53.224,38.92522727272728,49.043,1.8677954545454547,3.829,0.7954545454545454,0.7045454545454546,0.8181818181818182,0.7045454545454546,0.7045454545454546,0.44636363636363635,64.8934375,71.9744375,86.91950000000001,41.486,72.875,3.829,61.271,0.0,0.7290000000000001,0.0,520,4,A,71,SUV,1.08,Pass,NONE,,0.03476,41.486,3.829,0
VH-00522,72.55463636363636,11.88272642563792,105.763,92.8812,36.385659090909094,48.699,38.976488636363634,48.204,1.851409090909091,4.193,0.7272727272727273,0.7272727272727273,0.8181818181818182,0.7045454545454546,0.7045454545454546,0.44636363636363635,64.1570625,70.3593125,86.6785,41.203,68.396,4.193,63.168,0.0,1.0929999999999995,0.0,521,4,A,72,Compact,0.94,Pass,NONE,,0.03836,41.203,4.193,0
VH-00523,73.58288636363636,12.028296231910836,109.622,94.31825,36.412113636363635,49.166,38.92843181818182,47.883,1.847102272727273,3.79,0.7954545454545454,0.6363636363636364,0.7727272727272727,0.7045454545454546,0.7045454545454546,0.4445454545454545,64.63312499999999,71.25775,88.61608333333334,42.359,66.276,3.79,71.553,0.35900000000000176,0.69,0.2477100000000012,522,4,A,73,Sedan,1.0,Pass,NONE,,0.04319,42.359,3.79,0
VH-00524,72.32479545454545,12.465200050782387,107.166,96.49525000000001,36.72809090909091,48.337,38.85764772727273,47.204,1.8653295454545455,3.921,0.75,0.7272727272727273,0.8181818181818182,0.7045454545454546,0.7045454545454546,0.4445454545454545,62.9853125,70.1761875,87.64225,41.872,69.128,3.921,66.469,0.0,0.8209999999999997,0.0,523,4,A,74,Sedan,1.0,Pass,NONE,,0.03341,41.872,3.921,0
VH-00525,73.30906818181819,12.103487922039836,108.84,94.1199,36.53177272727273,47.438,39.08103409090909,47.256,1.8635681818181817,4.261,0.7954545454545454,0.6363636363636364,0.7727272727272727,0.7045454545454546,0.7045454545454546,0.44636363636363635,65.1294375,71.2089375,87.01541666666667,43.452,71.522,4.261,71.339,1.4519999999999982,1.161,1.6857719999999978,524,4,A,75,Compact,0.94,Pass,NONE,,0.09612,43.452,4.261,0
VH-00526,72.29920454545454,11.599095312715875,107.183,93.81085000000002,36.08381818181818,46.328,38.822920454545454,48.024,1.857784090909091,3.843,0.7272727272727273,0.6818181818181818,0.8636363636363636,0.7045454545454546,0.7045454545454546,0.4445454545454545,64.0423125,70.267,86.01799999999999,41.798,69.442,3.843,65.064,0.0,0.7429999999999999,0.0,525,4,B,1,Compact,0.94,Pass,NONE,,0.03135,41.798,3.843,0
VH-00527,74.04697727272728,11.895571926754416,108.824,95.70155000000001,36.52381818181818,51.001,38.851136363636364,46.203500000000005,1.8668409090909093,4.134,0.7727272727272727,0.75,0.7727272727272727,0.7045454545454546,0.7045454545454546,0.44272727272727275,65.5,72.224125,87.87341666666667,42.999,71.997,4.134,69.893,0.9990000000000023,1.0340000000000003,1.0329660000000027,526,4,B,2,SUV,1.08,Fail,LOW_CONFIDENCE_MULTI_CAUSAL,ST-45,0.04571,42.999,4.134,1
VH-00528,72.6911590909091,12.96038090335882,109.224,96.06700000000001,36.59473863636364,50.99,38.91227272727273,47.833,1.8644659090909093,3.761,0.7954545454545454,0.7727272727272727,0.8181818181818182,0.7045454545454546,0.7045454545454546,0.4445454545454545,63.9658125,69.878125,88.07566666666666,41.037,71.118,3.761,71.213,0.0,0.661,0.0,527,4,B,3,Sedan,1.0,Pass,NONE,,0.02602,41.037,3.761,0
VH-00529,73.59915909090908,12.426483741726928,108.107,97.44525,36.41432954545455,48.52,39.08776136363636,47.571,1.8713522727272727,3.531,0.7954545454545454,0.7954545454545454,0.7727272727272727,0.7045454545454546,0.7045454545454546,0.44636363636363635,64.70575,71.8835,87.74458333333332,41.853,70.921,3.531,67.794,0.0,0.43100000000000005,0.0,528,4,B,4,SUV,1.08,Pass,NONE,,0.0392,41.853,3.531,0
VH-00530,73.55125,11.456768538931525,107.449,94.3225,36.69209090909091,50.637,39.00363636363637,46.99,1.8701136363636364,4.104,0.7727272727272727,0.7954545454545454,0.8636363636363636,0.7045454545454546,0.7045454545454546,0.44636363636363635,65.555125,71.82956250000001,86.50833333333333,42.095,75.97,4.104,68.73,0.09499999999999886,1.004,0.09537999999999885,529,4,B,5,Sedan,1.0,Pass,NONE,,0.04302,42.095,4.104,0
VH-00531,73.7013409090909,11.721478216451741,107.453,94.88430000000001,36.335272727272724,50.239,39.25122727272728,48.879,1.8345568181818181,3.989,0.7727272727272727,0.7045454545454546,0.8181818181818182,0.7045454545454546,0.7045454545454546,0.44636363636363635,65.5018125,71.786125,87.18766666666666,44.227,74.871,3.989,71.733,2.2269999999999968,0.8889999999999998,1.9798029999999966,530,4,B,6,Compact,0.94,Pass,NONE,,0.1277,44.227,3.989,0
VH-00532,74.02747727272727,11.789030834751733,108.791,96.105,36.66575,53.091,38.87295454545455,46.625,1.877011363636364,4.015,0.7727272727272727,0.75,0.7954545454545454,0.7045454545454546,0.7045454545454546,0.44636363636363635,65.214375,72.1023125,88.34516666666667,43.605,70.337,4.015,62.792,1.6049999999999969,0.9149999999999996,1.4685749999999964,531,4,B,7,SUV,1.08,Pass,NONE,,0.09919,43.605,4.015,0
VH-00533,73.44152272727273,11.5755231927338,107.876,93.56845,36.46627272727273,46.465,38.86480681818182,46.574,1.8370454545454544,3.632,0.7727272727272727,0.6590909090909091,0.8409090909090909,0.7045454545454546,0.7045454545454546,0.4445454545454545,65.2699375,71.143875,87.40050000000001,42.864,73.32,3.632,66.245,0.8639999999999972,0.532,0.45964799999999856,532,4,B,8,SUV,1.08,Fail,LOW_CONFIDENCE_MULTI_CAUSAL,ST-45,0.05534,42.864,3.632,1
VH-00534,73.62775,11.428060925521963,106.189,93.39144999999999,36.431318181818185,48.752,39.03821590909091,46.625,1.875784090909091,3.657,0.7272727272727273,0.7045454545454546,0.8181818181818182,0.7045454545454546,0.7045454545454546,0.44272727272727275,66.0400625,71.714,86.29633333333334,43.109,70.576,3.657,70.438,1.1090000000000018,0.5569999999999999,0.617713000000001,533,4,B,9,SUV,1.08,Pass,NONE,,0.06144,43.109,3.657,0
VH-00535,71.74275,11.512750254583768,102.489,93.1333,36.77028409090909,51.567,39.33794318181818,48.516,1.8569545454545455,4.027,0.7727272727272727,0.6818181818181818,0.8409090909090909,0.7045454545454546,0.7045454545454546,0.44636363636363635,63.731125,69.765,85.06191666666666,41.791,69.682,4.027,62.643,0.0,0.927,0.0,534,4,B,10,Compact,0.94,Pass,NONE,,0.02714,41.791,4.027,0
VH-00536,73.26731818181818,11.325687787057102,108.918,92.21905000000001,36.624477272727276,46.821,38.978227272727274,48.531,1.874590909090909,3.973,0.7272727272727273,0.6136363636363636,0.8181818181818182,0.7045454545454546,0.7045454545454546,0.45,65.168375,71.10275,86.952,42.509,70.005,3.973,67.225,0.5090000000000003,0.8729999999999998,0.44435700000000017,535,4,B,11,Compact,0.94,Pass,NONE,,0.0516,42.509,3.973,0
VH-00537,73.86327272727273,11.863860012196977,107.47,95.4831,36.338806818181816,47.524,38.91495454545455,47.102,1.8661477272727274,3.755,0.7954545454545454,0.7272727272727273,0.8636363636363636,0.7045454545454546,0.7045454545454546,0.4445454545454545,65.7869375,71.6611875,87.56783333333334,42.369,73.926,3.755,68.569,0.3689999999999998,0.6549999999999998,0.24169499999999977,536,4,B,12,Sedan,1.0,Pass,NONE,,0.04758,42.369,3.755,0
VH-00538,73.80393181818182,11.890526329418394,105.873,97.06905000000002,36.44676136363636,46.557,39.08331818181818,49.153,1.8698409090909094,3.807,0.7727272727272727,0.7272727272727273,0.8636363636363636,0.7045454545454546,0.7045454545454546,0.44272727272727275,66.06156250000001,71.4029375,87.32841666666667,41.73,74.342,3.807,67.433,0.0,0.7069999999999999,0.0,537,4,B,13,SUV,1.08,Pass,NONE,,0.04315,41.73,3.807,0
VH-00539,73.77359090909091,11.910586224063271,105.768,94.86675,36.456227272727276,46.51,39.17260227272727,47.572,1.8746704545454547,3.835,0.75,0.7045454545454546,0.8181818181818182,0.7045454545454546,0.7045454545454546,0.44636363636363635,64.937375,71.46525,88.633,41.275,70.855,3.835,63.296,0.0,0.7349999999999999,0.0,538,4,B,14,Truck,1.14,Pass,NONE,,0.0456,41.275,3.835,0
VH-00540,73.2146590909091,11.859587468693416,110.101,93.6443,36.49456818181818,48.128,39.09434090909091,48.927,1.8570227272727273,3.769,0.7045454545454546,0.6590909090909091,0.7954545454545454,0.7045454545454546,0.7045454545454546,0.4481818181818182,65.085875,70.5213125,87.64416666666666,43.287,72.527,3.769,66.219,1.286999999999999,0.669,0.8610029999999994,539,4,B,15,Sedan,1.0,Pass,NONE,,0.06045,43.287,3.769,0
VH-00541,74.4280909090909,11.886723380971283,109.432,92.77845,36.188295454545454,49.81,39.00457954545454,47.502,1.8923181818181818,3.86,0.75,0.7045454545454546,0.7954545454545454,0.7045454545454546,0.7045454545454546,0.4445454545454545,66.61156249999999,71.977125,88.11808333333333,42.365,67.569,3.86,72.454,0.365000000000002,0.7599999999999998,0.2774000000000014,540,4,B,16,SUV,1.08,Pass,NONE,,0.04205,42.365,3.86,0
VH-00542,75.02965909090909,10.864916012139517,105.529,93.92615,36.45861363636364,48.458,39.07242045454546,48.3,1.8633068181818182,3.6,0.7045454545454546,0.7272727272727273,0.7954545454545454,0.7045454545454546,0.7045454545454546,0.4481818181818182,67.3425625,72.986375,88.00349999999999,42.113,75.945,3.6,69.534,0.11299999999999955,0.5,0.05649999999999977,541,4,B,17,Truck,1.14,Pass,NONE,,0.03581,42.113,3.6,0
VH-00543,72.49740909090909,11.426528065983389,101.268,92.62575,36.904840909090915,48.497,38.886909090909086,46.753,1.8571363636363636,3.57,0.75,0.7727272727272727,0.8409090909090909,0.7045454545454546,0.7045454545454546,0.4445454545454545,65.2203125,70.5086875,84.85183333333333,41.085,73.498,3.57,66.037,0.0,0.46999999999999975,0.0,542,4,B,18,Compact,0.94,Pass,NONE,,0.03239,41.085,3.57,0
VH-00544,72.098,12.263343022725222,106.993,92.89370000000001,36.559875000000005,47.099,38.936443181818184,46.625,1.834875,3.338,0.7954545454545454,0.7954545454545454,0.7954545454545454,0.7045454545454546,0.7045454545454546,0.44272727272727275,62.8975625,70.183125,86.91841666666666,43.071,68.465,3.338,62.955,1.070999999999998,0.238,0.2548979999999995,543,4,B,19,Compact,0.94,Pass,NONE,,0.03647,43.071,3.338,0
VH-00545,72.55888636363636,12.36045521141103,106.127,92.2787,36.39843181818182,50.17,39.05193181818182,49.382,1.8352272727272727,3.551,0.8181818181818182,0.75,0.8181818181818182,0.7045454545454546,0.7045454545454546,0.44090909090909086,63.907125,70.5104375,86.82583333333334,42.057,76.994,3.551,65.662,0.05700000000000216,0.45100000000000007,0.02570700000000098,544,4,B,20,Compact,0.94,Pass,NONE,,0.02583,42.057,3.551,0
VH-00546,73.84890909090909,11.722704737543994,111.692,93.24780000000001,36.67618181818182,47.832,39.082556818181814,47.854,1.8791590909090912,3.687,0.7954545454545454,0.8181818181818182,0.8409090909090909,0.7045454545454546,0.7045454545454546,0.4445454545454545,65.76837499999999,71.448125,87.824,41.458,70.889,3.687,71.212,0.0,0.5869999999999997,0.0,545,4,B,21,Compact,0.94,Pass,NONE,,0.02806,41.458,3.687,0
VH-00547,73.46190909090909,11.747466253915876,110.039,95.06855,36.424090909090914,53.532,39.11456818181818,49.195,1.8829318181818182,3.818,0.7272727272727273,0.75,0.75,0.7045454545454546,0.7045454545454546,0.44636363636363635,65.60787499999999,70.161875,88.334,40.432,68.743,3.818,71.429,0.0,0.718,0.0,546,4,B,22,Sedan,1.0,Pass,NONE,,0.03621,41.744,3.818,0
VH-00548,73.15152272727272,12.267362229478625,111.499,94.7321,36.47145454545455,47.386,38.97986363636364,48.282,1.8595,4.221,0.7045454545454546,0.75,0.8181818181818182,0.7045454545454546,0.7045454545454546,0.44636363636363635,64.7518125,70.3230625,88.12241666666667,41.309,73.713,4.221,68.824,0.0,1.121,0.0,547,4,B,23,Sedan,1.0,Pass,NONE,,0.03167,41.309,4.221,0
VH-00549,71.99904545454545,12.07954905009702,109.092,91.14145,36.120988636363634,47.468,39.275,51.545,1.8483863636363638,3.866,0.7272727272727273,0.6818181818181818,0.8181818181818182,0.7045454545454546,0.7045454545454546,0.44636363636363635,64.5055625,68.3824375,86.8125,42.108,71.476,3.866,70.329,0.10799999999999699,0.766,0.08272799999999769,548,4,B,24,Compact,0.94,Pass,NONE,,0.0254,42.108,3.866,0
VH-00550,72.49606818181817,11.762098670508506,106.138,91.35245,35.943318181818185,46.328,38.990863636363635,47.686,1.8753295454545453,3.711,0.7272727272727273,0.7727272727272727,0.8181818181818182,0.7045454545454546,0.7045454545454546,0.4481818181818182,64.0646875,70.55743749999999,86.32275,43.238,66.101,3.711,70.529,1.2379999999999995,0.6109999999999998,0.7564179999999995,549,4,B,25,Compact,0.94,Pass,NONE,,0.06385,43.238,3.711,0
VH-00551,72.67770454545455,11.027074308011054,105.89,93.46509999999999,36.40469318181818,46.328,39.142511363636366,47.501,1.8693636363636366,3.819,0.75,0.7727272727272727,0.8181818181818182,0.7045454545454546,0.7045454545454546,0.4445454545454545,64.494625,70.7726875,86.12849999999999,41.98,72.344,3.819,65.025,0.0,0.7189999999999999,0.0,550,4,B,26,Sedan,1.0,Pass,NONE,,0.03032,41.98,3.819,0
VH-00552,73.72347727272728,11.849128101548795,110.72,93.1918,36.36989772727273,48.663,39.084022727272725,46.812,1.8211022727272728,3.473,0.7272727272727273,0.6818181818181818,0.75,0.7045454545454546,0.7045454545454546,0.4518181818181818,65.9454375,70.7549375,88.05225,42.572,73.295,3.473,63.287,0.5720000000000027,0.3729999999999998,0.21335600000000088,551,4,B,27,Truck,1.14,Pass,NONE,,0.04422,42.572,3.473,0
VH-00553,73.82506818181818,12.096524675616596,107.032,94.4329,36.46313636363636,51.838,39.05410227272727,46.625,1.848625,3.462,0.75,0.8181818181818182,0.8181818181818182,0.7045454545454546,0.7045454545454546,0.44636363636363635,65.226125,71.85925,87.91141666666665,42.657,72.188,3.462,68.717,0.6569999999999965,0.3620000000000001,0.2378339999999988,552,4,B,28,SUV,1.08,Fail,LOW_CONFIDENCE_MULTI_CAUSAL,ST-45,0.03611,42.657,3.462,1
VH-00554,74.651,11.513036263297355,108.646,97.3019,36.495125,51.251,38.984579545454544,46.625,1.8415000000000001,2.92,0.7727272727272727,0.7727272727272727,0.8409090909090909,0.7045454545454546,0.7045454545454546,0.4445454545454545,66.1375,73.2115625,87.92158333333333,41.663,74.613,2.92,65.446,0.0,0.0,0.0,553,4,B,29,Truck,1.14,Pass,NONE,,0.04045,41.663,2.92,0
VH-00555,73.18479545454545,11.800950414187769,109.443,92.23675,36.41790909090909,49.364,39.0327840909091,47.318,1.8328295454545456,3.58,0.7727272727272727,0.75,0.7954545454545454,0.7045454545454546,0.7045454545454546,0.4445454545454545,65.08681250000001,70.767375,87.20533333333333,41.705,76.723,3.58,64.447,0.0,0.48,0.0,554,4,B,30,Sedan,1.0,Fail,LOW_CONFIDENCE_MULTI_CAUSAL,ST-45,0.02375,41.705,3.58,1
VH-00556,73.39040909090909,12.13648033403919,110.129,93.6538,36.434931818181816,46.755,38.96792045454546,46.625,1.851625,3.407,0.7272727272727273,0.75,0.7954545454545454,0.7045454545454546,0.7045454545454546,0.4481818181818182,64.148375,72.6888125,86.64858333333332,42.542,71.987,3.407,65.095,0.5420000000000016,0.30699999999999994,0.16639400000000046,555,4,B,31,Sedan,1.0,Pass,NONE,,0.04342,42.542,3.407,0
VH-00557,73.31018181818182,12.650776603191119,109.656,94.74005000000001,36.324999999999996,48.159,38.81960227272727,46.625,1.8187840909090909,3.547,0.7727272727272727,0.7272727272727273,0.7954545454545454,0.7045454545454546,0.7045454545454546,0.4445454545454545,63.3749375,72.552125,87.56791666666668,41.615,75.032,3.547,73.918,0.0,0.44700000000000006,0.0,556,4,B,32,Sedan,1.0,Pass,NONE,,0.0496,41.615,3.547,0
VH-00558,72.61368181818182,13.038356972700537,109.694,91.3471,36.79351136363636,54.817,39.01389772727273,48.366,1.8794886363636365,3.387,0.75,0.75,0.8181818181818182,0.7045454545454546,0.7045454545454546,0.44272727272727275,62.558437500000004,71.30925,87.75991666666665,40.156,71.014,3.387,58.144,0.0,0.2869999999999999,0.0,557,4,B,33,Compact,0.94,Pass,NONE,,0.02198,40.156,3.387,0
VH-00559,74.10015909090909,11.563585808110876,107.708,95.18740000000001,36.24280681818182,46.328,38.94777272727273,49.615,1.857625,3.738,0.8636363636363636,0.7727272727272727,0.8181818181818182,0.7045454545454546,0.7045454545454546,0.44272727272727275,65.669625,72.38025,87.63408333333332,42.068,71.243,3.738,67.71,0.06799999999999784,0.6379999999999999,0.04338399999999862,558,4,B,34,SUV,1.08,Pass,NONE,,0.04193,42.068,3.738,0
VH-00560,72.83127272727273,12.154142362793552,105.969,94.14930000000001,36.678056818181815,49.014,39.02243181818182,46.625,1.849784090909091,3.061,0.7954545454545454,0.75,0.8636363636363636,0.7045454545454546,0.7045454545454546,0.4445454545454545,63.956125,70.9961875,87.11158333333333,40.868,73.686,3.061,60.35,0.0,0.0,0.0,559,4,B,35,Compact,0.94,Pass,NONE,,0.04196,40.868,3.061,0
VH-00561,72.28495454545454,12.33889060060505,111.38,92.77695,36.650386363636365,53.565,38.81430681818182,46.625,1.863477272727273,3.149,0.7727272727272727,0.7954545454545454,0.7954545454545454,0.7045454545454546,0.7045454545454546,0.4445454545454545,63.76375,69.686,87.11183333333334,40.449,69.147,3.149,60.104,0.0,0.04899999999999993,0.0,560,4,B,36,Compact,0.94,Pass,NONE,,0.02873,40.449,3.149,0
VH-00562,73.26070454545454,11.140137577079457,107.208,90.7426,36.40045454545455,46.328,38.93727272727273,47.572,1.8432840909090908,3.143,0.75,0.75,0.8636363636363636,0.7045454545454546,0.7045454545454546,0.44272727272727275,65.529125,71.62725,85.74741666666667,41.264,66.498,3.143,66.196,0.0,0.042999999999999705,0.0,561,4,B,37,Sedan,1.0,Pass,NONE,,0.03551,41.264,3.143,0
VH-00563,73.96786363636365,11.459334591646149,107.324,91.1968,36.72380681818182,54.72,39.08422727272727,47.713,1.8436818181818182,3.606,0.7727272727272727,0.7727272727272727,0.8409090909090909,0.7045454545454546,0.7045454545454546,0.44272727272727275,65.8948125,71.89150000000001,87.50041666666668,39.716,73.695,3.606,63.529,0.0,0.5059999999999998,0.0,562,4,B,38,SUV,1.08,Pass,NONE,,0.0346,39.716,3.606,0
VH-00564,72.8606590909091,11.64797970294196,107.66,91.1375,36.73676136363636,48.822,38.88798863636364,47.044,1.8536363636363637,3.487,0.8181818181818182,0.75,0.8409090909090909,0.7045454545454546,0.7045454545454546,0.44272727272727275,64.4125,70.42075,87.37808333333334,41.514,68.243,3.487,66.129,0.0,0.387,0.0,563,4,B,39,Compact,0.94,Pass,NONE,,0.03289,41.514,3.487,0
VH-00565,73.45570454545454,11.857386628379063,110.48,93.20389999999999,36.36209090909091,46.328,39.017875,47.105,1.854,3.351,0.75,0.7045454545454546,0.8409090909090909,0.7045454545454546,0.7045454545454546,0.44636363636363635,65.4449375,70.404,88.20566666666667,42.767,72.737,3.351,66.813,0.767000000000003,0.2509999999999999,0.19251700000000066,564,4,B,40,Sedan,1.0,Pass,NONE,,0.04249,42.767,3.351,0
VH-00566,72.89640909090909,11.679107520693325,108.221,91.50195000000001,36.651125,50.206,38.93665909090909,47.5,1.8721590909090908,3.544,0.7727272727272727,0.7727272727272727,0.7954545454545454,0.7045454545454546,0.7045454545454546,0.44272727272727275,65.6255625,70.147,86.25675,40.432,69.859,3.544,71.141,0.0,0.44399999999999995,0.0,565,4,B,41,Sedan,1.0,Pass,NONE,,0.03438,41.156,3.544,0
VH-00567,73.28002272727272,12.128318749816318,107.351,92.80665,36.42009090909091,48.217,39.02820454545454,47.705,1.8485568181818182,3.282,0.75,0.7272727272727273,0.8181818181818182,0.7045454545454546,0.7045454545454546,0.44636363636363635,64.303125,71.6681875,87.39833333333333,40.905,71.287,3.282,63.916,0.0,0.18199999999999994,0.0,566,4,B,42,Sedan,1.0,Pass,NONE,,0.0392,40.905,3.282,0
VH-00568,73.22581818181818,12.479123367155442,110.033,95.73535,36.64280681818182,51.339,38.882886363636366,48.539,1.831193181818182,3.279,0.7727272727272727,0.7727272727272727,0.8409090909090909,0.7045454545454546,0.7045454545454546,0.44090909090909086,63.570375,71.8619375,87.91825,40.432,68.266,3.279,64.986,0.0,0.17899999999999983,0.0,567,4,B,43,SUV,1.08,Pass,NONE,,0.04021,42.802,3.279,0
VH-00569,73.98040909090909,11.810336259943607,103.988,95.02420000000001,36.58922727272727,50.782,38.99063636363636,46.203500000000005,1.8477272727272727,3.444,0.7727272727272727,0.6818181818181818,0.7727272727272727,0.7045454545454546,0.7045454545454546,0.44636363636363635,65.4719375,72.0666875,87.87666666666667,40.877,67.476,3.444,62.135,0.0,0.34399999999999986,0.0,568,4,B,44,SUV,1.08,Pass,NONE,,0.03563,40.877,3.444,0
VH-00570,73.74911363636365,11.825309581897496,107.04,93.778,36.483045454545454,48.061,38.83988636363636,47.899,1.858659090909091,3.546,0.75,0.6590909090909091,0.8636363636363636,0.7045454545454546,0.7045454545454546,0.44272727272727275,65.705625,71.2609375,87.79133333333334,41.002,74.543,3.546,64.58,0.0,0.44599999999999973,0.0,569,4,B,45,Compact,0.94,Pass,NONE,,0.02629,41.002,3.546,0
VH-00571,72.59429545454545,12.198380158532196,108.735,91.661,36.638306818181825,52.963,39.107625,48.709,1.8675113636363638,3.11,0.7727272727272727,0.6590909090909091,0.7954545454545454,0.7045454545454546,0.7045454545454546,0.44636363636363635,63.7085,70.546625,87.17225,42.583,70.864,3.11,63.683,0.5829999999999984,0.009999999999999787,0.00582999999999986,570,4,B,46,Sedan,1.0,Pass,NONE,,0.02912,42.583,3.11,0
VH-00572,73.52752272727274,11.429896368710944,107.807,93.56035,36.67815909090909,50.066,38.998954545454545,50.167,1.8708295454545456,3.726,0.7954545454545454,0.7727272727272727,0.8181818181818182,0.7045454545454546,0.7045454545454546,0.4445454545454545,65.898125,71.074,86.97141666666666,41.159,68.207,3.726,67.187,0.0,0.6259999999999999,0.0,571,4,B,47,SUV,1.08,Pass,NONE,,0.03887,41.159,3.726,0
VH-00573,73.01825,10.913336539501504,101.946,94.88210000000001,36.02851136363636,46.328,38.98613636363637,49.29,1.830034090909091,3.023,0.7727272727272727,0.6590909090909091,0.8636363636363636,0.7045454545454546,0.7045454545454546,0.44636363636363635,65.2413125,71.025125,86.045,40.025,70.355,3.023,65.837,0.0,0.0,0.0,572,4,B,48,Compact,0.94,Pass,NONE,,0.02455,40.025,3.023,0
VH-00574,73.61588636363636,11.430901596653163,108.073,94.97345,36.10693181818181,46.356,38.84227272727273,47.948,1.8460568181818182,2.689,0.75,0.7954545454545454,0.8636363636363636,0.7045454545454546,0.7045454545454546,0.44090909090909086,65.207125,71.446625,87.71991666666668,40.389,71.557,2.23,64.708,0.0,0.0,0.0,573,4,B,49,SUV,1.08,Pass,NONE,,0.02763,40.389,3.055,0
VH-00575,73.15911363636364,11.602085865422948,103.981,92.8073,36.50369318181818,51.824,38.831829545454546,46.942,1.8686363636363637,3.76,0.7727272727272727,0.7954545454545454,0.8409090909090909,0.7045454545454546,0.7045454545454546,0.4445454545454545,64.8928125,71.8389375,85.94108333333332,39.507,72.678,3.76,65.481,0.0,0.6599999999999997,0.0,574,4,B,50,Sedan,1.0,Pass,NONE,,0.03354,39.507,3.76,0
VH-00576,72.55009090909091,12.291434069298644,107.214,94.2338,36.55796590909091,48.634,38.955954545454546,47.246,1.8643863636363636,3.206,0.8409090909090909,0.6590909090909091,0.8181818181818182,0.7045454545454546,0.7045454545454546,0.44090909090909086,63.4146875,70.2535625,87.79266666666666,40.046,73.341,3.206,62.513,0.0,0.10599999999999987,0.0,575,4,B,51,Compact,0.94,Pass,NONE,,0.03089,40.046,3.206,0
VH-00577,74.28211363636363,12.137797589992338,114.08,98.3995,35.96143181818182,46.328,39.200579545454545,49.802,1.844102272727273,3.04,0.7727272727272727,0.7727272727272727,0.7954545454545454,0.7045454545454546,0.7045454545454546,0.4481818181818182,65.66675000000001,72.44925,88.21308333333333,42.159,71.951,3.04,66.876,0.15899999999999892,0.0,0.0,576,4,B,52,Truck,1.14,Pass,NONE,,0.03777,42.159,3.04,0
VH-00578,73.77447727272727,11.789891942792654,110.794,90.34145,36.81030681818182,51.414,39.120363636363635,48.364,1.8341022727272729,3.017,0.8636363636363636,0.75,0.7954545454545454,0.7045454545454546,0.7045454545454546,0.44272727272727275,65.6438125,71.8309375,87.20675,40.311,69.644,3.017,66.069,0.0,0.0,0.0,577,4,B,53,Truck,1.14,Pass,NONE,,0.04572,40.311,3.017,0
VH-00579,72.83850000000001,11.803938257859057,108.872,91.27325,36.63129545454546,49.045,39.05236363636364,46.625,1.86175,3.254,0.8409090909090909,0.75,0.8409090909090909,0.7045454545454546,0.7045454545454546,0.4445454545454545,64.6740625,70.6583125,86.63133333333333,41.458,74.63,3.254,66.524,0.0,0.15399999999999991,0.0,578,4,B,54,Sedan,1.0,Pass,NONE,,0.03472,41.458,3.254,0
VH-00580,71.90145454545456,11.970467878510178,113.128,91.64325,36.265761363636365,46.328,38.87292045454546,48.51,1.8605795454545453,2.994,0.7727272727272727,0.6363636363636364,0.8636363636363636,0.7045454545454546,0.7045454545454546,0.4445454545454545,63.8268125,69.648125,85.67208333333333,40.217,71.183,2.994,65.406,0.0,0.0,0.0,579,4,B,55,Compact,0.94,Pass,NONE,,0.03495,40.217,2.994,0
VH-00581,72.77922727272727,11.323302359260698,107.248,92.9638,36.72427272727273,47.999,38.76589772727272,47.139,1.8432840909090908,2.928,0.7727272727272727,0.7272727272727273,0.8409090909090909,0.7045454545454546,0.7045454545454546,0.44636363636363635,65.2871875,70.740375,85.48708333333333,41.836,72.185,2.928,69.723,0.0,0.0,0.0,580,4,B,56,Sedan,1.0,Pass,NONE,,0.03301,41.836,2.928,0
VH-00582,72.79618181818182,12.544613494787919,109.686,97.55245000000001,36.71245454545454,48.811,38.90720454545454,47.885,1.8193636363636365,2.23,0.7272727272727273,0.7954545454545454,0.8181818181818182,0.7045454545454546,0.7045454545454546,0.44636363636363635,63.5250625,70.899375,87.68675,40.732,67.502,2.23,61.948,0.0,0.0,0.0,581,4,B,57,Compact,0.94,Pass,NONE,,0.02724,40.732,3.247,0
VH-00583,72.3259090909091,11.846747430802166,107.645,92.82890000000002,36.83679545454545,48.839,38.84825,47.558,1.8232727272727274,2.687,0.7272727272727273,0.7045454545454546,0.8636363636363636,0.7045454545454546,0.7045454545454546,0.4445454545454545,64.258375,70.911875,84.968,40.911,74.027,2.687,60.58,0.0,0.0,0.0,582,4,B,58,Compact,0.94,Pass,NONE,,0.02747,40.911,2.687,0
VH-00584,73.34372727272726,11.70677948557544,105.752,92.50715000000001,36.70434090909091,49.136,38.958704545454545,48.946,1.8363863636363638,3.174,0.7727272727272727,0.6818181818181818,0.8181818181818182,0.7045454545454546,0.7045454545454546,0.4445454545454545,64.3253125,71.59643750000001,87.698,40.956,72.002,3.174,64.712,0.0,0.07399999999999984,0.0,583,4,B,59,SUV,1.08,Pass,NONE,,0.03906,40.956,3.174,0
VH-00585,73.16604545454545,12.107035747966428,108.532,94.5349,36.776954545454544,50.449,39.07420454545455,48.767,1.8374545454545455,2.732,0.75,0.6136363636363636,0.75,0.7045454545454546,0.7045454545454546,0.45,64.4815,71.0875,87.51683333333334,42.183,69.204,2.732,67.591,0.18299999999999983,0.0,0.0,584,4,B,60,Sedan,1.0,Pass,NONE,,0.04041,42.183,2.732,0
VH-00586,74.58775,12.255778030059655,108.946,97.3265,36.407863636363636,48.112,38.958965909090914,49.333,1.8316931818181816,3.055,0.7727272727272727,0.7727272727272727,0.8181818181818182,0.7045454545454546,0.7045454545454546,0.4445454545454545,66.2700625,72.5666875,88.37275,40.203,79.76,3.055,71.587,0.0,0.0,0.0,585,4,B,61,Truck,1.14,Pass,NONE,,0.03594,40.203,3.055,0
VH-00587,72.4725,12.372305525780384,106.002,93.9803,36.715886363636365,47.006,38.872454545454545,46.91,1.8351477272727272,3.44,0.75,0.7272727272727273,0.8181818181818182,0.7045454545454546,0.7045454545454546,0.44636363636363635,64.1448125,69.920375,86.97891666666668,40.692,72.974,3.44,62.065,0.0,0.33999999999999986,0.0,586,4,B,62,Compact,0.94,Pass,NONE,,0.03365,40.692,3.44,0
VH-00588,73.88679545454546,11.766879939700576,108.625,93.69795,36.565125,49.3,39.067772727272725,49.036,1.8323295454545454,2.728,0.8181818181818182,0.7727272727272727,0.8409090909090909,0.7045454545454546,0.7045454545454546,0.44272727272727275,66.5638125,70.8328125,87.72275,40.549,74.73,2.728,59.86,0.0,0.0,0.0,587,4,B,63,Truck,1.14,Pass,NONE,,0.03466,40.549,2.728,0
VH-00589,73.83090909090909,12.055339006004058,106.739,94.9133,36.20471590909091,46.328,39.04559090909091,48.578,1.8314659090909091,2.736,0.7272727272727273,0.7954545454545454,0.7954545454545454,0.7045454545454546,0.7045454545454546,0.4445454545454545,64.87775,71.96325,88.25866666666667,40.15,70.285,2.736,62.957,0.0,0.0,0.0,588,4,B,64,SUV,1.08,Pass,NONE,,0.03545,40.15,2.736,0
VH-00590,72.59968181818182,12.695703237202089,113.211,94.8314,36.78906818181818,49.389,39.03996590909091,48.079,1.8517727272727276,2.953,0.7045454545454546,0.7272727272727273,0.8636363636363636,0.7045454545454546,0.7045454545454546,0.4445454545454545,63.868125,70.5756875,86.94041666666668,41.568,66.939,2.953,67.032,0.0,0.0,0.0,589,4,B,65,Sedan,1.0,Pass,NONE,,0.03454,41.568,2.953,0
VH-00591,72.86736363636363,12.32100885157167,107.324,91.09570000000001,36.58561363636364,48.951,39.09675,47.604,1.8452613636363637,2.863,0.8409090909090909,0.7954545454545454,0.8409090909090909,0.7045454545454546,0.7045454545454546,0.44090909090909086,64.07056250000001,70.785,87.37291666666665,41.221,75.451,2.863,61.164,0.0,0.0,0.0,590,4,B,66,Sedan,1.0,Pass,NONE,,0.02855,41.221,2.863,0
VH-00592,72.70881818181819,12.27119322352004,110.086,91.86355,36.49732954545454,48.183,39.098,46.758,1.8465000000000003,2.895,0.8181818181818182,0.6818181818181818,0.8409090909090909,0.7045454545454546,0.7045454545454546,0.4445454545454545,64.060625,70.612375,87.03500000000001,40.939,68.204,2.878,64.643,0.0,0.0,0.0,591,4,B,67,Compact,0.94,Pass,NONE,,0.02688,40.939,2.878,0
VH-00593,72.52361363636363,11.65423607228921,109.435,92.95320000000001,36.545795454545456,48.444,38.912875,47.968,1.8617159090909092,3.002,0.75,0.7045454545454546,0.8181818181818182,0.7045454545454546,0.7045454545454546,0.44636363636363635,64.8046875,69.8720625,86.35091666666666,40.723,72.232,3.002,62.634,0.0,0.0,0.0,592,4,B,68,Sedan,1.0,Pass,NONE,,0.03927,40.723,3.002,0
VH-00594,73.90127272727273,11.092498769310092,105.266,96.48250000000002,36.359795454545456,48.297,38.89998863636364,46.957,1.8288068181818182,2.761,0.75,0.8181818181818182,0.7954545454545454,0.7045454545454546,0.7045454545454546,0.44636363636363635,65.7515625,72.495125,86.64241666666668,40.974,71.817,2.761,63.874,0.0,0.0,0.0,593,4,B,69,SUV,1.08,Pass,NONE,,0.03728,40.974,2.761,0
VH-00595,74.23093181818182,11.714114490543823,112.445,92.72475,36.36531818181818,46.328,38.989022727272726,48.75,1.8392954545454545,2.716,0.7272727272727273,0.7272727272727273,0.8636363636363636,0.7045454545454546,0.7045454545454546,0.44272727272727275,65.714625,72.1851875,88.31366666666668,40.771,70.56,2.716,65.847,0.0,0.0,0.0,594,4,B,70,SUV,1.08,Pass,NONE,,0.0377,40.771,2.716,0
VH-00596,74.19329545454546,12.365804267808311,110.735,97.25275,36.05778409090909,46.328,39.08860227272727,49.31,1.8293863636363639,2.947,0.8181818181818182,0.6818181818181818,0.8181818181818182,0.7045454545454546,0.7045454545454546,0.44272727272727275,64.9096875,72.2423125,89.17275000000001,40.485,69.503,2.947,60.013,0.0,0.0,0.0,595,4,B,71,SUV,1.08,Pass,NONE,,0.04892,40.485,2.947,0
VH-00597,72.57031818181818,11.595881961047443,108.258,93.00750000000001,36.507,48.843,38.85426136363637,47.71,1.8157272727272729,2.561,0.7727272727272727,0.6818181818181818,0.8863636363636364,0.7045454545454546,0.7045454545454546,0.4445454545454545,64.793875,70.6435,85.508,40.499,73.088,2.561,63.379,0.0,0.0,0.0,596,4,B,72,Compact,0.94,Pass,NONE,,0.03188,40.499,2.561,0
VH-00598,74.32970454545455,11.817545335131397,107.679,97.06230000000001,36.46403409090909,50.336,39.16042045454546,48.839,1.8332954545454547,3.006,0.8181818181818182,0.6136363636363636,0.7954545454545454,0.7045454545454546,0.7045454545454546,0.4445454545454545,66.15418749999999,72.037875,88.28616666666666,40.923,72.225,3.006,64.038,0.0,0.0,0.0,597,4,B,73,Truck,1.14,Pass,NONE,,0.04089,40.923,3.006,0
VH-00599,73.28713636363636,11.360239672772444,108.523,91.85265,36.44295454545455,48.782,38.91171590909091,48.227,1.843784090909091,2.574,0.7272727272727273,0.7272727272727273,0.8181818181818182,0.7045454545454546,0.7045454545454546,0.4445454545454545,65.6065625,72.4444375,84.6515,40.47,68.945,2.574,61.234,0.0,0.0,0.0,598,4,B,74,Sedan,1.0,Pass,NONE,,0.02997,40.47,2.574,0
VH-00600,72.76868181818182,12.04122613082302,110.197,97.27655,36.70609090909091,51.444,38.94261363636363,47.366,1.8158977272727272,2.457,0.75,0.7272727272727273,0.7727272727272727,0.7045454545454546,0.7045454545454546,0.4481818181818182,64.8976875,70.05087499999999,86.88708333333334,39.997,69.305,2.457,64.766,0.0,0.0,0.0,599,4,B,75,Sedan,1.0,Pass,NONE,,0.03919,39.997,2.457,0
VH-00601,72.49211363636363,12.198268444057874,106.448,92.45785,36.41311363636364,49.642,38.84815909090909,46.883,1.830193181818182,2.441,0.7954545454545454,0.8181818181818182,0.8181818181818182,0.7045454545454546,0.7045454545454546,0.44272727272727275,63.386125,70.3900625,87.43616666666667,38.734,64.058,2.441,67.078,0.0,0.0,0.0,600,5,A,1,Compact,0.94,Pass,NONE,,0.02628,38.734,2.441,0
VH-00602,73.38943181818182,12.040158585445827,103.722,93.0121,36.49972727272728,46.328,38.898284090909094,50.396,1.8119886363636366,2.51,0.75,0.7272727272727273,0.7727272727272727,0.7045454545454546,0.7045454545454546,0.45,64.291875,71.56475,87.95241666666668,40.264,71.271,2.51,65.214,0.0,0.0,0.0,601,5,A,2,Sedan,1.0,Pass,NONE,,0.03241,40.264,2.51,0
VH-00603,73.55604545454545,12.085354109473755,109.37,95.06575000000001,36.316750000000006,47.201,39.086875,49.721,1.827193181818182,2.659,0.7045454545454546,0.8181818181818182,0.7954545454545454,0.7045454545454546,0.7045454545454546,0.4445454545454545,65.4624375,71.198375,87.49108333333334,39.072,73.962,2.659,62.164,0.0,0.0,0.0,602,5,A,3,SUV,1.08,Pass,NONE,,0.02479,39.072,2.659,0
VH-00604,74.29038636363636,11.460978058462283,105.025,95.80975000000001,36.29661363636364,46.328,38.95247727272727,48.18,1.842693181818182,3.152,0.7954545454545454,0.6818181818181818,0.7727272727272727,0.7045454545454546,0.7045454545454546,0.44272727272727275,66.1721875,72.0089375,88.15658333333333,39.365,70.126,3.152,68.498,0.0,0.052000000000000046,0.0,603,5,A,4,Truck,1.14,Pass,NONE,,0.03181,39.365,3.152,0
VH-00605,72.28247727272728,11.947108846502122,112.224,92.3584,36.75625,50.34,39.117363636363635,49.299,1.8345340909090913,2.692,0.75,0.75,0.8636363636363636,0.7045454545454546,0.7045454545454546,0.4445454545454545,63.733875,70.8175625,85.63383333333333,40.644,71.364,2.692,65.591,0.0,0.0,0.0,604,5,A,5,Compact,0.94,Pass,NONE,,0.03621,40.644,2.692,0
VH-00606,72.5713409090909,11.762101623519856,111.151,91.8954,36.24144318181818,48.711,38.93723863636364,49.466,1.8375568181818183,2.368,0.75,0.6590909090909091,0.8409090909090909,0.7045454545454546,0.7045454545454546,0.44636363636363635,63.86725,70.8545,86.46591666666666,38.296,69.782,2.23,59.164,0.0,0.0,0.0,605,5,A,6,Compact,0.94,Pass,NONE,,0.02657,38.296,2.23,0
VH-00607,74.07870454545456,11.76816968159716,105.584,96.03965000000001,36.433,46.328,38.912090909090914,48.795,1.8353977272727275,2.766,0.75,0.7045454545454546,0.8409090909090909,0.7045454545454546,0.7045454545454546,0.44636363636363635,65.335625,72.1766875,88.27216666666668,40.612,74.038,2.766,64.222,0.0,0.0,0.0,606,5,A,7,SUV,1.08,Pass,NONE,,0.02982,40.612,2.766,0
VH-00608,74.32988636363636,11.863240416211458,105.54,94.6784,36.55761363636364,56.013,38.99364772727272,49.477,1.842284090909091,2.898,0.75,0.75,0.8181818181818182,0.7045454545454546,0.7045454545454546,0.44636363636363635,66.6275,71.07625,88.93791666666668,39.744,73.147,2.898,67.221,0.0,0.0,0.0,607,5,A,8,Truck,1.14,Pass,NONE,,0.03627,39.744,2.898,0
VH-00609,74.30865909090909,11.60374153160269,107.92,98.24415000000002,36.566829545454546,52.828,39.02704545454546,47.897,1.8173295454545455,2.25,0.7727272727272727,0.7727272727272727,0.7727272727272727,0.7045454545454546,0.7045454545454546,0.4445454545454545,66.1136875,71.9046875,88.44058333333334,40.341,71.051,2.25,66.937,0.0,0.0,0.0,608,5,A,9,SUV,1.08,Pass,NONE,,0.04758,40.341,2.25,0
VH-00610,72.57156818181818,12.278378955951018,105.176,95.03055,36.37934090909091,46.394,38.93034090909091,49.432,1.8302954545454546,3.03,0.75,0.7272727272727273,0.7954545454545454,0.7045454545454546,0.7045454545454546,0.4481818181818182,63.318625,70.444625,87.74475,39.388,68.158,3.03,61.882,0.0,0.0,0.0,609,5,A,10,Compact,0.94,Pass,NONE,,0.02812,39.388,3.03,0
VH-00611,73.85252272727273,12.428076914397057,107.452,94.78655,36.69298863636364,46.932,38.86025,46.625,1.8391250000000001,2.718,0.7954545454545454,0.8181818181818182,0.7727272727272727,0.7045454545454546,0.7045454545454546,0.44636363636363635,64.624,72.2294375,88.32133333333333,40.716,71.175,2.718,57.075,0.0,0.0,0.0,610,5,A,11,SUV,1.08,Pass,NONE,,0.03573,40.716,2.718,0
VH-00612,73.63352272727273,11.967221453831835,106.787,91.65615,36.43821590909091,46.791,38.99469318181818,49.93,1.8306704545454549,2.434,0.7727272727272727,0.7272727272727273,0.7954545454545454,0.7045454545454546,0.7045454545454546,0.4445454545454545,64.1549375,72.49475,87.79,39.781,72.353,2.434,66.66,0.0,0.0,0.0,611,5,A,12,SUV,1.08,Pass,NONE,,0.03397,39.781,2.434,0
VH-00613,73.76631818181818,11.187413631258622,110.868,93.17045,36.157545454545456,46.483,38.920875,47.088,1.7976704545454545,2.803,0.7272727272727273,0.8409090909090909,0.7954545454545454,0.7045454545454546,0.7045454545454546,0.44090909090909086,65.8485,72.0350625,86.63175,39.222,67.832,2.803,62.629,0.0,0.0,0.0,612,5,A,13,SUV,1.08,Pass,NONE,,0.03986,39.222,2.803,0
VH-00614,72.88154545454546,10.982185577909942,105.234,91.68730000000001,36.235181818181815,46.328,38.914522727272725,50.232,1.869943181818182,3.053,0.7727272727272727,0.6590909090909091,0.7954545454545454,0.7045454545454546,0.7045454545454546,0.45,65.47425,70.3734375,86.10208333333333,39.636,70.576,3.053,61.298,0.0,0.0,0.0,613,5,A,14,Sedan,1.0,Pass,NONE,,0.02239,39.636,3.053,0
VH-00615,72.04256818181818,11.900301464615575,104.021,93.1465,36.605011363636365,55.151,39.09951136363637,51.441,1.8071704545454546,2.208,0.75,0.7272727272727273,0.7727272727272727,0.7045454545454546,0.7045454545454546,0.44636363636363635,63.5636875,69.657625,86.52766666666666,39.292,67.618,2.208,60.383,0.0,0.0,0.0,614,5,A,15,Compact,0.94,Pass,NONE,,0.02575,39.292,2.208,0
VH-00616,73.73654545454545,11.98078730855237,108.939,97.28555000000001,36.573499999999996,49.206,38.95373863636364,47.912,1.8289318181818182,2.727,0.8181818181818182,0.7727272727272727,0.8181818181818182,0.7045454545454546,0.7045454545454546,0.44272727272727275,65.532,71.8723125,87.16158333333334,40.432,68.938,2.727,66.806,0.0,0.0,0.0,615,5,A,16,Sedan,1.0,Pass,NONE,,0.02992,39.044,2.727,0
VH-00617,73.5455,11.496897794926097,107.737,93.14215,36.319295454545454,48.403,39.04481818181818,49.19,1.8220340909090909,2.416,0.7272727272727273,0.6818181818181818,0.8181818181818182,0.7045454545454546,0.7045454545454546,0.44272727272727275,65.9890625,70.900625,87.14725,39.458,71.449,2.416,64.15,0.0,0.0,0.0,616,5,A,17,SUV,1.08,Pass,NONE,,0.04407,39.458,2.416,0
VH-00618,72.07538636363637,11.784159358116472,108.091,91.71175,36.53959090909091,53.137,38.95397727272727,46.625,1.8442386363636365,2.595,0.7727272727272727,0.75,0.7954545454545454,0.7045454545454546,0.7045454545454546,0.4445454545454545,63.5138125,71.00875,84.913,41.037,71.247,2.595,63.352,0.0,0.0,0.0,617,5,A,18,Compact,0.94,Pass,NONE,,0.03986,41.037,2.595,0
VH-00619,73.15809090909092,11.696450029554653,107.368,94.66665,36.69775,50.539,38.91034090909091,46.625,1.8442500000000002,2.73,0.7272727272727273,0.8409090909090909,0.7954545454545454,0.7045454545454546,0.7045454545454546,0.4445454545454545,64.8475,70.67425,87.55066666666666,39.972,68.23,2.73,65.03,0.0,0.0,0.0,618,5,A,19,Sedan,1.0,Pass,NONE,,0.04733,39.972,2.73,0
VH-00620,73.92679545454546,11.665022835292094,110.244,92.90555,36.37595454545454,46.337,38.97184090909091,48.47,1.8245795454545457,2.323,0.7954545454545454,0.6818181818181818,0.7954545454545454,0.7045454545454546,0.7045454545454546,0.4445454545454545,64.9083125,73.0631875,87.10291666666666,39.651,69.037,2.323,64.204,0.0,0.0,0.0,619,5,A,20,Sedan,1.0,Pass,NONE,,0.02668,39.651,2.323,0
VH-00621,72.40443181818182,11.426371528073496,106.729,91.901,36.49120454545454,54.357,38.884420454545456,49.283,1.801409090909091,2.099,0.75,0.5909090909090909,0.8181818181818182,0.7045454545454546,0.7045454545454546,0.4445454545454545,64.265875,70.21125,86.18008333333334,38.42,77.26,2.053,65.047,0.0,0.0,0.0,620,5,A,21,Sedan,1.0,Pass,NONE,,0.03201,38.42,2.053,0
VH-00622,73.12240909090909,12.613145763896922,110.626,93.80095,36.17520454545455,47.869,38.87956818181818,46.625,1.8335795454545456,2.53,0.7045454545454546,0.7045454545454546,0.7954545454545454,0.7045454545454546,0.7045454545454546,0.4481818181818182,64.651,70.4368125,87.99841666666667,39.378,66.798,2.53,63.313,0.0,0.0,0.0,621,5,A,22,Sedan,1.0,Pass,NONE,,0.0317,39.378,2.53,0
VH-00623,74.23740909090908,11.648023342277483,110.509,91.16470000000001,36.57146590909091,47.937,39.038022727272725,48.951,1.8104090909090909,2.136,0.7272727272727273,0.7727272727272727,0.8636363636363636,0.7045454545454546,0.7045454545454546,0.44636363636363635,66.486,72.3640625,87.07041666666667,40.257,69.6,2.136,70.927,0.0,0.0,0.0,622,5,A,23,Truck,1.14,Pass,NONE,,0.03447,40.257,2.136,0
VH-00624,72.73429545454546,12.329039758869826,109.602,92.2364,36.541875,49.106,38.92934090909091,47.325,1.8105795454545457,2.24,0.8409090909090909,0.6818181818181818,0.75,0.7045454545454546,0.7045454545454546,0.44636363636363635,63.691,70.8690625,87.279,39.723,71.202,2.195,62.557,0.0,0.0,0.0,623,5,A,24,Sedan,1.0,Pass,NONE,,0.03658,39.723,2.195,0
VH-00625,72.73547727272727,11.071991443925302,104.426,93.52840000000002,36.77671590909091,49.419,38.88888636363637,47.618,1.8294545454545457,2.172,0.75,0.75,0.7727272727272727,0.7045454545454546,0.7045454545454546,0.4445454545454545,64.1208125,72.332,84.75966666666666,38.905,71.546,2.172,62.14,0.0,0.0,0.0,624,5,A,25,Compact,0.94,Pass,NONE,,0.03467,38.905,2.172,0
VH-00626,73.88243181818183,11.965532368252909,109.514,93.81495,36.316227272727275,48.913,39.02830681818182,49.523,1.8217045454545455,2.251,0.75,0.8636363636363636,0.8409090909090909,0.7045454545454546,0.7045454545454546,0.44272727272727275,65.39175,71.87675,87.87758333333333,38.88,75.124,2.251,67.295,0.0,0.0,0.0,625,5,A,26,Truck,1.14,Pass,NONE,,0.03922,38.88,2.251,0
VH-00627,72.41897727272728,11.74139215724307,108.405,92.60589999999999,36.18022727272727,49.153,39.05286363636364,49.631,1.8367045454545454,2.607,0.75,0.6818181818181818,0.75,0.7045454545454546,0.7045454545454546,0.4481818181818182,63.7995,71.2705,85.44291666666668,39.164,71.953,2.607,61.627,0.0,0.0,0.0,626,5,A,27,Compact,0.94,Pass,NONE,,0.03321,39.164,2.607,0
VH-00628,73.26252272727272,11.46816187394097,110.252,91.4139,36.56659090909091,49.712,38.908625,49.157,1.8203522727272727,2.248,0.75,0.8181818181818182,0.7727272727272727,0.7045454545454546,0.7045454545454546,0.4445454545454545,65.5603125,71.1519375,86.34625,38.456,71.367,2.154,63.392,0.0,0.0,0.0,627,5,A,28,SUV,1.08,Pass,NONE,,0.06137,38.456,2.154,0
VH-00629,72.96706818181818,12.169666862876017,112.583,92.91525,36.18270454545455,48.043,39.00475,47.613,1.827772727272727,2.635,0.7727272727272727,0.75,0.8181818181818182,0.7045454545454546,0.7045454545454546,0.4445454545454545,63.817,70.92175,87.89425,38.58,69.436,2.635,64.278,0.0,0.0,0.0,628,5,A,29,Compact,0.94,Pass,NONE,,0.03488,38.58,2.635,0
VH-00630,72.82493181818182,11.630785256934185,109.69,92.3305,36.71929545454546,46.662,38.84671590909091,46.625,1.8315909090909093,2.33,0.7727272727272727,0.7727272727272727,0.7954545454545454,0.7045454545454546,0.7045454545454546,0.4481818181818182,65.1615,70.428625,86.23791666666666,39.053,69.469,2.306,60.811,0.0,0.0,0.0,629,5,A,30,Compact,0.94,Pass,NONE,,0.02551,39.053,2.306,0
VH-00631,72.73727272727272,11.235122550047587,104.338,93.23885000000001,36.24109090909091,46.403,38.883829545454546,48.932,1.8219204545454546,2.408,0.75,0.7272727272727273,0.7954545454545454,0.7045454545454546,0.7045454545454546,0.44272727272727275,63.709875000000004,71.7839375,86.04491666666667,40.533,67.804,2.408,58.449,0.0,0.0,0.0,630,5,A,31,Sedan,1.0,Pass,NONE,,0.03139,40.533,2.408,0
VH-00632,72.26997727272727,12.128860696296625,106.826,95.29325000000001,36.57552272727273,46.328,39.009784090909086,48.164,1.8221363636363639,2.453,0.75,0.75,0.7727272727272727,0.7045454545454546,0.7045454545454546,0.4445454545454545,63.7676875,70.1943125,86.37391666666667,38.312,71.727,2.453,64.311,0.0,0.0,0.0,631,5,A,32,Compact,0.94,Pass,NONE,,0.02987,38.312,2.453,0
VH-00633,72.92502272727273,11.282521684340388,105.281,93.28245000000001,36.640215909090905,50.274,39.11573863636364,50.405,1.8081477272727275,2.96,0.7727272727272727,0.7727272727272727,0.8181818181818182,0.7045454545454546,0.7045454545454546,0.4481818181818182,65.4479375,70.9565,85.51916666666666,39.72,75.559,2.96,62.193,0.0,0.0,0.0,632,5,A,33,Compact,0.94,Pass,NONE,,0.02784,39.72,2.96,0
VH-00634,73.20611363636364,11.796520072631413,107.322,96.72775000000001,36.352000000000004,48.945,38.77977272727273,47.566,1.8480227272727274,2.633,0.75,0.6590909090909091,0.8636363636363636,0.7045454545454546,0.7045454545454546,0.4445454545454545,65.05125,70.60375,87.54908333333333,39.66,71.479,2.633,64.857,0.0,0.0,0.0,633,5,A,34,Compact,0.94,Pass,NONE,,0.02269,39.66,2.633,0
VH-00635,73.57972727272727,11.76626469420617,107.258,93.5865,36.37076136363636,48.633,38.708375,46.625,1.8074772727272725,2.143,0.7727272727272727,0.75,0.8181818181818182,0.7045454545454546,0.7045454545454546,0.4445454545454545,65.627375,70.77074999999999,87.92816666666666,39.65,74.672,2.143,66.359,0.0,0.0,0.0,634,5,A,35,SUV,1.08,Pass,NONE,,0.02891,39.65,2.143,0
VH-00636,73.70615909090908,11.904529448605103,112.624,97.61105,35.93818181818182,47.698,38.98536363636364,48.708,1.8132045454545456,2.23,0.75,0.7272727272727273,0.7954545454545454,0.7045454545454546,0.7045454545454546,0.44272727272727275,66.5025625,70.37975,87.74616666666667,39.069,73.869,2.23,68.346,0.0,0.0,0.0,635,5,A,36,SUV,1.08,Pass,NONE,,0.04153,39.069,2.105,0
VH-00637,73.85918181818182,11.292301862840993,110.056,91.076,35.86215909090909,46.328,38.91377272727273,46.774,1.8413068181818182,2.246,0.7045454545454546,0.6363636363636364,0.7727272727272727,0.7045454545454546,0.7045454545454546,0.4518181818181818,66.00175,71.9381875,86.89708333333333,40.623,73.161,2.06,65.156,0.0,0.0,0.0,636,5,A,37,SUV,1.08,Pass,NONE,,0.0423,40.623,2.06,0
VH-00638,73.04356818181817,11.250563188792398,108.458,92.78305,36.38309090909091,48.558,39.003795454545454,50.716,1.8335227272727272,2.536,0.7727272727272727,0.75,0.8409090909090909,0.7045454545454546,0.7045454545454546,0.4445454545454545,64.4909375,71.543875,86.44666666666666,40.039,67.551,2.536,58.96,0.0,0.0,0.0,637,5,A,38,Sedan,1.0,Pass,NONE,,0.03713,40.039,2.536,0
VH-00639,74.69504545454545,12.213660183075886,108.493,101.07215000000002,36.313863636363635,49.265,38.80710227272727,47.7,1.8173977272727273,2.235,0.7954545454545454,0.7045454545454546,0.8181818181818182,0.7045454545454546,0.7045454545454546,0.4445454545454545,66.443375,72.3089375,88.87875000000001,39.064,71.942,2.073,64.975,0.0,0.0,0.0,638,5,A,39,Truck,1.14,Pass,NONE,,0.04864,39.064,2.073,0
VH-00640,72.64322727272727,12.118629686644837,105.934,95.02515000000001,36.54403409090909,54.224,38.88405681818182,46.625,1.8106818181818183,2.348,0.75,0.7727272727272727,0.8181818181818182,0.7045454545454546,0.7045454545454546,0.44636363636363635,64.231375,70.39,86.86333333333334,39.815,72.22,2.348,65.564,0.0,0.0,0.0,639,5,A,40,Sedan,1.0,Pass,NONE,,0.03207,39.815,2.348,0
VH-00641,72.83520454545454,12.267715478042824,109.335,91.6044,36.29538636363637,46.328,38.97982954545454,48.515,1.8097045454545457,2.19,0.75,0.8636363636363636,0.7954545454545454,0.7045454545454546,0.7045454545454546,0.4445454545454545,64.5761875,70.538875,86.90899999999999,39.379,75.84,2.134,61.346,0.0,0.0,0.0,640,5,A,41,Compact,0.94,Pass,NONE,,0.03011,39.379,2.134,0
VH-00642,72.87186363636364,11.989276676963733,100.619,96.14645000000002,36.66797727272728,48.925,39.11535227272727,49.269,1.8484659090909092,2.301,0.7272727272727273,0.7045454545454546,0.75,0.7045454545454546,0.7045454545454546,0.45363636363636367,64.4729375,70.795,86.83958333333334,39.523,68.913,2.301,64.118,0.0,0.0,0.0,641,5,A,42,Sedan,1.0,Pass,NONE,,0.03016,39.523,2.301,0
VH-00643,72.06486363636363,12.442363623488585,104.138,94.81045000000002,36.34229545454545,46.846,39.15929545454546,48.866,1.8324886363636366,2.296,0.8409090909090909,0.7727272727272727,0.8409090909090909,0.7045454545454546,0.7045454545454546,0.44090909090909086,62.97325,70.0968125,86.81108333333333,40.42,69.013,2.296,59.192,0.0,0.0,0.0,642,5,A,43,Compact,0.94,Fail,LOW_CONFIDENCE_MULTI_CAUSAL,ST-45,0.02692,40.42,2.296,1
VH-00644,74.05620454545455,11.945788393929341,107.419,95.4335,36.42031818181818,49.087,38.994875,50.064,1.8307613636363635,2.587,0.7954545454545454,0.75,0.7954545454545454,0.7045454545454546,0.7045454545454546,0.44272727272727275,65.643,71.2204375,89.05483333333332,39.276,70.7,2.449,62.701,0.0,0.0,0.0,643,5,A,44,SUV,1.08,Pass,NONE,,0.02138,39.276,2.449,0
VH-00645,73.66422727272727,11.832016965928908,105.395,96.44170000000001,36.59452272727273,49.176,38.93598863636364,49.711,1.8180568181818182,2.145,0.7272727272727273,0.6590909090909091,0.8181818181818182,0.7045454545454546,0.7045454545454546,0.4481818181818182,65.03150000000001,72.5906875,86.60591666666666,39.663,72.943,2.145,63.075,0.0,0.0,0.0,644,5,A,45,SUV,1.08,Pass,NONE,,0.04362,39.663,2.145,0
VH-00646,74.12940909090909,11.594885886134172,106.423,90.67155,36.32468181818182,46.618,38.977340909090906,48.381,1.8209659090909092,2.168,0.7954545454545454,0.7272727272727273,0.8636363636363636,0.7045454545454546,0.7045454545454546,0.4445454545454545,65.147875,73.1465625,87.41525,39.318,68.141,2.168,65.933,0.0,0.0,0.0,645,5,A,46,SUV,1.08,Pass,NONE,,0.04454,39.318,2.168,0
VH-00647,72.43502272727272,12.30914219800203,105.669,94.43375,36.53663636363637,47.014,39.00881818181818,47.289,1.809125,2.554,0.7272727272727273,0.7272727272727273,0.7727272727272727,0.7045454545454546,0.7045454545454546,0.45,63.4696875,70.8313125,86.52708333333334,39.49,75.214,2.554,61.955,0.0,0.0,0.0,646,5,A,47,Compact,0.94,Pass,NONE,,0.02753,39.49,2.554,0
VH-00648,73.68577272727272,12.481377489691157,112.935,93.52995,36.330318181818186,46.979,38.95253409090909,50.708,1.8289659090909092,2.434,0.8181818181818182,0.7727272727272727,0.8181818181818182,0.7045454545454546,0.7045454545454546,0.44272727272727275,64.3864375,72.2305625,88.02516666666666,38.967,70.099,2.434,61.596,0.0,0.0,0.0,647,5,A,48,SUV,1.08,Pass,NONE,,0.03231,38.967,2.434,0
VH-00649,73.51320454545454,11.383255517051811,103.293,93.5706,36.29434090909091,51.532,38.872454545454545,50.348,1.8002613636363636,2.099,0.7272727272727273,0.6363636363636364,0.8409090909090909,0.7045454545454546,0.7045454545454546,0.44636363636363635,65.2574375,71.7838125,86.82675,39.295,71.057,2.088,69.765,0.0,0.0,0.0,648,5,A,49,Sedan,1.0,Pass,NONE,,0.03656,39.295,2.088,0
VH-00650,73.48927272727272,11.770838897143005,109.541,93.00115000000001,35.909465909090905,46.328,39.13613636363636,49.063,1.8303863636363638,2.5,0.8181818181818182,0.7045454545454546,0.8181818181818182,0.7045454545454546,0.7045454545454546,0.4445454545454545,65.7536875,71.1928125,86.86533333333334,40.258,69.441,2.127,60.185,0.0,0.0,0.0,649,5,A,50,Truck,1.14,Pass,NONE,,0.04107,40.258,2.127,0
VH-00651,72.5335909090909,11.879382409595369,104.625,95.84815,36.528045454545456,49.514,39.086738636363634,49.872,1.8080227272727272,2.196,0.7727272727272727,0.7727272727272727,0.7954545454545454,0.7045454545454546,0.7045454545454546,0.4445454545454545,64.12049999999999,69.945375,87.202,39.874,75.172,2.007,61.451,0.0,0.0,0.0,650,5,A,51,Compact,0.94,Pass,NONE,,0.02687,39.874,2.007,0
VH-00652,73.45756818181817,11.579502142966424,107.841,92.3257,36.77919318181818,51.371,38.951738636363636,49.109,1.8490909090909091,2.79,0.8181818181818182,0.7272727272727273,0.8409090909090909,0.7045454545454546,0.7045454545454546,0.4445454545454545,65.400875,71.3126875,87.05966666666666,38.653,74.365,2.79,63.674,0.0,0.0,0.0,651,5,A,52,SUV,1.08,Pass,NONE,,0.0321,38.653,2.79,0
VH-00653,74.33606818181818,11.979188153176183,108.289,93.4749,36.157000000000004,49.106,38.96461363636364,46.625,1.8169886363636365,2.322,0.7727272727272727,0.75,0.8409090909090909,0.7045454545454546,0.7045454545454546,0.4445454545454545,65.8008125,72.76593749999999,87.80991666666667,40.145,72.28,2.322,61.514,0.0,0.0,0.0,652,5,A,53,SUV,1.08,Pass,NONE,,0.04584,40.145,2.322,0
VH-00654,73.57488636363637,12.420028175109248,110.973,91.80454999999999,37.01025,50.229,38.91202272727273,46.746,1.8117045454545455,2.099,0.75,0.75,0.8636363636363636,0.7045454545454546,0.7045454545454546,0.4445454545454545,65.31325,71.5405625,87.30283333333334,40.373,67.833,1.721,61.506,0.0,0.0,0.0,653,5,A,54,SUV,1.08,Pass,NONE,,0.03643,40.373,1.721,0
VH-00655,73.36734090909091,12.20739553188049,106.809,95.71915,36.324954545454545,51.279,39.02021590909091,48.316,1.8241136363636365,2.213,0.75,0.75,0.8409090909090909,0.7045454545454546,0.7045454545454546,0.4481818181818182,64.00625,71.923875,87.77341666666666,40.022,72.402,2.213,62.696,0.0,0.0,0.0,654,5,A,55,Sedan,1.0,Pass,NONE,,0.02796,40.022,2.213,0
VH-00656,73.66243181818182,12.187928525365962,107.413,94.65010000000001,36.402488636363636,47.764,39.07172727272727,48.32,1.8479090909090912,2.607,0.7954545454545454,0.8181818181818182,0.8181818181818182,0.7045454545454546,0.7045454545454546,0.44272727272727275,64.9029375,71.822375,87.79516666666666,38.793,74.674,2.263,64.744,0.0,0.0,0.0,655,5,A,56,Sedan,1.0,Pass,NONE,,0.03952,38.793,2.263,0
VH-00657,72.27177272727273,11.28231698095625,107.003,89.1223,36.37293181818182,48.325,39.064170454545454,48.686,1.8171022727272728,2.099,0.75,0.7045454545454546,0.8181818181818182,0.7045454545454546,0.7045454545454546,0.44636363636363635,64.350125,70.263125,85.51216666666666,39.456,73.341,1.855,67.375,0.0,0.0,0.0,656,5,A,57,Compact,0.94,Pass,NONE,,0.0213,39.456,1.855,0
VH-00658,73.77315909090909,11.546808964089223,108.546,94.8264,36.43211363636363,46.328,39.146511363636364,48.931,1.8209431818181818,2.469,0.7954545454545454,0.7727272727272727,0.7954545454545454,0.7045454545454546,0.7045454545454546,0.4445454545454545,66.5668125,71.0105625,87.06508333333333,38.771,76.348,2.469,63.862,0.0,0.0,0.0,657,5,A,58,Truck,1.14,Pass,NONE,,0.05155,38.771,2.469,0
VH-00659,73.0174090909091,11.011219845226753,107.601,87.4885,36.5165,49.32,39.24210227272727,49.793,1.8265113636363637,2.16,0.7954545454545454,0.7045454545454546,0.7727272727272727,0.7045454545454546,0.7045454545454546,0.4481818181818182,65.04425,71.671375,85.443,39.111,73.896,2.16,61.53,0.0,0.0,0.0,658,5,A,59,Sedan,1.0,Fail,MANUAL_FIT_CHECK_VARIATION,ST-45,0.03327,39.111,2.16,1
VH-00660,72.62097727272727,11.918480874184795,109.964,93.0592,36.63206818181818,46.328,39.00419318181818,50.337,1.8506477272727273,2.594,0.75,0.7272727272727273,0.7954545454545454,0.7045454545454546,0.7045454545454546,0.4481818181818182,64.4630625,69.91225,87.10983333333333,38.395,71.95,2.333,61.918,0.0,0.0,0.0,659,5,A,60,Compact,0.94,Pass,NONE,,0.02653,38.395,2.333,0
VH-00661,73.3096590909091,12.599890141535068,109.843,97.16385,36.462545454545456,49.051,39.111613636363636,49.979,1.8160568181818184,2.438,0.7954545454545454,0.8181818181818182,0.7954545454545454,0.7045454545454546,0.7045454545454546,0.44272727272727275,64.4716875,71.1825,87.92983333333335,39.843,67.661,2.438,68.193,0.0,0.0,0.0,660,5,A,61,Sedan,1.0,Pass,NONE,,0.0366,39.843,2.438,0
VH-00662,72.50829545454545,11.219095477322638,107.381,91.39040000000001,36.93206818181818,58.273,39.05073863636364,49.438,1.8279545454545456,2.103,0.8181818181818182,0.6590909090909091,0.8636363636363636,0.7045454545454546,0.7045454545454546,0.4445454545454545,64.0923125,71.2285625,85.43591666666667,38.623,67.769,2.071,62.026,0.0,0.0,0.0,661,5,A,62,Sedan,1.0,Pass,NONE,,0.02041,38.623,2.071,0
VH-00663,73.85147727272728,11.672157568410267,111.803,93.18055,36.31813636363636,46.546,38.908545454545454,48.11,1.8471363636363636,2.314,0.7954545454545454,0.7727272727272727,0.8409090909090909,0.7045454545454546,0.7045454545454546,0.44272727272727275,65.40112500000001,71.771375,87.89208333333333,39.835,74.509,2.042,64.18,0.0,0.0,0.0,662,5,A,63,Truck,1.14,Pass,NONE,,0.03591,39.835,2.042,0
VH-00664,72.19434090909091,11.905134756849776,109.635,94.12525000000001,36.416534090909096,48.003,39.01020454545455,46.625,1.8419886363636364,2.455,0.7727272727272727,0.8181818181818182,0.8863636363636364,0.7045454545454546,0.7045454545454546,0.44272727272727275,64.1599375,69.14993750000001,86.96608333333334,40.576,65.911,2.347,65.711,0.0,0.0,0.0,663,5,A,64,Compact,0.94,Pass,NONE,,0.0322,40.576,2.347,0
VH-00665,74.04161363636364,11.575321851401396,107.391,96.12895,36.40740909090909,46.506,38.92806818181818,47.745,1.8122500000000001,2.223,0.7727272727272727,0.7272727272727273,0.8409090909090909,0.7045454545454546,0.7045454545454546,0.44090909090909086,65.69075,72.58275,87.12124999999999,40.432,69.974,2.109,65.72,0.0,0.0,0.0,664,5,A,65,Sedan,1.0,Pass,NONE,,0.02721,39.309,2.109,0
VH-00666,72.99447727272728,11.949905085715574,111.288,93.20345,36.42344318181818,49.212,38.801125,48.024,1.8296704545454545,2.313,0.8409090909090909,0.6590909090909091,0.75,0.7045454545454546,0.7045454545454546,0.44636363636363635,65.7158125,69.8090625,86.94658333333332,39.743,77.784,2.313,64.68,0.0,0.0,0.0,665,5,A,66,Compact,0.94,Pass,NONE,,0.03366,39.743,2.313,0
VH-00667,72.78047727272727,12.355841927754561,109.145,94.1935,36.35104545454545,50.071,39.09315909090909,48.524,1.8194204545454546,2.248,0.7727272727272727,0.7954545454545454,0.8181818181818182,0.7045454545454546,0.7045454545454546,0.44272727272727275,65.55025,68.7603125,87.781,40.678,72.014,2.248,61.8,0.0,0.0,0.0,666,5,A,67,Compact,0.94,Pass,NONE,,0.03347,40.678,2.248,0
VH-00668,73.49513636363636,12.105326712575005,111.165,91.51830000000001,36.393772727272726,46.712,39.12504545454545,47.555,1.7909090909090908,2.362,0.75,0.75,0.7727272727272727,0.7045454545454546,0.7045454545454546,0.4445454545454545,64.84275,71.5066875,87.68291666666666,40.288,76.044,2.252,65.88,0.0,0.0,0.0,667,5,A,68,SUV,1.08,Pass,NONE,,0.03954,40.288,2.252,0
VH-00669,72.65631818181818,12.02878520181027,108.594,91.89055,36.31390909090909,46.328,38.99760227272728,48.316,1.8242954545454546,2.494,0.7954545454545454,0.7272727272727273,0.75,0.7045454545454546,0.7045454545454546,0.4445454545454545,64.1228125,70.6394375,86.7235,39.877,71.445,2.122,63.751,0.0,0.0,0.0,668,5,A,69,Sedan,1.0,Pass,NONE,,0.02079,39.877,2.122,0
VH-00670,74.50493181818182,12.841737758950764,115.705,97.35605,36.47542045454546,52.969,39.211011363636366,49.391,1.8098636363636365,2.218,0.8409090909090909,0.7272727272727273,0.7727272727272727,0.7045454545454546,0.7045454545454546,0.4445454545454545,64.3793125,73.099125,89.88016666666665,38.834,68.287,2.06,64.343,0.0,0.0,0.0,669,5,A,70,Truck,1.14,Pass,NONE,,0.05058,38.834,2.06,0
VH-00671,72.93361363636365,12.0113897366371,109.171,96.0053,36.360113636363636,46.537,39.17523863636364,49.111,1.8327272727272728,2.355,0.75,0.5681818181818182,0.8181818181818182,0.7045454545454546,0.7045454545454546,0.4481818181818182,64.1549375,70.7721875,87.52041666666666,39.822,67.698,2.115,65.496,0.0,0.0,0.0,670,5,A,71,Compact,0.94,Pass,NONE,,0.03677,39.822,2.115,0
VH-00672,73.04420454545455,12.14745561563952,110.91,92.8522,36.61847727272727,51.488,39.022125,48.087,1.8170113636363638,2.099,0.7954545454545454,0.6818181818181818,0.8409090909090909,0.7045454545454546,0.7045454545454546,0.44272727272727275,64.41475,70.9659375,87.32116666666667,39.649,73.014,2.041,62.748,0.0,0.0,0.0,671,5,A,72,Compact,0.94,Pass,NONE,,0.02842,39.649,2.041,0
VH-00673,74.48613636363636,12.227308815299194,112.005,96.08715000000001,36.16575,46.345,38.962375,47.791,1.8250113636363636,2.286,0.7272727272727273,0.6818181818181818,0.8409090909090909,0.7045454545454546,0.7045454545454546,0.44636363636363635,65.841125,72.1804375,89.08708333333334,39.161,74.112,2.286,66.285,0.0,0.0,0.0,672,5,A,73,Truck,1.14,Pass,NONE,,0.04851,39.161,2.286,0
VH-00674,73.42890909090909,11.290770346384656,109.768,91.521,36.35452272727272,46.328,38.69177272727273,46.625,1.8489545454545455,2.377,0.75,0.7045454545454546,0.8409090909090909,0.7045454545454546,0.7045454545454546,0.4445454545454545,65.4141875,72.602875,85.21658333333333,39.405,70.187,2.377,67.74,0.0,0.0,0.0,673,5,A,74,SUV,1.08,Pass,NONE,,0.03074,39.405,2.377,0
VH-00675,74.90465909090909,12.367303193357355,114.673,96.91655,36.74729545454546,49.222,38.94809090909091,48.369,1.8189431818181818,2.28,0.7045454545454546,0.6590909090909091,0.8636363636363636,0.7045454545454546,0.7045454545454546,0.44636363636363635,66.827875,71.97075,89.58558333333333,39.228,71.998,2.28,66.536,0.0,0.0,0.0,674,5,A,75,SUV,1.08,Pass,NONE,,0.0393,39.228,2.28,0
VH-00676,73.61911363636364,11.407635462586084,107.144,93.61635,36.57265909090909,46.328,38.984215909090906,48.118,1.8514659090909091,2.53,0.7727272727272727,0.7954545454545454,0.7954545454545454,0.7045454545454546,0.7045454545454546,0.44636363636363635,65.4929375,71.6106875,87.13191666666667,41.098,70.912,2.218,62.592,0.0,0.0,0.0,675,5,B,1,SUV,1.08,Pass,NONE,,0.04791,41.098,2.218,0
VH-00677,73.53036363636363,10.98435120945249,107.784,91.67555000000002,36.61871590909091,49.696,38.87827272727273,48.048,1.8517840909090908,2.576,0.7727272727272727,0.7045454545454546,0.7954545454545454,0.7045454545454546,0.7045454545454546,0.4481818181818182,66.1541875,71.5059375,86.0645,39.578,73.217,1.873,70.537,0.0,0.0,0.0,676,5,B,2,SUV,1.08,Pass,NONE,,0.04284,39.578,1.873,0
VH-00678,73.58038636363636,11.409705526265295,105.991,92.7648,36.946977272727274,50.476,39.06857954545455,49.453,1.8213295454545457,2.303,0.7727272727272727,0.6590909090909091,0.8181818181818182,0.7045454545454546,0.7045454545454546,0.44636363636363635,65.233375,72.790875,85.76241666666665,40.738,74.828,2.135,68.064,0.0,0.0,0.0,677,5,B,3,SUV,1.08,Pass,NONE,,0.0383,40.738,2.135,0
VH-00679,72.30777272727272,12.030509322210637,110.026,92.6782,36.51495454545455,46.535,38.98729545454545,47.629,1.8240681818181819,2.284,0.7727272727272727,0.6363636363636364,0.8409090909090909,0.7045454545454546,0.7045454545454546,0.4445454545454545,64.2611875,69.646,86.58558333333333,40.269,70.98,1.932,62.896,0.0,0.0,0.0,678,5,B,4,Compact,0.94,Pass,NONE,,0.04267,40.269,1.932,0
VH-00680,73.00140909090909,11.884075859655852,109.74,91.86305,36.51170454545455,50.588,38.91771590909091,48.636,1.8378522727272726,2.254,0.7954545454545454,0.6818181818181818,0.8409090909090909,0.7045454545454546,0.7045454545454546,0.44272727272727275,64.4931875,71.114875,86.86108333333334,40.215,70.265,2.205,60.01,0.0,0.0,0.0,679,5,B,5,Sedan,1.0,Pass,NONE,,0.02783,40.215,2.205,0
VH-00681,74.69125,11.389039478304221,109.142,93.59365,36.232772727272724,47.624,39.07307954545455,48.947,1.8050340909090912,2.099,0.7272727272727273,0.7954545454545454,0.7727272727272727,0.7045454545454546,0.7045454545454546,0.4445454545454545,67.1285625,71.9335625,88.45175,40.74,70.541,1.855,68.587,0.0,0.0,0.0,680,5,B,6,SUV,1.08,Pass,NONE,,0.03461,40.74,1.855,0
VH-00682,73.12756818181818,11.64555167973917,104.285,96.4021,36.3565,47.523,38.89075,47.76,1.8004886363636365,2.099,0.7727272727272727,0.5909090909090909,0.8181818181818182,0.7045454545454546,0.7045454545454546,0.4445454545454545,64.7525625,71.5153125,86.44391666666667,40.432,67.736,1.886,66.904,0.0,0.0,0.0,681,5,B,7,SUV,1.08,Pass,NONE,,0.03616,40.432,1.886,0
VH-00683,72.88879545454546,12.256166227050576,108.16,92.53025,36.556363636363635,49.597,39.26805681818182,51.255,1.8339886363636366,2.099,0.75,0.7045454545454546,0.8409090909090909,0.7045454545454546,0.7045454545454546,0.4445454545454545,63.5449375,71.63025,87.02533333333334,40.34,69.818,1.955,62.018,0.0,0.0,0.0,682,5,B,8,Compact,0.94,Pass,NONE,,0.03179,40.34,1.955,0
VH-00684,72.47643181818182,11.579456878450484,106.162,93.16575000000002,36.57122727272727,48.555,38.945386363636366,50.81,1.806568181818182,2.393,0.7272727272727273,0.6818181818181818,0.8181818181818182,0.7045454545454546,0.7045454545454546,0.4481818181818182,64.04668749999999,70.746,86.02333333333333,38.633,67.355,2.393,60.096,0.0,0.0,0.0,683,5,B,9,Compact,0.94,Pass,NONE,,0.03412,38.633,2.393,0
VH-00685,73.29547727272728,12.049035731926391,109.678,94.80445,36.333704545454545,46.328,38.82902272727273,46.625,1.8369545454545457,2.245,0.75,0.75,0.7954545454545454,0.7045454545454546,0.7045454545454546,0.44636363636363635,64.3733125,71.6258125,87.41791666666666,40.53,70.091,2.245,64.67,0.0,0.0,0.0,684,5,B,10,Compact,0.94,Pass,NONE,,0.02526,40.53,2.245,0
VH-00686,73.39800000000001,12.171886475484937,107.506,93.75590000000001,36.288090909090904,47.931,39.14685227272727,47.949,1.8125,2.23,0.75,0.75,0.8409090909090909,0.7045454545454546,0.7045454545454546,0.44272727272727275,64.0998125,72.2828125,87.28250000000001,40.393,73.595,2.23,61.85,0.0,0.0,0.0,685,5,B,11,Sedan,1.0,Pass,NONE,,0.02315,40.393,1.928,0
VH-00687,73.17663636363636,12.324203509507752,106.946,92.02250000000001,36.80118181818182,47.478,38.91396590909091,47.955,1.8329659090909092,2.099,0.7954545454545454,0.6818181818181818,0.8409090909090909,0.7045454545454546,0.7045454545454546,0.44636363636363635,64.7706875,70.3315625,88.178,38.683,65.591,2.01,64.886,0.0,0.0,0.0,686,5,B,12,Compact,0.94,Pass,NONE,,0.03292,38.683,2.01,0
VH-00688,72.24620454545455,11.70850293804513,108.561,89.8818,36.454875,48.486,39.30503409090909,50.317,1.8201363636363637,2.099,0.75,0.7272727272727273,0.8863636363636364,0.7045454545454546,0.7045454545454546,0.4445454545454545,64.309125,69.78425,86.11158333333333,40.375,69.333,2.091,60.53,0.0,0.0,0.0,687,5,B,13,Compact,0.94,Pass,NONE,,0.04433,40.375,2.091,0
VH-00689,72.32011363636364,11.118937516616164,105.798,91.34630000000001,36.43259090909091,47.084,38.985420454545455,48.719,1.8260454545454545,2.419,0.75,0.7045454545454546,0.8181818181818182,0.7045454545454546,0.7045454545454546,0.4445454545454545,64.0349375,70.5778125,85.69008333333333,40.371,68.955,1.748,60.145,0.0,0.0,0.0,688,5,B,14,Compact,0.94,Pass,NONE,,0.0261,40.371,1.748,0
VH-00690,72.37115909090909,11.782342511874495,107.219,91.5268,36.53331818181818,47.486,38.98205681818182,49.613,1.8231363636363638,2.28,0.7272727272727273,0.7272727272727273,0.8409090909090909,0.7045454545454546,0.7045454545454546,0.44272727272727275,63.6769375,70.3200625,86.69824999999999,40.128,72.22,2.106,60.773,0.0,0.0,0.0,689,5,B,15,Compact,0.94,Pass,NONE,,0.02976,40.128,2.106,0
VH-00691,73.83788636363637,12.20468470714176,108.12,93.93775000000001,36.61214772727273,49.866,38.949090909090906,50.488,1.82825,2.099,0.8181818181818182,0.7954545454545454,0.8181818181818182,0.7045454545454546,0.7045454545454546,0.44272727272727275,65.5914375,72.00375,87.27866666666667,39.381,71.016,1.988,66.189,0.0,0.0,0.0,690,5,B,16,SUV,1.08,Pass,NONE,,0.03289,39.381,1.988,0
VH-00692,74.19206818181819,11.747863731379292,106.304,94.9745,36.90315909090909,52.825,39.13311363636364,48.104,1.8234204545454546,2.143,0.8409090909090909,0.6136363636363636,0.8409090909090909,0.7045454545454546,0.7045454545454546,0.44272727272727275,65.8654375,72.2984375,87.81908333333332,39.556,69.93,2.143,63.346,0.0,0.0,0.0,691,5,B,17,SUV,1.08,Pass,NONE,,0.04333,39.556,2.143,0
VH-00693,73.69686363636363,11.73118125972037,111.238,93.04865,36.55494318181818,46.947,39.15928409090909,48.651,1.8100681818181819,2.179,0.8409090909090909,0.7045454545454546,0.8181818181818182,0.7045454545454546,0.7045454545454546,0.4445454545454545,66.541625,71.00575,86.82533333333333,41.251,75.759,2.179,64.873,0.0,0.0,0.0,692,5,B,18,SUV,1.08,Pass,NONE,,0.02475,41.251,2.179,0
VH-00694,73.32431818181819,12.465362358696801,110.909,94.76025000000001,36.73484090909091,47.885,39.099045454545454,49.927,1.8071022727272728,2.099,0.7045454545454546,0.7272727272727273,0.8636363636363636,0.7045454545454546,0.7045454545454546,0.4445454545454545,63.9176875,71.953125,87.69475,40.12,72.382,1.756,59.406,0.0,0.0,0.0,693,5,B,19,Sedan,1.0,Pass,NONE,,0.02726,40.12,1.756,0
VH-00695,73.11929545454545,11.293055422300103,107.59,93.70045,36.42845454545455,46.54,39.00634090909091,48.291,1.8313409090909092,2.228,0.8181818181818182,0.7045454545454546,0.8409090909090909,0.7045454545454546,0.7045454545454546,0.44272727272727275,65.479625,70.4506875,86.86366666666667,40.492,75.915,2.228,63.378,0.0,0.0,0.0,694,5,B,20,Compact,0.94,Pass,NONE,,0.02373,40.492,2.228,0
VH-00696,73.39800000000001,11.03867987557157,102.352,93.91435,36.42555681818182,48.106,39.031954545454546,47.566,1.800227272727273,2.099,0.7954545454545454,0.75,0.7727272727272727,0.7045454545454546,0.7045454545454546,0.44272727272727275,65.8575,71.640375,85.7955,41.568,75.989,1.945,64.197,0.0,0.0,0.0,695,5,B,21,Sedan,1.0,Pass,NONE,,0.0289,41.568,1.945,0
VH-00697,72.51393181818182,11.95039499084041,107.022,94.25025,36.639227272727275,49.445,39.048579545454544,49.364,1.8099545454545456,2.175,0.7954545454545454,0.6818181818181818,0.75,0.7045454545454546,0.7045454545454546,0.4481818181818182,63.7308125,70.4179375,87.01941666666666,39.82,65.819,1.992,64.837,0.0,0.0,0.0,696,5,B,22,Compact,0.94,Pass,NONE,,0.02864,39.82,1.992,0
VH-00698,72.8154090909091,11.787712126515043,106.189,93.5092,36.365204545454546,46.884,38.86875,48.296,1.821943181818182,2.328,0.7727272727272727,0.8181818181818182,0.7954545454545454,0.7045454545454546,0.7045454545454546,0.4445454545454545,64.187375,71.4788125,86.10158333333334,40.655,71.017,2.04,64.695,0.0,0.0,0.0,697,5,B,23,Compact,0.94,Pass,NONE,,0.02837,40.655,2.04,0
VH-00699,72.89272727272727,10.750289653996319,106.156,88.49405,36.47301136363637,49.485,38.79571590909091,46.625,1.7922613636363636,2.099,0.8181818181818182,0.8181818181818182,0.8181818181818182,0.7045454545454546,0.7045454545454546,0.44090909090909086,66.2084375,70.3846875,85.14916666666666,40.604,74.459,1.99,64.851,0.0,0.0,0.0,698,5,B,24,SUV,1.08,Pass,NONE,,0.0343,40.604,1.99,0
VH-00700,73.90881818181818,11.828315084305762,110.105,94.2411,36.29784090909091,47.869,38.93555681818182,47.253,1.8313522727272726,2.348,0.7272727272727273,0.7045454545454546,0.7954545454545454,0.7045454545454546,0.7045454545454546,0.44272727272727275,65.2809375,72.6581875,87.08016666666667,40.024,69.048,2.215,64.25,0.0,0.0,0.0,699,5,B,25,SUV,1.08,Pass,NONE,,0.03352,40.024,2.215,0
VH-00701,72.56695454545455,12.387629975765758,107.99,97.5299,36.45339772727272,49.297,39.006375,47.272,1.8267954545454546,2.194,0.8181818181818182,0.75,0.8181818181818182,0.7045454545454546,0.7045454545454546,0.44090909090909086,63.977,69.6503125,87.90908333333334,40.06,69.763,2.194,65.496,0.0,0.0,0.0,700,5,B,26,Sedan,1.0,Pass,NONE,,0.0341,40.06,2.194,0
VH-00702,73.07945454545455,12.316402779078413,105.891,92.5986,36.49970454545455,48.958,38.98826136363636,48.819,1.8278750000000001,2.507,0.7727272727272727,0.7272727272727273,0.7954545454545454,0.7045454545454546,0.7045454545454546,0.44272727272727275,64.8225,70.23375,87.883,40.134,69.405,2.507,61.005,0.0,0.0,0.0,701,5,B,27,Compact,0.94,Pass,NONE,,0.03977,40.134,2.507,0
VH-00703,73.97663636363637,11.420732520576518,106.159,93.19795,36.51468181818182,46.712,38.86452272727273,47.439,1.819284090909091,2.28,0.7727272727272727,0.7045454545454546,0.7954545454545454,0.7045454545454546,0.7045454545454546,0.4445454545454545,65.6815625,72.334875,87.22575,39.532,75.333,2.107,63.905,0.0,0.0,0.0,702,5,B,28,SUV,1.08,Pass,NONE,,0.03744,39.532,2.107,0
VH-00704,72.7694090909091,11.939625891685372,107.972,91.83275,36.481193181818185,46.564,38.788909090909094,47.531,1.8206704545454544,2.2,0.7727272727272727,0.6818181818181818,0.8181818181818182,0.7045454545454546,0.7045454545454546,0.4445454545454545,64.297,70.8515,86.62316666666668,39.731,70.897,2.2,63.294,0.0,0.0,0.0,703,5,B,29,Sedan,1.0,Pass,NONE,,0.03131,39.731,2.2,0
VH-00705,72.94713636363636,11.737515327955734,112.971,90.72075000000001,36.519659090909094,50.055,38.84226136363637,49.277,1.8283636363636366,2.291,0.7954545454545454,0.7272727272727273,0.8636363636363636,0.7045454545454546,0.7045454545454546,0.44272727272727275,64.54575,70.7898125,87.02541666666667,40.524,66.669,1.939,61.657,0.0,0.0,0.0,704,5,B,30,Compact,0.94,Pass,NONE,,0.03074,40.524,1.939,0
VH-00706,73.26168181818183,11.376438746267159,104.243,96.26350000000001,36.60488636363636,46.948,39.10515909090909,49.445,1.812852272727273,2.256,0.75,0.6363636363636364,0.8181818181818182,0.7045454545454546,0.7045454545454546,0.45,65.3073125,70.9514375,86.94783333333334,39.883,68.145,2.256,66.616,0.0,0.0,0.0,705,5,B,31,Sedan,1.0,Pass,NONE,,0.02971,39.883,2.256,0
VH-00707,73.36093181818181,10.793722293478341,104.246,89.60545,36.244443181818184,46.328,38.93534090909091,46.822,1.8301250000000002,2.548,0.7954545454545454,0.8181818181818182,0.8181818181818182,0.7045454545454546,0.7045454545454546,0.4445454545454545,65.86031249999999,71.78337499999999,85.46516666666666,40.969,69.462,2.548,66.801,0.0,0.0,0.0,706,5,B,32,Sedan,1.0,Pass,NONE,,0.03291,40.969,2.548,0
VH-00708,72.62529545454545,11.455390228306044,112.44,93.72650000000002,35.980670454545454,46.328,39.00477272727273,49.78,1.840215909090909,2.253,0.75,0.8409090909090909,0.7954545454545454,0.7045454545454546,0.7045454545454546,0.4445454545454545,65.1341875,69.8995625,86.24775,38.883,68.803,2.253,67.532,0.0,0.0,0.0,707,5,B,33,Compact,0.94,Pass,NONE,,0.02396,38.883,2.253,0
VH-00709,73.88063636363637,11.324666804669645,112.151,92.34150000000001,36.475522727272725,47.509,38.97984090909091,46.625,1.8321477272727273,2.269,0.7272727272727273,0.6590909090909091,0.8409090909090909,0.7045454545454546,0.7045454545454546,0.4445454545454545,66.0968125,71.96968749999999,86.807,40.907,67.056,2.16,65.404,0.0,0.0,0.0,708,5,B,34,SUV,1.08,Pass,NONE,,0.03437,40.907,2.16,0
VH-00710,72.75454545454545,11.953025773310316,109.755,95.9689,36.15890909090909,46.328,38.836409090909086,47.288,1.8191477272727274,2.202,0.7727272727272727,0.75,0.7954545454545454,0.7045454545454546,0.7045454545454546,0.4481818181818182,64.62825,70.574125,86.49683333333333,40.107,70.337,2.202,62.169,0.0,0.0,0.0,709,5,B,35,Compact,0.94,Pass,NONE,,0.02511,40.107,2.202,0
VH-00711,72.70475,11.750818774293093,106.585,90.40465,36.902727272727276,49.447,39.085693181818186,47.113,1.8371136363636362,2.426,0.7727272727272727,0.7727272727272727,0.8181818181818182,0.7045454545454546,0.7045454545454546,0.4445454545454545,63.609125,70.9021875,87.23566666666666,39.959,72.974,2.138,64.251,0.0,0.0,0.0,710,5,B,36,Compact,0.94,Pass,NONE,,0.03517,39.959,2.138,0
VH-00712,72.54168181818181,11.502445478654929,107.622,92.20855,36.330125,46.89,39.18098863636364,51.052,1.8402727272727275,2.561,0.7727272727272727,0.75,0.8409090909090909,0.7045454545454546,0.7045454545454546,0.44272727272727275,64.610375,70.333125,86.06150000000001,40.331,66.648,2.232,61.624,0.0,0.0,0.0,711,5,B,37,Sedan,1.0,Pass,NONE,,0.03835,40.331,2.232,0
VH-00713,73.87320454545454,11.622338926394246,108.544,94.63405,36.314375,46.328,39.072784090909096,47.755,1.8382272727272728,2.515,0.7954545454545454,0.7727272727272727,0.8181818181818182,0.7045454545454546,0.7045454545454546,0.4445454545454545,65.2518125,72.105375,87.72550000000001,40.991,72.068,2.222,67.562,0.0,0.0,0.0,712,5,B,38,SUV,1.08,Pass,NONE,,0.03814,40.991,2.222,0
VH-00714,72.21802272727273,11.242271694810466,107.478,90.83335,36.24045454545455,47.048,39.03421590909091,47.965,1.8274204545454547,2.28,0.7954545454545454,0.7045454545454546,0.7954545454545454,0.7045454545454546,0.7045454545454546,0.4445454545454545,63.3853125,70.820625,85.85816666666666,40.236,64.773,2.151,63.301,0.0,0.0,0.0,713,5,B,39,Compact,0.94,Pass,NONE,,0.02489,40.236,2.151,0
VH-00715,71.86772727272727,11.377840695871704,107.931,90.06105000000001,36.7315,48.367,38.996204545454546,47.098,1.8174545454545454,2.464,0.7727272727272727,0.6818181818181818,0.8409090909090909,0.7045454545454546,0.7045454545454546,0.44636363636363635,64.144625,69.8178125,84.89841666666666,41.444,70.528,2.05,62.802,0.0,0.0,0.0,714,5,B,40,Compact,0.94,Pass,NONE,,0.03136,41.444,2.05,0
VH-00716,72.19404545454546,11.117433688214167,103.193,90.77055,36.305443181818184,47.248,38.84855681818182,47.561,1.8129204545454547,2.285,0.75,0.7045454545454546,0.7727272727272727,0.7045454545454546,0.7045454545454546,0.44636363636363635,64.3454375,70.1375625,85.40083333333332,40.263,68.579,1.972,59.469,0.0,0.0,0.0,715,5,B,41,Compact,0.94,Pass,NONE,,0.0301,40.263,1.972,0
VH-00717,73.65715909090909,11.954470361553629,107.229,94.8643,36.42143181818182,48.463,39.028875,46.694,1.8236136363636364,2.26,0.7272727272727273,0.7727272727272727,0.8636363636363636,0.7045454545454546,0.7045454545454546,0.44272727272727275,64.9098125,71.8775,87.69316666666667,41.269,75.211,1.821,65.347,0.0,0.0,0.0,716,5,B,42,SUV,1.08,Pass,NONE,,0.03496,41.269,1.821,0
VH-00718,71.73186363636363,11.848441939747907,105.002,93.94585000000002,36.29443181818181,46.328,39.06247727272727,47.947,1.8249204545454547,2.271,0.7727272727272727,0.6818181818181818,0.8409090909090909,0.7045454545454546,0.7045454545454546,0.4445454545454545,63.0536875,69.5511875,86.21033333333332,39.948,67.631,1.794,59.227,0.0,0.0,0.0,717,5,B,43,Compact,0.94,Pass,NONE,,0.03238,39.948,1.794,0
VH-00719,72.84079545454546,11.425754876246552,106.407,90.57935,36.252522727272726,50.807,38.90026136363636,48.302,1.8293409090909092,2.337,0.7272727272727273,0.7954545454545454,0.8181818181818182,0.7045454545454546,0.7045454545454546,0.44636363636363635,63.521125,72.3029375,85.98416666666667,41.186,74.267,2.337,60.337,0.0,0.0,0.0,718,5,B,44,Compact,0.94,Pass,NONE,,0.02911,41.186,2.337,0
VH-00720,73.86229545454545,12.207507931081626,109.053,93.4478,36.70854545454545,47.741,38.98857954545454,46.625,1.8235227272727272,2.128,0.7272727272727273,0.7045454545454546,0.7954545454545454,0.7045454545454546,0.7045454545454546,0.4481818181818182,64.6240625,71.73225,89.02,38.942,68.001,2.128,62.27,0.0,0.0,0.0,719,5,B,45,SUV,1.08,Pass,NONE,,0.04105,38.942,2.128,0
VH-00721,73.16529545454546,11.702550786502764,106.485,94.25255000000001,36.41790909090909,49.809,39.068920454545456,47.061,1.8034999999999999,2.099,0.7727272727272727,0.6363636363636364,0.75,0.7045454545454546,0.7045454545454546,0.45,64.8211875,71.3871875,86.66158333333334,40.462,74.853,1.841,64.875,0.0,0.0,0.0,720,5,B,46,SUV,1.08,Pass,NONE,,0.03772,40.462,1.841,0
VH-00722,73.678,12.136594898114142,109.27,94.58155000000001,36.78378409090909,50.385,38.90969318181818,48.47,1.799284090909091,2.119,0.75,0.7272727272727273,0.8181818181818182,0.7045454545454546,0.7045454545454546,0.4445454545454545,64.8818125,71.636125,88.12875000000001,39.733,72.791,2.001,62.878,0.0,0.0,0.0,721,5,B,47,SUV,1.08,Pass,NONE,,0.02973,39.733,2.001,0
VH-00723,73.93854545454545,12.130135796426448,114.173,94.2745,36.346318181818184,47.033,39.010999999999996,47.67,1.832159090909091,2.449,0.7727272727272727,0.7727272727272727,0.8636363636363636,0.7045454545454546,0.7045454545454546,0.44272727272727275,64.876875,72.51775,87.91516666666666,40.53,70.024,2.449,64.085,0.0,0.0,0.0,722,5,B,48,SUV,1.08,Pass,NONE,,0.02698,40.53,2.449,0
VH-00724,74.54493181818181,12.132003713794441,110.794,91.87595,36.23653409090909,48.116,38.95695454545454,48.238,1.8136250000000003,2.342,0.7727272727272727,0.6818181818181818,0.8181818181818182,0.7045454545454546,0.7045454545454546,0.4481818181818182,65.6474375,73.0360625,88.42008333333332,39.655,70.91,2.342,62.966,0.0,0.0,0.0,723,5,B,49,SUV,1.08,Pass,NONE,,0.0363,39.655,2.342,0
VH-00725,73.70029545454545,11.88810936046984,108.712,96.07545,36.89263636363636,50.638,38.97310227272727,46.625,1.838818181818182,2.338,0.7954545454545454,0.7727272727272727,0.7954545454545454,0.7045454545454546,0.7045454545454546,0.4445454545454545,64.7650625,71.9975,87.88433333333334,40.048,73.415,2.052,62.887,0.0,0.0,0.0,724,5,B,50,Truck,1.14,Pass,NONE,,0.05344,40.048,2.052,0
VH-00726,72.69863636363637,11.982698746945209,107.306,94.77185,36.24254545454546,50.445,39.15602272727273,48.497,1.86425,2.9,0.8181818181818182,0.7727272727272727,0.7727272727272727,0.7045454545454546,0.7045454545454546,0.44636363636363635,63.6085625,71.6378125,86.23316666666666,41.009,73.24,2.027,60.669,0.0,0.0,0.0,725,5,B,51,Sedan,1.0,Pass,NONE,,0.0397,41.009,2.027,0
VH-00727,73.07645454545455,11.430325508507792,104.611,94.3868,36.43509090909091,49.341,39.00590909090909,47.678,1.8087613636363635,2.174,0.8181818181818182,0.7727272727272727,0.8181818181818182,0.7045454545454546,0.7045454545454546,0.44272727272727275,64.9788125,70.985375,86.66141666666665,40.603,76.555,2.174,67.874,0.0,0.0,0.0,726,5,B,52,Sedan,1.0,Pass,NONE,,0.02558,40.603,2.174,0
VH-00728,72.94815909090909,11.190681650878593,104.655,94.06845,36.280818181818184,51.201,38.87507954545455,47.93,1.8019090909090911,2.178,0.75,0.75,0.8181818181818182,0.7045454545454546,0.7045454545454546,0.4445454545454545,64.8370625,71.5653125,85.60674999999999,39.725,69.267,2.178,60.726,0.0,0.0,0.0,727,5,B,53,Sedan,1.0,Pass,NONE,,0.03567,39.725,2.178,0
VH-00729,73.47386363636363,11.74863658114661,104.044,93.26335,36.87584090909091,49.062,39.169011363636365,51.027,1.8387954545454546,2.15,0.75,0.75,0.8409090909090909,0.7045454545454546,0.7045454545454546,0.44636363636363635,64.6386875,71.5750625,87.78583333333334,40.396,71.949,2.15,68.555,0.0,0.0,0.0,728,5,B,54,SUV,1.08,Pass,NONE,,0.03765,40.396,2.15,0
VH-00730,74.51027272727272,11.49792521296603,108.953,91.96685,36.48163636363636,49.162,38.865125,47.764,1.8302386363636365,2.347,0.75,0.8181818181818182,0.7727272727272727,0.7045454545454546,0.7045454545454546,0.44272727272727275,66.3266875,72.9733125,87.471,40.432,75.554,2.347,66.413,0.0,0.0,0.0,729,5,B,55,Truck,1.14,Pass,NONE,,0.04179,40.493,2.347,0
VH-00731,72.19281818181818,12.00575504492456,109.027,90.70775,36.261238636363636,47.997,38.83742045454546,46.625,1.8102045454545455,2.209,0.8181818181818182,0.7954545454545454,0.7954545454545454,0.7045454545454546,0.7045454545454546,0.4445454545454545,64.47725,69.272625,86.37383333333334,40.231,73.354,2.209,63.299,0.0,0.0,0.0,730,5,B,56,Sedan,1.0,Pass,NONE,,0.02394,40.231,2.209,0
VH-00732,72.17545454545454,12.030204895806852,109.023,90.8838,36.59302272727273,52.696,38.950545454545455,46.874,1.8086818181818183,2.444,0.7727272727272727,0.7272727272727273,0.8636363636363636,0.7045454545454546,0.7045454545454546,0.44272727272727275,63.8141875,70.012125,86.20825,40.023,65.201,2.016,62.225,0.0,0.0,0.0,731,5,B,57,Compact,0.94,Pass,NONE,,0.03998,40.023,2.016,0
VH-00733,72.85381818181818,11.68590290721564,105.538,95.33340000000001,36.15710227272727,46.883,39.125,48.599,1.8089545454545457,2.099,0.7727272727272727,0.75,0.8181818181818182,0.7045454545454546,0.7045454545454546,0.44272727272727275,64.8379375,70.3636875,86.86183333333334,39.207,73.046,1.862,65.503,0.0,0.0,0.0,732,5,B,58,Compact,0.94,Pass,NONE,,0.03138,39.207,1.862,0
VH-00734,73.71481818181819,12.314945320432535,107.135,97.46595,36.400113636363635,48.036,39.04803409090909,47.724,1.8025681818181818,2.099,0.75,0.7727272727272727,0.8181818181818182,0.7045454545454546,0.7045454545454546,0.4481818181818182,65.45,71.9205,87.127,41.955,73.783,1.89,61.159,0.0,0.0,0.0,733,5,B,59,Sedan,1.0,Pass,NONE,,0.03225,41.955,1.89,0
VH-00735,73.7571590909091,12.658945078835968,115.025,97.85260000000001,36.31644318181819,48.492,39.10576136363636,48.926,1.7943636363636364,2.099,0.7727272727272727,0.6818181818181818,0.8409090909090909,0.7045454545454546,0.7045454545454546,0.44272727272727275,65.2278125,71.227875,88.502,40.432,72.497,2.078,65.763,0.0,0.0,0.0,734,5,B,60,Sedan,1.0,Pass,NONE,,0.02719,41.114,2.078,0
VH-00736,73.40361363636363,11.022523971746065,104.544,92.5602,36.22415909090909,51.836,38.92431818181819,47.518,1.8366477272727273,2.228,0.75,0.6818181818181818,0.7954545454545454,0.7045454545454546,0.7045454545454546,0.4481818181818182,65.945375,71.2461875,86.22449999999999,40.672,73.604,2.228,63.507,0.0,0.0,0.0,735,5,B,61,SUV,1.08,Pass,NONE,,0.04027,40.672,2.228,0
VH-00737,72.5764090909091,10.938239816984671,103.205,90.88835,36.77317045454546,50.391,39.049977272727276,47.509,1.8169659090909092,2.552,0.7727272727272727,0.7045454545454546,0.7954545454545454,0.7045454545454546,0.7045454545454546,0.4445454545454545,64.7010625,70.429625,85.93925,42.013,74.042,1.89,63.149,0.012999999999998124,0.0,0.0,736,5,B,62,Compact,0.94,Pass,NONE,,0.03185,42.013,1.89,0
VH-00738,72.76290909090909,11.816436514386227,106.806,93.3405,36.47427272727273,46.996,39.06185227272727,47.898,1.8026477272727275,2.172,0.7272727272727273,0.7045454545454546,0.8409090909090909,0.7045454545454546,0.7045454545454546,0.44636363636363635,64.71243750000001,71.199,85.58208333333334,40.313,74.433,2.172,66.42,0.0,0.0,0.0,737,5,B,63,Compact,0.94,Pass,NONE,,0.03221,40.313,2.172,0
VH-00739,72.17090909090909,11.544380605859223,106.167,91.5001,36.11531818181818,46.801,38.996625,47.443,1.797659090909091,2.179,0.7045454545454546,0.7045454545454546,0.8181818181818182,0.7045454545454546,0.7045454545454546,0.4481818181818182,63.937375,70.256875,85.70100000000001,40.718,72.664,1.967,62.293,0.0,0.0,0.0,738,5,B,64,Sedan,1.0,Pass,NONE,,0.03142,40.718,1.967,0
VH-00740,73.117,12.476573137517128,112.156,93.6672,36.58643181818182,53.101,38.66976136363636,47.761,1.8392272727272727,2.443,0.7727272727272727,0.6818181818181818,0.8181818181818182,0.7045454545454546,0.7045454545454546,0.4445454545454545,63.8103125,71.8565,87.20658333333334,39.157,71.702,2.127,62.853,0.0,0.0,0.0,739,5,B,65,Sedan,1.0,Pass,NONE,,0.03214,39.157,2.127,0
VH-00741,72.87647727272727,12.362867354785843,115.758,91.8969,36.528420454545454,52.409,39.05344318181818,47.525,1.8592727272727274,2.365,0.7272727272727273,0.6363636363636364,0.7727272727272727,0.7045454545454546,0.7045454545454546,0.4481818181818182,64.06156250000001,71.017125,87.10883333333334,40.574,70.31,2.056,63.019,0.0,0.0,0.0,740,5,B,66,Sedan,1.0,Pass,NONE,,0.03515,40.574,2.056,0
VH-00742,72.31688636363637,11.350349375251616,105.089,92.60435,36.138125,46.328,39.01393181818182,46.865,1.8123068181818183,2.224,0.75,0.6818181818181818,0.7727272727272727,0.7045454545454546,0.7045454545454546,0.4481818181818182,64.179,70.66725,85.36691666666667,40.323,68.489,1.827,65.515,0.0,0.0,0.0,741,5,B,67,Compact,0.94,Pass,NONE,,0.02738,40.323,1.827,0
VH-00743,73.54320454545454,11.267826206607216,108.685,95.208,36.53265909090909,48.853,39.00932954545454,46.625,1.82475,2.159,0.7727272727272727,0.7272727272727273,0.8181818181818182,0.7045454545454546,0.7045454545454546,0.4445454545454545,65.9541875,70.589375,87.60033333333332,40.504,73.569,1.818,65.221,0.0,0.0,0.0,742,5,B,68,SUV,1.08,Pass,NONE,,0.03587,40.504,1.818,0
VH-00744,73.87936363636364,11.91669224257421,108.29,97.90795000000001,36.86625,50.777,38.93963636363637,47.244,1.8104772727272727,2.099,0.7954545454545454,0.7727272727272727,0.8636363636363636,0.7045454545454546,0.7045454545454546,0.4445454545454545,65.86225,71.62168750000001,87.57908333333334,40.189,69.148,1.933,68.221,0.0,0.0,0.0,743,5,B,69,SUV,1.08,Pass,NONE,,0.02863,40.189,1.933,0
VH-00745,74.25854545454546,11.963675221763559,109.246,94.0102,36.134454545454545,46.328,38.99286363636364,46.946,1.8289204545454545,2.566,0.7954545454545454,0.8181818181818182,0.8181818181818182,0.7045454545454546,0.7045454545454546,0.44272727272727275,65.3260625,72.9795625,87.87383333333332,40.401,73.237,2.566,65.238,0.0,0.0,0.0,744,5,B,70,SUV,1.08,Pass,NONE,,0.0447,40.401,2.566,0
VH-00746,73.31031818181818,11.772100977790222,107.108,93.28590000000001,36.24277272727273,46.835,38.95903409090909,48.661,1.8484659090909092,2.512,0.75,0.7272727272727273,0.8409090909090909,0.7045454545454546,0.7045454545454546,0.4445454545454545,65.0320625,71.272875,87.06458333333335,40.502,72.182,2.167,65.044,0.0,0.0,0.0,745,5,B,71,SUV,1.08,Pass,NONE,,0.04472,40.502,2.167,0
VH-00747,73.15472727272727,11.970962614756179,110.413,91.3331,36.59739772727273,48.411,38.924875,47.638,1.8259318181818183,2.161,0.8181818181818182,0.7954545454545454,0.8181818181818182,0.7045454545454546,0.7045454545454546,0.44272727272727275,64.207125,71.614625,87.13833333333334,41.081,71.026,1.849,59.889,0.0,0.0,0.0,746,5,B,72,Compact,0.94,Pass,NONE,,0.02713,41.081,1.849,0
VH-00748,72.69761363636364,11.045531063518789,105.576,92.66545,36.353784090909095,47.859,39.22744318181818,48.122,1.8202500000000001,2.099,0.7954545454545454,0.7727272727272727,0.8181818181818182,0.7045454545454546,0.7045454545454546,0.44272727272727275,64.261875,71.615375,85.38825000000001,40.574,70.626,1.887,63.416,0.0,0.0,0.0,747,5,B,73,Compact,0.94,Pass,NONE,,0.03438,40.574,1.887,0
VH-00749,72.13045454545455,12.015065816685372,110.983,93.21570000000001,36.474897727272726,49.74,39.09105681818182,47.718,1.8321363636363637,2.333,0.7727272727272727,0.7045454545454546,0.7954545454545454,0.7045454545454546,0.7045454545454546,0.44636363636363635,63.3943125,69.9813125,86.64416666666666,39.409,70.024,2.009,62.957,0.0,0.0,0.0,748,5,B,74,Compact,0.94,Pass,NONE,,0.02302,39.409,2.009,0
VH-00750,73.03586363636363,11.383746688970502,110.311,91.4565,36.52220454545455,50.181,38.88852272727273,47.442,1.814306818181818,2.267,0.75,0.7045454545454546,0.8181818181818182,0.7045454545454546,0.7045454545454546,0.44636363636363635,65.7310625,70.7644375,85.80416666666667,40.53,75.291,2.126,63.961,0.0,0.0,0.0,749,5,B,75,Sedan,1.0,Pass,NONE,,0.02779,40.53,2.126,0
VH-00751,73.59211363636364,11.93477895512593,108.683,95.58735,36.60609090909091,52.464,38.97709090909091,48.857,1.8220795454545458,2.099,0.75,0.7727272727272727,0.8409090909090909,0.7045454545454546,0.7045454545454546,0.44090909090909086,65.584125,71.2776875,87.35533333333332,39.232,70.243,1.981,62.773,0.0,0.0,0.0,750,6,A,1,Sedan,1.0,Pass,NONE,,0.02969,39.232,1.981,0
VH-00752,73.31104545454546,11.828246713840016,116.131,91.33030000000001,36.38702272727273,48.677,39.11955681818182,50.183,1.8298977272727273,2.317,0.7954545454545454,0.7045454545454546,0.8181818181818182,0.7045454545454546,0.7045454545454546,0.4445454545454545,65.2369375,71.19,86.90458333333333,39.001,70.172,2.317,63.017,0.0,0.0,0.0,751,6,A,2,Compact,0.94,Pass,NONE,,0.02545,39.001,2.317,0
VH-00753,75.01138636363636,11.933301798915329,108.835,94.32350000000001,36.36079545454545,47.358,38.98527272727273,47.486,1.8189886363636363,2.269,0.7272727272727273,0.7045454545454546,0.8181818181818182,0.7045454545454546,0.7045454545454546,0.44636363636363635,65.9465625,73.2054375,89.50574999999999,40.775,72.251,2.241,63.894,0.0,0.0,0.0,752,6,A,3,SUV,1.08,Pass,NONE,,0.03086,40.775,2.241,0
VH-00754,74.13193181818181,11.785622692546081,108.924,92.7633,36.09573863636364,50.354,38.850238636363635,49.211,1.8372045454545456,2.569,0.75,0.75,0.7954545454545454,0.7045454545454546,0.7045454545454546,0.4445454545454545,66.08875,71.6515,88.16341666666666,38.452,76.984,2.132,65.258,0.0,0.0,0.0,753,6,A,4,Truck,1.14,Pass,NONE,,0.04121,38.452,2.132,0
VH-00755,73.73625,12.16779927766841,105.638,98.81750000000001,36.161170454545456,46.328,39.140488636363635,47.702,1.8298068181818181,2.609,0.8181818181818182,0.7045454545454546,0.8181818181818182,0.7045454545454546,0.7045454545454546,0.4445454545454545,65.176625,71.3151875,88.37716666666667,39.473,69.49,2.291,67.485,0.0,0.0,0.0,754,6,A,5,SUV,1.08,Pass,NONE,,0.03344,39.473,2.291,0
VH-00756,73.89197727272727,12.622860731465869,110.322,93.38495,36.912909090909096,54.688,38.88681818181818,46.625,1.808965909090909,2.178,0.7045454545454546,0.7727272727272727,0.8181818181818182,0.7045454545454546,0.7045454545454546,0.4445454545454545,64.307625,72.9390625,87.94166666666666,39.847,67.987,2.033,66.241,0.0,0.0,0.0,755,6,A,6,SUV,1.08,Pass,NONE,,0.03892,39.847,2.033,0
VH-00757,72.57477272727273,12.398897019331319,109.445,97.06824999999999,36.543125,49.109,39.203238636363636,49.343,1.8323863636363635,2.506,0.7954545454545454,0.7272727272727273,0.7954545454545454,0.7045454545454546,0.7045454545454546,0.44272727272727275,63.7918125,70.4724375,87.0885,40.428,76.456,2.506,63.031,0.0,0.0,0.0,756,6,A,7,Compact,0.94,Pass,NONE,,0.03701,40.428,2.506,0
VH-00758,72.83547727272727,11.05892884019491,104.323,92.46350000000001,36.545795454545456,48.371,38.98547727272727,46.694,1.801,2.191,0.7954545454545454,0.7954545454545454,0.7727272727272727,0.7045454545454546,0.7045454545454546,0.44272727272727275,65.3798125,70.99431249999999,85.23125,39.89,66.265,2.191,62.867,0.0,0.0,0.0,757,6,A,8,Compact,0.94,Fail,LOW_CONFIDENCE_MULTI_CAUSAL,ST-45,0.02721,39.89,2.191,1
VH-00759,73.56477272727273,12.483244451670778,113.275,94.32475,36.38827272727273,46.328,38.99681818181818,49.625,1.8276022727272727,2.256,0.75,0.6818181818181818,0.8409090909090909,0.7045454545454546,0.7045454545454546,0.44636363636363635,65.0678125,71.5264375,87.61183333333334,39.245,72.418,2.178,62.42,0.0,0.0,0.0,758,6,A,9,SUV,1.08,Pass,NONE,,0.03996,39.245,2.178,0
VH-00760,74.07320454545454,11.783243310340177,111.262,95.00110000000001,36.522988636363635,48.719,39.04884090909091,48.148,1.8178750000000001,2.481,0.7954545454545454,0.7272727272727273,0.8409090909090909,0.7045454545454546,0.7045454545454546,0.4445454545454545,65.6605625,72.42275,87.49066666666666,40.432,71.15,1.897,65.184,0.0,0.0,0.0,759,6,A,10,SUV,1.08,Pass,NONE,,0.03308,38.82,1.897,0
VH-00761,73.22431818181818,12.010704035621295,111.528,94.3237,36.671113636363636,51.547,39.051875,49.996,1.8178750000000001,2.509,0.75,0.8181818181818182,0.8181818181818182,0.7045454545454546,0.7045454545454546,0.44272727272727275,64.612875,71.3745625,87.17258333333332,38.983,71.56,2.509,62.544,0.0,0.0,0.0,760,6,A,11,SUV,1.08,Pass,NONE,,0.03935,38.983,2.509,0
VH-00762,73.8475,12.08433980935272,110.61,94.52525,36.148295454545455,47.333,38.90321590909091,46.625,1.8585,2.427,0.7727272727272727,0.8409090909090909,0.8409090909090909,0.7045454545454546,0.7045454545454546,0.44090909090909086,65.229625,71.8211875,88.03975000000001,39.064,69.494,2.181,66.888,0.0,0.0,0.0,761,6,A,12,SUV,1.08,Pass,NONE,,0.03563,39.064,2.181,0
VH-00763,72.64481818181818,11.45288835565525,109.866,90.7137,36.49855681818182,51.448,39.056125,48.494,1.8124886363636363,2.101,0.7727272727272727,0.7045454545454546,0.8181818181818182,0.7045454545454546,0.7045454545454546,0.4445454545454545,64.7411875,70.285375,86.32891666666667,39.765,72.354,2.027,62.899,0.0,0.0,0.0,762,6,A,13,Sedan,1.0,Pass,NONE,,0.02956,39.765,2.027,0
VH-00764,74.55293181818182,11.828238549390587,113.544,96.07945,36.82544318181818,50.281,39.14965909090909,49.108,1.8204545454545455,2.44,0.7954545454545454,0.7045454545454546,0.8181818181818182,0.7045454545454546,0.7045454545454546,0.4445454545454545,66.2641875,71.73762500000001,89.35833333333333,38.162,72.16,1.868,64.024,0.0,0.0,0.0,763,6,A,14,Truck,1.14,Pass,NONE,,0.05137,38.162,1.868,0
VH-00765,72.7746590909091,12.063105547047902,109.884,93.26060000000001,36.61196590909091,48.633,38.88279545454546,50.115,1.8415000000000001,2.402,0.7954545454545454,0.7727272727272727,0.7727272727272727,0.7045454545454546,0.7045454545454546,0.4445454545454545,63.6050625,71.2986875,86.96875,40.049,71.292,2.202,61.993,0.0,0.0,0.0,764,6,A,15,Sedan,1.0,Pass,NONE,,0.02733,40.049,2.202,0
VH-00766,73.33206818181817,12.486867176316256,109.273,92.09445000000001,36.34730681818182,49.258,38.91773863636364,48.065,1.8314886363636362,2.14,0.75,0.7727272727272727,0.8181818181818182,0.7045454545454546,0.7045454545454546,0.44636363636363635,64.8785625,70.81925,87.95383333333332,38.037,74.39,1.764,67.803,0.0,0.0,0.0,765,6,A,16,Compact,0.94,Pass,NONE,,0.03817,38.037,1.764,0
VH-00767,72.64556818181819,11.595927722240646,103.968,92.66590000000001,36.06802272727273,48.957,38.84519318181818,46.203500000000005,1.805159090909091,2.099,0.7272727272727273,0.7045454545454546,0.8409090909090909,0.7045454545454546,0.7045454545454546,0.44636363636363635,64.4306875,70.404,86.58749999999999,38.487,72.397,1.743,61.836,0.0,0.0,0.0,766,6,A,17,Compact,0.94,Pass,NONE,,0.02576,38.487,1.743,0
VH-00768,72.48677272727274,11.353129724961176,105.647,93.8875,36.472863636363634,49.311,39.05606818181818,48.007,1.808,2.099,0.7727272727272727,0.7954545454545454,0.8409090909090909,0.7045454545454546,0.7045454545454546,0.44272727272727275,64.3433125,70.105,86.52041666666666,40.432,68.587,1.85,60.388,0.0,0.0,0.0,767,6,A,18,Sedan,1.0,Pass,NONE,,0.02983,39.279,1.85,0
VH-00769,71.79138636363636,11.872176586193588,105.973,90.1326,36.46085227272727,46.328,38.95192045454546,49.442,1.799125,2.099,0.8181818181818182,0.8181818181818182,0.8409090909090909,0.7045454545454546,0.7045454545454546,0.44090909090909086,63.5359375,70.2643125,84.83475,38.331,72.772,1.985,62.033,0.0,0.0,0.0,768,6,A,19,Compact,0.94,Pass,NONE,,0.02278,38.331,1.985,0
VH-00770,73.18431818181818,11.736816144028651,103.319,92.93755,36.199704545454544,48.602,39.018829545454544,48.398,1.796159090909091,2.248,0.7727272727272727,0.75,0.8409090909090909,0.7045454545454546,0.7045454545454546,0.4445454545454545,65.02225,70.482625,87.66933333333333,39.678,74.496,2.248,63.942,0.0,0.0,0.0,769,6,A,20,SUV,1.08,Pass,NONE,,0.03277,39.678,2.248,0
VH-00771,73.66865909090909,12.011887605943638,102.354,94.33315,36.56376136363636,48.235,39.092749999999995,48.347,1.824,2.208,0.7954545454545454,0.7272727272727273,0.7954545454545454,0.7045454545454546,0.7045454545454546,0.44636363636363635,65.0600625,71.9505,87.43766666666666,39.577,72.448,2.119,69.204,0.0,0.0,0.0,770,6,A,21,Sedan,1.0,Pass,NONE,,0.03936,39.577,2.119,0
VH-00772,73.43897727272727,11.72671565369978,106.278,92.473,36.65318181818182,50.328,38.87855681818182,46.625,1.7837613636363636,2.099,0.75,0.6818181818181818,0.75,0.7045454545454546,0.7045454545454546,0.4518181818181818,65.4370625,70.810625,87.61266666666667,40.118,74.339,1.915,63.988,0.0,0.0,0.0,771,6,A,22,SUV,1.08,Pass,NONE,,0.03144,40.118,1.915,0
VH-00773,72.49027272727272,10.8995799820156,105.717,90.28325,36.69068181818182,48.304,38.828295454545454,47.672,1.849477272727273,2.269,0.7272727272727273,0.7045454545454546,0.8636363636363636,0.7045454545454546,0.7045454545454546,0.44636363636363635,64.9770625,70.320125,85.40141666666666,40.2,63.25,2.139,66.534,0.0,0.0,0.0,772,6,A,23,Compact,0.94,Pass,NONE,,0.03155,40.2,2.139,0
VH-00774,72.41895454545455,10.873018307451016,104.866,90.07580000000002,36.42990909090909,47.133,38.95830681818182,49.602,1.8600795454545456,2.737,0.7045454545454546,0.5909090909090909,0.8181818181818182,0.7045454545454546,0.7045454545454546,0.4481818181818182,64.8964375,70.3945625,85.14816666666667,39.053,70.079,2.737,65.036,0.0,0.0,0.0,773,6,A,24,Sedan,1.0,Pass,NONE,,0.03153,39.053,2.737,0
VH-00775,73.1628409090909,12.097096130396539,105.572,93.03075,36.592045454545456,46.328,38.984795454545456,47.622,1.8412954545454545,2.292,0.7727272727272727,0.8181818181818182,0.7727272727272727,0.7045454545454546,0.7045454545454546,0.44636363636363635,63.890625,71.6031875,87.60533333333332,39.849,72.314,2.292,62.066,0.0,0.0,0.0,774,6,A,25,Sedan,1.0,Pass,NONE,,0.03288,39.849,2.292,0
VH-00776,71.43668181818181,12.877139088544016,108.243,95.69460000000001,36.23406818181818,46.328,38.93544318181818,49.414,1.811625,2.143,0.7272727272727273,0.7954545454545454,0.8636363636363636,0.7045454545454546,0.7045454545454546,0.4445454545454545,62.273375,69.1105,86.75599999999999,39.901,68.552,2.143,61.319,0.0,0.0,0.0,775,6,A,26,Compact,0.94,Pass,NONE,,0.03605,39.901,2.143,0
VH-00777,73.43854545454545,11.28103781605169,103.934,94.9616,36.570125000000004,52.334,39.01880681818182,46.897,1.8301250000000002,2.123,0.75,0.75,0.8181818181818182,0.7045454545454546,0.7045454545454546,0.44636363636363635,65.6386875,71.0803125,86.98266666666666,38.634,67.598,2.123,66.259,0.0,0.0,0.0,776,6,A,27,Sedan,1.0,Pass,NONE,,0.02897,38.634,2.123,0
VH-00778,73.04875,12.732049642490294,109.973,92.0319,36.742875,54.573,39.06043181818182,48.252,1.8552613636363637,2.495,0.75,0.8181818181818182,0.7954545454545454,0.7045454545454546,0.7045454545454546,0.4481818181818182,63.6779375,71.3814375,87.76625,39.668,78.034,2.093,68.746,0.0,0.0,0.0,777,6,A,28,Sedan,1.0,Pass,NONE,,0.02917,39.668,2.093,0
VH-00779,72.46670454545455,11.401576083583635,107.637,90.11555,36.61836363636364,49.59,39.14895454545455,48.285,1.8510909090909093,2.175,0.7272727272727273,0.7727272727272727,0.8181818181818182,0.7045454545454546,0.7045454545454546,0.4445454545454545,64.53,70.74606250000001,85.34316666666666,39.039,73.715,2.175,61.169,0.0,0.0,0.0,778,6,A,29,Compact,0.94,Pass,NONE,,0.01855,39.039,2.175,0
VH-00780,73.1008409090909,11.304583480684988,104.44,89.9812,36.387136363636365,49.683,39.04796590909091,46.625,1.823977272727273,2.337,0.7272727272727273,0.75,0.8409090909090909,0.7045454545454546,0.7045454545454546,0.4445454545454545,65.4816875,71.712625,85.11066666666666,40.71,71.69,2.194,67.209,0.0,0.0,0.0,779,6,A,30,Sedan,1.0,Pass,NONE,,0.02977,40.71,2.194,0
VH-00781,72.75890909090909,11.485375286855696,105.513,92.66155,36.35881818181818,51.948,38.79021590909091,48.184,1.8144772727272729,2.099,0.7727272727272727,0.7272727272727273,0.8636363636363636,0.7045454545454546,0.7045454545454546,0.44636363636363635,65.0731875,69.992375,86.69525,40.497,71.309,1.788,65.893,0.0,0.0,0.0,780,6,A,31,Compact,0.94,Pass,NONE,,0.03536,40.497,1.788,0
VH-00782,73.79072727272727,12.185165081500744,113.555,96.92060000000001,36.21220454545455,50.325,39.15135227272727,48.158,1.8553863636363637,2.595,0.7272727272727273,0.7272727272727273,0.7727272727272727,0.7045454545454546,0.7045454545454546,0.4481818181818182,65.3901875,71.1371875,88.5295,40.271,71.727,2.182,67.293,0.0,0.0,0.0,781,6,A,32,SUV,1.08,Pass,NONE,,0.03055,40.271,2.182,0
VH-00783,73.78211363636363,12.117640971233497,109.11,96.3626,36.426125000000006,50.496,38.854147727272725,46.721,1.817909090909091,2.121,0.7727272727272727,0.8409090909090909,0.8181818181818182,0.7045454545454546,0.7045454545454546,0.44272727272727275,64.9995625,72.1536875,87.66341666666666,37.918,64.93,2.027,68.592,0.0,0.0,0.0,782,6,A,33,SUV,1.08,Pass,NONE,,0.05027,37.918,2.027,0
VH-00784,73.01868181818182,11.6828971414344,106.793,93.21175,36.50061363636364,48.174,38.94630681818182,47.157,1.8064431818181819,2.6,0.75,0.7272727272727273,0.7954545454545454,0.7045454545454546,0.7045454545454546,0.44636363636363635,65.49856249999999,70.2610625,86.72233333333332,38.685,71.378,1.913,61.477,0.0,0.0,0.0,783,6,A,34,Sedan,1.0,Pass,NONE,,0.0261,38.685,1.913,0
VH-00785,73.4296590909091,11.305666117900817,109.244,89.00890000000001,36.33209090909091,47.262,38.87686363636364,49.228,1.8109772727272728,2.366,0.7272727272727273,0.6818181818181818,0.7954545454545454,0.7045454545454546,0.7045454545454546,0.45,66.408375,70.2616875,87.01533333333333,39.711,74.916,2.23,61.387,0.0,0.0,0.0,784,6,A,35,Sedan,1.0,Pass,NONE,,0.03096,39.711,2.23,0
VH-00786,74.2805,11.514391459144447,105.652,94.9185,36.69895454545455,47.726,38.96401136363637,46.792,1.8100795454545455,2.297,0.75,0.7272727272727273,0.8409090909090909,0.7045454545454546,0.7045454545454546,0.4445454545454545,65.7516875,72.0588125,88.6145,39.098,72.935,2.238,63.144,0.0,0.0,0.0,785,6,A,36,SUV,1.08,Pass,NONE,,0.04761,39.098,2.238,0
VH-00787,73.74315909090909,11.568590722282593,110.893,94.5286,36.40088636363637,50.126,38.94275,49.652,1.8241363636363637,2.099,0.7727272727272727,0.6590909090909091,0.8636363636363636,0.7045454545454546,0.7045454545454546,0.4445454545454545,65.0376875,72.019125,87.64916666666666,39.334,68.499,2.013,59.139,0.0,0.0,0.0,786,6,A,37,SUV,1.08,Pass,NONE,,0.04278,39.334,2.013,0
VH-00788,75.02738636363637,11.529319601570538,105.202,96.0253,36.394363636363636,48.893,38.914545454545454,47.207,1.809977272727273,2.25,0.7272727272727273,0.7954545454545454,0.7727272727272727,0.7045454545454546,0.7045454545454546,0.4445454545454545,66.5416875,73.54775000000001,88.3145,38.931,72.116,2.064,68.51,0.0,0.0,0.0,787,6,A,38,Truck,1.14,Pass,NONE,,0.04614,38.931,2.064,0
VH-00789,74.64206818181819,11.814627351734776,108.155,96.2214,36.43471590909091,48.637,39.08351136363637,51.708,1.7960227272727274,2.225,0.75,0.75,0.8409090909090909,0.7045454545454546,0.7045454545454546,0.44636363636363635,67.0050625,71.7143125,88.72841666666666,38.437,70.631,1.74,68.743,0.0,0.0,0.0,788,6,A,39,Truck,1.14,Pass,NONE,,0.04734,38.437,1.74,0
VH-00790,72.42811363636363,11.863567758626855,107.165,91.64635,36.647284090909096,52.874,39.05707954545455,49.092,1.8371363636363638,2.205,0.7727272727272727,0.7272727272727273,0.8409090909090909,0.7045454545454546,0.7045454545454546,0.4445454545454545,63.8384375,70.3721875,86.62225000000001,39.655,66.85,1.886,60.622,0.0,0.0,0.0,789,6,A,40,Sedan,1.0,Pass,NONE,,0.03376,39.655,1.886,0
VH-00791,73.29965909090909,12.05834350716931,107.111,95.52125000000001,36.23798863636364,46.328,38.96748863636364,48.667,1.8190340909090912,2.312,0.7727272727272727,0.7727272727272727,0.7727272727272727,0.7045454545454546,0.7045454545454546,0.4481818181818182,65.4845,70.4410625,87.53133333333334,40.64,73.695,2.027,62.372,0.0,0.0,0.0,790,6,A,41,Sedan,1.0,Pass,NONE,,0.03623,40.64,2.027,0
VH-00792,72.74929545454546,11.509615312060038,108.142,91.5614,36.225,46.546,38.81861363636364,46.625,1.815159090909091,2.355,0.7727272727272727,0.7727272727272727,0.7727272727272727,0.7045454545454546,0.7045454545454546,0.45,63.935,71.424375,86.26825000000001,39.701,70.452,2.205,59.183,0.0,0.0,0.0,791,6,A,42,Sedan,1.0,Pass,NONE,,0.02655,39.701,2.205,0
VH-00793,74.55506818181817,12.078227460047213,112.052,97.90140000000001,36.52857954545454,50.659,38.95195454545455,47.343,1.815568181818182,2.304,0.7954545454545454,0.6818181818181818,0.8636363636363636,0.7045454545454546,0.7045454545454546,0.44272727272727275,66.5595625,71.9604375,88.67525,39.984,75.523,2.3,65.161,0.0,0.0,0.0,792,6,A,43,Truck,1.14,Pass,NONE,,0.03277,39.984,2.3,0
VH-00794,73.40718181818183,12.725614682047414,111.283,94.1143,36.09361363636364,46.328,39.174102272727275,50.891,1.7937613636363636,2.099,0.7272727272727273,0.7272727272727273,0.7954545454545454,0.7045454545454546,0.7045454545454546,0.44636363636363635,65.40474999999999,69.935125,88.7065,40.214,73.323,1.735,63.222,0.0,0.0,0.0,793,6,A,44,Sedan,1.0,Pass,NONE,,0.04037,40.214,1.735,0
VH-00795,73.92918181818182,11.88436484350826,108.088,92.42895,36.521499999999996,49.183,38.756761363636365,47.322,1.8377386363636363,2.611,0.7727272727272727,0.75,0.7954545454545454,0.7045454545454546,0.7045454545454546,0.44636363636363635,65.5713125,71.8324375,87.86866666666667,38.72,73.673,2.182,65.256,0.0,0.0,0.0,794,6,A,45,SUV,1.08,Pass,NONE,,0.04145,38.72,2.182,0
VH-00796,73.69631818181819,11.577081296175923,108.691,92.86315,36.31247727272727,48.186,38.85848863636364,47.28,1.8148409090909092,2.385,0.8181818181818182,0.7045454545454546,0.8636363636363636,0.7045454545454546,0.7045454545454546,0.44272727272727275,65.4849375,71.78425,87.19425000000001,39.854,68.036,1.933,63.253,0.0,0.0,0.0,795,6,A,46,Sedan,1.0,Pass,NONE,,0.03281,39.854,1.933,0
VH-00797,73.88372727272727,12.695778044548831,115.977,98.6648,36.43803409090909,46.603,39.07811363636363,49.301,1.8350568181818183,2.246,0.8409090909090909,0.7045454545454546,0.8181818181818182,0.7045454545454546,0.7045454545454546,0.4445454545454545,65.574625,70.8181875,89.04991666666666,38.853,71.769,2.246,63.631,0.0,0.0,0.0,796,6,A,47,SUV,1.08,Pass,NONE,,0.04113,38.853,2.246,0
VH-00798,73.4886590909091,11.602341427574368,103.211,96.57590000000002,35.84020454545455,46.328,39.03426136363636,46.925,1.8409090909090908,2.425,0.7272727272727273,0.75,0.8409090909090909,0.7045454545454546,0.7045454545454546,0.44090909090909086,64.951625,71.777625,87.15275000000001,39.874,78.447,2.131,65.36,0.0,0.0,0.0,797,6,A,48,Sedan,1.0,Pass,NONE,,0.03259,39.874,2.131,0
VH-00799,73.13577272727274,11.497447702341427,108.892,93.053,36.45078409090909,50.231,38.845068181818185,46.848,1.8094545454545454,2.099,0.7954545454545454,0.75,0.8181818181818182,0.7045454545454546,0.7045454545454546,0.44272727272727275,65.3026875,71.0855625,86.31349999999999,38.679,72.435,1.994,65.251,0.0,0.0,0.0,798,6,A,49,SUV,1.08,Pass,NONE,,0.03326,38.679,1.994,0
VH-00800,73.24786363636363,12.457277788022123,109.433,97.1042,36.42397727272727,46.546,38.90385227272728,46.625,1.817068181818182,2.205,0.7727272727272727,0.75,0.7954545454545454,0.7045454545454546,0.7045454545454546,0.44090909090909086,63.538375,72.6213125,87.02925,38.826,72.635,2.078,64.512,0.0,0.0,0.0,799,6,A,50,Sedan,1.0,Pass,NONE,,0.03071,38.826,2.078,0
VH-00801,74.20256818181818,11.398564635050727,107.253,95.0067,36.42496590909091,50.223,39.078818181818185,48.662,1.8183295454545456,2.371,0.7272727272727273,0.7272727272727273,0.8409090909090909,0.7045454545454546,0.7045454545454546,0.44636363636363635,66.63575,71.3663125,88.07333333333334,39.72,76.258,2.021,63.3,0.0,0.0,0.0,800,6,A,51,SUV,1.08,Pass,NONE,,0.03736,39.72,2.021,0
VH-00802,74.85406818181819,11.818798483767043,107.648,92.11625000000001,36.35925,46.328,38.96397727272727,48.171,1.8238409090909093,2.099,0.7727272727272727,0.75,0.7954545454545454,0.7045454545454546,0.7045454545454546,0.44272727272727275,65.9573125,73.4094375,88.64258333333333,38.629,69.795,1.968,69.911,0.0,0.0,0.0,801,6,A,52,Truck,1.14,Pass,NONE,,0.04893,38.629,1.968,0
VH-00803,73.16611363636365,11.233566333457148,106.213,91.09845,36.22544318181818,46.328,38.87197727272727,48.468,1.8195568181818182,2.099,0.8409090909090909,0.7272727272727273,0.7954545454545454,0.7045454545454546,0.7045454545454546,0.44272727272727275,65.3978125,70.4464375,87.15008333333333,38.868,72.241,2.082,60.843,0.0,0.0,0.0,802,6,A,53,Sedan,1.0,Pass,NONE,,0.03119,38.868,2.082,0
VH-00804,72.59327272727272,12.359898288065802,110.454,95.15345,36.68188636363636,48.973,38.90478409090909,48.545,1.8100113636363637,2.183,0.7272727272727273,0.75,0.7954545454545454,0.7045454545454546,0.7045454545454546,0.4481818181818182,64.6138125,69.528,87.31958333333334,39.598,70.189,1.977,65.86,0.0,0.0,0.0,803,6,A,54,Compact,0.94,Pass,NONE,,0.02818,39.598,1.977,0
VH-00805,72.13313636363637,11.413268585069135,105.712,89.37455,36.457727272727276,48.844,38.978534090909086,48.252,1.803659090909091,2.099,0.75,0.75,0.7954545454545454,0.7045454545454546,0.7045454545454546,0.44636363636363635,64.3156875,69.4294375,86.16133333333333,39.913,74.297,1.943,64.218,0.0,0.0,0.0,804,6,A,55,Compact,0.94,Pass,NONE,,0.03829,39.913,1.943,0
VH-00806,73.03181818181818,12.374899107453837,104.489,95.2427,36.430443181818184,49.243,39.06945454545455,48.589,1.8278295454545457,2.272,0.7727272727272727,0.7045454545454546,0.8409090909090909,0.7045454545454546,0.7045454545454546,0.4445454545454545,64.4633125,70.2780625,88.12816666666667,39.816,68.705,2.272,64.835,0.0,0.0,0.0,805,6,A,56,Sedan,1.0,Pass,NONE,,0.03643,39.816,2.272,0
VH-00807,72.80813636363636,11.65280020761735,105.007,91.0822,36.88072727272727,49.981,39.00085227272727,48.171,1.8272613636363637,2.29,0.7272727272727273,0.6590909090909091,0.8636363636363636,0.7045454545454546,0.7045454545454546,0.4445454545454545,63.930375,70.9988125,87.05758333333334,38.391,69.405,2.095,64.874,0.0,0.0,0.0,806,6,A,57,Compact,0.94,Pass,NONE,,0.0299,38.391,2.095,0
VH-00808,73.92861363636364,11.735492770573456,108.485,96.3297,36.377625,49.336,38.78763636363636,46.625,1.8034090909090912,2.099,0.7954545454545454,0.75,0.7727272727272727,0.7045454545454546,0.7045454545454546,0.44636363636363635,65.7051875,72.3635,86.98,40.432,73.41,2.057,64.416,0.0,0.0,0.0,807,6,A,58,Truck,1.14,Pass,NONE,,0.03524,40.208,2.057,0
VH-00809,72.67002272727272,12.523325825979986,108.865,91.93085,36.74104545454546,52.187,39.04351136363636,50.735,1.8072954545454545,2.234,0.7954545454545454,0.7272727272727273,0.8409090909090909,0.7045454545454546,0.7045454545454546,0.4445454545454545,63.974625,70.688375,86.90608333333334,38.551,76.376,2.234,65.377,0.0,0.0,0.0,808,6,A,59,Compact,0.94,Pass,NONE,,0.03085,38.551,2.234,0
VH-00810,73.55238636363636,11.178924019895677,106.335,89.93119999999999,36.6815,52.845,38.83602272727273,46.625,1.8378522727272726,2.601,0.75,0.6136363636363636,0.8409090909090909,0.7045454545454546,0.7045454545454546,0.44272727272727275,64.666375,72.82225,86.37391666666667,39.963,69.226,2.252,61.938,0.0,0.0,0.0,809,6,A,60,SUV,1.08,Pass,NONE,,0.04118,39.963,2.252,0
VH-00811,74.02627272727273,12.211537031351796,110.156,95.3365,36.211000000000006,48.099,38.85963636363636,46.625,1.8377727272727276,2.211,0.7727272727272727,0.8409090909090909,0.8181818181818182,0.7045454545454546,0.7045454545454546,0.44636363636363635,66.09425,71.5611875,87.88908333333335,39.856,71.506,2.064,68.075,0.0,0.0,0.0,810,6,A,61,Truck,1.14,Pass,NONE,,0.03136,39.856,2.064,0
VH-00812,72.50918181818182,12.23580336225054,110.023,94.40425,36.45844318181818,46.328,39.00454545454546,49.843,1.8232045454545456,2.211,0.7727272727272727,0.7272727272727273,0.8181818181818182,0.7045454545454546,0.7045454545454546,0.44636363636363635,64.1865625,70.191,86.69691666666667,39.186,66.802,2.211,63.684,0.0,0.0,0.0,811,6,A,62,Compact,0.94,Pass,NONE,,0.03181,39.186,2.211,0
VH-00813,73.09790909090908,12.302366259095795,112.894,93.43695000000001,36.07445454545455,48.62,39.064454545454545,47.199,1.8155454545454546,2.099,0.7272727272727273,0.7272727272727273,0.8409090909090909,0.7045454545454546,0.7045454545454546,0.4445454545454545,64.392875,71.6203125,86.67475,39.518,75.075,1.531,60.567,0.0,0.0,0.0,812,6,A,63,Compact,0.94,Pass,NONE,,0.03394,39.518,1.531,0
VH-00814,74.35818181818182,12.29184030589839,110.131,94.5812,36.34856818181818,48.339,39.153386363636365,47.784,1.8443863636363638,2.705,0.7272727272727273,0.7272727272727273,0.8181818181818182,0.7045454545454546,0.7045454545454546,0.44272727272727275,65.939875,71.425375,89.493,40.604,69.952,2.23,63.602,0.0,0.0,0.0,813,6,A,64,Truck,1.14,Pass,NONE,,0.03072,40.604,2.442,0
VH-00815,73.95595454545455,11.712030743531232,104.02,96.21775000000001,36.632704545454544,48.616,39.020920454545454,47.966,1.8320113636363637,2.513,0.7272727272727273,0.8409090909090909,0.7954545454545454,0.7045454545454546,0.7045454545454546,0.44272727272727275,65.0124375,72.0783125,88.38416666666666,40.432,70.329,2.109,62.167,0.0,0.0,0.0,814,6,A,65,SUV,1.08,Pass,NONE,,0.0412,38.811,2.109,0
VH-00816,72.93970454545455,11.567206881966428,102.064,93.82169999999999,36.613409090909094,48.813,38.98039772727273,48.927,1.8177613636363639,2.124,0.75,0.7727272727272727,0.8409090909090909,0.7045454545454546,0.7045454545454546,0.4481818181818182,65.161875,70.38275,86.71941666666667,38.564,70.351,2.06,61.372,0.0,0.0,0.0,815,6,A,66,Sedan,1.0,Pass,NONE,,0.02518,38.564,2.06,0
VH-00817,72.81979545454546,11.601869880524859,107.787,89.9547,36.23836363636364,48.904,38.84701136363636,46.789,1.8236818181818182,2.23,0.75,0.75,0.9090909090909091,0.7045454545454546,0.7045454545454546,0.44090909090909086,64.5933125,70.48775,86.89783333333334,38.387,71.271,2.23,64.183,0.0,0.0,0.0,816,6,A,67,Compact,0.94,Pass,NONE,,0.02728,38.387,2.134,0
VH-00818,72.77675,12.375828457352418,107.586,95.37445000000001,36.71457954545454,51.135,39.146693181818186,48.012,1.8346590909090912,2.644,0.7954545454545454,0.7954545454545454,0.8636363636363636,0.7045454545454546,0.7045454545454546,0.44272727272727275,63.7166875,70.80143749999999,87.49058333333333,41.26,71.285,1.893,58.438,0.0,0.0,0.0,817,6,A,68,Compact,0.94,Pass,NONE,,0.0319,41.26,1.893,0
VH-00819,72.43636363636364,11.854927002592067,104.31,90.9991,36.89188636363636,48.627,38.89093181818182,47.17,1.823590909090909,2.204,0.75,0.7727272727272727,0.8409090909090909,0.7045454545454546,0.7045454545454546,0.4445454545454545,63.487625,70.63725,86.76683333333334,39.552,69.11,1.934,63.014,0.0,0.0,0.0,818,6,A,69,Compact,0.94,Pass,NONE,,0.03244,39.552,1.934,0
VH-00820,73.60561363636363,12.622535513942516,111.98,92.837,36.42793181818182,48.548,38.736943181818184,46.625,1.8123522727272727,2.237,0.7954545454545454,0.7954545454545454,0.8181818181818182,0.7045454545454546,0.7045454545454546,0.4445454545454545,64.948625,71.1416875,88.4335,38.974,66.778,2.129,65.158,0.0,0.0,0.0,819,6,A,70,SUV,1.08,Pass,NONE,,0.03521,38.974,2.129,0
VH-00821,74.24797727272727,11.911704024484205,113.09,93.69775,36.86256818181818,51.307,38.83775,49.048,1.8224318181818182,2.273,0.7727272727272727,0.75,0.8409090909090909,0.7045454545454546,0.7045454545454546,0.44090909090909086,66.1273125,72.16681249999999,87.85041666666666,40.537,70.052,2.204,65.972,0.0,0.0,0.0,820,6,A,71,Truck,1.14,Pass,NONE,,0.04579,40.537,2.204,0
VH-00822,73.08484090909091,11.246643947879766,104.416,93.21525,36.236318181818184,47.591,39.070795454545454,47.811,1.8129545454545457,2.48,0.7954545454545454,0.7045454545454546,0.8181818181818182,0.7045454545454546,0.7045454545454546,0.4445454545454545,65.738125,70.05256250000001,86.92349999999999,40.651,72.364,1.93,64.23,0.0,0.0,0.0,821,6,A,72,Sedan,1.0,Pass,NONE,,0.03994,40.651,1.93,0
VH-00823,74.16420454545454,12.44452773839195,111.586,94.74365,36.348727272727274,51.742,38.837624999999996,48.311,1.8381704545454547,2.27,0.7272727272727273,0.6136363636363636,0.8181818181818182,0.7045454545454546,0.7045454545454546,0.44636363636363635,65.3054375,72.4818125,88.21908333333333,39.204,72.382,2.025,65.552,0.0,0.0,0.0,822,6,A,73,SUV,1.08,Pass,NONE,,0.03286,39.204,2.025,0
VH-00824,72.5148409090909,12.316345837465548,109.56,95.05575,36.34035227272727,46.328,38.90323863636364,47.118,1.7954318181818183,2.099,0.8409090909090909,0.7045454545454546,0.9090909090909091,0.7045454545454546,0.7045454545454546,0.44272727272727275,63.8186875,70.892,86.2735,39.145,71.649,1.918,65.868,0.0,0.0,0.0,823,6,A,74,Compact,0.94,Pass,NONE,,0.03568,39.145,1.918,0
VH-00825,73.25970454545455,10.89320240691957,107.214,91.08345,36.23170454545454,46.328,38.944829545454546,47.367,1.8212272727272727,2.099,0.8181818181818182,0.75,0.7727272727272727,0.7045454545454546,0.7045454545454546,0.4445454545454545,64.7895625,72.405,85.69283333333334,39.006,74.727,1.844,60.784,0.0,0.0,0.0,824,6,A,75,SUV,1.08,Pass,NONE,,0.03224,39.006,1.844,0
VH-00826,72.54409090909091,12.165237953145825,105.556,96.3588,36.756761363636365,50.063,38.94530681818182,48.199,1.8297386363636363,2.163,0.75,0.6818181818181818,0.8409090909090909,0.7045454545454546,0.7045454545454546,0.4445454545454545,63.596562500000005,71.012125,86.51675,40.545,72.951,2.058,61.818,0.0,0.0,0.0,825,6,B,1,Compact,0.94,Pass,NONE,,0.02669,40.545,2.058,0
VH-00827,73.96118181818181,11.687434373943805,108.502,92.6176,36.0952840909091,47.205,38.74196590909091,47.796,1.8172159090909092,2.345,0.75,0.7272727272727273,0.8181818181818182,0.7045454545454546,0.7045454545454546,0.4481818181818182,66.2883125,71.743875,87.14808333333333,40.127,73.633,2.345,65.696,0.0,0.0,0.0,826,6,B,2,Truck,1.14,Pass,NONE,,0.03294,40.127,2.345,0
VH-00828,73.33088636363637,11.478032598647893,107.185,93.9627,36.51104545454546,50.032,38.91169318181818,46.625,1.8096022727272727,2.099,0.75,0.8636363636363636,0.8409090909090909,0.7045454545454546,0.7045454545454546,0.4445454545454545,65.45525,71.9316875,85.69733333333333,41.414,74.365,2.07,68.556,0.0,0.0,0.0,827,6,B,3,Compact,0.94,Pass,NONE,,0.02412,41.414,2.07,0
VH-00829,74.03911363636364,11.718733027827035,111.096,92.22919999999999,36.69790909090909,48.129,39.04503409090909,48.054,1.813068181818182,2.199,0.7954545454545454,0.75,0.7727272727272727,0.7045454545454546,0.7045454545454546,0.4445454545454545,65.2846875,72.48775,87.78016666666667,40.181,71.037,2.103,68.983,0.0,0.0,0.0,828,6,B,4,Truck,1.14,Pass,NONE,,0.03761,40.181,2.103,0
VH-00830,73.97984090909091,12.109227513516355,112.266,94.06325,36.386920454545454,47.863,38.92589772727273,46.888,1.8250113636363636,2.141,0.75,0.7272727272727273,0.8409090909090909,0.7045454545454546,0.7045454545454546,0.44272727272727275,64.9590625,71.5756875,89.21308333333333,41.341,74.752,2.141,61.77,0.0,0.0,0.0,829,6,B,5,SUV,1.08,Pass,NONE,,0.02876,41.341,2.141,0
VH-00831,73.96325,12.391706356447392,111.562,96.6979,35.92602272727273,46.328,39.04445454545454,48.702,1.8212840909090908,2.246,0.7272727272727273,0.7727272727272727,0.8409090909090909,0.7045454545454546,0.7045454545454546,0.44272727272727275,65.618625,71.8510625,87.90566666666666,40.092,73.425,2.246,63.07,0.0,0.0,0.0,830,6,B,6,Truck,1.14,Pass,NONE,,0.03084,40.092,2.246,0
VH-00832,74.35779545454545,11.793235726918908,112.163,92.13385,36.284772727272724,48.747,39.038818181818186,47.174,1.8097954545454547,2.193,0.75,0.7727272727272727,0.7954545454545454,0.7045454545454546,0.7045454545454546,0.44272727272727275,65.8858125,73.0828125,87.35374999999999,41.676,77.069,2.193,59.276,0.0,0.0,0.0,831,6,B,7,Truck,1.14,Fail,LOW_CONFIDENCE_MULTI_CAUSAL,ST-45,0.05738,41.676,2.193,1
VH-00833,73.35884090909092,12.066942266861808,111.1,92.22075,36.43375,46.403,39.050363636363635,47.769,1.8170568181818183,2.502,0.75,0.7045454545454546,0.8181818181818182,0.7045454545454546,0.7045454545454546,0.4445454545454545,64.78875000000001,70.6865,88.34875,40.762,64.879,1.693,64.911,0.0,0.0,0.0,832,6,B,8,Sedan,1.0,Pass,NONE,,0.02646,40.762,1.693,0
VH-00834,73.46111363636363,12.079340878398702,112.094,93.0351,36.52107954545455,48.38,38.97231818181818,48.762,1.8210113636363636,2.282,0.75,0.7272727272727273,0.7954545454545454,0.7045454545454546,0.7045454545454546,0.4445454545454545,65.163625,70.9620625,87.8565,41.745,68.334,2.092,64.196,0.0,0.0,0.0,833,6,B,9,SUV,1.08,Pass,NONE,,0.04214,41.745,2.092,0
VH-00835,73.16752272727273,12.003483679387907,108.196,93.7303,36.501943181818184,48.266,38.93217045454546,49.596,1.8225795454545455,2.215,0.7954545454545454,0.7272727272727273,0.7954545454545454,0.7045454545454546,0.7045454545454546,0.4445454545454545,65.0175625,71.076,86.82283333333334,38.967,66.89,2.215,66.115,0.0,0.0,0.0,834,6,B,10,Sedan,1.0,Pass,NONE,,0.04121,38.967,2.215,0
VH-00836,73.31675,11.69789520945522,106.835,93.89685,36.36177272727273,51.483,38.88452272727273,48.435,1.8009886363636363,2.13,0.75,0.75,0.8181818181818182,0.7045454545454546,0.7045454545454546,0.4445454545454545,65.9318125,70.7735,86.55433333333333,40.094,78.04,2.13,66.312,0.0,0.0,0.0,835,6,B,11,SUV,1.08,Pass,NONE,,0.03066,40.094,2.13,0
VH-00837,74.25231818181818,11.74294619498303,107.121,93.46475000000001,36.47834090909091,46.328,38.68907954545455,46.342,1.8183977272727274,2.296,0.7954545454545454,0.7272727272727273,0.7954545454545454,0.7045454545454546,0.7045454545454546,0.4445454545454545,65.3284375,72.576625,88.38508333333334,40.432,72.524,1.943,65.277,0.0,0.0,0.0,836,6,B,12,Truck,1.14,Pass,NONE,,0.04872,41.173,1.943,0
VH-00838,73.29363636363637,11.878625613653478,106.144,93.7032,36.36961363636363,48.249,38.80888636363636,46.625,1.7981363636363639,2.099,0.8181818181818182,0.7272727272727273,0.8409090909090909,0.7045454545454546,0.7045454545454546,0.44272727272727275,65.422,70.0999375,88.04741666666666,40.524,69.939,1.978,65.963,0.0,0.0,0.0,837,6,B,13,Sedan,1.0,Pass,NONE,,0.03329,40.524,1.978,0
VH-00839,73.10888636363637,11.656518360518811,107.497,94.1901,36.45079545454546,46.551,38.99269318181818,50.118,1.842465909090909,2.2,0.7954545454545454,0.75,0.8409090909090909,0.7045454545454546,0.7045454545454546,0.44272727272727275,64.4363125,71.34125,87.02916666666665,40.449,67.642,2.2,67.651,0.0,0.0,0.0,838,6,B,14,SUV,1.08,Fail,LOW_CONFIDENCE_MULTI_CAUSAL,ST-45,0.03662,40.449,2.2,1
VH-00840,72.28106818181818,11.72892291571076,105.908,93.44274999999999,36.75956818181818,50.418,39.22694318181818,50.455,1.8514204545454547,2.572,0.8181818181818182,0.7045454545454546,0.8181818181818182,0.7045454545454546,0.7045454545454546,0.45,63.44475,70.67518749999999,86.20400000000001,41.163,68.833,2.309,64.15,0.0,0.0,0.0,839,6,B,15,Compact,0.94,Pass,NONE,,0.03243,41.163,2.309,0
VH-00841,74.27302272727273,11.903749111370258,109.441,92.661,36.220772727272724,46.328,38.97596590909091,49.241,1.8485113636363637,2.188,0.7727272727272727,0.6590909090909091,0.7727272727272727,0.7045454545454546,0.7045454545454546,0.4481818181818182,66.355375,71.805625,88.11975,40.89,74.291,2.003,69.53,0.0,0.0,0.0,840,6,B,16,SUV,1.08,Pass,NONE,,0.0338,40.89,2.003,0
VH-00842,73.97225,11.73827034151391,108.235,98.30570000000002,36.37556818181818,47.714,38.99186363636364,48.609,1.8283295454545454,2.13,0.75,0.7272727272727273,0.8409090909090909,0.7045454545454546,0.7045454545454546,0.4445454545454545,66.1681875,71.4535625,87.73591666666665,40.3,71.961,1.933,66.016,0.0,0.0,0.0,841,6,B,17,SUV,1.08,Pass,NONE,,0.04532,40.3,1.933,0
VH-00843,73.19022727272727,11.90294308898871,109.488,94.84565,36.32420454545455,46.403,39.09085227272727,48.939,1.8135113636363636,2.298,0.75,0.6818181818181818,0.7954545454545454,0.7045454545454546,0.7045454545454546,0.4445454545454545,63.574875,71.8845,87.75166666666667,41.2,68.346,2.298,64.751,0.0,0.0,0.0,842,6,B,18,Sedan,1.0,Pass,NONE,,0.03977,41.2,2.298,0
VH-00844,74.30315909090909,11.117744224820079,108.591,93.08795,36.56331818181818,49.204,38.910852272727276,47.439,1.81925,2.099,0.7272727272727273,0.6818181818181818,0.75,0.7045454545454546,0.7045454545454546,0.45,66.1909375,72.9036875,86.98541666666667,39.729,67.843,2.043,64.236,0.0,0.0,0.0,843,6,B,19,Truck,1.14,Pass,NONE,,0.05226,39.729,2.043,0
VH-00845,73.386,11.97708728228369,109.873,92.6908,36.13845454545455,46.328,38.95344318181819,47.25,1.8108636363636363,2.099,0.7727272727272727,0.7954545454545454,0.8636363636363636,0.7045454545454546,0.7045454545454546,0.4445454545454545,64.4520625,71.778625,87.44108333333332,40.121,71.486,1.912,64.61,0.0,0.0,0.0,844,6,B,20,SUV,1.08,Pass,NONE,,0.04975,40.121,1.912,0
VH-00846,73.66202272727273,11.706630455745087,107.306,96.16775,36.53325,49.354,39.07263636363636,46.941,1.8321818181818181,2.099,0.7954545454545454,0.7045454545454546,0.8636363636363636,0.7045454545454546,0.7045454545454546,0.4445454545454545,65.3200625,71.722375,87.37083333333334,40.681,72.522,2.045,66.975,0.0,0.0,0.0,845,6,B,21,Truck,1.14,Pass,NONE,,0.06385,40.681,2.045,0
VH-00847,73.45436363636364,11.985304952103892,110.318,93.7313,36.542238636363635,49.063,39.018784090909094,48.217,1.8319886363636364,2.174,0.75,0.6136363636363636,0.8409090909090909,0.7045454545454546,0.7045454545454546,0.44636363636363635,65.4635625,70.8113125,87.63283333333334,40.328,72.422,1.958,63.504,0.0,0.0,0.0,846,6,B,22,SUV,1.08,Pass,NONE,,0.03736,40.328,1.958,0
VH-00848,74.0374090909091,11.80808455868401,108.329,93.1465,36.24638636363637,46.328,38.96660227272727,47.832,1.8381363636363637,2.297,0.7727272727272727,0.7727272727272727,0.7954545454545454,0.7045454545454546,0.7045454545454546,0.4445454545454545,65.5984375,72.3215625,87.57716666666666,40.269,70.303,2.297,65.685,0.0,0.0,0.0,847,6,B,23,Truck,1.14,Pass,NONE,,0.03938,40.269,2.297,0
VH-00849,73.10745454545454,11.336546242962008,108.349,93.68605000000001,36.561806818181815,47.631,38.95728409090909,47.426,1.8470681818181818,2.742,0.7727272727272727,0.6363636363636364,0.7727272727272727,0.7045454545454546,0.7045454545454546,0.4481818181818182,66.09224999999999,70.699875,85.67116666666668,40.16,69.601,2.013,63.645,0.0,0.0,0.0,848,6,B,24,SUV,1.08,Pass,NONE,,0.0343,40.16,2.013,0
VH-00850,72.28995454545453,11.989671514313542,105.449,91.1951,36.48445454545455,46.994,38.922045454545454,47.465,1.8197613636363636,2.362,0.7727272727272727,0.8181818181818182,0.8636363636363636,0.7045454545454546,0.7045454545454546,0.44272727272727275,62.9414375,71.60225,85.67158333333333,40.279,65.19,1.983,64.658,0.0,0.0,0.0,849,6,B,25,Sedan,1.0,Pass,NONE,,0.02964,40.279,1.983,0
VH-00851,73.43168181818181,11.407297898199488,107.396,93.1305,36.605909090909094,46.573,38.937999999999995,48.984,1.8288295454545456,2.099,0.75,0.7045454545454546,0.8181818181818182,0.7045454545454546,0.7045454545454546,0.44636363636363635,65.2841875,71.0981875,87.40633333333334,40.131,72.529,1.878,67.058,0.0,0.0,0.0,850,6,B,26,SUV,1.08,Pass,NONE,,0.0439,40.131,1.878,0
VH-00852,73.68695454545455,12.240678520778516,113.643,96.79680000000002,36.70952272727273,54.022,39.162693181818184,49.806,1.8299318181818185,2.099,0.75,0.7045454545454546,0.8636363636363636,0.7045454545454546,0.7045454545454546,0.44272727272727275,65.920125,70.85375,87.82033333333334,40.49,73.058,2.065,63.486,0.0,0.0,0.0,851,6,B,27,Truck,1.14,Pass,NONE,,0.029,40.49,2.065,0
VH-00853,72.42504545454545,12.176706518011867,106.238,94.43105000000001,35.96488636363636,47.686,39.05431818181818,47.06,1.821159090909091,2.108,0.7727272727272727,0.75,0.8636363636363636,0.7045454545454546,0.7045454545454546,0.4445454545454545,63.0433125,71.05575,86.75975,40.801,67.398,1.901,62.883,0.0,0.0,0.0,852,6,B,28,Compact,0.94,Pass,NONE,,0.02615,40.801,1.901,0
VH-00854,72.64259090909091,11.616068158230634,106.304,92.79755000000002,36.592454545454544,46.62,38.99603409090909,48.273,1.836784090909091,2.296,0.7727272727272727,0.7727272727272727,0.8181818181818182,0.7045454545454546,0.7045454545454546,0.4445454545454545,64.9018125,70.627375,85.65058333333333,41.157,79.665,1.97,65.427,0.0,0.0,0.0,853,6,B,29,Sedan,1.0,Pass,NONE,,0.02263,41.157,1.97,0
VH-00855,74.08702272727272,11.727304451456266,110.393,93.2269,35.92493181818182,46.328,39.055659090909096,49.341,1.819181818181818,2.11,0.75,0.7954545454545454,0.8636363636363636,0.7045454545454546,0.7045454545454546,0.44636363636363635,66.1498125,71.243875,88.46083333333333,40.643,70.912,2.11,67.797,0.0,0.0,0.0,854,6,B,30,SUV,1.08,Pass,NONE,,0.0477,40.643,2.11,0
VH-00856,73.61913636363637,11.966617395402482,108.307,95.94925,36.674079545454546,48.776,38.968590909090906,49.607,1.8349431818181818,2.165,0.75,0.7045454545454546,0.7954545454545454,0.7045454545454546,0.7045454545454546,0.4481818181818182,65.508875,70.84575,88.13066666666667,39.771,69.573,1.95,62.489,0.0,0.0,0.0,855,6,B,31,SUV,1.08,Pass,NONE,,0.04627,39.771,1.95,0
VH-00857,74.09522727272727,11.600005948000947,109.799,92.4274,36.49471590909091,46.796,38.902625,46.625,1.8,2.099,0.8181818181818182,0.75,0.8409090909090909,0.7045454545454546,0.7045454545454546,0.44272727272727275,65.85125,72.2903125,87.49374999999999,40.07,68.484,1.684,67.332,0.0,0.0,0.0,856,6,B,32,Truck,1.14,Pass,NONE,,0.03982,40.07,1.684,0
VH-00858,72.54279545454546,11.826965396587237,108.035,90.10615000000001,36.523875000000004,46.328,38.928954545454545,46.625,1.8194545454545454,2.195,0.7954545454545454,0.7954545454545454,0.8636363636363636,0.7045454545454546,0.7045454545454546,0.4445454545454545,63.4153125,70.8569375,86.96058333333333,39.437,68.459,2.195,64.121,0.0,0.0,0.0,857,6,B,33,Compact,0.94,Pass,NONE,,0.02959,39.437,2.195,0
VH-00859,72.96368181818183,11.505331267322315,105.456,92.94365,36.96475,50.587,38.95953409090909,48.71,1.8254090909090908,2.169,0.7954545454545454,0.7045454545454546,0.7272727272727273,0.7045454545454546,0.7045454545454546,0.44636363636363635,64.3179375,71.7078125,86.16583333333334,39.896,69.792,2.169,63.233,0.0,0.0,0.0,858,6,B,34,Sedan,1.0,Pass,NONE,,0.03635,39.896,2.169,0
VH-00860,72.0345,11.807037319150558,107.458,89.85625,36.50007954545455,46.546,39.06526136363636,49.327,1.8249659090909092,2.32,0.8181818181818182,0.7045454545454546,0.75,0.7045454545454546,0.7045454545454546,0.44272727272727275,63.0201875,69.6879375,87.18233333333335,40.859,67.376,2.054,62.411,0.0,0.0,0.0,859,6,B,35,Compact,0.94,Pass,NONE,,0.02915,40.859,2.054,0
VH-00861,72.57118181818181,11.617820816500524,110.72,90.71475000000001,36.78609090909091,51.469,38.91734090909091,47.346,1.8168295454545456,2.099,0.75,0.7045454545454546,0.8181818181818182,0.7045454545454546,0.7045454545454546,0.4481818181818182,64.410125,70.129625,86.70800000000001,39.692,72.294,2.018,67.763,0.0,0.0,0.0,860,6,B,36,Compact,0.94,Pass,NONE,,0.0338,39.692,2.018,0
VH-00862,74.03945454545455,11.203046085888289,103.12,93.54870000000001,36.52865909090909,48.296,38.91815909090909,46.625,1.8518863636363638,2.467,0.75,0.7727272727272727,0.7954545454545454,0.7045454545454546,0.7045454545454546,0.44272727272727275,65.221125,73.0895625,87.06375000000001,40.583,72.624,1.847,63.65,0.0,0.0,0.0,861,6,B,37,Truck,1.14,Pass,NONE,,0.03882,40.583,1.847,0
VH-00863,72.05981818181819,12.47672830041804,110.371,92.86489999999999,36.37643181818182,46.328,39.08646590909091,48.95,1.8432840909090908,2.291,0.75,0.6363636363636364,0.8409090909090909,0.7045454545454546,0.7045454545454546,0.44636363636363635,63.100875,69.9518125,86.81575,41.361,72.844,1.853,62.775,0.0,0.0,0.0,862,6,B,38,Compact,0.94,Pass,NONE,,0.03579,41.361,1.853,0
VH-00864,72.86225,11.947775498169149,110.773,92.7828,36.240238636363635,49.464,39.06048863636364,48.403,1.8208863636363637,2.18,0.7727272727272727,0.6818181818181818,0.8409090909090909,0.7045454545454546,0.7045454545454546,0.44272727272727275,64.239875,70.7446875,87.18216666666666,40.432,70.06,2.18,61.344,0.0,0.0,0.0,863,6,B,39,Compact,0.94,Pass,NONE,,0.03087,38.95,2.18,0
VH-00865,72.4811590909091,12.125306906579834,106.51,93.76695000000001,36.569340909090904,47.952,39.04488636363636,48.63,1.8376931818181819,2.243,0.7954545454545454,0.6818181818181818,0.7727272727272727,0.7045454545454546,0.7045454545454546,0.44636363636363635,63.7461875,70.605875,86.62816666666667,38.972,71.573,2.243,63.231,0.0,0.0,0.0,864,6,B,40,Compact,0.94,Pass,NONE,,0.0352,38.972,2.243,0
VH-00866,73.91120454545454,11.805615188563614,107.942,96.00175000000002,36.56393181818182,48.166,38.91627272727273,46.643,1.7963295454545454,2.099,0.7727272727272727,0.8181818181818182,0.8181818181818182,0.7045454545454546,0.7045454545454546,0.4481818181818182,65.6575625,72.187375,87.2145,39.714,72.186,1.753,61.12,0.0,0.0,0.0,865,6,B,41,SUV,1.08,Pass,NONE,,0.04015,39.714,1.753,0
VH-00867,73.53054545454546,11.790707412066322,112.077,94.94145,36.30556818181818,47.217,39.08353409090909,46.625,1.8401818181818184,2.518,0.7727272727272727,0.75,0.7954545454545454,0.7045454545454546,0.7045454545454546,0.4445454545454545,65.844125,70.846625,87.35766666666666,41.474,69.805,1.842,70.111,0.0,0.0,0.0,866,6,B,42,SUV,1.08,Pass,NONE,,0.0327,41.474,1.842,0
VH-00868,72.8851590909091,12.166050036298941,110.561,91.81689999999999,36.27546590909091,50.765,39.02497727272727,46.625,1.8054204545454546,2.478,0.75,0.7954545454545454,0.8181818181818182,0.7045454545454546,0.7045454545454546,0.4445454545454545,64.7095,70.6709375,86.73833333333333,39.607,70.321,2.478,66.687,0.0,0.0,0.0,867,6,B,43,Sedan,1.0,Pass,NONE,,0.03148,39.607,2.478,0
VH-00869,74.02627272727273,11.327916669159647,103.641,97.0498,36.64457954545455,48.64,39.088818181818176,48.419,1.8352840909090908,2.239,0.8181818181818182,0.7272727272727273,0.8409090909090909,0.7045454545454546,0.7045454545454546,0.44090909090909086,66.07325,71.881875,87.4895,40.517,74.522,2.239,67.781,0.0,0.0,0.0,868,6,B,44,Truck,1.14,Pass,NONE,,0.03644,40.517,2.239,0
VH-00870,73.01513636363637,11.73134896700391,106.901,92.87945,36.39290909090909,47.671,39.02982954545455,46.712,1.7786363636363638,2.099,0.7954545454545454,0.7272727272727273,0.7727272727272727,0.7045454545454546,0.7045454545454546,0.44636363636363635,64.8180625,70.6800625,87.05799999999999,39.56,76.538,1.8,60.991,0.0,0.0,0.0,869,6,B,45,Sedan,1.0,Pass,NONE,,0.0247,39.56,1.8,0
VH-00871,72.46050000000001,12.393474227132794,107.675,98.83690000000001,36.05827272727273,47.001,38.91353409090909,47.338,1.8212840909090908,2.164,0.7727272727272727,0.7272727272727273,0.75,0.7045454545454546,0.7045454545454546,0.45,63.09225,71.327375,86.46233333333333,40.091,62.588,1.935,63.36,0.0,0.0,0.0,870,6,B,46,Compact,0.94,Pass,NONE,,0.02535,40.091,1.935,0
VH-00872,71.98281818181819,11.79353801042684,107.668,89.76389999999999,36.71957954545454,51.6,38.98536363636364,49.868,1.7954772727272728,2.204,0.75,0.7045454545454546,0.7272727272727273,0.7045454545454546,0.7045454545454546,0.45,63.701625,69.6219375,86.17225,40.388,74.93,2.204,64.246,0.0,0.0,0.0,871,6,B,47,Compact,0.94,Fail,LOW_CONFIDENCE_MULTI_CAUSAL,ST-45,0.02906,40.388,2.204,1
VH-00873,74.00111363636364,12.50432918933113,116.795,94.24035,36.661170454545456,50.69,38.86395454545454,49.155,1.8180227272727274,2.32,0.7954545454545454,0.75,0.8636363636363636,0.7045454545454546,0.7045454545454546,0.44272727272727275,65.61375,71.6088125,88.37400000000001,40.595,72.161,2.32,61.515,0.0,0.0,0.0,872,6,B,48,Truck,1.14,Pass,NONE,,0.04503,40.595,2.32,0
VH-00874,73.00822727272727,11.007286522949643,105.225,95.27175000000001,36.341545454545454,47.45,39.139556818181816,48.116,1.8316249999999998,2.242,0.7727272727272727,0.6590909090909091,0.8181818181818182,0.7045454545454546,0.7045454545454546,0.44090909090909086,65.441375,71.02799999999999,85.73766666666667,39.636,69.942,2.23,67.546,0.0,0.0,0.0,873,6,B,49,Sedan,1.0,Pass,NONE,,0.04127,39.636,2.179,0
VH-00875,72.5654090909091,12.087370665127898,105.479,91.83365,36.096272727272726,47.755,39.10597727272727,47.898,1.8324886363636366,2.49,0.75,0.7954545454545454,0.8409090909090909,0.7045454545454546,0.7045454545454546,0.4445454545454545,64.6985625,70.029375,86.43591666666667,40.601,68.908,2.415,67.894,0.0,0.0,0.0,874,6,B,50,Compact,0.94,Pass,NONE,,0.02929,40.601,2.415,0
VH-00876,73.41652272727273,11.889668584362768,107.905,94.21785000000001,36.68036363636364,54.64,38.87320454545455,46.625,1.8137727272727273,2.17,0.7045454545454546,0.75,0.8181818181818182,0.7045454545454546,0.7045454545454546,0.44636363636363635,64.6383125,71.731,87.36816666666665,39.7,68.206,2.17,65.463,0.0,0.0,0.0,875,6,B,51,SUV,1.08,Pass,NONE,,0.04834,39.7,2.17,0
VH-00877,72.70663636363636,12.08726067431656,110.2,94.3383,36.078238636363636,46.328,38.93640909090909,48.592,1.8250681818181818,2.237,0.7727272727272727,0.7272727272727273,0.7954545454545454,0.7045454545454546,0.7045454545454546,0.4445454545454545,64.1720625,70.22087499999999,87.40041666666667,40.869,70.658,2.237,67.02,0.0,0.0,0.0,876,6,B,52,Sedan,1.0,Pass,NONE,,0.02413,40.869,2.237,0
VH-00878,73.26325,11.490839899120056,106.665,93.02865,36.450375,50.815,39.00525,46.987,1.8287159090909093,2.23,0.7727272727272727,0.6818181818181818,0.8636363636363636,0.7045454545454546,0.7045454545454546,0.44272727272727275,64.8386875,71.177375,87.27716666666667,40.364,69.774,2.23,65.163,0.0,0.0,0.0,877,6,B,53,Sedan,1.0,Pass,NONE,,0.03792,40.364,1.838,0
VH-00879,73.42952272727273,11.606602167869474,105.968,92.33745,36.81136363636364,49.49,38.96126136363636,48.509,1.831409090909091,2.627,0.7727272727272727,0.75,0.7727272727272727,0.7045454545454546,0.7045454545454546,0.4445454545454545,65.03875,71.843,86.73258333333332,39.504,75.241,2.314,63.911,0.0,0.0,0.0,878,6,B,54,Sedan,1.0,Pass,NONE,,0.02657,39.504,2.314,0
VH-00880,73.65988636363636,12.295409202295895,108.237,94.62320000000001,36.254295454545456,50.371,39.3296590909091,48.351,1.837568181818182,2.129,0.7272727272727273,0.7272727272727273,0.75,0.7045454545454546,0.7045454545454546,0.4481818181818182,64.9520625,71.3775625,88.31341666666667,40.846,70.857,2.126,63.653,0.0,0.0,0.0,879,6,B,55,SUV,1.08,Pass,NONE,,0.03987,40.846,2.126,0
VH-00881,73.64154545454545,12.262164193926615,104.933,93.9726,36.962909090909086,52.335,39.06321590909091,50.715,1.8257386363636365,2.353,0.7272727272727273,0.7272727272727273,0.8181818181818182,0.7045454545454546,0.7045454545454546,0.4445454545454545,64.721875,71.5348125,88.34341666666667,39.125,69.862,2.353,65.142,0.0,0.0,0.0,880,6,B,56,SUV,1.08,Pass,NONE,,0.03188,39.125,2.353,0
VH-00882,72.38738636363637,11.856171571617194,107.966,95.30210000000001,36.394977272727274,51.514,39.14621590909091,48.73,1.8161250000000002,2.214,0.7045454545454546,0.7272727272727273,0.7727272727272727,0.7045454545454546,0.7045454545454546,0.44636363636363635,64.26587500000001,70.3365,85.95058333333333,39.451,71.896,1.976,61.708,0.0,0.0,0.0,881,6,B,57,Compact,0.94,Pass,NONE,,0.035,39.451,1.976,0
VH-00883,74.42452272727273,12.297000283655182,110.873,94.73479999999999,36.50879545454546,46.328,38.920852272727274,49.261,1.7975340909090909,2.099,0.75,0.7045454545454546,0.8409090909090909,0.7045454545454546,0.7045454545454546,0.44636363636363635,65.2135625,72.2885625,89.55375,38.639,72.226,1.838,63.932,0.0,0.0,0.0,882,6,B,58,Truck,1.14,Fail,LOW_CONFIDENCE_MULTI_CAUSAL,ST-45,0.05368,38.639,1.838,1
VH-00884,73.24770454545454,12.10273363620038,110.637,93.35055000000001,36.79378409090909,53.044,38.94346590909091,48.025,1.8161818181818183,2.148,0.75,0.7272727272727273,0.8863636363636364,0.7045454545454546,0.7045454545454546,0.44272727272727275,64.5075625,71.6154375,87.07758333333334,40.056,68.163,1.716,68.541,0.0,0.0,0.0,883,6,B,59,Sedan,1.0,Pass,NONE,,0.03201,40.056,1.716,0
VH-00885,72.5065909090909,12.72820910385838,110.81,93.33095,36.40580681818182,46.328,39.14003409090909,48.792,1.8511136363636362,2.152,0.7954545454545454,0.7045454545454546,0.8181818181818182,0.7045454545454546,0.7045454545454546,0.4445454545454545,63.56875,69.9814375,87.79058333333334,41.373,67.792,1.937,64.989,0.0,0.0,0.0,884,6,B,60,Compact,0.94,Pass,NONE,,0.02448,41.373,1.937,0
VH-00886,73.28,12.319458246545267,113.973,93.88910000000001,36.560590909090905,51.681,38.918159090909086,46.723,1.817943181818182,2.149,0.7045454545454546,0.7272727272727273,0.8863636363636364,0.7045454545454546,0.7045454545454546,0.44090909090909086,65.481625,70.6148125,87.23141666666668,39.886,68.951,2.149,68.293,0.0,0.0,0.0,885,6,B,61,SUV,1.08,Pass,NONE,,0.03638,39.886,2.149,0
VH-00887,72.92406818181819,12.46350491858965,110.567,93.6778,35.73515909090909,46.328,39.03453409090909,47.61,1.8161022727272729,2.402,0.7272727272727273,0.7272727272727273,0.8409090909090909,0.7045454545454546,0.7045454545454546,0.44272727272727275,64.4519375,71.0140625,86.76691666666666,39.654,68.08,1.957,64.785,0.0,0.0,0.0,886,6,B,62,Compact,0.94,Pass,NONE,,0.03398,39.654,1.957,0
VH-00888,72.59545454545454,12.017661236802148,105.952,93.80825,36.17756818181818,46.328,39.05969318181818,49.25,1.8187954545454545,2.878,0.75,0.7045454545454546,0.7727272727272727,0.7045454545454546,0.7045454545454546,0.44636363636363635,64.04425,70.0005,87.457,40.11,70.208,2.243,53.045,0.0,0.0,0.0,887,6,B,63,Sedan,1.0,Pass,NONE,,0.02775,40.11,2.243,0
VH-00889,73.66022727272728,11.99685356397743,109.709,95.41215000000001,36.72202272727273,47.359,38.88481818181818,47.951,1.7976363636363637,2.099,0.75,0.6590909090909091,0.8636363636363636,0.7045454545454546,0.7045454545454546,0.4445454545454545,65.263,71.0955,88.27616666666667,39.39,72.882,1.77,63.786,0.0,0.0,0.0,888,6,B,64,Sedan,1.0,Pass,NONE,,0.02827,39.39,1.77,0
VH-00890,72.61052272727272,11.896423741472926,110.164,94.0126,36.385590909090915,49.525,39.11228409090909,47.585,1.8224318181818182,2.264,0.75,0.7727272727272727,0.8863636363636364,0.7045454545454546,0.7045454545454546,0.4445454545454545,65.3255,69.481875,86.49541666666666,40.429,70.722,2.264,60.783,0.0,0.0,0.0,889,6,B,65,Compact,0.94,Pass,NONE,,0.02596,40.429,2.264,0
VH-00891,73.12281818181818,12.153940299482413,106.728,96.56075000000001,36.406386363636365,46.328,39.064772727272725,47.927,1.8248977272727274,2.099,0.7954545454545454,0.8181818181818182,0.7954545454545454,0.7045454545454546,0.7045454545454546,0.4445454545454545,63.7819375,71.14775,88.21075,40.691,69.865,1.858,61.346,0.0,0.0,0.0,890,6,B,66,Sedan,1.0,Pass,NONE,,0.0379,40.691,1.858,0
VH-00892,72.59540909090909,11.922553640773643,105.684,91.78415,36.684318181818185,52.866,38.984806818181816,51.26,1.8056704545454545,2.099,0.7727272727272727,0.8181818181818182,0.8409090909090909,0.7045454545454546,0.7045454545454546,0.44272727272727275,63.3988125,70.848,87.18741666666666,40.606,66.474,1.776,61.483,0.0,0.0,0.0,891,6,B,67,SUV,1.08,Pass,NONE,,0.04144,40.606,1.776,0
VH-00893,73.31452272727273,11.559058548789997,108.12,95.3987,36.83718181818182,49.044,38.949079545454545,47.186,1.7844318181818182,2.428,0.7045454545454546,0.7272727272727273,0.75,0.7045454545454546,0.7045454545454546,0.4518181818181818,64.6995,70.8609375,88.07266666666668,39.803,71.277,2.428,63.683,0.0,0.0,0.0,892,6,B,68,SUV,1.08,Pass,NONE,,0.03503,39.803,2.428,0
VH-00894,73.83024999999999,11.94714475206291,106.354,94.70450000000001,36.25206818181818,47.713,39.11561363636363,47.649,1.8437386363636363,2.242,0.7272727272727273,0.7272727272727273,0.8181818181818182,0.7045454545454546,0.7045454545454546,0.44272727272727275,65.8996875,71.3485,87.71333333333332,41.384,73.875,1.884,66.054,0.0,0.0,0.0,893,6,B,69,SUV,1.08,Pass,NONE,,0.03532,41.384,1.884,0
VH-00895,74.5805,11.44113493618124,113.87,91.4716,36.35459090909091,47.778,38.958147727272724,47.499,1.8320113636363637,2.303,0.8409090909090909,0.6590909090909091,0.7954545454545454,0.7045454545454546,0.7045454545454546,0.44272727272727275,67.3125,71.474,88.41316666666667,39.454,70.407,2.303,69.016,0.0,0.0,0.0,894,6,B,70,Truck,1.14,Pass,NONE,,0.03364,39.454,2.303,0
VH-00896,72.82920454545454,12.316541444059482,111.454,92.50335,36.55204545454546,47.798,38.91869318181818,47.898,1.8279659090909093,2.418,0.8409090909090909,0.7272727272727273,0.8181818181818182,0.7045454545454546,0.7045454545454546,0.44272727272727275,64.0806875,70.633625,87.42133333333334,39.863,69.563,2.418,66.512,0.0,0.0,0.0,895,6,B,71,SUV,1.08,Pass,NONE,,0.03967,39.863,2.418,0
VH-00897,72.62940909090909,12.806836944633403,110.878,93.7608,36.830045454545456,53.437,38.98201136363636,48.533,1.831159090909091,2.19,0.75,0.7045454545454546,0.8409090909090909,0.7045454545454546,0.7045454545454546,0.44272727272727275,63.78175,70.3659375,87.44425,39.425,69.585,2.19,65.596,0.0,0.0,0.0,896,6,B,72,Compact,0.94,Pass,NONE,,0.0274,39.425,2.19,0
VH-00898,73.55427272727273,11.561917231299702,109.881,92.8799,36.63940909090909,48.165,39.17234090909091,48.768,1.8375568181818183,2.634,0.7272727272727273,0.6818181818181818,0.8181818181818182,0.7045454545454546,0.7045454545454546,0.44636363636363635,65.2143125,72.66925,85.85425,40.256,72.799,2.634,69.897,0.0,0.0,0.0,897,6,B,73,SUV,1.08,Pass,NONE,,0.03579,40.256,2.634,0
VH-00899,74.73563636363636,10.568751533694627,107.735,91.8568,36.50711363636364,48.205,39.02346590909091,47.922,1.8489318181818184,2.435,0.75,0.75,0.7272727272727273,0.7045454545454546,0.7045454545454546,0.4445454545454545,67.578375,72.9889375,86.60758333333332,39.429,77.446,2.012,67.946,0.0,0.0,0.0,898,6,B,74,Truck,1.14,Pass,NONE,,0.04333,39.429,2.012,0
VH-00900,73.14313636363637,11.542980713334591,107.046,91.56320000000001,36.324977272727274,46.403,39.27170454545455,50.807,1.8241818181818183,2.667,0.8636363636363636,0.75,0.8636363636363636,0.7045454545454546,0.7045454545454546,0.4390909090909091,64.6659375,71.71781250000001,86.34649999999999,41.146,67.753,1.586,67.423,0.0,0.0,0.0,899,6,B,75,Sedan,1.0,Pass,NONE,,0.03248,41.146,1.586,0
