Vehicle_ID,Vehicle_Global_Index,Production_Day,Shift,Unit_In_Shift,Station_ID,Station_Number,Process_Area,Operation,Timestamp,Sensor_Coverage,Cycle_Time,Baseline_Cycle_Time,Cycle_Z_Score,Excess_Cycle_Time,Telemetry_Confidence,SPC_Bottleneck_Flag,IsolationForest_Bottleneck_Flag,Bottleneck_Anomaly_Score,Bottleneck_Alert,Projected_Delay_Minutes,Estimated_Queued_Vehicles
VH-00011,10,1,A,11,ST-09,9,Body,Roof laser weld,2026-08-30 06:21:35,partial,70.641,63.45,2.554440278873976,7.1910000000000025,0.6,False,True,0.007548013876797155,True,7.6704000000000025,0.6800000000000002
VH-00011,10,1,A,11,ST-32,32,Final Assembly,Battery connect,2026-08-30 06:51:17,modern,87.216,79.84,2.385406765517683,7.375999999999991,0.94,False,True,0.02605638730436699,True,7.867733333333323,0.5543086172344682
VH-00015,14,1,A,15,ST-41,41,Final Assembly,ADAS calibration,2026-08-30 07:06:47,partial,84.633,76.83,2.767730346177196,7.802999999999997,0.68,True,True,0.06843283790400223,True,7.802999999999997,0.6093713393205777
VH-00016,15,1,A,16,ST-01,1,Body,Underbody weld,2026-08-30 06:19:09,partial,69.18,60.05,3.093261967385594,9.13000000000001,0.6,True,True,0.05074134239567285,True,8.977833333333342,0.912239800166529
VH-00016,15,1,A,16,ST-20,20,Paint,Primer booth,2026-08-30 06:41:20,partial,102.904,93.25,3.114226937850265,9.653999999999996,0.6,True,True,0.05346188216968595,True,9.493099999999997,0.6211689008042893
VH-00018,17,1,A,18,ST-09,9,Body,Roof laser weld,2026-08-30 06:30:09,partial,68.846,63.45,1.9173829255459056,5.396000000000001,0.68,False,True,0.01229486763853227,True,5.126200000000001,0.5102600472813239
VH-00018,17,1,A,18,ST-30,30,Final Assembly,End-of-line quality,2026-08-30 06:57:35,modern,81.069,73.91,2.520182262001616,7.159000000000006,0.94,False,True,0.029843127844130235,True,6.801050000000005,0.5811662833175489
VH-00021,20,1,A,21,ST-06,6,Body,Seam sealing prep,2026-08-30 06:30:33,legacy,66.78,59.68,2.4948078218933736,7.100000000000001,0.36,False,True,0.008397090915797767,True,6.3900000000000015,0.7138069705093836
VH-00021,20,1,A,21,ST-41,41,Final Assembly,ADAS calibration,2026-08-30 07:13:56,partial,82.866,76.83,2.124317700249673,6.036000000000001,0.68,False,True,0.023292389954586823,True,5.432400000000001,0.4713783678250684
VH-00024,23,1,A,24,ST-23,23,Paint,Clearcoat booth,2026-08-30 06:55:09,modern,91.622,82.77,3.1733409461663973,8.852000000000004,0.94,True,True,0.06415220296082469,True,7.524200000000004,0.6416817687567963
VH-00024,23,1,A,24,ST-25,25,Paint,E-coat inspection,2026-08-30 06:58:09,partial,100.53,94.17,1.992116198059224,6.359999999999999,0.68,False,True,0.021704377065272618,True,5.406,0.40522459381968773
VH-00025,24,1,A,25,ST-29,29,Final Assembly,ADAS calibration,2026-08-30 07:04:04,modern,72.665,65.05,2.5008145908642803,7.615000000000009,0.94,False,True,0.031813058224146484,True,6.345833333333341,0.7023827824750201
VH-00028,27,1,A,28,ST-38,38,Final Assembly,Battery connect,2026-08-30 07:19:32,manual_check,76.702,69.58,2.575771554018097,7.122,0.22,False,True,0.04540376672700319,True,5.5789,0.6141419948260994
VH-00035,34,1,A,35,ST-05,5,Body,Dimensional clamp,2026-08-30 06:46:19,modern,74.838,67.54,2.5240636363636355,7.297999999999988,0.94,False,True,0.030200091852651045,True,4.865333333333325,0.6483269173822909
VH-00036,35,1,A,36,ST-38,38,Final Assembly,Battery connect,2026-08-30 07:28:25,manual_check,76.439,69.58,2.481363092070251,6.858999999999995,0.22,False,True,0.03039964911011006,True,4.458349999999997,0.5914630640988785
VH-00041,40,1,A,41,ST-39,39,Final Assembly,Interior fit,2026-08-30 07:35:29,manual_check,65.721,59.06,2.157994361962038,6.661000000000001,0.22,False,True,0.013927462909085198,True,3.7745666666666673,0.6767016593294956
VH-00044,43,1,A,44,ST-23,23,Paint,Clearcoat booth,2026-08-30 07:18:55,modern,91.243,82.77,3.034333061446439,8.472999999999999,0.94,True,True,0.05928864218183394,True,4.377716666666666,0.6142080463936208
VH-00044,43,1,A,44,ST-35,35,Final Assembly,ADAS calibration,2026-08-30 07:34:51,partial,75.691,70.29,1.839294343486045,5.400999999999996,0.68,False,True,0.010070706899819704,True,2.7905166666666643,0.4610328638497649
VH-00048,47,1,A,48,ST-10,10,Body,Door fit check,2026-08-30 07:07:18,partial,68.716,62.3,2.4172766138165342,6.415999999999997,0.68,False,True,0.03841859090966249,True,2.8871999999999987,0.6179133226324235
VH-00050,49,1,A,50,ST-16,16,Body,Door fit check,2026-08-30 07:15:59,partial,65.032,55.79,3.1546650306748427,9.241999999999997,0.6,True,True,0.05184677656042247,True,3.850833333333332,0.9939415665889941
VH-00050,49,1,A,50,ST-26,26,Paint,Primer booth,2026-08-30 07:30:42,manual_check,104.41,98.21,2.046418191322527,6.200000000000003,0.22,False,True,0.0026044476748667833,True,2.5833333333333344,0.37878016495265265
VH-00056,55,1,A,56,ST-13,13,Body,Underbody weld,2026-08-30 07:19:52,legacy,66.036,56.95,3.1223592340149304,9.085999999999999,0.36,True,True,0.054170752039197634,True,2.8772333333333324,0.9572607550482878
VH-00058,57,1,A,58,ST-22,22,Paint,Basecoat booth,2026-08-30 07:34:12,modern,107.689,98.24,3.1079971204188497,9.448999999999998,0.94,True,True,0.067578509805159,True,2.6772166666666664,0.5770969055374592
VH-00058,57,1,A,58,ST-35,35,Final Assembly,ADAS calibration,2026-08-30 07:51:45,partial,78.325,70.29,2.7487558228819986,8.034999999999997,0.6,True,True,0.03203091261307933,True,2.2765833333333325,0.6858728126333756
VH-00059,58,1,A,59,ST-12,12,Body,Seam sealing prep,2026-08-30 07:22:49,modern,71.323,64.97,1.9407254001737217,6.352999999999994,0.86,False,True,0.016429950867069998,True,1.694133333333332,0.5867015545636443
VH-00063,62,1,A,63,ST-30,30,Final Assembly,End-of-line quality,2026-08-30 07:50:43,modern,81.236,73.91,2.5812842419310984,7.326000000000008,0.94,False,True,0.03541282399549339,True,1.4652000000000016,0.5947233121363827
VH-00067,66,1,A,67,ST-02,2,Body,Side-frame marriage,2026-08-30 07:21:24,partial,74.159,67.02,2.526538988233732,7.13900000000001,0.6,False,True,0.005128840906881926,True,0.951866666666668,0.6391226499552382
VH-00071,70,1,A,71,ST-25,25,Paint,E-coat inspection,2026-08-30 07:53:58,partial,100.051,94.17,1.8313371485444192,5.881,0.68,False,True,0.01214171183375079,True,0.3920666666666667,0.3747053201656579
VH-00073,72,1,A,73,ST-42,42,Final Assembly,End-of-line quality,2026-08-30 08:17:24,modern,80.252,73.5,2.341846677367574,6.751999999999995,0.94,False,True,0.013398211213108469,True,0.2250666666666665,0.5511836734693873
VH-00074,73,1,A,74,ST-02,2,Body,Side-frame marriage,2026-08-30 07:29:53,partial,74.365,67.02,2.6004322276141707,7.344999999999999,0.6,False,True,0.012327917684960554,True,0.12241666666666665,0.6575649059982094
VH-00074,73,1,A,74,ST-10,10,Body,Door fit check,2026-08-30 07:38:31,partial,67.111,62.3,1.804268403171011,4.811000000000007,0.68,False,True,0.0017675285078649905,True,0.08018333333333345,0.4633386837881227
VH-00075,74,1,A,75,ST-38,38,Final Assembly,Battery connect,2026-08-30 08:15:27,manual_check,75.45,69.58,2.1263441990420473,5.8700000000000045,0.22,False,True,0.0016250536688302564,True,0.0,0.5061799367634382
VH-00075,74,1,A,75,ST-39,39,Final Assembly,Interior fit,2026-08-30 08:16:33,manual_check,65.663,59.06,2.1383885234605007,6.602999999999994,0.22,False,True,0.010097843432737674,True,0.0,0.6708093464273615
VH-00075,74,1,A,75,ST-45,45,Final Assembly,Interior fit,2026-08-30 08:24:00,modern,91.332,83.98,2.3622241788435083,7.35199999999999,0.94,False,True,0.024198806364566283,True,0.0,0.5252679209335549
VH-00077,76,1,B,2,ST-07,7,Body,Underbody weld,2026-08-30 14:38:44,modern,62.611,55.76,2.4674659778397134,6.850999999999999,0.94,False,True,0.02015780184960747,True,8.335383333333333,0.7371951219512194
VH-00081,80,1,B,6,ST-31,31,Final Assembly,Powertrain marriage,2026-08-30 15:13:30,modern,74.991,67.14,2.6210868391599145,7.850999999999999,0.94,False,True,0.04293324373292651,True,9.028649999999999,0.7016085790884717
VH-00082,81,1,B,7,ST-11,11,Body,Dimensional clamp,2026-08-30 14:48:49,partial,70.928,63.54,2.645658161252144,7.387999999999998,0.6,False,True,0.014508956273102336,True,8.373066666666665,0.6976392823418317
VH-00082,81,1,B,7,ST-24,24,Paint,Paint quality gate,2026-08-30 15:05:44,legacy,85.217,77.45,2.582865599285576,7.766999999999996,0.36,False,True,0.023424193363990042,True,8.802599999999995,0.6017043253712069
VH-00084,83,1,B,9,ST-33,33,Final Assembly,Interior fit,2026-08-30 15:19:42,legacy,81.193,73.7,2.5619678615574726,7.492999999999995,0.36,False,True,0.015073251891608686,True,8.242299999999995,0.6100135685210307
VH-00089,88,1,B,14,ST-07,7,Body,Underbody weld,2026-08-30 14:53:30,modern,62.845,55.76,2.5532972605533297,7.085000000000001,0.94,False,True,0.03289841560130802,True,7.203083333333335,0.762374461979914
VH-00091,90,1,B,16,ST-41,41,Final Assembly,ADAS calibration,2026-08-30 15:38:21,partial,82.598,76.83,2.026731628314994,5.768000000000001,0.68,False,True,0.018760624734111664,True,5.671866666666667,0.4504490433424444
VH-00093,92,1,B,18,ST-10,10,Body,Door fit check,2026-08-30 15:00:57,partial,67.766,62.3,2.054436862967161,5.466000000000008,0.68,False,True,0.016651703399152562,True,5.192700000000007,0.5264205457463893
VH-00095,94,1,B,20,ST-19,19,Paint,E-coat inspection,2026-08-30 15:14:06,manual_check,96.362,89.71,2.2177734627831787,6.652000000000001,0.22,False,True,0.014450054157597925,True,6.097666666666668,0.44490023408761575
VH-00096,95,1,B,21,ST-22,22,Paint,Basecoat booth,2026-08-30 15:19:03,modern,105.999,98.24,2.511188219895289,7.759,0.94,False,True,0.034862503989048,True,6.983099999999999,0.47388029315960917
VH-00096,95,1,B,21,ST-23,23,Paint,Clearcoat booth,2026-08-30 15:20:33,modern,89.871,82.77,2.5311171832517676,7.100999999999999,0.86,False,True,0.05336625167381681,True,6.390899999999999,0.5147517216382747
VH-00096,95,1,B,21,ST-45,45,Final Assembly,Interior fit,2026-08-30 15:48:19,modern,91.219,83.98,2.3241482452853717,7.23899999999999,0.94,False,True,0.01915369570697012,True,6.5150999999999915,0.5171945701357459
VH-00097,96,1,B,22,ST-45,45,Final Assembly,Interior fit,2026-08-30 15:50:23,modern,120.123,83.98,12.063500312226795,36.143,0.94,True,True,0.10947730906425168,True,31.926316666666665,2.582257680400095
VH-00098,97,1,B,23,ST-17,17,Paint,Clearcoat booth,2026-08-30 15:14:43,legacy,87.428,80.31,2.4614605307356383,7.117999999999995,0.36,False,True,0.006331263623911232,True,6.168933333333329,0.5317893163989537
VH-00099,98,1,B,24,ST-04,4,Body,Door fit check,2026-08-30 15:02:01,partial,77.853,72.55,1.8561174999999952,5.302999999999997,0.68,False,True,0.010218130712198015,True,4.5075499999999975,0.43856650585802875
VH-00100,99,1,B,25,ST-19,19,Paint,E-coat inspection,2026-08-30 15:20:03,manual_check,97.579,89.71,2.6344834063075147,7.869,0.22,False,True,0.05206026216166848,True,6.5575,0.5262958421580649
VH-00101,100,1,B,26,ST-09,9,Body,Roof laser weld,2026-08-30 15:09:49,partial,68.724,63.45,1.8740843199158084,5.274000000000001,0.68,False,True,0.009561881830632002,True,4.307100000000001,0.4987234042553192
VH-00104,103,1,B,29,ST-29,29,Final Assembly,ADAS calibration,2026-08-30 15:38:56,modern,72.237,65.05,2.349024383831743,7.186999999999998,0.86,False,True,0.045766645290020835,True,5.510033333333331,0.6629054573405071
VH-00109,108,1,B,34,ST-10,10,Body,Door fit check,2026-08-30 15:20:16,partial,67.246,62.3,1.8558298414496033,4.945999999999998,0.68,False,True,0.00705439035629829,True,3.3797666666666655,0.47634028892455843
VH-00109,108,1,B,34,ST-19,19,Paint,E-coat inspection,2026-08-30 15:30:53,manual_check,96.174,89.71,2.1534008503077717,6.464000000000013,0.22,False,True,0.010061946907429231,True,4.417066666666675,0.4323263850183935
VH-00111,110,1,B,36,ST-25,25,Paint,E-coat inspection,2026-08-30 15:42:21,partial,102.214,94.17,2.5573602886290177,8.043999999999997,0.6,False,True,0.02203721689086513,True,5.228599999999998,0.5125199107996176
VH-00112,111,1,B,37,ST-19,19,Paint,E-coat inspection,2026-08-30 15:34:22,manual_check,98.145,89.71,2.828286058760083,8.435000000000002,0.22,True,True,0.061733143773326504,True,5.342166666666668,0.5641511537175344
VH-00114,113,1,B,39,ST-44,44,Final Assembly,Battery connect,2026-08-30 16:09:19,legacy,70.802,61.57,3.160260009055047,9.232000000000006,0.36,True,True,0.054355794677800384,True,5.539200000000004,0.89965892480104
VH-00115,114,1,B,40,ST-45,45,Final Assembly,Interior fit,2026-08-30 16:12:38,modern,135.428,83.98,17.2205991007868,51.44799999999999,0.94,True,True,0.11819308307148735,True,30.01133333333333,3.675732317218385
VH-00118,117,1,B,43,ST-14,14,Body,Side-frame marriage,2026-08-30 15:35:20,partial,73.872,66.43,2.475674949290059,7.441999999999993,0.6,False,True,0.006858787490521934,True,3.969066666666663,0.6721661899744085
VH-00118,117,1,B,43,ST-19,19,Paint,E-coat inspection,2026-08-30 15:41:44,manual_check,97.361,89.71,2.5598385684370952,7.6510000000000105,0.22,False,True,0.046506999847204966,True,4.080533333333339,0.5117155278118389
VH-00118,117,1,B,43,ST-29,29,Final Assembly,ADAS calibration,2026-08-30 15:56:05,modern,73.847,65.05,2.9200109102858987,8.796999999999997,0.94,True,True,0.060968311047540746,True,4.691733333333332,0.8114066102997691
VH-00121,120,1,B,46,ST-38,38,Final Assembly,Battery connect,2026-08-30 16:10:11,manual_check,78.92,69.58,3.37196154869612,9.340000000000003,0.22,True,True,0.07749184981775725,True,4.514333333333336,0.805403851681518
VH-00123,122,1,B,48,ST-14,14,Body,Side-frame marriage,2026-08-30 15:41:11,partial,74.048,66.43,2.5358737322515204,7.617999999999995,0.6,False,True,0.011601642668124579,True,3.428099999999998,0.6880626223091971
VH-00131,130,1,B,56,ST-13,13,Body,Underbody weld,2026-08-30 15:49:36,legacy,65.358,56.95,2.88487218435573,8.408000000000001,0.36,True,True,0.04112173999455837,True,2.6625333333333336,0.8858296751536436
VH-00131,130,1,B,56,ST-30,30,Final Assembly,End-of-line quality,2026-08-30 16:12:47,modern,79.369,73.91,1.8981860591266508,5.459000000000003,0.86,False,True,0.002096162369211174,True,1.7286833333333342,0.4431606007306186
VH-00142,141,1,B,67,ST-40,40,Final Assembly,Wheel torque,2026-08-30 16:38:05,legacy,83.899,76.41,2.5920558080808105,7.489000000000004,0.36,False,True,0.018835848840307645,True,0.9985333333333339,0.5880643894778174
VH-00146,145,1,B,71,ST-05,5,Body,Dimensional clamp,2026-08-30 15:59:40,modern,74.385,67.54,2.36757272727273,6.844999999999999,0.94,False,True,0.015525603946612954,True,0.45633333333333326,0.6080840983121112
VH-00146,145,1,B,71,ST-42,42,Final Assembly,End-of-line quality,2026-08-30 16:46:00,modern,79.652,73.5,2.1339750882825035,6.152000000000001,0.86,False,True,0.01712974074422846,True,0.4101333333333334,0.5022040816326532
VH-00147,146,1,B,72,ST-22,22,Paint,Basecoat booth,2026-08-30 16:20:39,modern,106.5,98.24,2.68811204188482,8.260000000000005,0.94,False,True,0.051834506243184975,True,0.41300000000000026,0.5044788273615639
VH-00149,148,1,B,74,ST-23,23,Paint,Clearcoat booth,2026-08-30 16:25:10,modern,89.221,82.77,2.2927131593257237,6.451000000000008,0.94,False,True,0.002975927437217085,True,0.10751666666666679,0.4676332004349408
VH-00150,149,1,B,75,ST-26,26,Paint,Primer booth,2026-08-30 16:30:23,manual_check,106.003,98.21,2.608090172503917,7.793000000000006,0.22,False,True,0.051322875642817456,True,0.0,0.4761022299154876
VH-00151,150,2,A,1,ST-01,1,Body,Underbody weld,2026-08-31 06:01:07,partial,67.385,60.05,2.4563721725407737,7.335000000000008,0.6,False,True,0.003547488470691751,True,9.04650000000001,0.7328892589508751
VH-00151,150,2,A,1,ST-13,13,Body,Underbody weld,2026-08-31 06:13:57,legacy,64.605,56.95,2.6211144433625457,7.655000000000001,0.36,False,True,0.020742622040651137,True,9.441166666666668,0.8064969271290606
VH-00157,156,2,A,7,ST-16,16,Body,Door fit check,2026-08-31 06:24:11,partial,61.959,55.79,2.083828220858895,6.169000000000004,0.68,False,True,0.022233284982131063,True,6.991533333333338,0.6634522315827214
VH-00157,156,2,A,7,ST-39,39,Final Assembly,Interior fit,2026-08-31 06:54:48,manual_check,66.441,59.06,2.401377184739711,7.381,0.22,False,True,0.03947759771633963,True,8.365133333333334,0.7498476125973587
VH-00158,157,2,A,8,ST-04,4,Body,Door fit check,2026-08-31 06:12:54,partial,80.179,72.55,2.6818474999999986,7.629000000000005,0.68,False,True,0.06297683139406995,True,8.519050000000005,0.6309303928325297
VH-00158,157,2,A,8,ST-27,27,Paint,Oven cure,2026-08-31 06:41:33,legacy,99.795,91.65,2.8007384105960194,8.144999999999996,0.36,True,True,0.037140908693050534,True,9.095249999999995,0.5332242225859244
VH-00158,157,2,A,8,ST-44,44,Final Assembly,Battery connect,2026-08-31 07:01:50,legacy,69.175,61.57,2.592425328245264,7.604999999999997,0.36,False,True,0.02056667505623877,True,8.492249999999997,0.7411076823128143
VH-00161,160,2,A,11,ST-17,17,Paint,Clearcoat booth,2026-08-31 06:30:23,legacy,87.768,80.31,2.5847148135707085,7.457999999999998,0.36,False,True,0.018660417824734044,True,7.955199999999999,0.5571908853193872
VH-00161,160,2,A,11,ST-42,42,Final Assembly,End-of-line quality,2026-08-31 07:03:26,modern,85.328,73.5,4.100440321027289,11.828000000000003,0.94,True,True,0.08107337351189625,True,12.616533333333336,0.9655510204081635
VH-00162,161,2,A,12,ST-23,23,Paint,Clearcoat booth,2026-08-31 06:40:16,modern,89.778,82.77,2.4970070690592756,7.00800000000001,0.94,False,True,0.025913488251356087,True,7.358400000000009,0.5080101486045676
VH-00164,163,2,A,14,ST-26,26,Paint,Primer booth,2026-08-31 06:47:07,manual_check,105.159,98.21,2.3105062728698376,6.949000000000012,0.22,False,True,0.028515092000443554,True,7.064816666666679,0.42453925262193337
VH-00168,167,2,A,18,ST-08,8,Body,Side-frame marriage,2026-08-31 06:28:58,partial,69.59,61.81,2.909095097626072,7.780000000000001,0.6,True,True,0.033173976409540895,True,7.391000000000001,0.7552176023297202
VH-00170,169,2,A,20,ST-18,18,Paint,Paint quality gate,2026-08-31 06:42:27,partial,91.159,82.49,2.702300919681179,8.669000000000011,0.6,True,True,0.03493882672039883,True,7.946583333333344,0.630549157473634
VH-00172,171,2,A,22,ST-15,15,Body,Roof laser weld,2026-08-31 06:41:16,modern,80.865,71.45,2.4912806398989646,9.414999999999992,0.94,False,True,0.04871909977307831,True,8.316583333333325,0.7906228131560525
VH-00172,171,2,A,22,ST-26,26,Paint,Primer booth,2026-08-31 06:56:58,manual_check,104.531,98.21,2.0890812859383168,6.321000000000012,0.22,False,True,0.00411654189543198,True,5.583550000000011,0.3861724875267292
VH-00174,173,2,A,24,ST-12,12,Body,Seam sealing prep,2026-08-31 06:40:26,modern,74.125,64.97,2.8787817347065463,9.155000000000001,0.94,True,True,0.062129182161455354,True,7.7817500000000015,0.8454671386793906
VH-00174,173,2,A,24,ST-45,45,Final Assembly,Interior fit,2026-08-31 07:23:54,modern,134.803,83.98,17.01000212314224,50.82299999999999,0.94,True,True,0.11819308307148735,True,43.199549999999995,3.63107882829245
VH-00175,174,2,A,25,ST-03,3,Body,Roof laser weld,2026-08-31 06:32:04,manual_check,69.82,62.45,2.385065830720999,7.36999999999999,0.22,False,True,0.03947759771633963,True,6.1416666666666595,0.7080864691753394
VH-00177,176,2,A,27,ST-23,23,Paint,Clearcoat booth,2026-08-31 06:58:17,modern,91.246,82.77,3.035433387710713,8.475999999999999,0.86,True,True,0.08045920772106585,True,6.780799999999999,0.6144255164914824
VH-00178,177,2,A,28,ST-29,29,Final Assembly,ADAS calibration,2026-08-31 07:08:36,modern,72.125,65.05,2.3093035819914554,7.075000000000003,0.94,False,True,0.01775088864044727,True,5.542083333333336,0.6525749423520372
VH-00182,181,2,A,32,ST-36,36,Final Assembly,End-of-line quality,2026-08-31 07:21:36,manual_check,81.96,74.38,2.6314432614905225,7.579999999999998,0.22,False,True,0.049261077127037645,True,5.432333333333332,0.6114546921215379
VH-00182,181,2,A,32,ST-41,41,Final Assembly,ADAS calibration,2026-08-31 07:27:34,partial,82.136,76.83,1.8585048923678984,5.305999999999997,0.68,False,True,0.010218130712198015,True,3.8026333333333318,0.41436938695821923
VH-00184,183,2,A,34,ST-44,44,Final Assembly,Battery connect,2026-08-31 07:32:37,legacy,68.956,61.57,2.515992755966629,7.386000000000003,0.36,False,True,0.012252282934550718,True,5.047100000000002,0.7197661198635702
VH-00186,185,2,A,36,ST-35,35,Final Assembly,ADAS calibration,2026-08-31 07:24:42,partial,77.101,70.29,2.32613590990529,6.810999999999993,0.68,False,True,0.040069040739166506,True,4.427149999999996,0.5813913785744765
VH-00187,186,2,A,37,ST-13,13,Body,Underbody weld,2026-08-31 06:57:06,legacy,64.544,56.95,2.599747614410904,7.593999999999994,0.36,False,True,0.02056667505623877,True,4.80953333333333,0.8000702370500432
VH-00187,186,2,A,37,ST-28,28,Paint,Basecoat booth,2026-08-31 07:18:13,legacy,93.433,85.46,2.849973832805401,7.973000000000013,0.36,True,True,0.03319657739047199,True,5.049566666666675,0.5597706529370475
VH-00194,193,2,A,44,ST-38,38,Final Assembly,Battery connect,2026-08-31 07:37:23,manual_check,77.225,69.58,2.7635115753060155,7.644999999999996,0.22,True,True,0.05392934963706775,True,3.949916666666665,0.6592411612532334
VH-00196,195,2,A,46,ST-09,9,Body,Roof laser weld,2026-08-31 07:03:41,partial,71.133,63.45,2.729054327808463,7.682999999999993,0.6,True,True,0.02540834404378267,True,3.7134499999999964,0.7265248226950347
VH-00196,195,2,A,46,ST-28,28,Paint,Basecoat booth,2026-08-31 07:29:17,legacy,92.894,85.46,2.649695358766012,7.434000000000012,0.36,False,True,0.019947103150682044,True,3.593100000000006,0.5219283875497317
VH-00203,202,2,A,53,ST-42,42,Final Assembly,End-of-line quality,2026-08-31 07:52:15,modern,80.834,73.5,2.543482118780097,7.334000000000003,0.94,False,True,0.03451372716278234,True,2.6891333333333347,0.5986938775510207
VH-00206,205,2,A,56,ST-26,26,Paint,Primer booth,2026-08-31 07:37:01,manual_check,106.652,98.21,2.83691949817041,8.442000000000007,0.22,True,True,0.06304383460700413,True,2.6733000000000025,0.5157519600855315
VH-00208,207,2,A,58,ST-11,11,Body,Dimensional clamp,2026-08-31 07:19:58,partial,69.69,63.54,2.206341575693811,6.149999999999999,0.68,False,True,0.02580711142354042,True,1.7424999999999997,0.5807365439093484
VH-00210,209,2,A,60,ST-10,10,Body,Door fit check,2026-08-31 07:21:32,partial,69.668,62.3,2.7808802378255995,7.368000000000009,0.68,True,True,0.0627850223781603,True,1.8420000000000023,0.7095987158908517
VH-00214,213,2,A,64,ST-08,8,Body,Side-frame marriage,2026-08-31 07:24:19,partial,69.106,61.81,2.725665964320829,7.295999999999992,0.6,True,True,0.016598739916310223,True,1.3375999999999986,0.7082349134444257
VH-00214,213,2,A,64,ST-12,12,Body,Seam sealing prep,2026-08-31 07:28:35,modern,72.467,64.97,2.3237148529594296,7.497,0.94,False,True,0.0200319936964779,True,1.37445,0.6923503155302447
VH-00215,214,2,A,65,ST-16,16,Body,Door fit check,2026-08-31 07:33:39,partial,63.364,55.79,2.5734233128834325,7.573999999999998,0.6,False,True,0.014800399484605098,True,1.262333333333333,0.8145545796737764
VH-00216,215,2,A,66,ST-15,15,Body,Roof laser weld,2026-08-31 07:34:04,modern,80.714,71.45,2.448403409987899,9.263999999999996,0.94,False,True,0.046643296944968826,True,1.3895999999999993,0.7779426172148352
VH-00218,217,2,A,68,ST-07,7,Body,Underbody weld,2026-08-31 07:27:46,modern,62.308,55.76,2.356325470736186,6.548000000000002,0.94,False,True,0.010808650479450566,True,0.7639333333333336,0.704591104734577
VH-00219,218,2,A,69,ST-04,4,Body,Door fit check,2026-08-31 07:26:05,partial,81.651,72.55,3.2044074999999967,9.100999999999999,0.6,True,True,0.05313872049612067,True,0.9100999999999999,0.7526671261199173
VH-00221,220,2,A,71,ST-45,45,Final Assembly,Interior fit,2026-08-31 08:19:13,modern,127.015,83.98,14.385795304108896,43.035,0.94,True,True,0.1173841439902441,True,2.8689999999999998,3.0746606334841626
VH-00223,222,2,A,73,ST-08,8,Body,Side-frame marriage,2026-08-31 07:34:52,partial,69.843,61.81,3.004978508217447,8.033000000000001,0.6,True,True,0.03999699644045396,True,0.2677666666666667,0.7797767351561237
VH-00223,222,2,A,73,ST-45,45,Final Assembly,Interior fit,2026-08-31 08:21:12,modern,90.147,83.98,1.9629323092294249,6.167000000000002,0.86,False,True,0.013813211264797287,True,0.20556666666666673,0.4406049059299834
VH-00224,223,2,A,74,ST-38,38,Final Assembly,Battery connect,2026-08-31 08:14:13,manual_check,77.774,69.58,2.9605847525279443,8.194000000000003,0.22,True,True,0.06623729756225905,True,0.1365666666666667,0.7065823512503595
VH-00228,227,2,B,3,ST-03,3,Body,Roof laser weld,2026-08-31 14:35:44,manual_check,68.721,62.45,2.0343114686224637,6.271000000000001,0.22,False,True,0.0036878800377210252,True,7.525200000000001,0.602497998398719
VH-00229,228,2,B,4,ST-19,19,Paint,E-coat inspection,2026-08-31 14:54:52,manual_check,97.105,89.71,2.4721822450663224,7.39500000000001,0.22,False,True,0.041691817816456145,True,8.750750000000012,0.49459369078140747
VH-00229,228,2,B,4,ST-28,28,Paint,Basecoat booth,2026-08-31 15:08:18,legacy,92.901,85.46,2.6522963779093773,7.4410000000000025,0.36,False,True,0.019947103150682044,True,8.805183333333336,0.5224198455417741
VH-00229,228,2,B,4,ST-36,36,Final Assembly,End-of-line quality,2026-08-31 15:18:01,manual_check,81.408,74.38,2.4380784211893047,7.028000000000006,0.22,False,True,0.03339385096799341,True,8.316466666666674,0.5669265931702075
VH-00230,229,2,B,5,ST-42,42,Final Assembly,End-of-line quality,2026-08-31 15:25:58,modern,81.1,73.5,2.635638523274476,7.599999999999994,0.94,False,True,0.04121095652799722,True,8.866666666666658,0.6204081632653057
VH-00235,234,2,B,10,ST-41,41,Final Assembly,ADAS calibration,2026-08-31 15:30:43,partial,84.922,76.83,2.8729630879276518,8.091999999999999,0.6,True,True,0.0347260114268122,True,8.766333333333332,0.631940648184303
VH-00236,235,2,B,11,ST-17,17,Paint,Clearcoat booth,2026-08-31 15:00:34,legacy,87.388,80.31,2.4469600268726923,7.078000000000003,0.36,False,True,0.001512122000875582,True,7.54986666666667,0.5288008965259621
VH-00236,235,2,B,11,ST-39,39,Final Assembly,Interior fit,2026-08-31 15:29:44,manual_check,67.95,59.06,2.9114670174779187,8.89,0.22,True,True,0.06793391197130783,True,9.482666666666667,0.9031493396545885
VH-00243,242,2,B,18,ST-39,39,Final Assembly,Interior fit,2026-08-31 15:37:54,manual_check,66.694,59.06,2.486899204410199,7.634,0.22,False,True,0.045045034856487476,True,7.252300000000001,0.7755502878428716
VH-00244,243,2,B,19,ST-10,10,Body,Door fit check,2026-08-31 15:02:18,partial,69.476,62.3,2.7075484144960384,7.176000000000002,0.6,True,True,0.015375953314937574,True,6.697600000000002,0.6911075441412522
VH-00244,243,2,B,19,ST-43,43,Final Assembly,Powertrain marriage,2026-08-31 15:44:27,legacy,79.868,71.57,2.8045816926617326,8.298000000000002,0.36,True,True,0.03786293437944399,True,7.7448000000000015,0.6956546038843093
VH-00247,246,2,B,22,ST-12,12,Body,Seam sealing prep,2026-08-31 15:08:18,modern,71.983,64.97,2.1616808537039405,7.013000000000005,0.94,False,True,0.005057081221881976,True,6.1948166666666715,0.6476527628136067
VH-00247,246,2,B,22,ST-18,18,Paint,Paint quality gate,2026-08-31 15:15:20,partial,89.822,82.49,2.2599678724708774,7.332000000000008,0.68,False,True,0.045199812778794035,True,6.476600000000007,0.5333010061825681
VH-00247,246,2,B,22,ST-23,23,Paint,Clearcoat booth,2026-08-31 15:22:55,modern,89.178,82.77,2.27694181620446,6.408000000000001,0.94,False,True,0.002010578591659984,True,5.660400000000001,0.4645161290322582
VH-00247,246,2,B,22,ST-38,38,Final Assembly,Battery connect,2026-08-31 15:42:39,manual_check,76.398,69.58,2.466645423097394,6.817999999999998,0.22,False,True,0.028579284407821315,True,6.022566666666664,0.5879275653923539
VH-00249,248,2,B,24,ST-20,20,Paint,Primer booth,2026-08-31 15:20:07,partial,100.95,93.25,2.4503024998425835,7.700000000000003,0.6,False,True,0.01096470854483822,True,6.545000000000003,0.49544235924932994
VH-00251,250,2,B,26,ST-08,8,Body,Side-frame marriage,2026-08-31 15:08:45,partial,69.847,61.81,3.0064944514679,8.036999999999992,0.6,True,True,0.03999699644045396,True,6.563549999999993,0.7801650218411252
VH-00257,256,2,B,32,ST-10,10,Body,Door fit check,2026-08-31 15:17:37,partial,67.583,62.3,1.9845424688561732,5.283000000000001,0.68,False,True,0.01229486763853227,True,3.7861500000000006,0.5087961476725523
VH-00259,258,2,B,34,ST-11,11,Body,Dimensional clamp,2026-08-31 15:21:07,partial,71.329,63.54,2.787956990661587,7.788999999999994,0.6,True,True,0.02920335426220022,True,5.322483333333329,0.7355051935788475
VH-00265,264,2,B,40,ST-42,42,Final Assembly,End-of-line quality,2026-08-31 16:08:16,modern,80.514,73.5,2.4326172712680556,7.013999999999996,0.94,False,True,0.023694023513762485,True,4.091499999999997,0.5725714285714282
VH-00267,266,2,B,42,ST-01,1,Body,Underbody weld,2026-08-31 15:20:18,partial,66.466,60.05,2.1302987901104693,6.415999999999997,0.68,False,True,0.027053882652708916,True,3.528799999999998,0.6410657785179015
VH-00267,266,2,B,42,ST-41,41,Final Assembly,ADAS calibration,2026-08-31 16:09:35,partial,82.699,76.83,2.0635084688575405,5.869,0.68,False,True,0.02037793226013429,True,3.22795,0.4583365872705974
VH-00267,266,2,B,42,ST-45,45,Final Assembly,Interior fit,2026-08-31 16:14:31,modern,90.728,83.98,2.1587032596478046,6.7479999999999905,0.86,False,True,0.02526648227563777,True,3.711399999999995,0.4821147892355316
VH-00268,267,2,B,43,ST-01,1,Body,Underbody weld,2026-08-31 15:21:34,partial,70.299,60.05,3.490298001052086,10.24900000000001,0.6,True,True,0.06220417502039233,True,5.466133333333338,1.0240466278101592
VH-00269,268,2,B,44,ST-31,31,Final Assembly,Powertrain marriage,2026-08-31 16:00:02,modern,75.528,67.14,2.811859898610835,8.388000000000005,0.94,True,True,0.05445918371583547,True,4.333800000000002,0.7495978552278825
VH-00269,268,2,B,44,ST-41,41,Final Assembly,ADAS calibration,2026-08-31 16:12:12,partial,85.777,76.83,3.184291787570004,8.947000000000003,0.6,True,True,0.0516624128568729,True,4.622616666666668,0.6987114408434207
VH-00273,272,2,B,48,ST-02,2,Body,Side-frame marriage,2026-08-31 15:28:39,partial,73.552,67.02,2.3088050255933017,6.532000000000011,0.68,False,True,0.03675638494311939,True,2.939400000000005,0.5847806624888103
VH-00282,281,2,B,57,ST-01,1,Body,Underbody weld,2026-08-31 15:38:19,partial,67.631,60.05,2.5436562335612876,7.581000000000003,0.6,False,True,0.01299112172562289,True,2.274300000000001,0.7574687760199836
VH-00283,282,2,B,58,ST-43,43,Final Assembly,Powertrain marriage,2026-08-31 16:31:32,legacy,80.859,71.57,3.1464019432370343,9.289000000000001,0.36,True,True,0.054355794677800384,True,2.6318833333333336,0.7787341064691912
VH-00290,289,2,B,65,ST-03,3,Body,Roof laser weld,2026-08-31 15:50:05,manual_check,68.785,62.45,2.0547375643224672,6.334999999999994,0.22,False,True,0.00411654189543198,True,1.0558333333333323,0.6086469175340266
VH-00292,291,2,B,67,ST-12,12,Body,Seam sealing prep,2026-08-31 16:02:13,modern,72.035,64.97,2.179089465194197,7.064999999999998,0.94,False,True,0.007861747380582762,True,0.9419999999999997,0.6524549792211788
VH-00292,291,2,B,67,ST-25,25,Paint,E-coat inspection,2026-08-31 16:19:25,partial,100.624,94.17,2.0236678278178686,6.4539999999999935,0.68,False,True,0.024357403513946663,True,0.8605333333333325,0.41121376234469537
VH-00292,291,2,B,67,ST-41,41,Final Assembly,ADAS calibration,2026-08-31 16:39:25,partial,83.254,76.83,2.2655990282745075,6.424000000000007,0.68,False,True,0.03351879309975714,True,0.8565333333333343,0.5016790316282708
VH-00292,291,2,B,67,ST-42,42,Final Assembly,End-of-line quality,2026-08-31 16:40:48,modern,83.192,73.5,3.3604174638844277,9.691999999999993,0.94,True,True,0.07228248137290272,True,1.2922666666666658,0.7911836734693872
VH-00294,293,2,B,69,ST-04,4,Body,Door fit check,2026-08-31 15:56:08,partial,79.753,72.55,2.5306174999999977,7.203000000000003,0.6,False,True,0.00533623859063681,True,0.7203000000000003,0.5956995175740871
VH-00294,293,2,B,69,ST-11,11,Body,Dimensional clamp,2026-08-31 16:03:41,partial,71.431,63.54,2.824152702880449,7.890999999999998,0.6,True,True,0.030961859184768792,True,0.7890999999999998,0.7451369216241736
VH-00299,298,2,B,74,ST-39,39,Final Assembly,Interior fit,2026-08-31 16:44:36,manual_check,67.357,59.06,2.711014220384639,8.296999999999997,0.22,True,True,0.058499465609291534,True,0.13828333333333329,0.842905519810362
VH-00300,299,2,B,75,ST-41,41,Final Assembly,ADAS calibration,2026-08-31 16:48:05,partial,84.008,76.83,2.540150887374308,7.177999999999997,0.6,False,True,0.006686597442691178,True,0.0,0.5605622803592345
VH-00303,302,3,A,3,ST-04,4,Body,Door fit check,2026-09-01 06:06:53,partial,77.959,72.55,1.8937474999999984,5.409000000000006,0.68,False,True,0.011431136858116475,True,6.490800000000007,0.4473328738800832
VH-00304,303,3,A,4,ST-11,11,Body,Dimensional clamp,2026-09-01 06:15:22,partial,71.77,63.54,2.9444502170196047,8.229999999999997,0.6,True,True,0.03854911085623425,True,9.73883333333333,0.7771482530689326
VH-00304,303,3,A,4,ST-14,14,Body,Side-frame marriage,2026-09-01 06:18:34,partial,72.254,66.43,1.9222565922920896,5.823999999999998,0.68,False,True,0.015995970440560003,True,6.891733333333331,0.5260273972602737
VH-00308,307,3,A,8,ST-33,33,Final Assembly,Interior fit,2026-09-01 06:48:47,legacy,82.457,73.7,3.0056959208899796,8.75699999999999,0.36,True,True,0.04732074351113935,True,9.77864999999999,0.7129172320217089
VH-00311,310,3,A,11,ST-17,17,Paint,Clearcoat booth,2026-09-01 06:30:04,legacy,88.328,80.31,2.7877218676519995,8.018,0.36,True,True,0.03461269743537909,True,8.552533333333335,0.5990287635412775
VH-00313,312,3,A,13,ST-36,36,Final Assembly,End-of-line quality,2026-09-01 06:58:16,manual_check,82.195,74.38,2.7137634380680344,7.814999999999998,0.22,True,True,0.0533526109167205,True,8.075499999999998,0.6304114009142241
VH-00315,314,3,A,15,ST-13,13,Body,Underbody weld,2026-09-01 06:30:37,legacy,64.633,56.95,2.63092216812723,7.682999999999993,0.36,False,True,0.022894318936764968,True,7.682999999999993,0.8094468832309035
VH-00315,314,3,A,15,ST-39,39,Final Assembly,Interior fit,2026-09-01 07:04:23,manual_check,66.27,59.06,2.3435737643300114,7.209999999999994,0.22,False,True,0.03664068498127204,True,7.209999999999994,0.7324754486962405
VH-00318,317,3,A,18,ST-45,45,Final Assembly,Interior fit,2026-09-01 07:16:17,modern,120.67,83.98,12.247814787061314,36.69,0.94,True,True,0.11087853416360505,True,34.8555,2.621338413908073
VH-00319,318,3,A,19,ST-27,27,Paint,Oven cure,2026-09-01 06:54:38,legacy,99.688,91.65,2.7625018543046287,8.037999999999997,0.36,True,True,0.03659990213528996,True,7.50213333333333,0.526219312602291
VH-00319,318,3,A,19,ST-31,31,Final Assembly,Powertrain marriage,2026-09-01 06:59:28,modern,75.338,67.14,2.744361050760413,8.197999999999993,0.94,True,True,0.05353433130025198,True,7.651466666666661,0.7326184092940119
VH-00320,319,3,A,20,ST-04,4,Body,Door fit check,2026-09-01 06:27:20,partial,77.814,72.55,1.8422724999999947,5.263999999999996,0.68,False,True,0.008723363304409149,True,4.8253333333333295,0.43534114403859375
VH-00320,319,3,A,20,ST-27,27,Paint,Oven cure,2026-09-01 06:56:11,legacy,98.935,91.65,2.4934165562913844,7.284999999999997,0.36,False,True,0.009876219069409942,True,6.677916666666664,0.47692307692307667
VH-00323,322,3,A,23,ST-06,6,Body,Seam sealing prep,2026-09-01 06:33:18,legacy,68.47,59.68,3.097254806104247,8.79,0.36,True,True,0.05176974937477008,True,7.6179999999999986,0.8837131367292225
VH-00323,322,3,A,23,ST-26,26,Paint,Primer booth,2026-09-01 06:58:26,manual_check,105.198,98.21,2.324257187663351,6.9879999999999995,0.22,False,True,0.029941229634676603,True,6.056266666666667,0.42692190204663477
VH-00323,322,3,A,23,ST-42,42,Final Assembly,End-of-line quality,2026-09-01 07:18:28,modern,81.64,73.5,2.822722953451043,8.14,0.94,True,True,0.05386576690043454,True,7.054666666666667,0.6644897959183674
VH-00325,324,3,A,25,ST-15,15,Body,Roof laser weld,2026-09-01 06:44:56,modern,79.001,71.45,1.9619882123875216,7.551000000000002,0.94,False,True,0.001356609822526944,True,6.292500000000001,0.6340937718684396
VH-00325,324,3,A,25,ST-21,21,Paint,Oven cure,2026-09-01 06:53:09,modern,85.127,78.13,2.2197693025570846,6.997,0.94,False,True,0.009321366105239037,True,5.8308333333333335,0.537335210546525
VH-00326,325,3,A,26,ST-28,28,Paint,Basecoat booth,2026-09-01 07:04:07,legacy,92.533,85.46,2.515557085800854,7.0730000000000075,0.36,False,True,0.004505130390319412,True,5.776283333333339,0.496583196817225
VH-00329,328,3,A,29,ST-09,9,Body,Roof laser weld,2026-09-01 06:43:27,partial,71.351,63.45,2.8064239673769986,7.900999999999996,0.6,True,True,0.030961859184768792,True,6.05743333333333,0.7471394799054369
VH-00333,332,3,A,33,ST-36,36,Final Assembly,End-of-line quality,2026-09-01 07:22:13,manual_check,81.201,74.38,2.365566606076344,6.820999999999998,0.22,False,True,0.026053411284425287,True,4.774699999999998,0.5502285560634578
VH-00335,334,3,A,35,ST-20,20,Paint,Primer booth,2026-09-01 07:03:34,partial,100.753,93.25,2.3833664126944183,7.503,0.6,False,True,0.0017465461846689623,True,5.002,0.48276675603217156
VH-00336,335,3,A,36,ST-10,10,Body,Door fit check,2026-09-01 06:52:49,partial,70.79,62.3,3.2094130804077063,8.490000000000009,0.6,True,True,0.04807096534616062,True,5.518500000000006,0.8176565008025691
VH-00336,335,3,A,36,ST-16,16,Body,Door fit check,2026-09-01 06:59:09,partial,63.076,55.79,2.4730650306748445,7.286000000000001,0.6,False,True,0.004245253399444038,True,4.735900000000001,0.783581286968991
VH-00342,341,3,A,42,ST-43,43,Final Assembly,Powertrain marriage,2026-09-01 07:42:10,legacy,79.896,71.57,2.8142395806699168,8.326000000000008,0.36,True,True,0.03804356296227274,True,4.579300000000004,0.6980019561268695
VH-00342,341,3,A,42,ST-45,45,Final Assembly,Interior fit,2026-09-01 07:45:13,modern,119.908,83.98,11.991054951917066,35.928,0.94,True,True,0.10907744636243577,True,19.760399999999997,2.5668968802095735
VH-00350,349,3,A,50,ST-12,12,Body,Seam sealing prep,2026-09-01 07:11:30,modern,75.674,64.97,3.3973574885221596,10.704000000000008,0.94,True,True,0.07800325130189101,True,4.4600000000000035,0.9885177774357403
VH-00350,349,3,A,50,ST-25,25,Paint,E-coat inspection,2026-09-01 07:29:03,partial,100.016,94.17,1.8195892012938604,5.846000000000004,0.68,False,True,0.009560867337024881,True,2.435833333333335,0.3724753106084743
VH-00353,352,3,A,53,ST-25,25,Paint,E-coat inspection,2026-09-01 07:32:04,partial,100.265,94.17,1.9031674545906991,6.094999999999999,0.68,False,True,0.013729040168830475,True,2.234833333333333,0.3883402357438674
VH-00354,353,3,A,54,ST-29,29,Final Assembly,ADAS calibration,2026-09-01 07:39:16,modern,71.992,65.05,2.2621351298061136,6.942000000000007,0.94,False,True,0.01049675084222157,True,2.4297000000000026,0.640307455803229
VH-00355,354,3,A,55,ST-23,23,Paint,Clearcoat booth,2026-09-01 07:31:52,modern,89.401,82.77,2.3587327351821648,6.631,0.94,False,True,0.012891418484048511,True,2.2103333333333333,0.48068140630663286
VH-00355,354,3,A,55,ST-34,34,Final Assembly,Wheel torque,2026-09-01 07:46:43,legacy,79.093,70.51,2.78054945477871,8.582999999999998,0.36,True,True,0.041848077415909346,True,2.8609999999999993,0.7303644873067648
VH-00356,355,3,A,56,ST-10,10,Body,Door fit check,2026-09-01 07:16:25,partial,69.307,62.3,2.6430011325028344,7.007000000000005,0.6,False,True,0.0065322046045744875,True,2.218883333333335,0.6748314606741578
VH-00360,359,3,A,60,ST-02,2,Body,Side-frame marriage,2026-09-01 07:13:03,partial,72.242,67.02,1.8389014159409711,5.222000000000008,0.68,False,True,0.008723363304409149,True,1.305500000000002,0.46750223813787006
VH-00363,362,3,A,63,ST-22,22,Paint,Basecoat booth,2026-09-01 07:40:05,modern,105.815,98.24,2.4462102094240854,7.575000000000003,0.94,False,True,0.0306817003557589,True,1.5150000000000006,0.4626425081433227
VH-00365,364,3,A,65,ST-30,30,Final Assembly,End-of-line quality,2026-09-01 07:53:40,modern,79.36,73.91,1.8948931380526068,5.450000000000003,0.86,False,True,0.002096162369211174,True,0.9083333333333338,0.4424299824110407
VH-00366,365,3,A,66,ST-41,41,Final Assembly,ADAS calibration,2026-09-01 08:08:59,partial,84.576,76.83,2.746975099534372,7.745999999999995,0.6,True,True,0.027241198029433034,True,1.1618999999999993,0.604919953143303
VH-00369,368,3,A,69,ST-15,15,Body,Roof laser weld,2026-09-01 07:37:36,modern,80.551,71.45,2.402118718097146,9.100999999999999,0.94,False,True,0.0436921224257083,True,0.9100999999999999,0.764254723582925
VH-00372,371,3,A,72,ST-45,45,Final Assembly,Interior fit,2026-09-01 08:21:05,modern,123.478,83.98,13.193984888222795,39.49799999999999,0.94,True,True,0.11415713053635324,True,1.9748999999999994,2.821957608954512
VH-00373,372,3,A,73,ST-39,39,Final Assembly,Interior fit,2026-09-01 08:13:13,manual_check,65.753,59.06,2.168811376307711,6.692999999999998,0.22,False,True,0.013927462909085198,True,0.22309999999999994,0.6799525905858447
VH-00375,374,3,A,75,ST-10,10,Body,Door fit check,2026-09-01 07:39:14,partial,69.568,62.3,2.7426865798414513,7.268000000000001,0.6,True,True,0.017123500864857588,True,0.0,0.6999678972712682
VH-00375,374,3,A,75,ST-14,14,Body,Side-frame marriage,2026-09-01 07:43:39,partial,75.477,66.43,3.024646805273833,9.046999999999997,0.6,True,True,0.047015258722624464,True,0.0,0.817130814391088
VH-00377,376,3,B,2,ST-19,19,Paint,E-coat inspection,2026-09-01 14:52:28,manual_check,97.81,89.71,2.7135795418491133,8.100000000000009,0.22,True,True,0.05775511217900231,True,9.855000000000011,0.5417456247909939
VH-00380,379,3,B,5,ST-23,23,Paint,Clearcoat booth,2026-09-01 15:01:49,modern,89.306,82.77,2.3238890701468202,6.536000000000001,0.94,False,True,0.006382930694560196,True,7.625333333333335,0.47379485320768405
VH-00383,382,3,B,8,ST-14,14,Body,Side-frame marriage,2026-09-01 14:53:36,partial,73.977,66.43,2.5115889959432045,7.546999999999997,0.6,False,True,0.009864924351460136,True,8.42748333333333,0.6816498569923224
VH-00383,382,3,B,8,ST-19,19,Paint,E-coat inspection,2026-09-01 15:00:17,manual_check,98.02,89.71,2.785485119614198,8.310000000000002,0.22,True,True,0.0615461048394933,True,9.279500000000004,0.5557908817300191
VH-00383,382,3,B,8,ST-35,35,Final Assembly,ADAS calibration,2026-09-01 15:22:40,partial,77.718,70.29,2.539172254927047,7.427999999999997,0.6,False,True,0.009829040898957975,True,8.294599999999997,0.634058898847631
VH-00386,385,3,B,11,ST-17,17,Paint,Clearcoat booth,2026-09-01 15:00:51,legacy,88.646,80.31,2.9030008733624455,8.335999999999999,0.36,True,True,0.041303250642053424,True,8.891733333333331,0.622786701531565
VH-00387,386,3,B,12,ST-12,12,Body,Seam sealing prep,2026-09-01 14:55:41,modern,72.764,64.97,2.4231448070480255,7.793999999999997,0.94,False,True,0.03185820302943154,True,8.183699999999996,0.7197783592427272
VH-00388,387,3,B,13,ST-19,19,Paint,E-coat inspection,2026-09-01 15:05:34,manual_check,95.818,89.71,2.0315037756202883,6.108000000000004,0.22,False,True,0.0020355771899311925,True,6.311600000000004,0.40851633039794927
VH-00389,388,3,B,14,ST-29,29,Final Assembly,ADAS calibration,2026-09-01 15:21:01,modern,73.495,65.05,2.7951741045021365,8.445000000000007,0.94,True,True,0.054089092564636565,True,8.585750000000008,0.7789392774788632
VH-00390,389,3,B,15,ST-09,9,Body,Roof laser weld,2026-09-01 14:56:21,partial,68.699,63.45,1.8652116548276716,5.248999999999995,0.68,False,True,0.009907865256892023,True,5.248999999999995,0.49635933806146526
VH-00390,389,3,B,15,ST-14,14,Body,Side-frame marriage,2026-09-01 15:01:50,partial,72.477,66.43,1.9985311866125761,6.046999999999997,0.68,False,True,0.01879700950844365,True,6.046999999999997,0.5461688995935569
VH-00390,389,3,B,15,ST-15,15,Body,Roof laser weld,2026-09-01 15:03:11,modern,81.451,71.45,2.6576783665737,10.00099999999999,0.94,False,True,0.05928864218183405,True,10.000999999999992,0.8398320503848837
VH-00390,389,3,B,15,ST-38,38,Final Assembly,Battery connect,2026-09-01 15:33:28,manual_check,75.968,69.58,2.3122893826503503,6.388000000000005,0.22,False,True,0.015146929014644317,True,6.388000000000005,0.5508479448117279
VH-00391,390,3,B,16,ST-33,33,Final Assembly,Interior fit,2026-09-01 15:29:09,legacy,81.96,73.7,2.8312237330037004,8.259999999999991,0.36,True,True,0.03786293437944399,True,8.122333333333325,0.6724559023066478
VH-00394,393,3,B,19,ST-12,12,Body,Seam sealing prep,2026-09-01 15:04:36,modern,72.675,64.97,2.3933492989204668,7.704999999999998,0.94,False,True,0.030332283879315414,True,7.191333333333332,0.7115591811605355
VH-00394,393,3,B,19,ST-44,44,Final Assembly,Battery connect,2026-09-01 15:45:50,legacy,69.193,61.57,2.5987074574736453,7.6229999999999976,0.36,False,True,0.02056667505623877,True,7.114799999999998,0.74286178333604
VH-00395,394,3,B,20,ST-19,19,Paint,E-coat inspection,2026-09-01 15:14:08,manual_check,96.373,89.71,2.2215399454280202,6.663000000000011,0.22,False,True,0.01585601952119642,True,6.10775000000001,0.4456359380225178
VH-00396,395,3,B,21,ST-22,22,Paint,Basecoat booth,2026-09-01 15:20:04,modern,104.838,98.24,2.1011910994764396,6.597999999999999,0.86,False,True,0.02146158928184394,True,5.938199999999998,0.402972312703583
VH-00397,396,3,B,22,ST-15,15,Body,Roof laser weld,2026-09-01 15:11:17,modern,79.687,71.45,2.1567814555596505,8.236999999999995,0.94,False,True,0.0203699922517786,True,7.276016666666662,0.6917004898530437
VH-00397,396,3,B,22,ST-31,31,Final Assembly,Powertrain marriage,2026-09-01 15:33:33,modern,74.485,67.14,2.441326749621433,7.344999999999999,0.86,False,True,0.05144216374259025,True,6.488083333333333,0.6563896336014298
VH-00397,396,3,B,22,ST-39,39,Final Assembly,Interior fit,2026-09-01 15:43:05,manual_check,66.124,59.06,2.294221136377872,7.063999999999993,0.22,False,True,0.03011971404056535,True,6.23986666666666,0.7176430748391459
VH-00397,396,3,B,22,ST-45,45,Final Assembly,Interior fit,2026-09-01 15:50:51,modern,91.938,83.98,2.5664190083676774,7.957999999999998,0.94,False,True,0.042569389528250956,True,7.029566666666665,0.5685639437961418
VH-00398,397,3,B,23,ST-02,2,Body,Side-frame marriage,2026-09-01 14:58:36,partial,74.778,67.02,2.7485774114205963,7.75800000000001,0.6,True,True,0.02777460313643887,True,6.723600000000008,0.6945389435989267
VH-00398,397,3,B,23,ST-27,27,Paint,Oven cure,2026-09-01 15:30:26,legacy,100.421,91.65,3.024440132450325,8.771,0.36,True,True,0.04732074351113935,True,7.601533333333334,0.5742062193126023
VH-00398,397,3,B,23,ST-45,45,Final Assembly,Interior fit,2026-09-01 15:53:02,modern,120.673,83.98,12.248825652554007,36.693,0.94,True,True,0.11087853416360505,True,31.800599999999996,2.6215527506549177
VH-00399,398,3,B,24,ST-20,20,Paint,Primer booth,2026-09-01 15:20:41,partial,100.864,93.25,2.421081669920035,7.614000000000004,0.6,False,True,0.005954548231298595,True,6.471900000000003,0.4899088471849869
VH-00399,398,3,B,24,ST-32,32,Final Assembly,Battery connect,2026-09-01 15:37:36,modern,86.988,79.84,2.3064358431221526,7.147999999999996,0.94,False,True,0.01862728710492456,True,6.0757999999999965,0.5371743486973944
VH-00400,399,3,B,25,ST-36,36,Final Assembly,End-of-line quality,2026-09-01 15:43:30,manual_check,80.579,74.38,2.147680862113737,6.198999999999998,0.22,False,True,0.006229620073759601,True,5.165833333333333,0.5000537778972841
VH-00401,400,3,B,26,ST-12,12,Body,Seam sealing prep,2026-09-01 15:12:53,modern,72.509,64.97,2.3377756545477166,7.5390000000000015,0.86,False,True,0.04903680644289199,True,6.156850000000001,0.6962290287825151
VH-00402,401,3,B,27,ST-38,38,Final Assembly,Battery connect,2026-09-01 15:48:06,manual_check,75.611,69.58,2.1841379723257095,6.031000000000006,0.22,False,True,0.006173361028085411,True,4.824800000000005,0.5200632365622311
VH-00403,402,3,B,28,ST-35,35,Final Assembly,ADAS calibration,2026-09-01 15:45:16,partial,77.908,70.29,2.604775019196306,7.617999999999995,0.6,False,True,0.016026228750588234,True,5.96743333333333,0.6502774221084076
VH-00405,404,3,B,30,ST-05,5,Body,Dimensional clamp,2026-09-01 15:10:21,modern,75.009,67.54,2.583136363636365,7.468999999999994,0.94,False,True,0.0355927894041248,True,5.601749999999996,0.6635179153094457
VH-00405,404,3,B,30,ST-15,15,Body,Roof laser weld,2026-09-01 15:21:15,modern,79.104,71.45,1.991235594379837,7.653999999999996,0.94,False,True,0.0028442276700890723,True,5.740499999999997,0.6427431770468855
VH-00405,404,3,B,30,ST-31,31,Final Assembly,Powertrain marriage,2026-09-01 15:43:30,modern,72.944,67.14,1.8938755678451495,5.804000000000002,0.86,False,True,0.005612317301467495,True,4.353000000000001,0.5186773905272567
VH-00406,405,3,B,31,ST-31,31,Final Assembly,Powertrain marriage,2026-09-01 15:44:00,modern,74.629,67.14,2.4924837711501726,7.489000000000004,0.94,False,True,0.030200091852651045,True,5.491933333333336,0.669258266309205
VH-00407,406,3,B,32,ST-27,27,Paint,Oven cure,2026-09-01 15:41:02,legacy,100.367,91.65,3.0051431788079404,8.716999999999999,0.36,True,True,0.04732074351113935,True,6.247183333333333,0.5706710310965629
VH-00407,406,3,B,32,ST-32,32,Final Assembly,Battery connect,2026-09-01 15:47:36,modern,87.501,79.84,2.484120418512102,7.661000000000001,0.94,False,True,0.03235017674806706,True,5.490383333333335,0.5757264529058117
VH-00407,406,3,B,32,ST-45,45,Final Assembly,Interior fit,2026-09-01 16:03:37,modern,114.164,83.98,10.055584488572492,30.183999999999997,0.94,True,True,0.10489192925888702,True,21.631866666666664,2.156513455584663
VH-00408,407,3,B,33,ST-21,21,Paint,Oven cure,2026-09-01 15:32:49,modern,86.567,78.13,2.7032036334225107,8.436999999999998,0.94,True,True,0.05201891652744939,True,5.905899999999999,0.6479201331114807
VH-00413,412,3,B,38,ST-15,15,Body,Roof laser weld,2026-09-01 15:30:27,modern,79.326,71.45,2.0542736410040527,7.875999999999991,0.94,False,True,0.010894007349753765,True,4.856866666666661,0.6613855843247017
VH-00413,412,3,B,38,ST-16,16,Body,Door fit check,2026-09-01 15:31:30,partial,62.914,55.79,2.4166134969325137,7.124000000000002,0.6,False,True,4.966831662878146e-05,True,4.393133333333335,0.7661588098225491
VH-00413,412,3,B,38,ST-18,18,Paint,Paint quality gate,2026-09-01 15:34:22,partial,91.839,82.49,2.927272103004291,9.349000000000004,0.6,True,True,0.04536953410028044,True,5.765216666666669,0.68000969814523
VH-00414,413,3,B,39,ST-08,8,Body,Side-frame marriage,2026-09-01 15:24:17,partial,69.169,61.81,2.74954207051552,7.358999999999995,0.6,True,True,0.020199162979488428,True,4.415399999999996,0.7143504287332142
VH-00414,413,3,B,39,ST-16,16,Body,Door fit check,2026-09-01 15:33:01,partial,63.526,55.79,2.629874846625766,7.736000000000004,0.6,False,True,0.020338946458035356,True,4.641600000000002,0.8319770568202192
VH-00414,413,3,B,39,ST-23,23,Paint,Clearcoat booth,2026-09-01 15:43:41,modern,90.734,82.77,2.8476443719412727,7.963999999999999,0.94,True,True,0.05030085464220879,True,4.7783999999999995,0.5773106197897788
VH-00414,413,3,B,39,ST-26,26,Paint,Primer booth,2026-09-01 15:48:31,manual_check,107.671,98.21,3.1962062205959203,9.461000000000013,0.22,True,True,0.07672694753234044,True,5.676600000000008,0.5780063130027501
VH-00415,414,3,B,40,ST-29,29,Final Assembly,ADAS calibration,2026-09-01 15:52:52,modern,72.229,65.05,2.346187183700295,7.179000000000002,0.94,False,True,0.023138230741007626,True,4.187750000000001,0.6621675634127596
VH-00415,414,3,B,40,ST-31,31,Final Assembly,Powertrain marriage,2026-09-01 15:55:25,modern,74.891,67.14,2.58556112976496,7.751000000000005,0.94,False,True,0.03993089016159879,True,4.52141666666667,0.692672028596962
VH-00417,416,3,B,42,ST-37,37,Final Assembly,Powertrain marriage,2026-09-01 16:04:55,legacy,74.72,66.32,2.860783783783783,8.400000000000006,0.36,True,True,0.040033707088966586,True,4.620000000000003,0.7599517490952962
VH-00418,417,3,B,43,ST-18,18,Paint,Paint quality gate,2026-09-01 15:40:08,partial,90.123,82.49,2.3595507050889037,7.63300000000001,0.6,False,True,0.0038394371693453166,True,4.070933333333339,0.5551945690386721
VH-00418,417,3,B,43,ST-36,36,Final Assembly,End-of-line quality,2026-09-01 16:04:54,manual_check,80.63,74.38,2.1655460919241767,6.25,0.22,False,True,0.007090417720028275,True,3.3333333333333335,0.5041677870395268
VH-00419,418,3,B,44,ST-12,12,Body,Seam sealing prep,2026-09-01 15:33:59,modern,74.851,64.97,3.1218327335897826,9.881,0.94,True,True,0.06871130649255541,True,5.105183333333334,0.9125134677543482
VH-00420,419,3,B,45,ST-26,26,Paint,Primer booth,2026-09-01 15:54:21,manual_check,104.728,98.21,2.158541035023519,6.518000000000001,0.22,False,True,0.010444117036951028,True,3.2590000000000003,0.3982079218002241
VH-00422,421,3,B,47,ST-12,12,Body,Seam sealing prep,2026-09-01 15:38:00,modern,72.31,64.97,2.2711542374984557,7.340000000000003,0.94,False,True,0.01760775301680295,True,3.425333333333335,0.6778513159919967
VH-00422,421,3,B,47,ST-16,16,Body,Door fit check,2026-09-01 15:42:30,partial,62.435,55.79,2.2496981595092014,6.645000000000003,0.68,False,True,0.035315507939958746,True,3.1010000000000013,0.7146442014697978
VH-00422,421,3,B,47,ST-26,26,Paint,Primer booth,2026-09-01 15:57:32,manual_check,106.62,98.21,2.8256366962885497,8.41000000000001,0.22,True,True,0.061733143773326504,True,3.924666666666672,0.513796965685776
VH-00423,422,3,B,48,ST-29,29,Final Assembly,ADAS calibration,2026-09-01 16:02:25,modern,73.1,65.05,2.6550873480118273,8.049999999999997,0.94,False,True,0.049036248430499696,True,3.6224999999999983,0.7425057647963103
VH-00423,422,3,B,48,ST-31,31,Final Assembly,Powertrain marriage,2026-09-01 16:04:56,modern,74.302,67.14,2.3763147014286647,7.162000000000006,0.94,False,True,0.025664893243231512,True,3.2229000000000028,0.6400357462019666
VH-00423,422,3,B,48,ST-44,44,Final Assembly,Battery connect,2026-09-01 16:20:25,legacy,70.051,61.57,2.898155617359812,8.481000000000002,0.36,True,True,0.041848077415909346,True,3.816450000000001,0.8264739321097939
VH-00424,423,3,B,49,ST-02,2,Body,Side-frame marriage,2026-09-01 15:29:54,partial,72.158,67.02,1.808770192115935,5.138000000000005,0.68,False,True,0.002226004916683566,True,2.226466666666669,0.45998209489704617
VH-00424,423,3,B,49,ST-03,3,Body,Roof laser weld,2026-09-01 15:31:02,manual_check,68.652,62.45,2.012289584195894,6.201999999999998,0.22,False,True,0.0017497162152583234,True,2.6875333333333327,0.5958686949559646
VH-00424,423,3,B,49,ST-15,15,Body,Roof laser weld,2026-09-01 15:44:02,modern,79.924,71.45,2.2240788296584797,8.474000000000004,0.94,False,True,0.029017251774937747,True,3.672066666666668,0.711602519244227
VH-00424,423,3,B,49,ST-17,17,Paint,Clearcoat booth,2026-09-01 15:46:28,legacy,87.927,80.31,2.6423543164259344,7.617000000000004,0.36,False,True,0.021541234061276726,True,3.3007000000000017,0.5690698543145315
VH-00424,423,3,B,49,ST-19,19,Paint,E-coat inspection,2026-09-01 15:49:36,manual_check,97.808,89.71,2.7128947268227805,8.098000000000013,0.22,True,True,0.05775511217900231,True,3.509133333333339,0.5416118604391938
VH-00424,423,3,B,49,ST-31,31,Final Assembly,Powertrain marriage,2026-09-01 16:07:04,modern,75.023,67.14,2.6324550661662998,7.882999999999996,0.94,False,True,0.04567922608068664,True,3.4159666666666646,0.7044682752457547
VH-00424,423,3,B,49,ST-40,40,Final Assembly,Wheel torque,2026-09-01 16:18:05,legacy,83.818,76.41,2.5644626262626273,7.408000000000001,0.36,False,True,0.015211526398241193,True,3.2101333333333337,0.5817039654495486
VH-00425,424,3,B,50,ST-15,15,Body,Roof laser weld,2026-09-01 15:44:51,modern,83.371,71.45,3.202872283323688,11.920999999999992,0.94,True,True,0.0761194917540916,True,4.96708333333333,1.0010636808957305
VH-00425,424,3,B,50,ST-25,25,Paint,E-coat inspection,2026-09-01 15:59:10,partial,102.694,94.17,2.7184749937795547,8.524000000000001,0.6,True,True,0.03250961810119246,True,3.551666666666667,0.5431028990124244
VH-00425,424,3,B,50,ST-31,31,Final Assembly,Powertrain marriage,2026-09-01 16:07:18,modern,74.383,67.14,2.4050905260385758,7.242999999999995,0.94,False,True,0.026233820195511348,True,3.0179166666666646,0.6472743521000889
VH-00425,424,3,B,50,ST-32,32,Final Assembly,Battery connect,2026-09-01 16:08:45,modern,86.815,79.84,2.246514923936068,6.974999999999994,0.94,False,True,0.01066997218865784,True,2.906249999999998,0.5241733466933863
VH-00426,425,3,B,51,ST-19,19,Paint,E-coat inspection,2026-09-01 15:51:16,manual_check,97.583,89.71,2.6358530363601846,7.873000000000005,0.22,False,True,0.05206026216166848,True,3.1492000000000018,0.5265633708616657
VH-00427,426,3,B,52,ST-12,12,Body,Seam sealing prep,2026-09-01 15:44:05,modern,71.931,64.97,2.144272242213679,6.9609999999999985,0.94,False,True,0.002710013498884556,True,2.6683833333333324,0.6428505464060335
VH-00427,426,3,B,52,ST-23,23,Paint,Clearcoat booth,2026-09-01 15:58:42,modern,89.618,82.77,2.4383230016313218,6.847999999999999,0.94,False,True,0.019242921889839337,True,2.625066666666666,0.4964117433852845
VH-00427,426,3,B,52,ST-24,24,Paint,Paint quality gate,2026-09-01 16:00:07,legacy,84.665,77.45,2.392868023218729,7.215000000000003,0.36,False,True,0.003119436297151168,True,2.7657500000000015,0.558941252420917
VH-00427,426,3,B,52,ST-25,25,Paint,E-coat inspection,2026-09-01 16:01:48,partial,101.299,94.17,2.2502353819358127,7.129000000000005,0.68,False,True,0.04461442989807274,True,2.732783333333335,0.4542210895189554
VH-00427,426,3,B,52,ST-26,26,Paint,Primer booth,2026-09-01 16:03:37,manual_check,108.321,98.21,3.4253881338212175,10.111000000000004,0.22,True,True,0.08094417555866162,True,3.875883333333335,0.6177171367477856
VH-00427,426,3,B,52,ST-28,28,Paint,Basecoat booth,2026-09-01 16:06:43,legacy,94.331,85.46,3.183647431483268,8.87100000000001,0.36,True,True,0.053246289657513546,True,3.4005500000000035,0.6228176924877142
VH-00428,427,3,B,53,ST-27,27,Paint,Oven cure,2026-09-01 16:05:54,legacy,98.798,91.65,2.444459470198669,7.147999999999996,0.36,False,True,0.005987215577598848,True,2.620933333333332,0.4679541734860881
VH-00428,427,3,B,53,ST-28,28,Paint,Basecoat booth,2026-09-01 16:07:27,legacy,92.964,85.46,2.6757055501996962,7.504000000000005,0.36,False,True,0.022683108816610065,True,2.7514666666666683,0.5268429674701619
VH-00428,427,3,B,53,ST-29,29,Final Assembly,ADAS calibration,2026-09-01 16:08:41,modern,73.616,65.05,2.8380867564903043,8.566000000000003,0.94,True,True,0.056498269626898634,True,3.1408666666666676,0.7900999231360495
VH-00428,427,3,B,53,ST-32,32,Final Assembly,Battery connect,2026-09-01 16:12:34,modern,86.911,79.84,2.2797658386289252,7.070999999999998,0.94,False,True,0.016875675292370884,True,2.5926999999999993,0.5313877755511021
VH-00428,427,3,B,53,ST-45,45,Final Assembly,Interior fit,2026-09-01 16:29:22,modern,120.862,83.98,12.31251017859372,36.88199999999999,0.86,True,True,0.12025588377201946,True,13.523399999999997,2.63505596570612
VH-00429,428,3,B,54,ST-12,12,Body,Seam sealing prep,2026-09-01 15:46:40,modern,72.61,64.97,2.3715885345576435,7.640000000000001,0.94,False,True,0.02632933115722269,True,2.674,0.7055564106510698
VH-00429,428,3,B,54,ST-15,15,Body,Roof laser weld,2026-09-01 15:50:09,modern,79.505,71.45,2.1051016155343905,8.054999999999993,0.94,False,True,0.016907064019095586,True,2.8192499999999976,0.6764170748775361
VH-00429,428,3,B,54,ST-21,21,Paint,Oven cure,2026-09-01 15:58:34,modern,88.186,78.13,3.2467315373607977,10.056000000000012,0.94,True,True,0.07247242633412809,True,3.519600000000004,0.7722513759119426
VH-00429,428,3,B,54,ST-23,23,Paint,Clearcoat booth,2026-09-01 16:01:46,modern,90.902,82.77,2.909262642740623,8.132000000000005,0.94,True,True,0.056088595120248,True,2.846200000000002,0.5894889452700257
VH-00429,428,3,B,54,ST-25,25,Paint,E-coat inspection,2026-09-01 16:04:54,partial,103.978,94.17,3.149456830057234,9.807999999999993,0.6,True,True,0.0538316337394148,True,3.4327999999999976,0.6249123924816816
VH-00429,428,3,B,54,ST-26,26,Paint,Primer booth,2026-09-01 16:06:41,manual_check,106.507,98.21,2.7857943021432288,8.297000000000011,0.22,True,True,0.0615461048394933,True,2.903950000000004,0.506893391711639
VH-00429,428,3,B,54,ST-27,27,Paint,Oven cure,2026-09-01 16:08:20,legacy,98.979,91.65,2.5091399999999924,7.3289999999999935,0.36,False,True,0.011384505117306376,True,2.565149999999998,0.47980360065466404
VH-00430,429,3,B,55,ST-03,3,Body,Roof laser weld,2026-09-01 15:38:05,manual_check,69.388,62.45,2.247189684745963,6.938000000000002,0.22,False,True,0.026034526141685332,True,2.3126666666666673,0.6665812650120098
VH-00430,429,3,B,55,ST-07,7,Body,Underbody weld,2026-09-01 15:42:32,modern,63.425,55.76,2.7660414655699834,7.664999999999999,0.86,True,True,0.0669480485956403,True,2.5549999999999997,0.8247847919655666
VH-00430,429,3,B,55,ST-15,15,Body,Roof laser weld,2026-09-01 15:51:17,modern,82.188,71.45,2.866953323159505,10.738,0.94,True,True,0.06776718153698658,True,3.579333333333333,0.9017214835549334
VH-00430,429,3,B,55,ST-29,29,Final Assembly,ADAS calibration,2026-09-01 16:11:45,modern,74.761,65.05,3.2441610253039728,9.710999999999999,0.94,True,True,0.07095430502957323,True,3.2369999999999997,0.8957109915449654
VH-00430,429,3,B,55,ST-32,32,Final Assembly,Battery connect,2026-09-01 16:15:43,modern,87.431,79.84,2.4598749598818923,7.590999999999994,0.94,False,True,0.03103911838048956,True,2.5303333333333313,0.570465931863727
VH-00431,430,3,B,56,ST-19,19,Paint,E-coat inspection,2026-09-01 15:57:18,manual_check,96.366,89.71,2.2191430928358487,6.656000000000006,0.22,False,True,0.015009242054362382,True,2.1077333333333352,0.44516776279121656
VH-00431,430,3,B,56,ST-24,24,Paint,Paint quality gate,2026-09-01 16:04:53,legacy,87.008,77.45,3.1993251259807325,9.557999999999993,0.36,True,True,0.05565249630716529,True,3.0266999999999977,0.7404519044544862
VH-00432,431,3,B,57,ST-07,7,Body,Underbody weld,2026-09-01 15:44:42,modern,62.976,55.76,2.6013481068588153,7.216000000000001,0.94,False,True,0.03613297795142756,True,2.1648000000000005,0.7764705882352942
VH-00432,431,3,B,57,ST-12,12,Body,Seam sealing prep,2026-09-01 15:50:11,modern,73.103,64.97,2.5366355627249084,8.132999999999996,0.94,False,True,0.04097870769446854,True,2.439899999999999,0.75108511620748
VH-00432,431,3,B,57,ST-15,15,Body,Roof laser weld,2026-09-01 15:53:34,modern,80.717,71.45,2.449255275482821,9.266999999999996,0.94,False,True,0.046643296944968826,True,2.7800999999999987,0.7781945416375083
VH-00432,431,3,B,57,ST-16,16,Body,Door fit check,2026-09-01 15:54:38,partial,63.365,55.79,2.573771779141103,7.575000000000003,0.68,False,True,0.059048166339295216,True,2.272500000000001,0.8146621258290019
VH-00432,431,3,B,57,ST-19,19,Paint,E-coat inspection,2026-09-01 15:58:57,manual_check,96.116,89.71,2.1335412145440786,6.406000000000006,0.22,False,True,0.007298650217876679,True,1.9218000000000017,0.4284472188161859
VH-00432,431,3,B,57,ST-23,23,Paint,Clearcoat booth,2026-09-01 16:05:08,modern,90.904,82.77,2.9099961935834706,8.134,0.94,True,True,0.056088595120248,True,2.4402,0.5896339253352665
VH-00432,431,3,B,57,ST-26,26,Paint,Primer booth,2026-09-01 16:09:52,manual_check,105.348,98.21,2.377145321484576,7.138000000000005,0.22,False,True,0.0377232037975872,True,2.1414000000000017,0.4360859382954896
VH-00432,431,3,B,57,ST-29,29,Final Assembly,ADAS calibration,2026-09-01 16:13:58,modern,72.243,65.05,2.35115228393033,7.192999999999998,0.94,False,True,0.023668303281512815,True,2.1578999999999993,0.6634588777863181
VH-00432,431,3,B,57,ST-45,45,Final Assembly,Interior fit,2026-09-01 16:34:04,modern,122.706,83.98,12.933855501436236,38.726,0.94,True,True,0.1127497002069513,True,11.617799999999999,2.766801619433198
VH-00433,432,3,B,58,ST-15,15,Body,Roof laser weld,2026-09-01 15:54:08,modern,79.847,71.45,2.2022142819554817,8.396999999999991,0.94,False,True,0.02497562353186511,True,2.3791499999999974,0.7051364590622805
VH-00433,432,3,B,58,ST-26,26,Paint,Primer booth,2026-09-01 16:10:03,manual_check,104.564,98.21,2.100716675378981,6.353999999999999,0.22,False,True,0.0051462048732254795,True,1.8002999999999998,0.3881885755014764
VH-00433,432,3,B,58,ST-45,45,Final Assembly,Interior fit,2026-09-01 16:34:08,modern,125.407,83.98,13.843971400024968,41.42699999999999,0.94,True,True,0.11516407159215047,True,11.737649999999999,2.9597761371755174
VH-00434,433,3,B,59,ST-15,15,Body,Roof laser weld,2026-09-01 15:55:56,modern,82.062,71.45,2.8311749723727857,10.611999999999995,0.94,True,True,0.06795590433680909,True,2.8298666666666654,0.8911406578026587
VH-00434,433,3,B,59,ST-17,17,Paint,Clearcoat booth,2026-09-01 15:58:26,legacy,88.119,80.31,2.7119567349680884,7.8089999999999975,0.36,True,True,0.028135797234634108,True,2.0823999999999994,0.5834142697048933
VH-00434,433,3,B,59,ST-19,19,Paint,E-coat inspection,2026-09-01 16:01:28,manual_check,96.107,89.71,2.130459546925575,6.397000000000006,0.22,False,True,0.007298650217876679,True,1.7058666666666682,0.4278452792330848
VH-00434,433,3,B,59,ST-23,23,Paint,Clearcoat booth,2026-09-01 16:07:32,modern,91.435,82.77,3.1047539423599817,8.665000000000006,0.94,True,True,0.0630268033710134,True,2.3106666666666684,0.6281261326567602
VH-00434,433,3,B,59,ST-45,45,Final Assembly,Interior fit,2026-09-01 16:36:45,modern,140.764,83.98,19.018591857125006,56.784000000000006,0.94,True,True,0.11819308307148735,True,15.142400000000002,4.056965944272447
VH-00435,434,3,B,60,ST-17,17,Paint,Clearcoat booth,2026-09-01 15:59:38,legacy,88.865,80.31,2.982391132012091,8.554999999999993,0.36,True,True,0.04567427572165439,True,2.1387499999999977,0.6391483003361966
VH-00435,434,3,B,60,ST-24,24,Paint,Paint quality gate,2026-09-01 16:10:02,legacy,85.678,77.45,2.741541111181984,8.227999999999994,0.36,True,True,0.03672122611125139,True,2.0569999999999986,0.6374176888315037
VH-00435,434,3,B,60,ST-25,25,Paint,E-coat inspection,2026-09-01 16:11:45,partial,102.658,94.17,2.706391390893264,8.488,0.68,True,True,0.07226001342304544,True,2.122,0.5408091748964639
VH-00435,434,3,B,60,ST-45,45,Final Assembly,Interior fit,2026-09-01 16:37:10,modern,107.826,83.98,7.919962657674527,23.84599999999999,0.94,True,True,0.10033500293404496,True,5.961499999999997,1.7036913550845432
VH-00436,435,3,B,61,ST-15,15,Body,Roof laser weld,2026-09-01 15:57:56,modern,80.134,71.45,2.2837094143030074,8.683999999999997,0.94,False,True,0.03444407589173304,True,2.026266666666666,0.7292372288313503
VH-00436,435,3,B,61,ST-22,22,Paint,Basecoat booth,2026-09-01 16:08:09,modern,109.013,98.24,3.57555628272252,10.77300000000001,0.94,True,True,0.0789612368026461,True,2.5137000000000023,0.6579600977198704
VH-00436,435,3,B,61,ST-45,45,Final Assembly,Interior fit,2026-09-01 16:38:02,modern,138.223,83.98,18.16238878481328,54.24300000000001,0.94,True,True,0.11819308307148735,True,12.656700000000003,3.8754227196951665
VH-00437,436,3,B,62,ST-23,23,Paint,Clearcoat booth,2026-09-01 16:10:38,modern,89.42,82.77,2.365701468189236,6.650000000000006,0.94,False,True,0.01271759601889233,True,1.4408333333333345,0.48205871692642305
VH-00437,436,3,B,62,ST-26,26,Paint,Primer booth,2026-09-01 16:15:23,manual_check,105.08,98.21,2.2826518557239903,6.8700000000000045,0.22,False,True,0.023777384144154312,True,1.488500000000001,0.4197128601975362
VH-00437,436,3,B,62,ST-28,28,Paint,Basecoat booth,2026-09-01 16:18:29,legacy,92.496,85.46,2.5018088417573314,7.036000000000001,0.36,False,True,0.002107606072372037,True,1.5244666666666669,0.4939854902878541
VH-00437,436,3,B,62,ST-45,45,Final Assembly,Interior fit,2026-09-01 16:39:49,modern,140.952,83.98,19.08193942800049,56.971999999999994,0.86,True,True,0.12657232121227657,True,12.343933333333332,4.070397713741367
VH-00438,437,3,B,63,ST-15,15,Body,Roof laser weld,2026-09-01 16:00:56,modern,82.437,71.45,2.9376581592380178,10.986999999999995,0.94,True,True,0.07098242567198487,True,2.197399999999999,0.9226312106368085
VH-00438,437,3,B,63,ST-16,16,Body,Door fit check,2026-09-01 16:01:59,partial,63.124,55.79,2.4897914110429435,7.334000000000003,0.6,False,True,0.005998303067969335,True,1.4668000000000005,0.7887435024197889
VH-00438,437,3,B,63,ST-24,24,Paint,Paint quality gate,2026-09-01 16:13:49,legacy,86.074,77.45,2.877843720099506,8.623999999999995,0.36,True,True,0.04421411169181699,True,1.724799999999999,0.6680955455132339
VH-00438,437,3,B,63,ST-27,27,Paint,Oven cure,2026-09-01 16:18:51,legacy,100.85,91.65,3.177743708609261,9.199999999999989,0.36,True,True,0.05472603022567446,True,1.8399999999999976,0.6022913256955802
VH-00438,437,3,B,63,ST-29,29,Final Assembly,ADAS calibration,2026-09-01 16:21:32,modern,73.001,65.05,2.619976996385147,7.951000000000008,0.94,False,True,0.04420828549546507,True,1.5902000000000016,0.7333743274404312
VH-00438,437,3,B,63,ST-31,31,Final Assembly,Powertrain marriage,2026-09-01 16:24:03,modern,74.863,67.14,2.5756139311343698,7.722999999999999,0.94,False,True,0.03884478939735059,True,1.5445999999999998,0.6901697944593386
VH-00438,437,3,B,63,ST-45,45,Final Assembly,Interior fit,2026-09-01 16:41:21,modern,106.183,83.98,7.36634532284251,22.203000000000003,0.94,True,True,0.0969803714797538,True,4.440600000000001,1.5863062633960467
VH-00440,439,3,B,65,ST-14,14,Body,Side-frame marriage,2026-09-01 16:01:34,partial,74.489,66.43,2.686712728194726,8.058999999999997,0.6,False,True,0.029470972599055956,True,1.3431666666666662,0.7278940237844345
VH-00440,439,3,B,65,ST-35,35,Final Assembly,ADAS calibration,2026-09-01 16:30:31,partial,77.163,70.29,2.3475431277194687,6.8729999999999905,0.68,False,True,0.04283031665457493,True,1.1454999999999984,0.586683738796414
VH-00441,440,3,B,66,ST-15,15,Body,Roof laser weld,2026-09-01 16:03:48,modern,79.166,71.45,2.0088408146082215,7.715999999999994,0.94,False,True,0.005416347982091674,True,1.157399999999999,0.6479496151154648
VH-00441,440,3,B,66,ST-19,19,Paint,E-coat inspection,2026-09-01 16:09:07,manual_check,96.202,89.71,2.162988260676447,6.492000000000004,0.22,False,True,0.010061946907429231,True,0.9738000000000007,0.43419908594359635
VH-00441,440,3,B,66,ST-28,28,Paint,Basecoat booth,2026-09-01 16:22:43,legacy,93.486,85.46,2.8696672634623344,8.02600000000001,0.36,True,True,0.03804356296227274,True,1.2039000000000015,0.5634916920196591
VH-00441,440,3,B,66,ST-45,45,Final Assembly,Interior fit,2026-09-01 16:43:51,modern,110.542,83.98,8.835132883726734,26.561999999999998,0.94,True,True,0.10073013234091621,True,3.9842999999999997,1.8977375565610857
VH-00442,441,3,B,67,ST-29,29,Final Assembly,ADAS calibration,2026-09-01 16:25:24,modern,74.647,65.05,3.203730923430825,9.597000000000008,0.94,True,True,0.06890028483976607,True,1.2796000000000012,0.8851960030745588
VH-00443,442,3,B,68,ST-15,15,Body,Roof laser weld,2026-09-01 16:06:26,modern,79.766,71.45,2.1792139135925948,8.316000000000003,0.94,False,True,0.022709410226152138,True,0.9702000000000003,0.6983344996501052
VH-00443,442,3,B,68,ST-19,19,Paint,E-coat inspection,2026-09-01 16:11:53,manual_check,96.223,89.71,2.170178818452956,6.513000000000005,0.22,False,True,0.010444117036951028,True,0.7598500000000006,0.435603611637499
VH-00443,442,3,B,68,ST-27,27,Paint,Oven cure,2026-09-01 16:24:12,legacy,98.736,91.65,2.422303708609266,7.0859999999999985,0.36,False,True,0.0018497038772309349,True,0.8266999999999999,0.4638952536824876
VH-00443,442,3,B,68,ST-45,45,Final Assembly,Interior fit,2026-09-01 16:46:29,modern,119.624,83.98,11.895359685275375,35.64399999999999,0.94,True,True,0.10907744636243577,True,4.158466666666666,2.5466063348416283
VH-00444,443,3,B,69,ST-15,15,Body,Roof laser weld,2026-09-01 16:07:34,modern,81.582,71.45,2.6948764931852875,10.13199999999999,0.94,False,True,0.06227755157689807,True,1.013199999999999,0.8508327501749468
VH-00445,444,3,B,70,ST-19,19,Paint,E-coat inspection,2026-09-01 16:14:10,manual_check,97.003,89.71,2.437256678723279,7.293000000000006,0.22,False,True,0.04025584829987017,True,0.6077500000000006,0.4877717088395947
VH-00445,444,3,B,70,ST-29,29,Final Assembly,ADAS calibration,2026-09-01 16:28:51,modern,75.474,65.05,3.4970264870193875,10.424000000000007,0.86,True,True,0.09964551954567558,True,0.8686666666666673,0.9614757878554965
VH-00445,444,3,B,70,ST-32,32,Final Assembly,Battery connect,2026-09-01 16:32:44,modern,86.817,79.84,2.247207651325501,6.97699999999999,0.94,False,True,0.011399296132126091,True,0.5814166666666658,0.5243236472945884
VH-00445,444,3,B,70,ST-45,45,Final Assembly,Interior fit,2026-09-01 16:49:12,modern,142.649,83.98,19.653752341701,58.669,0.94,True,True,0.11819308307148735,True,4.889083333333333,4.191640866873065
VH-00448,447,3,B,73,ST-26,26,Paint,Primer booth,2026-09-01 16:28:15,manual_check,104.874,98.21,2.2100188186095098,6.6640000000000015,0.22,False,True,0.014598487471079835,True,0.22213333333333338,0.4071275837491092
VH-00449,448,3,B,74,ST-03,3,Body,Roof laser weld,2026-09-01 16:00:52,manual_check,69.349,62.45,2.2347425326787715,6.899000000000001,0.22,False,True,0.025706119184397247,True,0.11498333333333335,0.6628342674139313
VH-00449,448,3,B,74,ST-12,12,Body,Seam sealing prep,2026-09-01 16:10:25,modern,74.931,64.97,3.1486152128055656,9.960999999999999,0.94,True,True,0.06927839500099287,True,0.16601666666666665,0.9199014929967676
VH-00449,448,3,B,74,ST-24,24,Paint,Paint quality gate,2026-09-01 16:26:33,legacy,85.764,77.45,2.7711421828155864,8.313999999999993,0.36,True,True,0.03786293437944399,True,0.13856666666666656,0.6440800516462228
VH-00449,448,3,B,74,ST-26,26,Paint,Primer booth,2026-09-01 16:29:56,manual_check,106.778,98.21,2.8813455305802385,8.568000000000012,0.22,True,True,0.06623729756225905,True,0.1428000000000002,0.5234497505345695
VH-00451,450,4,A,1,ST-24,24,Paint,Paint quality gate,2026-09-02 06:29:00,legacy,85.029,77.45,2.5181562799004884,7.5789999999999935,0.36,False,True,0.014175818289063113,True,9.347433333333326,0.5871400903808903
VH-00451,450,4,A,1,ST-30,30,Final Assembly,End-of-line quality,2026-09-02 06:37:51,modern,81.137,73.91,2.5450621101166138,7.227000000000004,0.94,False,True,0.03397485275743828,True,8.913300000000003,0.586686510621026
VH-00451,450,4,A,1,ST-45,45,Final Assembly,Interior fit,2026-09-02 06:56:54,modern,143.131,83.98,19.816164730860486,59.150999999999996,0.94,True,True,0.11819308307148735,True,72.9529,4.226077637532745
VH-00452,451,4,A,2,ST-24,24,Paint,Paint quality gate,2026-09-02 06:30:18,legacy,87.729,77.45,3.447492249792687,10.278999999999996,0.36,True,True,0.06123769719212091,True,12.506116666666662,0.7963072950290507
VH-00452,451,4,A,2,ST-31,31,Final Assembly,Powertrain marriage,2026-09-02 06:40:13,modern,73.981,67.14,2.262277174270849,6.840999999999994,0.94,False,True,0.007239998374864665,True,8.32321666666666,0.6113494191242175
VH-00452,451,4,A,2,ST-45,45,Final Assembly,Interior fit,2026-09-02 06:57:41,modern,111.665,83.98,9.213533533158483,27.685000000000002,0.94,True,True,0.1038988787846512,True,33.683416666666666,1.9779709454632055
VH-00453,452,4,A,3,ST-15,15,Body,Roof laser weld,2026-09-02 06:18:22,modern,80.289,71.45,2.3277224648739705,8.838999999999999,0.94,False,True,0.03480353092513877,True,10.606799999999998,0.742253324002799
VH-00453,452,4,A,3,ST-45,45,Final Assembly,Interior fit,2026-09-02 06:58:15,modern,127.134,83.98,14.42589296865242,43.153999999999996,0.94,True,True,0.1173841439902441,True,51.7848,3.0831626577756603
VH-00454,453,4,A,4,ST-15,15,Body,Roof laser weld,2026-09-02 06:19:35,modern,79.496,71.45,2.102546019049625,8.045999999999992,0.94,False,True,0.016907064019095586,True,9.52109999999999,0.6756613016095164
VH-00454,453,4,A,4,ST-23,23,Paint,Clearcoat booth,2026-09-02 06:31:07,modern,91.49,82.77,3.1249265905383368,8.719999999999999,0.94,True,True,0.06377686669792382,True,10.318666666666665,0.632113084450888
VH-00454,453,4,A,4,ST-25,25,Paint,E-coat inspection,2026-09-02 06:34:12,partial,102.748,94.17,2.7366003981089904,8.578000000000003,0.6,True,True,0.03544116305939626,True,10.150633333333337,0.5465434851863653
VH-00454,453,4,A,4,ST-28,28,Paint,Basecoat booth,2026-09-02 06:39:08,legacy,95.859,85.46,3.7514127530643147,10.399000000000001,0.36,True,True,0.06123769719212091,True,12.305483333333335,0.7300959513222561
VH-00454,453,4,A,4,ST-45,45,Final Assembly,Interior fit,2026-09-02 06:59:43,modern,111.215,83.98,9.061903709254398,27.235,0.94,True,True,0.10330369318916088,True,32.22808333333333,1.9458204334365323
VH-00455,454,4,A,5,ST-05,5,Body,Dimensional clamp,2026-09-02 06:10:26,modern,74.913,67.54,2.5499727272727273,7.3729999999999905,0.94,False,True,0.03451372716278234,True,8.601833333333323,0.6549896357713938
VH-00455,454,4,A,5,ST-19,19,Paint,E-coat inspection,2026-09-02 06:26:30,manual_check,96.47,89.71,2.254753474205225,6.760000000000005,0.22,False,True,0.0195999146407293,True,7.886666666666673,0.4521235090848293
VH-00455,454,4,A,5,ST-22,22,Paint,Basecoat booth,2026-09-02 06:31:22,modern,111.271,98.24,4.372949476439797,13.031000000000006,0.94,True,True,0.08294239858302055,True,15.20283333333334,0.7958672638436486
VH-00455,454,4,A,5,ST-23,23,Paint,Clearcoat booth,2026-09-02 06:32:52,modern,90.383,82.77,2.718906199021208,7.6129999999999995,0.94,True,True,0.04516915498214469,True,8.881833333333333,0.5518666183399783
VH-00455,454,4,A,5,ST-26,26,Paint,Primer booth,2026-09-02 06:37:37,manual_check,105.365,98.21,2.3831393099843132,7.155000000000001,0.22,False,True,0.037903794559378645,True,8.347500000000002,0.43712452907035954
VH-00455,454,4,A,5,ST-28,28,Paint,Basecoat booth,2026-09-02 06:40:46,legacy,92.859,85.46,2.6366902630491644,7.399000000000001,0.36,False,True,0.019771371432017015,True,8.632166666666668,0.5194710975895157
VH-00455,454,4,A,5,ST-45,45,Final Assembly,Interior fit,2026-09-02 07:01:56,modern,121.64,83.98,12.574661296365672,37.66,0.94,True,True,0.1127497002069513,True,43.93666666666666,2.6906406287211238
VH-00456,455,4,A,6,ST-29,29,Final Assembly,ADAS calibration,2026-09-02 06:41:49,modern,71.182,65.05,1.9748686164968792,6.132000000000005,0.86,False,True,0.013198180319322073,True,7.051800000000005,0.5655956956187553
VH-00456,455,4,A,6,ST-45,45,Final Assembly,Interior fit,2026-09-02 07:02:07,modern,134.228,83.98,16.81625290370925,50.248000000000005,0.94,True,True,0.11819308307148735,True,57.78520000000001,3.589997618480591
VH-00457,456,4,A,7,ST-15,15,Body,Roof laser weld,2026-09-02 06:23:23,modern,81.7,71.45,2.728383202652217,10.25,0.94,True,True,0.0647545525991653,True,11.616666666666667,0.86074177746676
VH-00457,456,4,A,7,ST-18,18,Paint,Paint quality gate,2026-09-02 06:27:14,partial,91.302,82.49,2.749611036174128,8.812000000000012,0.6,True,True,0.03770054463514105,True,9.986933333333347,0.640950418232514
VH-00457,456,4,A,7,ST-28,28,Paint,Basecoat booth,2026-09-02 06:42:29,legacy,93.124,85.46,2.7351574163338364,7.6640000000000015,0.36,True,True,0.026499182429099655,True,8.685866666666668,0.5380762930025744
VH-00457,456,4,A,7,ST-35,35,Final Assembly,ADAS calibration,2026-09-02 06:51:13,partial,78.029,70.29,2.646553621704623,7.73899999999999,0.6,False,True,0.021313164045513977,True,8.770866666666654,0.6606060606060598
VH-00458,457,4,A,8,ST-18,18,Paint,Paint quality gate,2026-09-02 06:28:16,partial,89.709,82.49,2.2225829552421836,7.219000000000008,0.68,False,True,0.0435207301398044,True,8.061216666666676,0.5250818281003764
VH-00458,457,4,A,8,ST-20,20,Paint,Primer booth,2026-09-02 06:31:26,partial,99.117,93.25,1.8274910899817431,5.867000000000004,0.68,False,True,0.010482811236015466,True,6.551483333333338,0.377501340482574
VH-00458,457,4,A,8,ST-22,22,Paint,Basecoat booth,2026-09-02 06:34:27,modern,104.098,98.24,1.839866492146598,5.858000000000004,0.86,False,True,0.00488957904177556,True,6.541433333333338,0.35777687296416966
VH-00458,457,4,A,8,ST-31,31,Final Assembly,Powertrain marriage,2026-09-02 06:47:10,modern,75.125,67.14,2.668691289749157,7.984999999999999,0.94,False,True,0.047875424354874574,True,8.916583333333334,0.7135835567470956
VH-00459,458,4,A,9,ST-15,15,Body,Roof laser weld,2026-09-02 06:26:05,modern,81.337,71.45,2.6253074777666723,9.887,0.94,False,True,0.058012658562134334,True,10.8757,0.830258922323303
VH-00460,459,4,A,10,ST-13,13,Body,Underbody weld,2026-09-02 06:24:49,legacy,64.447,56.95,2.5657708536189556,7.497,0.36,False,True,0.016984663053889126,True,8.12175,0.7898507462686567
VH-00460,459,4,A,10,ST-25,25,Paint,E-coat inspection,2026-09-02 06:41:31,partial,101.671,94.17,2.3750992784274776,7.501000000000005,0.6,False,True,0.0017465461846689623,True,8.126083333333337,0.4779229053838805
VH-00460,459,4,A,10,ST-29,29,Final Assembly,ADAS calibration,2026-09-02 06:47:27,modern,73.275,65.05,2.7171511008872833,8.225000000000009,0.94,True,True,0.05298002026572646,True,8.910416666666675,0.7586471944657963
VH-00461,460,4,A,11,ST-18,18,Paint,Paint quality gate,2026-09-02 06:32:02,partial,92.013,82.49,2.9848382587369726,9.52300000000001,0.6,True,True,0.048068589148940855,True,10.157866666666678,0.6926657776700214
VH-00461,460,4,A,11,ST-20,20,Paint,Primer booth,2026-09-02 06:35:18,partial,100.176,93.25,2.1873150305396423,6.926000000000002,0.68,False,True,0.038041324598516835,True,7.387733333333335,0.4456407506702414
VH-00461,460,4,A,11,ST-21,21,Paint,Oven cure,2026-09-02 06:36:43,modern,85.625,78.13,2.386957008648046,7.4950000000000045,0.94,False,True,0.027121705300743537,True,7.994666666666672,0.5755791629335726
VH-00461,460,4,A,11,ST-45,45,Final Assembly,Interior fit,2026-09-02 07:08:27,modern,135.021,83.98,17.083458348944657,51.04099999999998,0.94,True,True,0.11819308307148735,True,54.44373333333331,3.646653965229815
VH-00462,461,4,A,12,ST-29,29,Final Assembly,ADAS calibration,2026-09-02 06:49:01,modern,72.984,65.05,2.6139479461058137,7.9339999999999975,0.94,False,True,0.04402598875161656,True,8.330699999999998,0.731806302843966
VH-00464,463,4,A,14,ST-12,12,Body,Seam sealing prep,2026-09-02 06:28:28,modern,71.87,64.97,2.1238506018116463,6.900000000000006,0.86,False,True,0.02772553421404933,True,7.015000000000005,0.6372171771586892
VH-00465,464,4,A,15,ST-10,10,Body,Door fit check,2026-09-02 06:27:41,partial,69.818,62.3,2.8381707248018135,7.518000000000001,0.6,True,True,0.025004714479491263,True,7.518000000000001,0.7240449438202248
VH-00465,464,4,A,15,ST-15,15,Body,Roof laser weld,2026-09-02 06:33:19,modern,82.258,71.45,2.8868301847076796,10.807999999999993,0.94,True,True,0.06890028483976607,True,10.807999999999993,0.9075997200839742
VH-00466,465,4,A,16,ST-23,23,Paint,Clearcoat booth,2026-09-02 06:45:25,modern,90.189,82.77,2.6477517672648174,7.418999999999997,0.94,False,True,0.039032085349921974,True,7.295349999999997,0.5378035520115982
VH-00466,465,4,A,16,ST-24,24,Paint,Paint quality gate,2026-09-02 06:46:51,legacy,85.719,77.45,2.755653249984049,8.268999999999991,0.36,True,True,0.037501823833709924,True,8.131183333333324,0.6405939315687533
VH-00466,465,4,A,16,ST-28,28,Paint,Basecoat booth,2026-09-02 06:53:14,legacy,95.439,85.46,3.595351604462193,9.979,0.36,True,True,0.05769513997875464,True,9.812683333333332,0.7006084717996723
VH-00467,466,4,A,17,ST-15,15,Body,Roof laser weld,2026-09-02 06:35:22,modern,82.016,71.45,2.8181130347839862,10.566000000000003,0.94,True,True,0.06795590433680909,True,10.213800000000003,0.8872778166550037
VH-00467,466,4,A,17,ST-25,25,Paint,E-coat inspection,2026-09-02 06:49:33,partial,100.115,94.17,1.8528191092311548,5.944999999999993,0.68,False,True,0.01425559296312473,True,5.746833333333327,0.37878305192736494
VH-00467,466,4,A,17,ST-45,45,Final Assembly,Interior fit,2026-09-02 07:15:24,modern,120.654,83.98,12.242423504433612,36.67399999999999,0.86,True,True,0.12025588377201946,True,35.45153333333333,2.620195284591569
VH-00468,467,4,A,18,ST-09,9,Body,Roof laser weld,2026-09-02 06:30:08,partial,70.054,63.45,2.3461101026045728,6.603999999999999,0.68,False,True,0.039866193602120514,True,6.273799999999999,0.6244917257683215
VH-00468,467,4,A,18,ST-12,12,Body,Seam sealing prep,2026-09-02 06:33:26,modern,73.37,64.97,2.62602208710759,8.400000000000006,0.94,False,True,0.0494689655887961,True,7.980000000000005,0.7757426504540562
VH-00468,467,4,A,18,ST-19,19,Paint,E-coat inspection,2026-09-02 06:42:00,manual_check,95.779,89.71,2.018149882606772,6.069000000000003,0.22,False,True,0.0010109611728755796,True,5.765550000000003,0.4059079255378444
VH-00469,468,4,A,19,ST-15,15,Body,Roof laser weld,2026-09-02 06:37:36,modern,79.268,71.45,2.0378042414355657,7.817999999999998,0.94,False,True,0.009300302811114047,True,7.296799999999998,0.6565150454863539
VH-00469,468,4,A,19,ST-39,39,Final Assembly,Interior fit,2026-09-02 07:09:15,manual_check,67.202,59.06,2.6586193071477786,8.141999999999996,0.22,False,True,0.05701156410367192,True,7.599199999999996,0.8271588215374192
VH-00470,469,4,A,20,ST-15,15,Body,Roof laser weld,2026-09-02 06:38:55,modern,79.315,71.45,2.0511501341893403,7.864999999999995,0.94,False,True,0.009819135726291228,True,7.209583333333328,0.660461861441567
VH-00470,469,4,A,20,ST-26,26,Paint,Primer booth,2026-09-02 06:55:02,manual_check,104.734,98.21,2.160656560376368,6.524000000000001,0.22,False,True,0.010444117036951028,True,5.980333333333334,0.39857448325017825
VH-00470,469,4,A,20,ST-29,29,Final Assembly,ADAS calibration,2026-09-02 06:59:20,modern,72.411,65.05,2.4107334866907655,7.361000000000004,0.94,False,True,0.026766407076734056,True,6.7475833333333375,0.6789546502690242
VH-00470,469,4,A,20,ST-45,45,Final Assembly,Interior fit,2026-09-02 07:18:54,modern,122.404,83.98,12.832095041838382,38.42399999999999,0.94,True,True,0.1127497002069513,True,35.221999999999994,2.745225053584186
VH-00471,470,4,A,21,ST-06,6,Body,Seam sealing prep,2026-09-02 06:30:34,legacy,68.013,59.68,2.934344586113498,8.333000000000006,0.36,True,True,0.042211541090980464,True,7.499700000000005,0.8377680965147458
VH-00471,470,4,A,21,ST-15,15,Body,Roof laser weld,2026-09-02 06:39:59,modern,81.433,71.45,2.6525671736041727,9.983000000000004,0.94,False,True,0.05928864218183405,True,8.984700000000004,0.8383205038488457
VH-00471,470,4,A,21,ST-45,45,Final Assembly,Interior fit,2026-09-02 07:20:15,modern,125.401,83.98,13.84194966903958,41.42099999999999,0.94,True,True,0.11516407159215047,True,37.27889999999999,2.959347463681828
VH-00472,471,4,A,22,ST-15,15,Body,Roof laser weld,2026-09-02 06:41:27,modern,84.118,71.45,3.4149867915592296,12.667999999999992,0.86,True,True,0.10023773385085799,True,11.19006666666666,1.0637928621413568
VH-00472,471,4,A,22,ST-38,38,Final Assembly,Battery connect,2026-09-02 07:12:12,manual_check,76.073,69.58,2.3499809739222997,6.492999999999995,0.22,False,True,0.018794917415108192,True,5.735483333333329,0.5599022707674615
VH-00473,472,4,A,23,ST-15,15,Body,Roof laser weld,2026-09-02 06:42:45,modern,79.674,71.45,2.153090038414992,8.224000000000004,0.94,False,True,0.0203699922517786,True,7.1274666666666695,0.6906088173547938
VH-00473,472,4,A,23,ST-17,17,Paint,Clearcoat booth,2026-09-02 06:45:12,legacy,88.793,80.31,2.9562902250587864,8.483000000000004,0.36,True,True,0.04403181337141193,True,7.351933333333337,0.6337691445648116
VH-00473,472,4,A,23,ST-45,45,Final Assembly,Interior fit,2026-09-02 07:22:40,modern,117.682,83.98,11.240992756338198,33.702,0.86,True,True,0.11661251982336351,True,29.208399999999997,2.407859014050964
VH-00474,473,4,A,24,ST-15,15,Body,Roof laser weld,2026-09-02 06:43:54,modern,79.133,71.45,1.9994702941640805,7.682999999999993,0.94,False,True,0.004729427956785659,True,6.530549999999994,0.6451784464660596
VH-00474,473,4,A,24,ST-17,17,Paint,Clearcoat booth,2026-09-02 06:46:17,legacy,87.621,80.31,2.531425461874368,7.310999999999993,0.36,False,True,0.011088576869728195,True,6.214349999999994,0.5462084422861406
VH-00474,473,4,A,24,ST-26,26,Paint,Primer booth,2026-09-02 06:59:53,manual_check,106.914,98.21,2.9292974385781463,8.704000000000008,0.22,True,True,0.06868929030658955,True,7.398400000000007,0.5317584767335307
VH-00474,473,4,A,24,ST-27,27,Paint,Oven cure,2026-09-02 07:01:33,legacy,100.193,91.65,2.942964105960256,8.542999999999992,0.36,True,True,0.04494379853597408,True,7.2615499999999935,0.5592798690671026
VH-00475,474,4,A,25,ST-21,21,Paint,Oven cure,2026-09-02 06:53:00,modern,84.25,78.13,1.925344366328628,6.1200000000000045,0.86,False,True,0.011104552791006861,True,5.100000000000004,0.4699859209010627
VH-00475,474,4,A,25,ST-28,28,Paint,Basecoat booth,2026-09-02 07:03:41,legacy,93.396,85.46,2.8362255887618786,7.936000000000007,0.36,True,True,0.03319657739047199,True,6.6133333333333395,0.5571729464076767
VH-00476,475,4,A,26,ST-15,15,Body,Roof laser weld,2026-09-02 06:46:09,modern,82.975,71.45,3.0904260379940025,11.524999999999991,0.86,True,True,0.09688820142876664,True,9.412083333333326,0.9678096571028684
VH-00476,475,4,A,26,ST-19,19,Paint,E-coat inspection,2026-09-02 06:51:33,manual_check,95.758,89.71,2.010959324830263,6.048000000000002,0.22,False,True,0.0008403535346116486,True,4.939200000000001,0.40450339984394174
VH-00476,475,4,A,26,ST-27,27,Paint,Oven cure,2026-09-02 07:04:08,legacy,102.642,91.65,3.818116688741711,10.99199999999999,0.36,True,True,0.06254744854152572,True,8.976799999999992,0.7196072013093283
VH-00476,475,4,A,26,ST-38,38,Final Assembly,Battery connect,2026-09-02 07:17:49,manual_check,78.39,69.58,3.1817087546567366,8.810000000000002,0.22,True,True,0.07443720262246456,True,7.194833333333335,0.7597010635240014
VH-00477,476,4,A,27,ST-23,23,Paint,Clearcoat booth,2026-09-02 06:58:12,modern,90.818,82.77,2.878453507340948,8.048000000000002,0.94,True,True,0.054050726988358666,True,6.4384000000000015,0.5833997825299023
VH-00478,477,4,A,28,ST-22,22,Paint,Basecoat booth,2026-09-02 06:58:21,modern,106.131,98.24,2.5578028795811547,7.891000000000005,0.94,False,True,0.041115940541726737,True,6.1812833333333375,0.4819421824104238
VH-00479,478,4,A,29,ST-09,9,Body,Roof laser weld,2026-09-02 06:43:24,partial,71.905,63.45,3.003042225730064,8.454999999999998,0.6,True,True,0.041448020203276426,True,6.482166666666666,0.7995271867612291
VH-00479,478,4,A,29,ST-15,15,Body,Roof laser weld,2026-09-02 06:50:15,modern,84.874,71.45,3.629656896279537,13.423999999999992,0.94,True,True,0.08088110115235936,True,10.291733333333328,1.1272778166550028
VH-00479,478,4,A,29,ST-20,20,Paint,Primer booth,2026-09-02 06:57:17,partial,103.055,93.25,3.1655332787607904,9.805000000000007,0.6,True,True,0.05438663648272901,True,7.517166666666672,0.6308847184986599
VH-00479,478,4,A,29,ST-21,21,Paint,Oven cure,2026-09-02 06:58:47,modern,89.652,78.13,3.7388945436446264,11.522000000000006,0.86,True,True,0.10023773385085799,True,8.833533333333339,0.8848329706898763
VH-00479,478,4,A,29,ST-24,24,Paint,Paint quality gate,2026-09-02 07:03:24,legacy,84.921,77.45,2.480982841104804,7.471000000000004,0.36,False,True,0.011941030866887026,True,5.727766666666669,0.5787734021949648
VH-00479,478,4,A,29,ST-36,36,Final Assembly,End-of-line quality,2026-09-02 07:19:56,manual_check,82.834,74.38,2.937604258634125,8.454000000000008,0.22,True,True,0.06604903981383414,True,6.481400000000006,0.6819575154611461
VH-00479,478,4,A,29,ST-45,45,Final Assembly,Interior fit,2026-09-02 07:31:11,modern,116.188,83.98,10.737581740976639,32.208,0.94,True,True,0.10588632441143075,True,24.6928,2.3011193141224098
VH-00480,479,4,A,30,ST-08,8,Body,Side-frame marriage,2026-09-02 06:43:16,partial,69.645,61.81,2.9299393173198465,7.834999999999994,0.6,True,True,0.03548274275647467,True,5.876249999999995,0.7605565442485028
VH-00480,479,4,A,30,ST-30,30,Final Assembly,End-of-line quality,2026-09-02 07:12:29,modern,79.818,73.91,2.0624662327095082,5.908000000000001,0.86,False,True,0.012850416429245781,True,4.431000000000001,0.4796103368962253
VH-00481,480,4,A,31,ST-12,12,Body,Seam sealing prep,2026-09-02 06:48:54,modern,72.637,64.97,2.3806276212929705,7.667000000000002,0.94,False,True,0.029224784634634515,True,5.622466666666668,0.7080498691703865
VH-00481,480,4,A,31,ST-19,19,Paint,E-coat inspection,2026-09-02 06:57:30,manual_check,96.657,89.71,2.318783679167468,6.947000000000003,0.22,False,True,0.0294060661497777,True,5.094466666666668,0.46463047597815205
VH-00481,480,4,A,31,ST-22,22,Paint,Basecoat booth,2026-09-02 07:02:14,modern,106.012,98.24,2.515779057591626,7.772000000000006,0.94,False,True,0.034862503989048,True,5.6994666666666705,0.47467426710097754
VH-00482,481,4,A,32,ST-15,15,Body,Roof laser weld,2026-09-02 06:53:20,modern,79.499,71.45,2.1033978845445467,8.048999999999992,0.94,False,True,0.016907064019095586,True,5.768449999999995,0.6759132260321897
VH-00483,482,4,A,33,ST-15,15,Body,Roof laser weld,2026-09-02 06:54:34,modern,78.969,71.45,1.952901647108352,7.518999999999991,0.94,False,True,0.0010506424162666228,True,5.263299999999995,0.6314065780265913
VH-00484,483,4,A,34,ST-30,30,Final Assembly,End-of-line quality,2026-09-02 07:17:19,modern,81.931,73.91,2.835570924871155,8.021,0.86,True,True,0.07395667678422391,True,5.481016666666667,0.6511432823704506
VH-00485,484,4,A,35,ST-10,10,Body,Door fit check,2026-09-02 06:51:15,partial,67.939,62.3,2.1205118912797274,5.638999999999996,0.68,False,True,0.020925573926281693,True,3.7593333333333305,0.543081861958266
VH-00486,485,4,A,36,ST-15,15,Body,Roof laser weld,2026-09-02 06:58:01,modern,80.461,71.45,2.3765627532494893,9.010999999999996,0.94,False,True,0.04219854494256092,True,5.857149999999998,0.7566969909027288
VH-00486,485,4,A,36,ST-26,26,Paint,Primer booth,2026-09-02 07:13:34,manual_check,105.929,98.21,2.5819986931521144,7.719000000000008,0.22,False,True,0.051138653705760206,True,5.017350000000006,0.47158130536605286
VH-00487,486,4,A,37,ST-09,9,Body,Roof laser weld,2026-09-02 06:52:53,partial,70.522,63.45,2.512206393054455,7.072000000000003,0.68,False,True,0.05020794298288578,True,4.478933333333335,0.6687470449172579
VH-00487,486,4,A,37,ST-15,15,Body,Roof laser weld,2026-09-02 06:59:29,modern,81.967,71.45,2.8041992317002604,10.516999999999996,0.94,True,True,0.06795590433680909,True,6.660766666666664,0.8831630510846742
VH-00488,487,4,A,38,ST-15,15,Body,Roof laser weld,2026-09-02 07:00:32,modern,84.552,71.45,3.538223333157928,13.102000000000004,0.94,True,True,0.08088110115235936,True,8.079566666666668,1.100237928621414
VH-00488,487,4,A,38,ST-26,26,Paint,Primer booth,2026-09-02 07:16:29,manual_check,105.287,98.21,2.3556374803972813,7.077000000000012,0.22,False,True,0.03334070714031245,True,4.3641500000000075,0.4323592302209559
VH-00489,488,4,A,39,ST-25,25,Paint,E-coat inspection,2026-09-02 07:15:35,partial,102.465,94.17,2.6416098531973202,8.295000000000002,0.6,False,True,0.02605964278727413,True,4.977000000000001,0.5285122650525647
VH-00489,488,4,A,39,ST-45,45,Final Assembly,Interior fit,2026-09-02 07:41:11,modern,122.32,83.98,12.803790808042953,38.33999999999999,0.94,True,True,0.1127497002069513,True,23.003999999999994,2.7392236246725403
VH-00490,489,4,A,40,ST-15,15,Body,Roof laser weld,2026-09-02 07:03:06,modern,80.159,71.45,2.290808293427358,8.709000000000003,0.94,False,True,0.03444407589173304,True,5.080250000000002,0.7313365990202941
VH-00491,490,4,A,41,ST-15,15,Body,Roof laser weld,2026-09-02 07:04:31,modern,87.585,71.45,4.39945934852392,16.13499999999999,0.94,True,True,0.08808286865713577,True,9.143166666666662,1.354933519944016
VH-00491,490,4,A,41,ST-45,45,Final Assembly,Interior fit,2026-09-02 07:44:54,modern,135.384,83.98,17.205773073560618,51.40399999999998,0.94,True,True,0.11819308307148735,True,29.128933333333325,3.6725887115979976
VH-00492,491,4,A,42,ST-15,15,Body,Roof laser weld,2026-09-02 07:05:01,modern,80.194,71.45,2.300746724201445,8.744,0.94,False,True,0.03408481536756691,True,4.809200000000001,0.7342757172848146
VH-00492,491,4,A,42,ST-38,38,Final Assembly,Battery connect,2026-09-02 07:35:58,manual_check,75.595,69.58,2.1783944917509337,6.015000000000001,0.22,False,True,0.005313803478610768,True,3.30825,0.5186835297499282
VH-00493,492,4,A,43,ST-05,5,Body,Dimensional clamp,2026-09-02 06:55:57,modern,73.341,67.54,2.006918181818181,5.800999999999988,0.86,False,True,0.009414707415582813,True,3.0938666666666603,0.5153390583357998
VH-00493,492,4,A,43,ST-15,15,Body,Roof laser weld,2026-09-02 07:06:31,modern,82.142,71.45,2.8538913855707015,10.691999999999993,0.94,True,True,0.06776718153698658,True,5.702399999999996,0.8978586424072772
VH-00494,493,4,A,44,ST-15,15,Body,Roof laser weld,2026-09-02 07:07:55,modern,81.307,71.45,2.6167888228174534,9.857,0.94,False,True,0.05593059995786498,True,5.092783333333333,0.8277396780965709
VH-00495,494,4,A,45,ST-15,15,Body,Roof laser weld,2026-09-02 07:09:19,modern,83.018,71.45,3.1026361100878845,11.567999999999998,0.94,True,True,0.07421249654138595,True,5.784,0.9714205738278514
VH-00497,496,4,A,47,ST-15,15,Body,Roof laser weld,2026-09-02 07:11:21,modern,83.643,71.45,3.280108088196604,12.192999999999998,0.94,True,True,0.078577887036962,True,5.690066666666666,1.0239048285514343
VH-00498,497,4,A,48,ST-31,31,Final Assembly,Powertrain marriage,2026-09-02 07:35:02,modern,75.501,67.14,2.8022679570741964,8.361000000000004,0.94,True,True,0.054089092564636565,True,3.762450000000002,0.7471849865951746
VH-00499,498,4,A,49,ST-10,10,Body,Door fit check,2026-09-02 07:08:08,partial,69.241,62.3,2.6177933182332978,6.9410000000000025,0.6,False,True,0.004549746911834518,True,3.007766666666668,0.668475120385233
VH-00499,498,4,A,49,ST-15,15,Body,Roof laser weld,2026-09-02 07:13:39,modern,79.602,71.45,2.1326452665368665,8.152000000000001,0.86,False,True,0.04523433565027268,True,3.5325333333333337,0.6845626312106369
VH-00499,498,4,A,49,ST-43,43,Final Assembly,Powertrain marriage,2026-09-02 07:51:04,legacy,79.453,71.57,2.661437995397608,7.88300000000001,0.36,False,True,0.02801004729092116,True,3.415966666666671,0.6608634902892282
VH-00500,499,4,A,50,ST-15,15,Body,Roof laser weld,2026-09-02 07:15:02,modern,81.4,71.45,2.643196653160032,9.950000000000003,0.94,False,True,0.05928864218183405,True,4.145833333333334,0.8355493351994404
VH-00501,500,4,A,51,ST-45,45,Final Assembly,Interior fit,2026-09-02 07:54:46,modern,125.172,83.98,13.764786936430614,41.19199999999999,0.94,True,True,0.11516407159215047,True,16.476799999999997,2.942986425339366
VH-00503,502,4,A,53,ST-09,9,Body,Roof laser weld,2026-09-02 07:12:00,partial,68.72,63.45,1.872664693501705,5.269999999999996,0.68,False,True,0.009734850134997086,True,1.932333333333332,0.4983451536643022
VH-00503,502,4,A,53,ST-45,45,Final Assembly,Interior fit,2026-09-02 07:57:42,modern,111.715,83.98,9.230381291370046,27.735,0.94,True,True,0.1038988787846512,True,10.1695,1.9815432245772802
VH-00504,503,4,A,54,ST-15,15,Body,Roof laser weld,2026-09-02 07:19:14,modern,81.504,71.45,2.672727990317323,10.054000000000002,0.94,False,True,0.06115519358926336,True,3.518900000000001,0.8442827151854445
VH-00505,504,4,A,55,ST-15,15,Body,Roof laser weld,2026-09-02 07:20:45,modern,80.74,71.45,2.455786244277221,9.289999999999992,0.94,False,True,0.046643296944968826,True,3.096666666666664,0.7801259622113359
VH-00506,505,4,A,56,ST-31,31,Final Assembly,Powertrain marriage,2026-09-02 07:44:36,modern,75.206,67.14,2.697467114359073,8.066000000000003,0.94,False,True,0.05069091499386724,True,2.5542333333333342,0.7208221626452191
VH-00506,505,4,A,56,ST-42,42,Final Assembly,End-of-line quality,2026-09-02 07:58:11,modern,80.094,73.5,2.2871071589085044,6.593999999999994,0.94,False,True,0.007588664391265265,True,2.088099999999998,0.5382857142857138
VH-00508,507,4,A,58,ST-15,15,Body,Roof laser weld,2026-09-02 07:24:17,modern,81.29,71.45,2.6119615850128977,9.840000000000003,0.86,False,True,0.0755093933921469,True,2.788000000000001,0.8263121063680898
VH-00510,509,4,A,60,ST-15,15,Body,Roof laser weld,2026-09-02 07:26:51,modern,82.183,71.45,2.8655335473346364,10.733000000000004,0.94,True,True,0.06776718153698658,True,2.683250000000001,0.9013016095171452
VH-00510,509,4,A,60,ST-31,31,Final Assembly,Powertrain marriage,2026-09-02 07:48:58,modern,74.72,67.14,2.5248121666995815,7.579999999999998,0.86,False,True,0.05652605007024236,True,1.8949999999999996,0.6773905272564789
VH-00510,509,4,A,60,ST-45,45,Final Assembly,Interior fit,2026-09-02 08:05:48,modern,92.244,83.98,2.6695272886224535,8.263999999999996,0.94,False,True,0.0514658353642643,True,2.065999999999999,0.5904262919742793
VH-00511,510,4,A,61,ST-45,45,Final Assembly,Interior fit,2026-09-02 08:07:18,modern,117.792,83.98,11.278057824403641,33.812,0.94,True,True,0.10748015813205458,True,7.8894666666666655,2.415718028101929
VH-00513,512,4,A,63,ST-15,15,Body,Roof laser weld,2026-09-02 07:30:29,modern,79.58,71.45,2.1263982529074377,8.129999999999995,0.94,False,True,0.01910366396703933,True,1.625999999999999,0.6827151854443663
VH-00516,515,4,A,66,ST-15,15,Body,Roof laser weld,2026-09-02 07:34:08,modern,81.486,71.45,2.6676167973477916,10.036000000000001,0.94,False,True,0.060594697660485974,True,1.5054000000000003,0.8427711686494053
VH-00516,515,4,A,66,ST-31,31,Final Assembly,Powertrain marriage,2026-09-02 07:56:14,modern,73.988,67.14,2.2647639739284977,6.847999999999999,0.94,False,True,0.007757157842250839,True,1.0272,0.6119749776586236
VH-00516,515,4,A,66,ST-45,45,Final Assembly,Interior fit,2026-09-02 08:13:36,modern,112.005,83.98,9.32809828899712,28.02499999999999,0.94,True,True,0.1038988787846512,True,4.2037499999999985,2.002262443438913
VH-00519,518,4,A,69,ST-08,8,Body,Side-frame marriage,2026-09-02 07:30:14,partial,67.65,61.81,2.173862621154658,5.840000000000003,0.68,False,True,0.025984476842895288,True,0.5840000000000003,0.5668985601035434
VH-00520,519,4,A,70,ST-08,8,Body,Side-frame marriage,2026-09-02 07:31:18,partial,66.913,61.81,1.8945500772580401,5.102999999999994,0.68,False,True,0.008297192761905436,True,0.4252499999999995,0.4953567383918454
VH-00524,523,4,A,74,ST-32,32,Final Assembly,Battery connect,2026-09-02 08:07:14,modern,87.073,79.84,2.3358767571731165,7.23299999999999,0.94,False,True,0.02243213648262976,True,0.12054999999999984,0.5435621242484963
VH-00524,523,4,A,74,ST-33,33,Final Assembly,Interior fit,2026-09-02 08:08:35,legacy,81.51,73.7,2.673250927070454,7.810000000000002,0.36,False,True,0.027654268364990964,True,0.1301666666666667,0.6358208955223882
VH-00529,528,4,B,4,ST-36,36,Final Assembly,End-of-line quality,2026-09-02 15:18:38,manual_check,82.404,74.38,2.7869758504284614,8.024000000000001,0.22,True,True,0.06079845509066506,True,9.495066666666668,0.6472707717128261
VH-00529,528,4,B,4,ST-38,38,Final Assembly,Battery connect,2026-09-02 15:21:00,manual_check,75.518,69.58,2.1507539914848355,5.938000000000002,0.22,False,True,0.0041123752936815805,True,7.026633333333336,0.5120436907157231
VH-00532,531,4,B,7,ST-01,1,Body,Underbody weld,2026-09-02 14:38:19,partial,67.502,60.05,2.497885323513942,7.451999999999998,0.6,False,True,0.007791969289572043,True,8.445599999999997,0.744579517069109
VH-00532,531,4,B,7,ST-07,7,Body,Underbody weld,2026-09-02 14:44:57,modern,63.287,55.76,2.7154230167901594,7.527000000000001,0.94,True,True,0.04516915498214469,True,8.530600000000002,0.8099354375896701
VH-00537,536,4,B,12,ST-15,15,Body,Roof laser weld,2026-09-02 14:59:09,modern,80.562,71.45,2.4052422249118584,9.111999999999995,0.94,False,True,0.04464148293878334,True,9.567599999999995,0.7651784464660597
VH-00538,537,4,B,13,ST-09,9,Body,Roof laser weld,2026-09-02 14:53:55,partial,71.062,63.45,2.703855958958161,7.611999999999995,0.68,True,True,0.06316425758430622,True,7.865733333333328,0.7198108747044912
VH-00540,539,4,B,15,ST-22,22,Paint,Basecoat booth,2026-09-02 15:13:00,modern,105.209,98.24,2.2322065445026213,6.969000000000008,0.94,False,True,0.009941478228675416,True,6.969000000000008,0.42563110749185723
VH-00540,539,4,B,15,ST-42,42,Final Assembly,End-of-line quality,2026-09-02 15:38:49,modern,81.021,73.5,2.6082687640449436,7.521000000000001,0.94,False,True,0.03866394400432471,True,7.521000000000001,0.6139591836734695
VH-00541,540,4,B,16,ST-16,16,Body,Door fit check,2026-09-02 15:05:12,partial,63.341,55.79,2.5654085889570535,7.551000000000002,0.6,False,True,0.013334844954901226,True,7.425150000000002,0.812081018103603
VH-00545,544,4,B,20,ST-37,37,Final Assembly,Powertrain marriage,2026-09-02 15:38:13,legacy,74.141,66.32,2.6625675675675686,7.821000000000012,0.36,False,True,0.026765663097358283,True,7.169250000000011,0.7075693606755138
VH-00548,547,4,B,23,ST-19,19,Paint,E-coat inspection,2026-09-02 15:17:52,manual_check,98.912,89.71,3.090912621359237,9.202000000000012,0.22,True,True,0.07443720262246456,True,7.975066666666677,0.6154497826329292
VH-00549,548,4,B,24,ST-07,7,Body,Underbody weld,2026-09-02 15:05:12,modern,63.376,55.76,2.748068248249611,7.616,0.94,True,True,0.045899876256858874,True,6.4736,0.8195121951219512
VH-00549,548,4,B,24,ST-17,17,Paint,Clearcoat booth,2026-09-02 15:16:16,legacy,87.649,80.31,2.541575814578435,7.338999999999999,0.36,False,True,0.013643172203867016,True,6.238149999999999,0.5483003361972356
VH-00549,548,4,B,24,ST-36,36,Final Assembly,End-of-line quality,2026-09-02 15:42:08,manual_check,81.491,74.38,2.467153206959234,7.111000000000004,0.22,False,True,0.03947899617519124,True,6.044350000000004,0.5736219413820923
VH-00553,552,4,B,28,ST-15,15,Body,Roof laser weld,2026-09-02 15:18:39,modern,79.764,71.45,2.178646003262644,8.313999999999993,0.94,False,True,0.022709410226152138,True,6.512633333333328,0.6981665500349888
VH-00553,552,4,B,28,ST-18,18,Paint,Paint quality gate,2026-09-02 15:22:25,partial,90.304,82.49,2.4194327406499085,7.814000000000007,0.6,False,True,0.010582227508604158,True,6.120966666666672,0.5683598011880233
VH-00558,557,4,B,33,ST-02,2,Body,Side-frame marriage,2026-09-02 15:10:37,partial,75.289,67.02,2.931875689689557,8.269000000000005,0.6,True,True,0.03854911085623425,True,5.788300000000004,0.74028648164727
VH-00558,557,4,B,33,ST-26,26,Paint,Primer booth,2026-09-02 15:40:09,manual_check,105.974,98.21,2.597865133298482,7.76400000000001,0.22,False,True,0.051138653705760206,True,5.434800000000007,0.4743305162407093
VH-00560,559,4,B,35,ST-18,18,Paint,Paint quality gate,2026-09-02 15:30:26,partial,91.212,82.49,2.7198354383813617,8.722000000000008,0.6,True,True,0.03601857980218914,True,5.814666666666672,0.6344041702024494
VH-00561,560,4,B,36,ST-45,45,Final Assembly,Interior fit,2026-09-02 16:06:54,modern,131.678,83.98,15.957017234919434,47.69799999999999,0.94,True,True,0.11778850406744601,True,31.003699999999995,3.4078113836627764
VH-00563,562,4,B,38,ST-38,38,Final Assembly,Battery connect,2026-09-02 16:00:34,manual_check,76.824,69.58,2.619565593400748,7.244,0.22,False,True,0.04610761901373206,True,4.467133333333334,0.6246622592699052
VH-00565,564,4,B,40,ST-30,30,Final Assembly,End-of-line quality,2026-09-02 15:54:04,modern,80.46,73.91,2.2973612693246404,6.549999999999997,0.94,False,True,0.005866886514298342,True,3.8208333333333315,0.5317277770261126
VH-00573,572,4,B,48,ST-34,34,Final Assembly,Wheel torque,2026-09-02 16:07:34,legacy,78.083,70.51,2.430968954457989,7.572999999999993,0.36,False,True,0.010296569075042172,True,3.407849999999997,0.6444192313147065
VH-00575,574,4,B,50,ST-04,4,Body,Door fit check,2026-09-02 15:33:14,partial,80.2,72.55,2.689302499999999,7.650000000000006,0.6,False,True,0.02111955819111422,True,3.187500000000002,0.6326671261199178
VH-00575,574,4,B,50,ST-33,33,Final Assembly,Interior fit,2026-09-02 16:09:28,legacy,82.205,73.7,2.917231149567361,8.504999999999995,0.36,True,True,0.043849564380550876,True,3.543749999999998,0.6924016282225234
VH-00578,577,4,B,53,ST-22,22,Paint,Basecoat booth,2026-09-02 15:58:17,modern,105.689,98.24,2.401714397905759,7.448999999999998,0.94,False,True,0.026588830068693836,True,2.731299999999999,0.4549470684039087
VH-00580,579,4,B,55,ST-19,19,Paint,E-coat inspection,2026-09-02 15:55:59,manual_check,97.494,89.71,2.605378767688315,7.784000000000006,0.22,False,True,0.051322875642817456,True,2.5946666666666687,0.5206108572065549
VH-00583,582,4,B,58,ST-20,20,Paint,Primer booth,2026-09-02 16:00:54,partial,100.847,93.25,2.4153054593539465,7.596999999999994,0.6,False,True,0.005044411517842073,True,2.1524833333333313,0.48881501340482536
VH-00583,582,4,B,58,ST-23,23,Paint,Clearcoat booth,2026-09-02 16:05:21,modern,89.816,82.77,2.5109445350734125,7.0460000000000065,0.94,False,True,0.02845412916740442,True,1.9963666666666684,0.5107647698441469
VH-00584,583,4,B,59,ST-12,12,Body,Seam sealing prep,2026-09-02 15:52:37,modern,72.204,64.97,2.2356674525375393,7.233999999999995,0.94,False,True,0.01475483391279131,True,1.9290666666666652,0.6680621825457899
VH-00585,584,4,B,60,ST-24,24,Paint,Paint quality gate,2026-09-02 16:09:25,legacy,84.64,77.45,2.3842630605345403,7.189999999999998,0.36,False,True,0.0023995349799238452,True,1.7974999999999994,0.5570045190445446
VH-00585,584,4,B,60,ST-28,28,Paint,Basecoat booth,2026-09-02 16:15:41,legacy,92.465,85.46,2.490290042693845,7.00500000000001,0.36,False,True,0.0019367016842927187,True,1.7512500000000024,0.4918090334659497
VH-00586,585,4,B,61,ST-36,36,Final Assembly,End-of-line quality,2026-09-02 16:26:46,manual_check,81.429,74.38,2.445434692287721,7.049000000000007,0.22,False,True,0.034291431389136484,True,1.6447666666666683,0.5686205969346604
VH-00590,589,4,B,65,ST-20,20,Paint,Primer booth,2026-09-02 16:09:35,partial,100.089,93.25,2.1577544235249695,6.838999999999999,0.68,False,True,0.033181486613149236,True,1.139833333333333,0.44004289544235914
VH-00591,590,4,B,66,ST-31,31,Final Assembly,Powertrain marriage,2026-09-02 16:26:09,modern,74.006,67.14,2.27115860161959,6.866,0.94,False,True,0.008849228158938516,True,1.0299,0.6135835567470956
VH-00594,593,4,B,69,ST-03,3,Body,Roof laser weld,2026-09-02 15:54:59,manual_check,69.418,62.45,2.2567644171053414,6.9680000000000035,0.22,False,True,0.026389428113965163,True,0.6968000000000003,0.6694635708566856
VH-00594,593,4,B,69,ST-29,29,Final Assembly,ADAS calibration,2026-09-02 16:28:06,modern,74.648,65.05,3.2040855734472524,9.597999999999999,0.94,True,True,0.06890028483976607,True,0.9597999999999999,0.8852882398155265
VH-00595,594,4,B,70,ST-33,33,Final Assembly,Interior fit,2026-09-02 16:33:24,legacy,81.36,73.7,2.620593325092702,7.659999999999997,0.36,False,True,0.020742622040651137,True,0.6383333333333331,0.623609226594301
VH-00599,598,4,B,74,ST-02,2,Body,Side-frame marriage,2026-09-02 15:59:50,partial,74.624,67.02,2.6933368344080284,7.603999999999999,0.68,False,True,0.06316425758430622,True,0.1267333333333333,0.6807520143240823
VH-00599,598,4,B,74,ST-03,3,Body,Roof laser weld,2026-09-02 16:01:00,manual_check,69.683,62.45,2.341341219613178,7.233000000000004,0.22,False,True,0.03664068498127204,True,0.12055000000000007,0.6949239391513214
VH-00599,598,4,B,74,ST-32,32,Final Assembly,Battery connect,2026-09-02 16:37:14,modern,88.711,79.84,2.9032204891199695,8.870999999999995,0.94,True,True,0.06022128644407565,True,0.14784999999999993,0.6666583166332661
VH-00599,598,4,B,74,ST-33,33,Final Assembly,Interior fit,2026-09-02 16:38:36,legacy,81.742,73.7,2.7546946847960405,8.042000000000002,0.36,True,True,0.03659990213528996,True,0.13403333333333337,0.6547082767978292
VH-00599,598,4,B,74,ST-37,37,Final Assembly,Powertrain marriage,2026-09-02 16:43:23,legacy,75.749,66.32,3.213054054054052,9.429000000000002,0.36,True,True,0.05565249630716529,True,0.15715000000000004,0.8530458383594696
VH-00600,599,4,B,75,ST-25,25,Paint,E-coat inspection,2026-09-02 16:28:53,partial,101.677,94.17,2.3771132122418592,7.507000000000005,0.6,False,True,0.002772357620232535,True,0.0,0.4783051927365406
VH-00605,604,5,A,5,ST-36,36,Final Assembly,End-of-line quality,2026-09-03 06:48:34,manual_check,81.318,74.38,2.406551545053235,6.938000000000002,0.22,False,True,0.031549329567393314,True,8.094333333333337,0.5596665770368381
VH-00605,604,5,A,5,ST-40,40,Final Assembly,Wheel torque,2026-09-03 06:53:16,legacy,83.982,76.41,2.620330303030305,7.572000000000003,0.36,False,True,0.020241007473087547,True,8.834000000000003,0.5945818610129566
VH-00607,606,5,A,7,ST-04,4,Body,Door fit check,2026-09-03 06:11:44,partial,79.12,72.55,2.305902499999999,6.570000000000007,0.68,False,True,0.03783909178647904,True,7.446000000000009,0.543349414197106
VH-00607,606,5,A,7,ST-11,11,Body,Dimensional clamp,2026-09-03 06:19:06,partial,70.91,63.54,2.6392706826252863,7.369999999999997,0.6,False,True,0.014160483092543807,True,8.352666666666664,0.6959395656279507
VH-00607,606,5,A,7,ST-38,38,Final Assembly,Battery connect,2026-09-03 06:54:06,manual_check,76.178,69.58,2.3876725651942543,6.597999999999999,0.22,False,True,0.020764168516724024,True,7.477733333333332,0.5689565967231962
VH-00607,606,5,A,7,ST-42,42,Final Assembly,End-of-line quality,2026-09-03 06:59:02,modern,80.236,73.5,2.3363034349919753,6.736000000000004,0.94,False,True,0.012876473613058992,True,7.634133333333338,0.5498775510204085
VH-00608,607,5,A,8,ST-21,21,Paint,Oven cure,2026-09-03 06:32:28,modern,88.51,78.13,3.3555042618055184,10.38000000000001,0.86,True,True,0.09846253242257552,True,11.59100000000001,0.7971329834890575
VH-00610,609,5,A,10,ST-29,29,Final Assembly,ADAS calibration,2026-09-03 06:46:51,modern,74.223,65.05,3.0533593164640136,9.173000000000002,0.94,True,True,0.06550648729317987,True,9.93741666666667,0.8460876249039203
VH-00612,611,5,A,12,ST-08,8,Body,Side-frame marriage,2026-09-03 06:21:46,partial,67.154,61.81,1.9858856580980455,5.343999999999994,0.68,False,True,0.013685849206859224,True,5.611199999999994,0.5187510111632416
VH-00612,611,5,A,12,ST-17,17,Paint,Clearcoat booth,2026-09-03 06:31:44,legacy,87.489,80.31,2.483573799126639,7.179000000000002,0.36,False,True,0.009037288081192418,True,7.537950000000003,0.5363466567052673
VH-00613,612,5,A,13,ST-29,29,Final Assembly,ADAS calibration,2026-09-03 06:50:20,modern,71.555,65.05,2.107153072625701,6.50500000000001,0.86,False,True,0.020405454764246378,True,6.721833333333344,0.6000000000000009
VH-00613,612,5,A,13,ST-45,45,Final Assembly,Interior fit,2026-09-03 07:09:47,modern,89.928,83.98,1.8891391282627679,5.947999999999993,0.86,False,True,0.007991617958560626,True,6.14626666666666,0.4249583234103353
VH-00620,619,5,A,20,ST-28,28,Paint,Basecoat booth,2026-09-03 06:57:23,legacy,92.799,85.46,2.614395813248866,7.339000000000013,0.36,False,True,0.017747646642216508,True,6.727416666666679,0.5152586005148617
VH-00623,622,5,A,23,ST-26,26,Paint,Primer booth,2026-09-03 06:57:51,manual_check,104.564,98.21,2.100716675378981,6.353999999999999,0.22,False,True,0.0051462048732254795,True,5.506799999999999,0.3881885755014764
VH-00624,623,5,A,24,ST-21,21,Paint,Oven cure,2026-09-03 06:51:44,modern,85.067,78.13,2.1996262054376907,6.936999999999998,0.86,False,True,0.03163899228074141,True,5.896449999999998,0.5327275054396517
VH-00624,623,5,A,24,ST-22,22,Paint,Basecoat booth,2026-09-03 06:53:31,modern,107.436,98.24,3.0186523560209486,9.196000000000012,0.94,True,True,0.06550648729317987,True,7.81660000000001,0.561644951140066
VH-00627,626,5,A,27,ST-18,18,Paint,Paint quality gate,2026-09-03 06:50:40,partial,90.188,82.49,2.3810553034947888,7.6980000000000075,0.6,False,True,0.007553318371436912,True,6.158400000000006,0.5599224148381627
VH-00629,628,5,A,29,ST-03,3,Body,Roof laser weld,2026-09-03 06:36:45,manual_check,69.12,62.45,2.161655409002188,6.670000000000002,0.22,False,True,0.013753360092475297,True,5.113666666666668,0.6408326661329065
VH-00630,629,5,A,30,ST-18,18,Paint,Paint quality gate,2026-09-03 06:54:47,partial,88.604,82.49,1.857004782342121,6.114000000000004,0.68,False,True,0.014661122862891451,True,4.585500000000004,0.44470844950903177
VH-00630,629,5,A,30,ST-19,19,Paint,E-coat inspection,2026-09-03 06:56:24,manual_check,96.275,89.71,2.187984009137647,6.565000000000012,0.22,False,True,0.011657551706561242,True,4.923750000000009,0.4390814847843058
VH-00630,629,5,A,30,ST-38,38,Final Assembly,Battery connect,2026-09-03 07:21:49,manual_check,75.523,69.58,2.152548829164451,5.942999999999998,0.22,False,True,0.00445540827228319,True,4.457249999999998,0.5124748490945672
VH-00630,629,5,A,30,ST-45,45,Final Assembly,Interior fit,2026-09-03 07:30:42,modern,101.238,83.98,5.700102035718742,17.257999999999996,0.94,True,True,0.09061185491835078,True,12.943499999999997,1.2330078590140505
VH-00631,630,5,A,31,ST-01,1,Body,Underbody weld,2026-09-03 06:37:05,partial,65.952,60.05,1.9479247764334582,5.902000000000001,0.68,False,True,0.015472124566472178,True,4.3281333333333345,0.5897085761865114
VH-00632,631,5,A,32,ST-25,25,Paint,E-coat inspection,2026-09-03 07:07:32,partial,101.552,94.17,2.335156257775574,7.382000000000005,0.68,False,True,0.049450579817783,True,5.290433333333337,0.47034087288945553
VH-00633,632,5,A,33,ST-07,7,Body,Underbody weld,2026-09-03 06:45:48,modern,62.157,55.76,2.3009386173611595,6.3969999999999985,0.94,False,True,0.0012544198249232474,True,4.477899999999999,0.6883428981348636
VH-00634,633,5,A,34,ST-20,20,Paint,Primer booth,2026-09-03 07:02:47,partial,101.791,93.25,2.736055034317741,8.540999999999997,0.68,True,True,0.07530521261638357,True,5.836349999999998,0.5495549597855226
VH-00634,633,5,A,34,ST-45,45,Final Assembly,Interior fit,2026-09-03 07:35:21,modern,90.882,83.98,2.210594354939428,6.902000000000001,0.94,False,True,0.003785048509640232,True,4.7163666666666675,0.49311740890688266
VH-00643,642,5,A,43,ST-39,39,Final Assembly,Interior fit,2026-09-03 07:37:12,manual_check,65.485,59.06,2.0782188811626883,6.424999999999997,0.22,False,True,0.0058130083583610714,True,3.426666666666665,0.6527260413139178
VH-00644,643,5,A,44,ST-04,4,Body,Door fit check,2026-09-03 06:56:05,partial,77.804,72.55,1.8387224999999978,5.254000000000005,0.68,False,True,0.008723363304409149,True,2.714566666666669,0.4345141281874573
VH-00650,649,5,A,50,ST-27,27,Paint,Oven cure,2026-09-03 07:31:57,legacy,99.279,91.65,2.6163452980132362,7.628999999999991,0.36,False,True,0.02056667505623877,True,3.178749999999996,0.4994435351882154
VH-00650,649,5,A,50,ST-45,45,Final Assembly,Interior fit,2026-09-03 07:54:00,modern,126.256,83.98,14.13004633445734,42.275999999999996,0.94,True,True,0.11637420082488514,True,17.615,3.020433436532507
VH-00653,652,5,A,53,ST-03,3,Body,Roof laser weld,2026-09-03 07:05:37,manual_check,69.329,62.45,2.2283593777725166,6.878999999999991,0.22,False,True,0.02183614256687627,True,2.5222999999999964,0.6609127301841464
VH-00655,654,5,A,55,ST-21,21,Paint,Oven cure,2026-09-03 07:29:20,modern,85.65,78.13,2.3953499657811284,7.52000000000001,0.94,False,True,0.028727144710599006,True,2.50666666666667,0.5774990400614369
VH-00655,654,5,A,55,ST-26,26,Paint,Primer booth,2026-09-03 07:37:05,manual_check,104.859,98.21,2.204730005227387,6.649000000000001,0.22,False,True,0.013579304387723257,True,2.2163333333333335,0.4062111801242237
VH-00659,658,5,A,59,ST-38,38,Final Assembly,Battery connect,2026-09-03 07:56:00,manual_check,75.768,69.58,2.2404958754656765,6.188000000000002,0.22,False,True,0.010216174743109319,True,1.650133333333334,0.5336016096579479
VH-00661,660,5,A,61,ST-17,17,Paint,Clearcoat booth,2026-09-03 07:30:43,legacy,88.076,80.31,2.6963686933154154,7.765999999999991,0.36,False,True,0.02777995026256841,True,1.8120666666666645,0.5802017183414263
VH-00664,663,5,A,64,ST-13,13,Body,Underbody weld,2026-09-03 07:29:38,legacy,66.788,56.95,3.3857666991236597,9.837999999999994,0.36,True,True,0.05639457234319434,True,1.8036333333333323,1.0364881474978045
VH-00665,664,5,A,65,ST-41,41,Final Assembly,ADAS calibration,2026-09-03 08:05:40,partial,82.568,76.83,2.0158078142924554,5.7379999999999995,0.68,False,True,0.01794134148413795,True,0.9563333333333333,0.4481062085122999
VH-00667,666,5,A,67,ST-14,14,Body,Side-frame marriage,2026-09-03 07:34:10,partial,73.661,66.43,2.403504817444218,7.2309999999999945,0.68,False,True,0.05000202412338384,True,0.9641333333333326,0.6531085353003155
VH-00667,666,5,A,67,ST-20,20,Paint,Primer booth,2026-09-03 07:42:02,partial,100.698,93.25,2.3646786726276696,7.447999999999993,0.6,False,True,0.0017465461846689623,True,0.9930666666666658,0.4792278820375331
VH-00668,667,5,A,68,ST-11,11,Body,Dimensional clamp,2026-09-03 07:32:25,partial,72.197,63.54,3.095975404445624,8.657000000000004,0.6,True,True,0.0484377981896138,True,1.0099833333333337,0.8174693106704441
VH-00672,671,5,A,72,ST-19,19,Paint,E-coat inspection,2026-09-03 07:46:25,manual_check,96.47,89.71,2.254753474205225,6.760000000000005,0.22,False,True,0.0195999146407293,True,0.33800000000000024,0.4521235090848293
VH-00676,675,5,B,1,ST-38,38,Final Assembly,Battery connect,2026-09-03 15:16:55,manual_check,76.797,69.58,2.6098734699308164,7.216999999999999,0.22,False,True,0.04540376672700319,True,8.900966666666665,0.6223340040241447
VH-00679,678,5,B,4,ST-42,42,Final Assembly,End-of-line quality,2026-09-03 15:24:55,modern,81.861,73.5,2.899288988764046,8.361000000000004,0.94,True,True,0.055385288463514315,True,9.893850000000006,0.6825306122448983
VH-00681,680,5,B,6,ST-31,31,Final Assembly,Powertrain marriage,2026-09-03 15:14:35,modern,74.416,67.14,2.416814010138912,7.275999999999996,0.94,False,True,0.026411301112620578,True,8.367399999999996,0.6502234137622874
VH-00684,683,5,B,9,ST-05,5,Body,Dimensional clamp,2026-09-03 14:45:17,modern,73.084,67.54,1.9181363636363662,5.543999999999997,0.86,False,True,0.0048073176066292245,True,6.098399999999996,0.4925081433224753
VH-00684,683,5,B,9,ST-27,27,Paint,Oven cure,2026-09-03 15:12:47,legacy,101.265,91.65,3.326044370860919,9.614999999999995,0.36,True,True,0.05620897801562086,True,10.576499999999994,0.629459901800327
VH-00688,687,5,B,13,ST-23,23,Paint,Clearcoat booth,2026-09-03 15:11:36,modern,89.457,82.77,2.3792721587819465,6.686999999999998,0.94,False,True,0.015152732847063088,True,6.909899999999997,0.48474084813338153
VH-00688,687,5,B,13,ST-25,25,Paint,E-coat inspection,2026-09-03 15:14:39,partial,101.833,94.17,2.4294754914157806,7.662999999999997,0.6,False,True,0.0075962852888653565,True,7.918433333333329,0.48824466390570226
VH-00688,687,5,B,13,ST-28,28,Paint,Basecoat booth,2026-09-03 15:19:26,legacy,93.26,85.46,2.78569150254786,7.800000000000011,0.36,True,True,0.030869237433786556,True,8.060000000000011,0.547624619705126
VH-00688,687,5,B,13,ST-34,34,Final Assembly,Wheel torque,2026-09-03 15:26:59,legacy,81.38,70.51,3.572124310455424,10.86999999999999,0.36,True,True,0.06254744854152572,True,11.232333333333322,0.924975180825414
VH-00690,689,5,B,15,ST-10,10,Body,Door fit check,2026-09-03 14:57:32,partial,69.244,62.3,2.6189391279728222,6.944000000000003,0.6,False,True,0.004549746911834518,True,6.944000000000003,0.6687640449438205
VH-00690,689,5,B,15,ST-25,25,Paint,E-coat inspection,2026-09-03 15:16:49,partial,102.742,94.17,2.7345864642946087,8.572000000000003,0.6,True,True,0.03544116305939626,True,8.572000000000003,0.5461611978337052
VH-00694,693,5,B,19,ST-08,8,Body,Side-frame marriage,2026-09-03 15:00:07,partial,70.873,61.81,3.3953338952100025,9.063000000000002,0.6,True,True,0.053878073800584514,True,8.458800000000002,0.8797605565442487
VH-00695,694,5,B,20,ST-04,4,Body,Door fit check,2026-09-03 14:57:24,partial,77.928,72.55,1.8827424999999962,5.378,0.68,False,True,0.010737709117724314,True,4.929833333333334,0.44476912474155755
VH-00697,696,5,B,22,ST-45,45,Final Assembly,Interior fit,2026-09-03 15:50:42,modern,128.701,83.98,14.95390171100286,44.72099999999999,0.94,True,True,0.11758629667039577,True,39.50354999999999,3.195117885210763
VH-00699,698,5,B,24,ST-45,45,Final Assembly,Interior fit,2026-09-03 15:52:40,modern,93.307,83.98,3.027710628200323,9.326999999999998,0.94,True,True,0.06550648729317987,True,7.927949999999998,0.6663729459395092
VH-00702,701,5,B,27,ST-04,4,Body,Door fit check,2026-09-03 15:05:46,partial,81.197,72.55,3.0432374999999987,8.647000000000006,0.6,True,True,0.044724332889980456,True,6.917600000000005,0.7151206064782913
VH-00702,701,5,B,27,ST-22,22,Paint,Basecoat booth,2026-09-03 15:27:30,modern,104.628,98.24,2.0270314136125673,6.388000000000005,0.86,False,True,0.018123038087904164,True,5.110400000000004,0.3901465798045606
VH-00704,703,5,B,29,ST-41,41,Final Assembly,ADAS calibration,2026-09-03 15:52:49,partial,83.915,76.83,2.506287063904442,7.085000000000008,0.6,False,True,0.0005700372620041083,True,5.43183333333334,0.5532994923857875
VH-00706,705,5,B,31,ST-11,11,Body,Dimensional clamp,2026-09-03 15:17:57,partial,72.13,63.54,3.072199789556761,8.589999999999996,0.6,True,True,0.04545457236709538,True,6.299333333333331,0.811142587346553
VH-00710,709,5,B,35,ST-37,37,Final Assembly,Powertrain marriage,2026-09-03 15:55:39,legacy,74.442,66.32,2.7656126126126095,8.122,0.36,True,True,0.036780188851727735,True,5.414666666666666,0.7348009650180941
VH-00711,710,5,B,36,ST-07,7,Body,Underbody weld,2026-09-03 15:19:37,modern,64.036,55.76,2.990156481544426,8.276000000000003,0.94,True,True,0.05761305952518159,True,5.379400000000002,0.8905308464849359
VH-00711,710,5,B,36,ST-32,32,Final Assembly,Battery connect,2026-09-03 15:52:00,modern,90.74,79.84,3.605992425701263,10.899999999999991,0.94,True,True,0.0789612368026461,True,7.084999999999995,0.8191382765531056
VH-00714,713,5,B,39,ST-08,8,Body,Side-frame marriage,2026-09-03 15:24:06,partial,69.831,61.81,3.0004306784660773,8.021,0.68,True,True,0.07721516910136472,True,4.812600000000001,0.7786118751011164
VH-00716,715,5,B,41,ST-39,39,Final Assembly,Interior fit,2026-09-03 16:05:38,manual_check,65.935,59.06,2.230333145398735,6.875,0.22,False,True,0.021307556960505458,True,3.8958333333333335,0.6984422621063325
VH-00718,717,5,B,43,ST-05,5,Body,Dimensional clamp,2026-09-03 15:25:59,modern,75.62,67.54,2.7942090909090935,8.079999999999998,0.94,True,True,0.05331118688136882,True,4.309333333333332,0.7177968611193365
VH-00718,717,5,B,43,ST-08,8,Body,Side-frame marriage,2026-09-03 15:29:05,partial,70.656,61.81,3.3130939738727365,8.846000000000004,0.68,True,True,0.08807047826464531,True,4.717866666666668,0.8586960038828672
VH-00725,724,5,B,50,ST-21,21,Paint,Oven cure,2026-09-03 15:52:57,modern,84.988,78.13,2.173104460897159,6.858000000000004,0.94,False,True,0.0008477746335078251,True,2.8575000000000017,0.5266606937156025
VH-00725,724,5,B,50,ST-37,37,Final Assembly,Powertrain marriage,2026-09-03 16:13:58,legacy,73.424,66.32,2.41710810810811,7.104000000000013,0.36,False,True,0.005038108505160621,True,2.9600000000000057,0.6427020506634512
VH-00727,726,5,B,52,ST-22,22,Paint,Basecoat booth,2026-09-03 15:56:45,modern,105.457,98.24,2.319785602094241,7.216999999999999,0.94,False,True,0.01915369570697012,True,2.7665166666666665,0.44077768729641686
VH-00731,730,5,B,56,ST-14,14,Body,Side-frame marriage,2026-09-03 15:51:03,partial,72.759,66.43,2.094986054766733,6.3289999999999935,0.68,False,True,0.025770333200527906,True,2.0041833333333314,0.5716393195845244
VH-00735,734,5,B,60,ST-36,36,Final Assembly,End-of-line quality,2026-09-03 16:24:34,manual_check,80.757,74.38,2.21003401713841,6.3770000000000095,0.22,False,True,0.008653183489253147,True,1.5942500000000024,0.5144124764721707
VH-00735,734,5,B,60,ST-38,38,Final Assembly,Battery connect,2026-09-03 16:26:56,manual_check,76.338,69.58,2.4451073709419915,6.757999999999996,0.22,False,True,0.025973116187406053,True,1.689499999999999,0.5827536648462198
VH-00738,737,5,B,63,ST-05,5,Body,Dimensional clamp,2026-09-03 15:50:00,modern,74.717,67.54,2.482263636363637,7.1769999999999925,0.94,False,True,0.029486356996899055,True,1.4353999999999985,0.6375777317145388
VH-00738,737,5,B,63,ST-14,14,Body,Side-frame marriage,2026-09-03 15:59:21,partial,76.151,66.43,3.2551807809330593,9.72099999999999,0.6,True,True,0.05568339659547383,True,1.944199999999998,0.878006924582266
VH-00741,740,5,B,66,ST-09,9,Body,Roof laser weld,2026-09-03 15:57:42,partial,71.644,63.45,2.9104116022099396,8.194000000000003,0.6,True,True,0.037645772956078294,True,1.2291000000000003,0.7748463356973997
VH-00741,740,5,B,66,ST-19,19,Paint,E-coat inspection,2026-09-03 16:09:24,manual_check,96.023,89.71,2.101697315819539,6.313000000000002,0.22,False,True,0.004423997057681817,True,0.9469500000000004,0.42222717645747426
VH-00747,746,5,B,72,ST-42,42,Final Assembly,End-of-line quality,2026-09-03 16:45:49,modern,80.346,73.5,2.374413226324238,6.846000000000004,0.94,False,True,0.01714721221936244,True,0.34230000000000016,0.5588571428571432
VH-00748,747,5,B,73,ST-07,7,Body,Underbody weld,2026-09-03 16:03:57,modern,62.158,55.76,2.301305417714638,6.398000000000003,0.94,False,True,0.0012544198249232474,True,0.21326666666666677,0.6884505021520807
VH-00750,749,5,B,75,ST-05,5,Body,Dimensional clamp,2026-09-03 16:04:30,modern,75.302,67.54,2.684354545454549,7.7620000000000005,0.94,False,True,0.04604476399927504,True,0.0,0.689546935149541
VH-00752,751,6,A,2,ST-45,45,Final Assembly,Interior fit,2026-09-04 06:56:10,modern,90.348,83.98,2.0306602972399133,6.367999999999995,0.86,False,True,0.01759746594086098,True,7.747733333333327,0.4549654679685636
VH-00753,752,6,A,3,ST-02,2,Body,Side-frame marriage,2026-09-04 06:04:41,partial,73.645,67.02,2.3421645948281578,6.625,0.68,False,True,0.03968507181925385,True,7.95,0.5931065353625784
VH-00753,752,6,A,3,ST-30,30,Final Assembly,End-of-line quality,2026-09-04 06:39:43,modern,80.859,73.91,2.4433474369405883,6.948999999999998,0.94,False,True,0.02203189472354794,True,8.338799999999997,0.564118522527398
VH-00755,754,6,A,5,ST-45,45,Final Assembly,Interior fit,2026-09-04 07:00:14,modern,121.621,83.98,12.568259148245275,37.64099999999999,0.94,True,True,0.1127497002069513,True,43.91449999999999,2.689283162657775
VH-00756,755,6,A,6,ST-25,25,Paint,E-coat inspection,2026-09-04 06:35:50,partial,101.765,94.17,2.406650908186122,7.594999999999999,0.6,False,True,0.0052161570733185725,True,8.73425,0.4839120739088881
VH-00757,756,6,A,7,ST-19,19,Paint,E-coat inspection,2026-09-04 06:28:36,manual_check,95.733,89.71,2.0023991370010887,6.02300000000001,0.22,False,True,0.0001836628565298204,True,6.826066666666678,0.4028313454464392
VH-00760,759,6,A,10,ST-41,41,Final Assembly,ADAS calibration,2026-09-04 07:00:44,partial,83.917,76.83,2.50701531817261,7.087000000000003,0.6,False,True,0.001252452150341865,True,7.677583333333336,0.5534556813744633
VH-00764,763,6,A,14,ST-12,12,Body,Seam sealing prep,2026-09-04 06:28:39,modern,71.354,64.97,1.9511036108698399,6.384,0.86,False,True,0.016758730433749203,True,6.4904,0.5895644143450823
VH-00764,763,6,A,14,ST-29,29,Final Assembly,ADAS calibration,2026-09-04 06:51:46,modern,70.744,65.05,1.8195319093000335,5.694000000000003,0.86,False,True,0.0010839310157085835,True,5.788900000000003,0.5251960030745583
VH-00765,764,6,A,15,ST-45,45,Final Assembly,Interior fit,2026-09-04 07:12:35,modern,115.257,83.98,10.423876483077303,31.277,0.94,True,True,0.10548840487253941,True,31.277,2.2346034770183376
VH-00766,765,6,A,16,ST-14,14,Body,Side-frame marriage,2026-09-04 06:33:05,partial,76.223,66.43,3.2798075557809305,9.792999999999992,0.6,True,True,0.05568339659547383,True,9.629783333333327,0.884510010537407
VH-00769,768,6,A,19,ST-35,35,Final Assembly,ADAS calibration,2026-09-04 07:04:50,partial,77.868,70.29,2.590963910929091,7.577999999999989,0.6,False,True,0.015851558012332623,True,7.072799999999989,0.6468629961587697
VH-00769,768,6,A,19,ST-36,36,Final Assembly,End-of-line quality,2026-09-04 07:06:12,manual_check,82.137,74.38,2.6934461178914595,7.757000000000005,0.22,False,True,0.053167839737544575,True,7.239866666666671,0.6257327238504979
VH-00770,769,6,A,20,ST-20,20,Paint,Primer booth,2026-09-04 06:45:36,partial,100.511,93.25,2.3011403564007322,7.260999999999996,0.68,False,True,0.04721129265883339,True,6.655916666666664,0.4671957104557638
VH-00771,770,6,A,21,ST-31,31,Final Assembly,Powertrain marriage,2026-09-04 07:01:20,modern,75.211,67.14,2.6992433998288194,8.070999999999998,0.94,False,True,0.05069091499386724,True,7.263899999999998,0.7212689901697943
VH-00772,771,6,A,22,ST-39,39,Final Assembly,Interior fit,2026-09-04 07:12:55,manual_check,67.206,59.06,2.6599714339409894,8.146,0.22,False,True,0.05701156410367192,True,7.195633333333334,0.8275651879444633
VH-00774,773,6,A,24,ST-38,38,Final Assembly,Battery connect,2026-09-04 07:13:39,manual_check,76.256,69.58,2.415672032996278,6.676000000000002,0.22,False,True,0.023788812395988956,True,5.674600000000002,0.5756826674331706
VH-00774,773,6,A,24,ST-45,45,Final Assembly,Interior fit,2026-09-04 07:22:40,modern,129.837,83.98,15.336682777569614,45.856999999999985,0.94,True,True,0.11778850406744601,True,38.97844999999999,3.2762800666825425
VH-00775,774,6,A,25,ST-13,13,Body,Underbody weld,2026-09-04 06:42:36,legacy,64.9,56.95,2.724445829276211,7.950000000000003,0.36,True,True,0.030096402196095884,True,6.625000000000002,0.8375768217734858
VH-00776,775,6,A,26,ST-45,45,Final Assembly,Interior fit,2026-09-04 07:25:21,modern,117.64,83.98,11.226840639440482,33.66,0.94,True,True,0.10748015813205458,True,27.488999999999997,2.4048582995951415
VH-00777,776,6,A,27,ST-07,7,Body,Underbody weld,2026-09-04 06:38:46,modern,63.288,55.76,2.7157898171436354,7.527999999999999,0.94,True,True,0.04516915498214469,True,6.022399999999999,0.8100430416068866
VH-00780,779,6,A,30,ST-32,32,Final Assembly,Battery connect,2026-09-04 07:14:25,modern,88.097,79.84,2.6905531805635783,8.25699999999999,0.94,False,True,0.051834506243184975,True,6.192749999999993,0.6205160320641275
VH-00781,780,6,A,31,ST-02,2,Body,Side-frame marriage,2026-09-04 06:38:05,partial,72.421,67.02,1.903109619091939,5.4010000000000105,0.68,False,True,0.01108022675396858,True,3.960733333333341,0.4835273052820063
VH-00783,782,6,A,33,ST-15,15,Body,Roof laser weld,2026-09-04 06:54:38,modern,79.087,71.45,1.986408356575281,7.6370000000000005,0.94,False,True,0.0013312843939499164,True,5.3459,0.6413156053184045
VH-00787,786,6,A,37,ST-05,5,Body,Dimensional clamp,2026-09-04 06:49:00,modern,74.095,67.54,2.26739090909091,6.554999999999993,0.94,False,True,0.0032682344215474446,True,4.151499999999995,0.58232158720758
VH-00789,788,6,A,39,ST-26,26,Paint,Primer booth,2026-09-04 07:17:14,manual_check,104.961,98.21,2.2406939362258202,6.751000000000005,0.22,False,True,0.0195999146407293,True,4.050600000000003,0.41244272477344496
VH-00790,789,6,A,40,ST-09,9,Body,Roof laser weld,2026-09-04 06:56:30,partial,70.893,63.45,2.643876742962372,7.442999999999998,0.6,False,True,0.01503201982986635,True,4.341749999999999,0.7038297872340423
VH-00791,790,6,A,41,ST-10,10,Body,Door fit check,2026-09-04 06:58:37,partial,69.51,62.3,2.72053425821065,7.210000000000008,0.6,True,True,0.016074404850143553,True,4.085666666666671,0.6943820224719109
VH-00793,792,6,A,43,ST-11,11,Body,Dimensional clamp,2026-09-04 07:02:15,partial,70.827,63.54,2.609817308956998,7.286999999999999,0.6,False,True,0.011077260734313144,True,3.8863999999999996,0.6881019830028328
VH-00793,792,6,A,43,ST-24,24,Paint,Paint quality gate,2026-09-04 07:19:34,legacy,85.076,77.45,2.534333609746759,7.625999999999991,0.36,False,True,0.014872969928907298,True,4.067199999999995,0.5907811491284692
VH-00793,792,6,A,43,ST-31,31,Final Assembly,Powertrain marriage,2026-09-04 07:29:23,modern,74.236,67.14,2.3528677332279924,7.096000000000004,0.94,False,True,0.023138230741007626,True,3.7845333333333353,0.6341376228775696
VH-00793,792,6,A,43,ST-34,34,Final Assembly,Wheel torque,2026-09-04 07:33:16,legacy,78.038,70.51,2.415393585631818,7.527999999999992,0.36,False,True,0.009427344071162302,True,4.014933333333329,0.6405899872358523
VH-00794,793,6,A,44,ST-11,11,Body,Dimensional clamp,2026-09-04 07:03:35,partial,68.797,63.54,1.8894516638169194,5.256999999999998,0.68,False,True,0.010080927208989121,True,2.7161166666666654,0.4964117091595843
VH-00794,793,6,A,44,ST-40,40,Final Assembly,Wheel torque,2026-09-04 07:40:27,legacy,86.087,76.41,3.337412373737378,9.677000000000007,0.36,True,True,0.05639457234319434,True,4.999783333333337,0.7598743619945039
VH-00795,794,6,A,45,ST-16,16,Body,Door fit check,2026-09-04 07:09:48,partial,61.314,55.79,1.8590674846625752,5.524000000000001,0.68,False,True,0.01244250479419362,True,2.7620000000000005,0.5940849614626278
VH-00796,795,6,A,46,ST-45,45,Final Assembly,Interior fit,2026-09-04 07:49:59,modern,135.531,83.98,17.255305482702628,51.551,0.94,True,True,0.11819308307148735,True,24.916316666666667,3.68309121219338
VH-00797,796,6,A,47,ST-11,11,Body,Dimensional clamp,2026-09-04 07:07:07,partial,68.8,63.54,1.8905162435880623,5.259999999999998,0.68,False,True,0.010080927208989121,True,2.454666666666666,0.4966949952785645
VH-00797,796,6,A,47,ST-30,30,Final Assembly,End-of-line quality,2026-09-04 07:32:31,modern,82.311,73.91,2.9746053702196797,8.40100000000001,0.94,True,True,0.05798505860694203,True,3.9204666666666714,0.6819916114192947
VH-00797,796,6,A,47,ST-42,42,Final Assembly,End-of-line quality,2026-09-04 07:47:06,modern,80.118,73.5,2.2954220224719077,6.617999999999995,0.94,False,True,0.007933579486891329,True,3.088399999999998,0.5402448979591833
VH-00800,799,6,A,50,ST-08,8,Body,Side-frame marriage,2026-09-04 07:07:34,partial,70.761,61.81,3.3528874841972165,8.950999999999993,0.68,True,True,0.0888476670033922,True,3.7295833333333306,0.8688885293641799
VH-00809,808,6,A,59,ST-22,22,Paint,Basecoat booth,2026-09-04 07:35:38,modern,105.138,98.24,2.207133507853407,6.89800000000001,0.86,False,True,0.029989435442236534,True,1.8394666666666695,0.42129478827361627
VH-00810,809,6,A,60,ST-09,9,Body,Roof laser weld,2026-09-04 07:20:12,partial,69.391,63.45,2.1108070244672423,5.9410000000000025,0.68,False,True,0.021646748519071446,True,1.4852500000000006,0.5617966903073288
VH-00813,812,6,A,63,ST-04,4,Body,Door fit check,2026-09-04 07:18:44,partial,79.873,72.55,2.5732174999999993,7.3230000000000075,0.6,False,True,0.011980624713657018,True,1.4646000000000015,0.6056237077877332
VH-00813,812,6,A,63,ST-05,5,Body,Dimensional clamp,2026-09-04 07:19:59,modern,75.724,67.54,2.830136363636366,8.183999999999997,0.94,True,True,0.053680856862323045,True,1.6367999999999996,0.7270358306188922
VH-00813,812,6,A,63,ST-34,34,Final Assembly,Wheel torque,2026-09-04 07:56:56,legacy,78.889,70.51,2.709941116100067,8.37899999999999,0.36,True,True,0.03600043569882583,True,1.6757999999999982,0.7130052474826257
VH-00816,815,6,A,66,ST-02,2,Body,Side-frame marriage,2026-09-04 07:20:11,partial,74.342,67.02,2.592182011566841,7.322000000000003,0.68,False,True,0.05774503790061225,True,1.0983000000000005,0.6555058191584604
VH-00816,815,6,A,66,ST-43,43,Final Assembly,Powertrain marriage,2026-09-04 08:11:12,legacy,79.22,71.57,2.5810705701866627,7.650000000000006,0.36,False,True,0.02056667505623877,True,1.1475000000000009,0.6413301662707844
VH-00817,816,6,A,67,ST-25,25,Paint,E-coat inspection,2026-09-04 07:49:00,partial,102.234,94.17,2.564073401343622,8.063999999999993,0.6,False,True,0.02274288340225228,True,1.075199999999999,0.5137942019751509
VH-00819,818,6,A,69,ST-35,35,Final Assembly,ADAS calibration,2026-09-04 08:04:33,partial,77.065,70.29,2.313705912464798,6.7749999999999915,0.68,False,True,0.040069040739166506,True,0.6774999999999991,0.5783183952198029
VH-00823,822,6,A,73,ST-43,43,Final Assembly,Powertrain marriage,2026-09-04 08:19:19,legacy,79.272,71.57,2.599006647916146,7.702000000000012,0.36,False,True,0.022894318936764968,True,0.25673333333333376,0.645689534721253
VH-00827,826,6,B,2,ST-26,26,Paint,Primer booth,2026-09-04 15:03:03,manual_check,105.26,98.21,2.346117616309461,7.050000000000011,0.22,False,True,0.032265298878784154,True,8.577500000000013,0.430709703696162
VH-00834,833,6,B,9,ST-36,36,Final Assembly,End-of-line quality,2026-09-04 15:23:45,manual_check,81.023,74.38,2.3032134510516764,6.643000000000001,0.22,False,True,0.01780542299308352,True,7.307300000000001,0.5358698574885723
VH-00835,834,6,B,10,ST-27,27,Paint,Oven cure,2026-09-04 15:14:13,legacy,99.258,91.65,2.608840927152309,7.60799999999999,0.36,False,True,0.02056667505623877,True,8.241999999999988,0.49806873977086674
VH-00840,839,6,B,15,ST-23,23,Paint,Clearcoat booth,2026-09-04 15:13:46,modern,90.295,82.77,2.6866299619358376,7.525000000000006,0.94,False,True,0.04385450136031521,True,7.525000000000006,0.5454874954693734
VH-00842,841,6,B,17,ST-32,32,Final Assembly,Battery connect,2026-09-04 15:28:49,modern,87.598,79.84,2.5177176968996733,7.757999999999996,0.94,False,True,0.034862503989048,True,7.499399999999995,0.5830160320641279
VH-00843,842,6,B,18,ST-37,37,Final Assembly,Powertrain marriage,2026-09-04 15:36:17,legacy,73.7,66.32,2.511594594594595,7.38000000000001,0.36,False,True,0.012252282934550718,True,7.011000000000009,0.6676718938480106
VH-00844,843,6,B,19,ST-08,8,Body,Side-frame marriage,2026-09-04 15:00:16,partial,68.844,61.81,2.6263716814159266,7.033999999999992,0.6,False,True,0.00575200445712698,True,6.565066666666659,0.6828021355767667
VH-00844,843,6,B,19,ST-29,29,Final Assembly,ADAS calibration,2026-09-04 15:27:30,modern,72.248,65.05,2.352925534012489,7.1980000000000075,0.86,False,True,0.046740823817389865,True,6.71813333333334,0.6639200614911613
VH-00845,844,6,B,20,ST-22,22,Paint,Basecoat booth,2026-09-04 15:18:52,modern,107.535,98.24,3.053613350785343,9.295000000000002,0.94,True,True,0.06550648729317987,True,8.520416666666668,0.567691368078176
VH-00845,844,6,B,20,ST-23,23,Paint,Clearcoat booth,2026-09-04 15:20:22,modern,89.323,82.77,2.3301242523110384,6.552999999999997,0.94,False,True,0.007588664391265265,True,6.0069166666666645,0.4750271837622325
VH-00845,844,6,B,20,ST-45,45,Final Assembly,Interior fit,2026-09-04 15:48:49,modern,125.239,83.98,13.787362932434112,41.259,0.94,True,True,0.11516407159215047,True,37.82075,2.9477732793522264
VH-00848,847,6,B,23,ST-01,1,Body,Underbody weld,2026-09-04 14:57:30,partial,66.319,60.05,2.0781412414518714,6.2690000000000055,0.68,False,True,0.02307912584036642,True,5.4331333333333385,0.6263780183180688
VH-00848,847,6,B,23,ST-30,30,Final Assembly,End-of-line quality,2026-09-04 15:33:38,modern,80.707,73.91,2.3877336588011793,6.796999999999997,0.94,False,True,0.017008522539114335,True,5.890733333333331,0.5517791909078607
VH-00852,851,6,B,27,ST-02,2,Body,Side-frame marriage,2026-09-04 15:03:22,partial,73.476,67.02,2.281543442132553,6.456000000000003,0.68,False,True,0.035675434780238824,True,5.164800000000002,0.5779767233661597
VH-00852,851,6,B,27,ST-34,34,Final Assembly,Wheel torque,2026-09-04 15:43:03,legacy,80.136,70.51,3.141551892238618,9.62599999999999,0.36,True,True,0.05454088740210705,True,7.700799999999992,0.819117855623315
VH-00852,851,6,B,27,ST-42,42,Final Assembly,End-of-line quality,2026-09-04 15:52:42,modern,80.301,73.5,2.358822857142857,6.801000000000002,0.94,False,True,0.014653399756464291,True,5.440800000000001,0.5551836734693879
VH-00853,852,6,B,28,ST-05,5,Body,Dimensional clamp,2026-09-04 15:08:03,modern,74.163,67.54,2.2908818181818185,6.6229999999999905,0.94,False,True,0.007933579486891329,True,5.188016666666659,0.5883624518803663
VH-00862,861,6,B,37,ST-15,15,Body,Roof laser weld,2026-09-04 15:29:09,modern,79.407,71.45,2.0772740093669437,7.956999999999994,0.94,False,True,0.01349887230514435,True,5.03943333333333,0.6681875437368784
VH-00867,866,6,B,42,ST-10,10,Body,Door fit check,2026-09-04 15:29:57,partial,69.567,62.3,2.742304643261608,7.266999999999996,0.6,True,True,0.017123500864857588,True,3.9968499999999976,0.6998715890850719
VH-00867,866,6,B,42,ST-30,30,Final Assembly,End-of-line quality,2026-09-04 15:55:57,modern,80.489,73.91,2.307971792785452,6.579000000000008,0.94,False,True,0.008451302303925878,True,3.618450000000004,0.5340819916114199
VH-00869,868,6,B,44,ST-26,26,Paint,Primer booth,2026-09-04 15:53:12,manual_check,105.38,98.21,2.3884281233664355,7.170000000000002,0.22,False,True,0.03808443420187935,True,3.704500000000001,0.438040932695245
VH-00879,878,6,B,54,ST-34,34,Final Assembly,Wheel torque,2026-09-04 16:15:01,legacy,78.613,70.51,2.614412187299555,8.102999999999994,0.36,False,True,0.029803553370766345,True,2.8360499999999984,0.6895192171323211
VH-00880,879,6,B,55,ST-03,3,Body,Roof laser weld,2026-09-04 15:38:13,manual_check,69.083,62.45,2.1498465724256204,6.632999999999996,0.22,False,True,0.012214314571972973,True,2.2109999999999985,0.6372778222578058
VH-00880,879,6,B,55,ST-38,38,Final Assembly,Battery connect,2026-09-04 16:21:39,manual_check,76.408,69.58,2.4702350984566297,6.828000000000003,0.22,False,True,0.02929203679124648,True,2.276000000000001,0.5887898821500434
VH-00881,880,6,B,56,ST-36,36,Final Assembly,End-of-line quality,2026-09-04 16:20:33,manual_check,81.653,74.38,2.5239015840041596,7.27300000000001,0.22,False,True,0.041393219619437316,True,2.3031166666666696,0.5866899704221573
VH-00881,880,6,B,56,ST-45,45,Final Assembly,Interior fit,2026-09-04 16:31:29,modern,91.907,83.98,2.555973398276505,7.9269999999999925,0.94,False,True,0.041115940541726737,True,2.5102166666666643,0.566349130745415
VH-00883,882,6,B,58,ST-03,3,Body,Roof laser weld,2026-09-04 15:41:42,manual_check,70.511,62.45,2.605603832732001,8.060999999999993,0.22,False,True,0.05589775012539133,True,2.2839499999999977,0.7744755804643708
VH-00883,882,6,B,58,ST-06,6,Body,Seam sealing prep,2026-09-04 15:45:02,legacy,67.323,59.68,2.688375107352841,7.642999999999994,0.36,False,True,0.024424206276771,True,2.1655166666666648,0.7683981233243962
VH-00887,886,6,B,62,ST-01,1,Body,Underbody weld,2026-09-04 15:44:21,partial,69.548,60.05,3.2238332456601846,9.498000000000005,0.68,True,True,0.08962569753411653,True,2.057900000000001,0.9490091590341387
VH-00891,890,6,B,66,ST-01,1,Body,Underbody weld,2026-09-04 15:49:07,partial,67.782,60.05,2.597233035244611,7.731999999999999,0.6,False,True,0.01998731853807445,True,1.1598,0.77255620316403
VH-00891,890,6,B,66,ST-36,36,Final Assembly,End-of-line quality,2026-09-04 16:31:39,manual_check,82.605,74.38,2.8573858737990174,8.225000000000009,0.22,True,True,0.0628564410029736,True,1.2337500000000012,0.663484807744018
VH-00892,891,6,B,67,ST-20,20,Paint,Primer booth,2026-09-04 16:11:54,partial,101.641,93.25,2.6850884704993447,8.391000000000005,0.6,False,True,0.030720486701324323,True,1.1188000000000007,0.539903485254692
VH-00895,894,6,B,70,ST-29,29,Final Assembly,ADAS calibration,2026-09-04 16:28:27,modern,72.827,65.05,2.558267893526124,7.777000000000001,0.94,False,True,0.03902568374000703,True,0.6480833333333335,0.717325134511914
VH-00895,894,6,B,70,ST-45,45,Final Assembly,Interior fit,2026-09-04 16:48:21,modern,111.309,83.98,9.093577494692138,27.328999999999994,0.94,True,True,0.10330369318916088,True,2.2774166666666664,1.9525363181709925
VH-00897,896,6,B,72,ST-34,34,Final Assembly,Wheel torque,2026-09-04 16:37:08,legacy,79.304,70.51,2.8535806286080874,8.793999999999997,0.36,True,True,0.04312106144563277,True,0.43969999999999987,0.748319387320947
VH-00898,897,6,B,73,ST-24,24,Paint,Paint quality gate,2026-09-04 16:24:50,legacy,85.026,77.45,2.517123684378386,7.575999999999993,0.36,False,True,0.013679269740155542,True,0.2525333333333331,0.5869076823757258
VH-00898,897,6,B,73,ST-30,30,Final Assembly,End-of-line quality,2026-09-04 16:33:35,modern,80.807,73.91,2.4243216707350035,6.897000000000006,0.94,False,True,0.01961220056133761,True,0.2299000000000002,0.5598971722365044
VH-00898,897,6,B,73,ST-39,39,Final Assembly,Interior fit,2026-09-04 16:43:58,manual_check,65.518,59.06,2.0893739272066654,6.457999999999998,0.22,False,True,0.006501102035887718,True,0.2152666666666666,0.6560785641720283
VH-00898,897,6,B,73,ST-41,41,Final Assembly,ADAS calibration,2026-09-04 16:46:44,partial,85.183,76.83,2.9680002699237416,8.353000000000009,0.6,True,True,0.039815839262612895,True,0.27843333333333364,0.6523233112065606
