Vehicle_ID,Vehicle_Global_Index,Production_Day,Shift,Unit_In_Shift,Vehicle_Model,Defect_Probability,Risk_Percent,High_Risk_Alert,Alert_Threshold,Inspection_Priority,Likely_Driver,End_of_Line_Quality,Defect_Label,Root_Cause_Label,ST12_Temperature_C,ST15_Vibration_MM_S,ST12_ST15_Interaction,Telemetry_Confidence_Mean,Legacy_Or_Manual_Imputed_Rate
VH-00443,442,3,B,68,Sedan,0.9062423679738875,90.62423679738875,True,0.35,1,ST-12 temperature x ST-15 vibration,Fail,1,S12_TEMP_X_S15_VIBRATION,45.757,4.469,5.143332999999998,0.5736363636363636,0.4090909090909091
VH-00479,478,4,A,29,SUV,0.8864176009998601,88.64176009998602,True,0.35,2,ST-12 temperature x ST-15 vibration,Fail,1,S12_TEMP_X_S15_VIBRATION,45.157,4.716,5.101711999999995,0.5736363636363636,0.4090909090909091
VH-00454,453,4,A,4,Compact,0.8732248823784887,87.32248823784887,True,0.35,3,ST-12 temperature x ST-15 vibration,Fail,1,S12_TEMP_X_S15_VIBRATION,45.563,4.683,5.640229000000003,0.5809090909090909,0.4090909090909091
VH-00434,433,3,B,59,Compact,0.8400272112871033,84.00272112871033,True,0.35,4,ST-12 temperature x ST-15 vibration,Fail,1,S12_TEMP_X_S15_VIBRATION,46.071,4.712,6.562451999999995,0.5827272727272728,0.4090909090909091
VH-00438,437,3,B,63,SUV,0.8336960631328474,83.36960631328473,True,0.35,5,ST-12 temperature x ST-15 vibration,Fail,1,S12_TEMP_X_S15_VIBRATION,45.737,4.471,5.123427000000002,0.5718181818181818,0.4090909090909091
VH-00470,469,4,A,20,Compact,0.7968738891140528,79.68738891140528,True,0.35,6,ST-12 temperature x ST-15 vibration,Fail,1,S12_TEMP_X_S15_VIBRATION,45.446,4.607,5.193121999999997,0.5754545454545454,0.4090909090909091
VH-00432,431,3,B,57,Sedan,0.7950335639356699,79.50335639356699,True,0.35,7,ST-12 temperature x ST-15 vibration,Fail,1,S12_TEMP_X_S15_VIBRATION,45.513,4.37,4.461509999999998,0.5790909090909091,0.4090909090909091
VH-00451,450,4,A,1,SUV,0.7807975087233305,78.07975087233305,True,0.35,8,ST-12 temperature x ST-15 vibration,Fail,1,S12_TEMP_X_S15_VIBRATION,44.495,4.434,3.3283299999999967,0.5754545454545454,0.4090909090909091
VH-00461,460,4,A,11,SUV,0.774418447595573,77.4418447595573,True,0.35,9,ST-12 temperature x ST-15 vibration,Fail,1,S12_TEMP_X_S15_VIBRATION,43.975,4.355,2.4786250000000023,0.5809090909090909,0.4090909090909091
VH-00473,472,4,A,23,SUV,0.7737614018251315,77.37614018251315,True,0.35,10,ST-12 temperature x ST-15 vibration,Fail,1,S12_TEMP_X_S15_VIBRATION,43.712,4.601,2.569712000000005,0.5827272727272728,0.4090909090909091
VH-00433,432,3,B,58,Compact,0.7629405921989367,76.29405921989367,True,0.35,11,ST-12 temperature x ST-15 vibration,Fail,1,S12_TEMP_X_S15_VIBRATION,45.862,4.184,4.186408000000002,0.5790909090909091,0.4090909090909091
VH-00437,436,3,B,62,Sedan,0.7568106204886188,75.68106204886188,True,0.35,12,ST-12 temperature x ST-15 vibration,Fail,1,S12_TEMP_X_S15_VIBRATION,45.999,4.245,4.578855000000003,0.5863636363636364,0.4090909090909091
VH-00471,470,4,A,21,Sedan,0.7450435498995701,74.50435498995701,True,0.35,13,ST-12 temperature x ST-15 vibration,Fail,1,S12_TEMP_X_S15_VIBRATION,43.508,4.679,2.3811320000000045,0.5754545454545454,0.4090909090909091
VH-00441,440,3,B,66,Sedan,0.7424011938739343,74.24011938739343,True,0.35,14,ST-12 temperature x ST-15 vibration,Fail,1,S12_TEMP_X_S15_VIBRATION,44.829,4.518,4.011522,0.5736363636363636,0.4090909090909091
VH-00467,466,4,A,17,Sedan,0.7330402781405764,73.30402781405763,True,0.35,15,ST-12 temperature x ST-15 vibration,Fail,1,S12_TEMP_X_S15_VIBRATION,44.657,4.596,3.9748719999999946,0.5790909090909091,0.4090909090909091
VH-00445,444,3,B,70,SUV,0.7244969606449024,72.44969606449024,True,0.35,16,ST-12 temperature x ST-15 vibration,Fail,1,S12_TEMP_X_S15_VIBRATION,46.034,4.18,4.3567199999999975,0.5754545454545454,0.4090909090909091
VH-00455,454,4,A,5,SUV,0.7201787802646556,72.01787802646557,True,0.35,17,High upstream cycle-time variation,Fail,1,S12_TEMP_X_S15_VIBRATION,40.427499999999995,4.727,0.0,0.5736363636363636,0.4090909090909091
VH-00489,488,4,A,39,Sedan,0.7041361325919802,70.41361325919802,True,0.35,18,ST-12 temperature x ST-15 vibration,Fail,1,S12_TEMP_X_S15_VIBRATION,43.473,4.776,2.468747999999998,0.5772727272727273,0.4090909090909091
VH-00435,434,3,B,60,SUV,0.6996444264421885,69.96444264421885,True,0.35,19,ST-12 temperature x ST-15 vibration,Fail,1,S12_TEMP_X_S15_VIBRATION,45.993,4.252,4.599936000000001,0.5736363636363636,0.4090909090909091
VH-00407,406,3,B,32,SUV,0.6985546706863321,69.85546706863322,True,0.35,20,ST-12 temperature x ST-15 vibration,Fail,1,S12_TEMP_X_S15_VIBRATION,45.11,4.1,3.109999999999998,0.5863636363636364,0.4090909090909091
VH-00516,515,4,A,66,Compact,0.6949701535449173,69.49701535449174,True,0.35,21,ST-12 temperature x ST-15 vibration,Fail,1,S12_TEMP_X_S15_VIBRATION,43.088,4.401,1.415488000000001,0.5754545454545454,0.4090909090909091
VH-00491,490,4,A,41,SUV,0.6662797640074101,66.627976400741,True,0.35,22,High upstream cycle-time variation,Fail,1,S12_TEMP_X_S15_VIBRATION,40.427499999999995,4.453,0.0,0.5754545454545454,0.4090909090909091
VH-00342,341,3,A,42,SUV,0.6502252014476392,65.02252014476392,True,0.35,23,High upstream cycle-time variation,Fail,1,LOW_CONFIDENCE_MULTI_CAUSAL,40.485,2.876,0.0,0.5809090909090909,0.4090909090909091
VH-00650,649,5,A,50,Sedan,0.6368060747579183,63.68060747579183,True,0.35,24,High upstream cycle-time variation,Fail,1,MANUAL_FIT_CHECK_VARIATION,40.202,1.884,0.0,0.5790909090909091,0.4090909090909091
VH-00428,427,3,B,53,Truck,0.6365776193991813,63.65776193991813,True,0.35,25,ST-12 temperature x ST-15 vibration,Fail,1,S12_TEMP_X_S15_VIBRATION,45.914,3.909,3.166426,0.5827272727272728,0.4090909090909091
VH-00630,629,5,A,30,SUV,0.6293867115357635,62.93867115357635,True,0.35,26,High upstream cycle-time variation,Fail,1,MANUAL_FIT_CHECK_VARIATION,39.522,2.495,0.0,0.5809090909090909,0.4090909090909091
VH-00511,510,4,A,61,Sedan,0.6219620087874795,62.19620087874795,True,0.35,27,High upstream cycle-time variation,Fail,1,LOW_CONFIDENCE_MULTI_CAUSAL,43.021,4.359,1.2854390000000009,0.5827272727272728,0.4090909090909091
VH-00372,371,3,A,72,SUV,0.6212675479892262,62.126754798922626,True,0.35,28,High upstream cycle-time variation,Fail,1,LOW_CONFIDENCE_MULTI_CAUSAL,43.28,3.515,0.5312000000000006,0.5790909090909091,0.4090909090909091
VH-00318,317,3,A,18,SUV,0.6211091142285836,62.110911422858365,True,0.35,29,High upstream cycle-time variation,Fail,1,LOW_CONFIDENCE_MULTI_CAUSAL,39.732,2.246,0.0,0.5772727272727273,0.4090909090909091
VH-00765,764,6,A,15,SUV,0.6136600287820613,61.366002878206125,True,0.35,30,High upstream cycle-time variation,Fail,1,LOW_CONFIDENCE_MULTI_CAUSAL,38.029,2.341,0.0,0.5754545454545454,0.4090909090909091
VH-00755,754,6,A,5,Compact,0.6080266120177829,60.802661201778285,True,0.35,31,High upstream cycle-time variation,Fail,1,PAINT_ENVIRONMENT_VARIATION,38.403,2.246,0.0,0.5754545454545454,0.4090909090909091
VH-00452,451,4,A,2,Sedan,0.6063542627514691,60.63542627514691,True,0.35,32,ST-12 temperature x ST-15 vibration,Fail,1,S12_TEMP_X_S15_VIBRATION,44.896,4.59,4.315040000000001,0.5790909090909091,0.4090909090909091
VH-00774,773,6,A,24,Sedan,0.602608660609606,60.2608660609606,True,0.35,33,High upstream cycle-time variation,Fail,1,MANUAL_FIT_CHECK_VARIATION,39.61,1.922,0.0,0.5754545454545454,0.4090909090909091
VH-00430,429,3,B,55,Truck,0.5996719891352972,59.96719891352972,True,0.35,34,ST-12 temperature x ST-15 vibration,Pass,0,NONE,45.93,4.572,5.78496,0.5772727272727273,0.4090909090909091
VH-00115,114,1,B,40,Compact,0.5990929590687911,59.90929590687911,True,0.35,35,High upstream cycle-time variation,Fail,1,LOW_CONFIDENCE_MULTI_CAUSAL,40.384,2.372,0.0,0.5809090909090909,0.4090909090909091
VH-00174,173,2,A,24,Truck,0.5891489933555001,58.91489933555001,True,0.35,36,High upstream cycle-time variation,Fail,1,LOW_CONFIDENCE_MULTI_CAUSAL,40.78,1.667,0.0,0.5772727272727273,0.4090909090909091
VH-00487,486,4,A,37,Sedan,0.5861088031393793,58.610880313937926,True,0.35,37,ST-12 temperature x ST-15 vibration,Pass,0,NONE,43.566,4.714,2.5275240000000045,0.5772727272727273,0.4090909090909091
VH-00221,220,2,A,71,Sedan,0.5860585975782517,58.60585975782517,True,0.35,38,High upstream cycle-time variation,Fail,1,LOW_CONFIDENCE_MULTI_CAUSAL,39.238,2.221,0.0,0.5809090909090909,0.4090909090909091
VH-00845,844,6,B,20,Sedan,0.5732572744405219,57.32572744405219,True,0.35,39,High upstream cycle-time variation,Fail,1,LOW_CONFIDENCE_MULTI_CAUSAL,41.573,1.97,0.0,0.5790909090909091,0.4090909090909091
VH-00776,775,6,A,26,SUV,0.570735334187574,57.07353341875741,True,0.35,40,High upstream cycle-time variation,Fail,1,LOW_CONFIDENCE_MULTI_CAUSAL,39.187,1.995,0.0,0.5790909090909091,0.4090909090909091
VH-00796,795,6,A,46,Sedan,0.5705974101497594,57.05974101497594,True,0.35,41,High upstream cycle-time variation,Fail,1,FINAL_TORQUE_VARIATION,39.545,1.854,0.0,0.5718181818181818,0.4090909090909091
VH-00476,475,4,A,26,SUV,0.5587644848861775,55.87644848861775,True,0.35,42,ST-12 temperature x ST-15 vibration,Pass,0,NONE,44.823,4.823,4.864029000000001,0.5754545454545454,0.4090909090909091
VH-00561,560,4,B,36,Sedan,0.553371630197797,55.3371630197797,True,0.35,43,Low-confidence sparse telemetry,Fail,1,MANUAL_FIT_CHECK_VARIATION,41.385,3.393,0.0,0.5772727272727273,0.4090909090909091
VH-00448,447,3,B,73,SUV,0.5315535846117244,53.15535846117244,True,0.35,44,ST-12 temperature x ST-15 vibration,Pass,0,NONE,44.778,4.382,3.561395999999997,0.5772727272727273,0.4090909090909091
VH-00488,487,4,A,38,Compact,0.5179887153686475,51.79887153686475,True,0.35,45,ST-12 temperature x ST-15 vibration,Pass,0,NONE,43.903,5.091,3.7888729999999975,0.5809090909090909,0.4090909090909091
VH-00453,452,4,A,3,Compact,0.5019713411273155,50.19713411273155,True,0.35,46,ST-12 temperature x ST-15 vibration,Fail,1,S12_TEMP_X_S15_VIBRATION,44.972,4.286,3.524792,0.5772727272727273,0.4090909090909091
VH-00436,435,3,B,61,Compact,0.4642593447951617,46.425934479516165,True,0.35,47,ST-12 temperature x ST-15 vibration,Fail,1,S12_TEMP_X_S15_VIBRATION,46.063,4.266,4.737458000000003,0.5790909090909091,0.4090909090909091
VH-00472,471,4,A,22,Compact,0.46161317867514556,46.161317867514555,True,0.35,48,ST-12 temperature x ST-15 vibration,Pass,0,NONE,43.766,4.734,2.885643999999997,0.5718181818181818,0.4090909090909091
VH-00482,481,4,A,32,Sedan,0.44204373772459216,44.20437377245921,True,0.35,49,ST-12 temperature x ST-15 vibration,Pass,0,NONE,43.895,4.466,2.5885700000000043,0.5827272727272728,0.4090909090909091
VH-00480,479,4,A,30,SUV,0.4368526697012632,43.68526697012632,True,0.35,50,ST-12 temperature x ST-15 vibration,Pass,0,NONE,44.456,4.711,3.9566160000000052,0.5754545454545454,0.4090909090909091
VH-00494,493,4,A,44,Truck,0.4190768952441142,41.90768952441142,True,0.35,51,High upstream cycle-time variation,Pass,0,NONE,42.975,4.448,1.3143000000000022,0.5772727272727273,0.4090909090909091
VH-00398,397,3,B,23,SUV,0.4129715743362643,41.29715743362643,True,0.35,52,ST-12 temperature x ST-15 vibration,Fail,1,S12_TEMP_X_S15_VIBRATION,45.835,3.958,3.290430000000001,0.5790909090909091,0.4090909090909091
VH-00444,443,3,B,69,Compact,0.4122512685594,41.22512685594,True,0.35,53,ST-12 temperature x ST-15 vibration,Pass,0,NONE,44.868,4.524,4.084032000000003,0.5754545454545454,0.4090909090909091
VH-00456,455,4,A,6,Compact,0.40776432345825603,40.776432345825604,True,0.35,54,ST-12 temperature x ST-15 vibration,Fail,1,S12_TEMP_X_S15_VIBRATION,44.46,4.286,2.91756,0.5736363636363636,0.4090909090909091
VH-00449,448,3,B,74,Sedan,0.39329905734741494,39.329905734741494,True,0.35,55,ST-12 temperature x ST-15 vibration,Pass,0,NONE,45.509,4.263,4.080966999999999,0.5772727272727273,0.4090909090909091
VH-00429,428,3,B,54,SUV,0.38738659206645015,38.73865920664502,True,0.35,56,ST-12 temperature x ST-15 vibration,Pass,0,NONE,46.331,4.215,4.829065000000003,0.5772727272727273,0.4090909090909091
VH-00425,424,3,B,50,Sedan,0.3802987770603281,38.02987770603281,True,0.35,57,ST-12 temperature x ST-15 vibration,Pass,0,NONE,44.857,4.252,3.291263999999998,0.5790909090909091,0.4090909090909091
VH-00457,456,4,A,7,SUV,0.3741401782756759,37.41401782756759,True,0.35,58,ST-12 temperature x ST-15 vibration,Pass,0,NONE,44.171,4.492,3.022031999999999,0.5772727272727273,0.4090909090909091
VH-00431,430,3,B,56,Sedan,0.36956429155639875,36.956429155639874,True,0.35,59,ST-12 temperature x ST-15 vibration,Pass,0,NONE,46.749,4.36,5.983740000000004,0.5809090909090909,0.4090909090909091
VH-00474,473,4,A,24,SUV,0.35313143290796944,35.313143290796944,True,0.35,60,ST-12 temperature x ST-15 vibration,Pass,0,NONE,43.473,4.482,2.0356859999999988,0.5754545454545454,0.4090909090909091
VH-00423,422,3,B,48,Compact,0.343682126996379,34.3682126996379,False,0.35,61,ST-12 temperature x ST-15 vibration,Pass,0,NONE,45.472,4.018,3.1872960000000004,0.5754545454545454,0.4090909090909091
VH-00484,483,4,A,34,SUV,0.33448526681383717,33.44852668138372,False,0.35,62,ST-12 temperature x ST-15 vibration,Pass,0,NONE,43.361,4.515,1.9258149999999954,0.5809090909090909,0.4090909090909091
VH-00495,494,4,A,45,Truck,0.3334330907267,33.34330907267,False,0.35,63,High upstream cycle-time variation,Pass,0,NONE,42.078,5.094,0.15553200000000592,0.5790909090909091,0.4090909090909091
VH-00468,467,4,A,18,SUV,0.3141317747992414,31.413177479924144,False,0.35,64,ST-12 temperature x ST-15 vibration,Pass,0,NONE,43.387,4.388,1.7864560000000003,0.5827272727272728,0.4090909090909091
VH-00492,491,4,A,42,Compact,0.31329372278961837,31.329372278961838,False,0.35,65,ST-12 temperature x ST-15 vibration,Pass,0,NONE,43.446,4.596,2.163215999999997,0.5827272727272728,0.4090909090909091
VH-00466,465,4,A,16,SUV,0.3112443453175548,31.12443453175548,False,0.35,66,ST-12 temperature x ST-15 vibration,Pass,0,NONE,44.087,4.243,2.385441000000004,0.5772727272727273,0.4090909090909091
VH-00424,423,3,B,49,SUV,0.3083302746322001,30.83302746322001,False,0.35,67,ST-12 temperature x ST-15 vibration,Pass,0,NONE,47.434,4.081,5.330753999999999,0.5790909090909091,0.4090909090909091
VH-00460,459,4,A,10,Sedan,0.293610102950144,29.3610102950144,False,0.35,68,ST-12 temperature x ST-15 vibration,Pass,0,NONE,44.219,4.436,2.964584000000001,0.57,0.4090909090909091
VH-00514,513,4,A,64,SUV,0.2914149249502652,29.141492495026522,False,0.35,69,High upstream cycle-time variation,Pass,0,NONE,41.326,4.266,0.0,0.5754545454545454,0.4090909090909091
VH-00481,480,4,A,31,SUV,0.28917424782518414,28.917424782518413,False,0.35,70,ST-12 temperature x ST-15 vibration,Pass,0,NONE,44.029,4.546,2.933934000000005,0.5809090909090909,0.4090909090909091
VH-00415,414,3,B,40,Compact,0.2869080676326636,28.69080676326636,False,0.35,71,ST-12 temperature x ST-15 vibration,Pass,0,NONE,45.915,4.325,4.795875,0.5809090909090909,0.4090909090909091
VH-00400,399,3,B,25,SUV,0.2722311385576267,27.22311385576267,False,0.35,72,ST-12 temperature x ST-15 vibration,Pass,0,NONE,44.243,3.993,2.0029990000000013,0.5772727272727273,0.4090909090909091
VH-00447,446,3,B,72,SUV,0.27114100399436053,27.114100399436055,False,0.35,73,ST-12 temperature x ST-15 vibration,Pass,0,NONE,44.143,4.46,2.9144800000000006,0.5772727272727273,0.4090909090909091
VH-00442,441,3,B,67,Compact,0.2675731357109084,26.75731357109084,False,0.35,74,ST-12 temperature x ST-15 vibration,Pass,0,NONE,46.244,4.134,4.388296,0.5772727272727273,0.4090909090909091
VH-00506,505,4,A,56,SUV,0.26453593371855677,26.45359337185568,False,0.35,75,ST-12 temperature x ST-15 vibration,Pass,0,NONE,44.205,4.353,2.762864999999997,0.5754545454545454,0.4090909090909091
VH-00422,421,3,B,47,SUV,0.2558917699195441,25.58917699195441,False,0.35,76,ST-12 temperature x ST-15 vibration,Pass,0,NONE,45.894,4.018,3.5746919999999975,0.5754545454545454,0.4090909090909091
VH-00459,458,4,A,9,Sedan,0.2479222559855238,24.79222559855238,False,0.35,77,ST-12 temperature x ST-15 vibration,Pass,0,NONE,44.18,4.388,2.8078399999999992,0.5754545454545454,0.4090909090909091
VH-00440,439,3,B,65,Sedan,0.2325252252215122,23.25252252215122,False,0.35,78,ST-12 temperature x ST-15 vibration,Pass,0,NONE,46.337,4.136,4.493132000000004,0.5790909090909091,0.4090909090909091
VH-00503,502,4,A,53,Compact,0.23186974491032322,23.186974491032323,False,0.35,79,ST-12 temperature x ST-15 vibration,Fail,1,S12_TEMP_X_S15_VIBRATION,43.012,4.702,1.6212240000000007,0.5827272727272728,0.4090909090909091
VH-00510,509,4,A,60,Compact,0.2289536203967441,22.89536203967441,False,0.35,80,ST-12 temperature x ST-15 vibration,Pass,0,NONE,43.031,4.641,1.5887709999999982,0.5790909090909091,0.4090909090909091
VH-00350,349,3,A,50,SUV,0.2205047925646026,22.05047925646026,False,0.35,81,High upstream cycle-time variation,Pass,0,NONE,44.077,3.267,0.3468589999999993,0.5809090909090909,0.4090909090909091
VH-00504,503,4,A,54,Compact,0.21853280735830147,21.853280735830147,False,0.35,82,ST-12 temperature x ST-15 vibration,Pass,0,NONE,43.564,4.436,2.089504,0.5827272727272728,0.4090909090909091
VH-00439,438,3,B,64,Compact,0.21778381145747006,21.778381145747005,False,0.35,83,ST-12 temperature x ST-15 vibration,Pass,0,NONE,45.114,4.18,3.363119999999996,0.5772727272727273,0.4090909090909091
VH-00469,468,4,A,19,Compact,0.21704362359517726,21.704362359517727,False,0.35,84,ST-12 temperature x ST-15 vibration,Pass,0,NONE,43.736,4.653,2.6960079999999946,0.5754545454545454,0.4090909090909091
VH-00507,506,4,A,57,SUV,0.21420073284251587,21.420073284251586,False,0.35,85,High upstream cycle-time variation,Pass,0,NONE,42.76,4.537,1.092119999999997,0.5772727272727273,0.4090909090909091
VH-00465,464,4,A,15,Sedan,0.21012459551655002,21.012459551655002,False,0.35,86,High upstream cycle-time variation,Pass,0,NONE,40.427499999999995,4.81,0.0,0.5772727272727273,0.4090909090909091
VH-00498,497,4,A,48,SUV,0.2072153863236945,20.721538632369448,False,0.35,87,High upstream cycle-time variation,Pass,0,NONE,42.749,4.246,0.858354000000003,0.5790909090909091,0.4090909090909091
VH-00463,462,4,A,13,Compact,0.20074515123379308,20.074515123379307,False,0.35,88,High upstream cycle-time variation,Pass,0,NONE,42.33,4.451,0.44582999999999756,0.5809090909090909,0.4090909090909091
VH-00500,499,4,A,50,SUV,0.1995722256954445,19.95722256954445,False,0.35,89,High upstream cycle-time variation,Pass,0,NONE,42.304,4.42,0.40128000000000263,0.5736363636363636,0.4090909090909091
VH-00417,416,3,B,42,Compact,0.19865321805583414,19.865321805583413,False,0.35,90,ST-12 temperature x ST-15 vibration,Pass,0,NONE,45.358,4.016,3.075927999999997,0.5809090909090909,0.4090909090909091
VH-00502,501,4,A,52,SUV,0.19704210301283787,19.704210301283787,False,0.35,91,High upstream cycle-time variation,Pass,0,NONE,42.953,4.082,0.9358460000000027,0.5772727272727273,0.4090909090909091
VH-00475,474,4,A,25,Sedan,0.19508296328517027,19.508296328517027,False,0.35,92,ST-12 temperature x ST-15 vibration,Pass,0,NONE,44.209,4.539,3.1787510000000037,0.5772727272727273,0.4090909090909091
VH-00766,765,6,A,16,SUV,0.19499944246619644,19.499944246619645,False,0.35,93,High upstream cycle-time variation,Pass,0,NONE,39.786,2.095,0.0,0.5754545454545454,0.4090909090909091
VH-00450,449,3,B,75,Sedan,0.19070148943041043,19.070148943041044,False,0.35,94,ST-12 temperature x ST-15 vibration,Pass,0,NONE,44.078,4.27,2.431260000000002,0.5790909090909091,0.4090909090909091
VH-00478,477,4,A,28,Sedan,0.18969686269832806,18.969686269832806,False,0.35,95,High upstream cycle-time variation,Pass,0,NONE,43.008,4.443,1.3537440000000032,0.5845454545454545,0.4090909090909091
VH-00414,413,3,B,39,Truck,0.1841359324434028,18.41359324434028,False,0.35,96,ST-12 temperature x ST-15 vibration,Pass,0,NONE,46.755,3.899,3.7992450000000018,0.5827272727272728,0.4090909090909091
VH-00486,485,4,A,36,Sedan,0.18070619274825428,18.07061927482543,False,0.35,97,ST-12 temperature x ST-15 vibration,Pass,0,NONE,43.581,4.751,2.6102310000000055,0.5845454545454545,0.4090909090909091
VH-00499,498,4,A,49,Truck,0.17770649014609632,17.77064901460963,False,0.35,98,High upstream cycle-time variation,Pass,0,NONE,42.476,4.309,0.5754839999999989,0.5790909090909091,0.4090909090909091
VH-00525,524,4,A,75,SUV,0.16713503316757547,16.713503316757546,False,0.35,99,High upstream cycle-time variation,Pass,0,NONE,40.427499999999995,3.996,0.0,0.5754545454545454,0.4090909090909091
VH-00464,463,4,A,14,Compact,0.165999791513339,16.599979151333898,False,0.35,100,ST-12 temperature x ST-15 vibration,Pass,0,NONE,43.429,4.185,1.5504650000000015,0.5772727272727273,0.4090909090909091
VH-00625,624,5,A,25,SUV,0.16515703188226266,16.515703188226265,False,0.35,101,High upstream cycle-time variation,Pass,0,NONE,39.781,2.301,0.0,0.5754545454545454,0.4090909090909091
VH-00688,687,5,B,13,Truck,0.16454148462514243,16.454148462514244,False,0.35,102,High upstream cycle-time variation,Pass,0,NONE,40.096,2.347,0.0,0.5736363636363636,0.4090909090909091
VH-00427,426,3,B,52,SUV,0.16446704777251978,16.446704777251977,False,0.35,103,ST-12 temperature x ST-15 vibration,Pass,0,NONE,46.389,3.914,3.5726460000000024,0.5754545454545454,0.4090909090909091
VH-00247,246,2,B,22,Truck,0.16155035314813201,16.1550353148132,False,0.35,104,High upstream cycle-time variation,Pass,0,NONE,41.445,1.86,0.0,0.5809090909090909,0.4090909090909091
VH-00483,482,4,A,33,Sedan,0.16052219737883072,16.05221973788307,False,0.35,105,High upstream cycle-time variation,Pass,0,NONE,42.828,4.628,1.2651840000000045,0.5772727272727273,0.4090909090909091
VH-00823,822,6,A,73,Truck,0.15806046201249177,15.806046201249178,False,0.35,106,High upstream cycle-time variation,Pass,0,NONE,38.471,1.907,0.0,0.5845454545454545,0.4090909090909091
VH-00028,27,1,A,28,SUV,0.15552266691749114,15.552266691749114,False,0.35,107,High upstream cycle-time variation,Pass,0,NONE,37.988,2.269,0.0,0.5772727272727273,0.4090909090909091
VH-00490,489,4,A,40,Compact,0.1524390699934032,15.24390699934032,False,0.35,108,High upstream cycle-time variation,Pass,0,NONE,42.172,4.595,0.25713999999999554,0.5736363636363636,0.4090909090909091
VH-00397,396,3,B,22,Truck,0.1524165858505521,15.241658585055209,False,0.35,109,High upstream cycle-time variation,Pass,0,NONE,43.877,3.617,0.9704090000000011,0.5809090909090909,0.4090909090909091
VH-00401,400,3,B,26,Sedan,0.15203347629578337,15.203347629578337,False,0.35,110,High upstream cycle-time variation,Pass,0,NONE,40.427499999999995,3.639,0.0,0.5790909090909091,0.4090909090909091
VH-00421,420,3,B,46,Sedan,0.1501140121201163,15.011401212011629,False,0.35,111,ST-12 temperature x ST-15 vibration,Pass,0,NONE,45.333,3.9,2.666399999999998,0.5772727272727273,0.4090909090909091
VH-00505,504,4,A,55,Sedan,0.14712655276027423,14.712655276027423,False,0.35,112,High upstream cycle-time variation,Pass,0,NONE,41.447,4.553,0.0,0.5790909090909091,0.4090909090909091
VH-00446,445,3,B,71,Compact,0.1468377289032921,14.68377289032921,False,0.35,113,ST-12 temperature x ST-15 vibration,Pass,0,NONE,44.506,4.233,2.839297999999999,0.5772727272727273,0.4090909090909091
VH-00786,785,6,A,36,Sedan,0.14308777297347042,14.308777297347042,False,0.35,114,High upstream cycle-time variation,Pass,0,NONE,38.731,2.084,0.0,0.5809090909090909,0.4090909090909091
VH-00493,492,4,A,43,Compact,0.1430875157503874,14.30875157503874,False,0.35,115,High upstream cycle-time variation,Pass,0,NONE,42.698,4.534,1.0009320000000004,0.5772727272727273,0.4090909090909091
VH-00524,523,4,A,74,Truck,0.14034165318484976,14.034165318484975,False,0.35,116,High upstream cycle-time variation,Pass,0,NONE,41.836,4.416,0.0,0.5754545454545454,0.4090909090909091
VH-00784,783,6,A,34,Sedan,0.14018245737804216,14.018245737804216,False,0.35,117,High upstream cycle-time variation,Pass,0,NONE,40.195,2.011,0.0,0.5790909090909091,0.4090909090909091
VH-00384,383,3,B,9,SUV,0.1383302161949579,13.833021619495788,False,0.35,118,High upstream cycle-time variation,Pass,0,NONE,43.942,3.503,0.7826260000000002,0.5772727272727273,0.4090909090909091
VH-00769,768,6,A,19,Truck,0.1347439768456976,13.47439768456976,False,0.35,119,High upstream cycle-time variation,Pass,0,NONE,40.211,2.512,0.0,0.5772727272727273,0.4090909090909091
VH-00426,425,3,B,51,Compact,0.13034532641010355,13.034532641010355,False,0.35,120,ST-12 temperature x ST-15 vibration,Pass,0,NONE,45.262,4.172,3.496863999999999,0.5754545454545454,0.4090909090909091
VH-00323,322,3,A,23,SUV,0.12959687897790523,12.959687897790523,False,0.35,121,High upstream cycle-time variation,Pass,0,NONE,41.814,2.331,0.0,0.5827272727272728,0.4090909090909091
VH-00635,634,5,A,35,SUV,0.12855480038043005,12.855480038043005,False,0.35,122,High upstream cycle-time variation,Pass,0,NONE,39.642,2.414,0.0,0.5718181818181818,0.4090909090909091
VH-00496,495,4,A,46,Compact,0.12841283010132126,12.841283010132127,False,0.35,123,High upstream cycle-time variation,Pass,0,NONE,41.773,4.551,0.0,0.5790909090909091,0.4090909090909091
VH-00537,536,4,B,12,Sedan,0.1273978589822529,12.73978589822529,False,0.35,124,High upstream cycle-time variation,Pass,0,NONE,41.469,4.228,0.0,0.5827272727272728,0.4090909090909091
VH-00462,461,4,A,12,Sedan,0.1259711161313723,12.59711161313723,False,0.35,125,High upstream cycle-time variation,Pass,0,NONE,42.947,4.464,1.291708000000004,0.5772727272727273,0.4090909090909091
VH-00632,631,5,A,32,Truck,0.12579054009236107,12.579054009236106,False,0.35,126,High upstream cycle-time variation,Pass,0,NONE,38.28,2.266,0.0,0.5772727272727273,0.4090909090909091
VH-00416,415,3,B,41,Compact,0.12404759654104447,12.404759654104447,False,0.35,127,ST-12 temperature x ST-15 vibration,Pass,0,NONE,46.051,3.716,2.4954160000000014,0.5809090909090909,0.4090909090909091
VH-00151,150,2,A,1,Sedan,0.12383736558951605,12.383736558951606,False,0.35,128,High upstream cycle-time variation,Pass,0,NONE,38.857,1.938,0.0,0.5754545454545454,0.4090909090909091
VH-00178,177,2,A,28,Truck,0.11885157515419983,11.885157515419984,False,0.35,129,High upstream cycle-time variation,Pass,0,NONE,39.423,2.021,0.0,0.5736363636363636,0.4090909090909091
VH-00612,611,5,A,12,Truck,0.11884114491505887,11.884114491505887,False,0.35,130,High upstream cycle-time variation,Pass,0,NONE,38.104,2.246,0.0,0.5772727272727273,0.4090909090909091
VH-00399,398,3,B,24,SUV,0.11812144990126626,11.812144990126626,False,0.35,131,ST-12 temperature x ST-15 vibration,Pass,0,NONE,46.069,3.549,1.8269810000000006,0.5772727272727273,0.4090909090909091
VH-00644,643,5,A,44,Truck,0.11767733118873251,11.76773311887325,False,0.35,132,High upstream cycle-time variation,Pass,0,NONE,39.514,1.905,0.0,0.5790909090909091,0.4090909090909091
VH-00413,412,3,B,38,Compact,0.11672147825446286,11.672147825446286,False,0.35,133,ST-12 temperature x ST-15 vibration,Pass,0,NONE,45.738,3.957,3.203465999999999,0.5809090909090909,0.4090909090909091
VH-00783,782,6,A,33,SUV,0.1161450331931918,11.61450331931918,False,0.35,134,High upstream cycle-time variation,Pass,0,NONE,39.774,2.179,0.0,0.5809090909090909,0.4090909090909091
VH-00410,409,3,B,35,Truck,0.11485517533031533,11.485517533031533,False,0.35,135,ST-12 temperature x ST-15 vibration,Pass,0,NONE,45.297,3.831,2.4101069999999973,0.5790909090909091,0.4090909090909091
VH-00412,411,3,B,37,SUV,0.11355652056547552,11.355652056547552,False,0.35,136,ST-12 temperature x ST-15 vibration,Pass,0,NONE,45.251,3.821,2.3439709999999985,0.5754545454545454,0.4090909090909091
VH-00477,476,4,A,27,SUV,0.11161172419095582,11.161172419095582,False,0.35,137,High upstream cycle-time variation,Pass,0,NONE,41.663,4.118,0.0,0.5772727272727273,0.4090909090909091
VH-00214,213,2,A,64,SUV,0.11080955252315494,11.080955252315494,False,0.35,138,High upstream cycle-time variation,Pass,0,NONE,39.091,2.097,0.0,0.5790909090909091,0.4090909090909091
VH-00034,33,1,A,34,SUV,0.1090264068200158,10.90264068200158,False,0.35,139,High upstream cycle-time variation,Pass,0,NONE,39.162,2.204,0.0,0.5772727272727273,0.4090909090909091
VH-00668,667,5,A,68,SUV,0.10896884200115536,10.896884200115537,False,0.35,140,High upstream cycle-time variation,Pass,0,NONE,41.69,1.744,0.0,0.5736363636363636,0.4090909090909091
VH-00002,1,1,A,2,SUV,0.10677441981450338,10.677441981450338,False,0.35,141,High upstream cycle-time variation,Pass,0,NONE,40.557,1.98,0.0,0.5809090909090909,0.4090909090909091
VH-00530,529,4,B,5,Compact,0.10651715675874941,10.651715675874941,False,0.35,142,High upstream cycle-time variation,Pass,0,NONE,42.922,3.933,0.7680259999999973,0.5809090909090909,0.4090909090909091
VH-00813,812,6,A,63,SUV,0.10614528979892554,10.614528979892555,False,0.35,143,High upstream cycle-time variation,Pass,0,NONE,38.297,2.122,0.0,0.5718181818181818,0.4090909090909091
VH-00816,815,6,A,66,Truck,0.10607361978976376,10.607361978976376,False,0.35,144,High upstream cycle-time variation,Pass,0,NONE,39.331,2.07,0.0,0.5772727272727273,0.4090909090909091
VH-00764,763,6,A,14,Truck,0.10550231771544574,10.550231771544574,False,0.35,145,High upstream cycle-time variation,Pass,0,NONE,40.427499999999995,2.299,0.0,0.5754545454545454,0.4090909090909091
VH-00419,418,3,B,44,Compact,0.10513799687078007,10.513799687078007,False,0.35,146,ST-12 temperature x ST-15 vibration,Pass,0,NONE,46.52,3.797,3.1504400000000023,0.5772727272727273,0.4090909090909091
VH-00606,605,5,A,6,Truck,0.10511474498126804,10.511474498126804,False,0.35,147,High upstream cycle-time variation,Pass,0,NONE,39.26,2.661,0.0,0.5772727272727273,0.4090909090909091
VH-00602,601,5,A,2,Sedan,0.10509131141153519,10.509131141153519,False,0.35,148,High upstream cycle-time variation,Pass,0,NONE,40.149,2.989,0.0,0.5736363636363636,0.4090909090909091
VH-00059,58,1,A,59,Truck,0.10481842527322956,10.481842527322955,False,0.35,149,High upstream cycle-time variation,Pass,0,NONE,39.497,1.942,0.0,0.5772727272727273,0.4090909090909091
VH-00497,496,4,A,47,Sedan,0.10348883860993309,10.34888386099331,False,0.35,150,High upstream cycle-time variation,Pass,0,NONE,41.889,4.523,0.0,0.5790909090909091,0.4090909090909091
VH-00860,859,6,B,35,Sedan,0.10286267554144579,10.28626755414458,False,0.35,151,High upstream cycle-time variation,Pass,0,NONE,38.342,1.766,0.0,0.5790909090909091,0.4090909090909091
VH-00405,404,3,B,30,Sedan,0.10169101648971277,10.169101648971276,False,0.35,152,ST-12 temperature x ST-15 vibration,Pass,0,NONE,45.174,3.595,1.5711300000000001,0.5790909090909091,0.4090909090909091
VH-00810,809,6,A,60,Sedan,0.10142801803889374,10.142801803889375,False,0.35,153,High upstream cycle-time variation,Pass,0,NONE,39.449,1.978,0.0,0.5754545454545454,0.4090909090909091
VH-00040,39,1,A,40,SUV,0.10072578175641268,10.072578175641269,False,0.35,154,High upstream cycle-time variation,Pass,0,NONE,38.583,1.808,0.0,0.5772727272727273,0.4090909090909091
VH-00529,528,4,B,4,Truck,0.09990593139801364,9.990593139801364,False,0.35,155,High upstream cycle-time variation,Pass,0,NONE,42.519,3.653,0.28700699999999907,0.5718181818181818,0.4090909090909091
VH-00180,179,2,A,30,SUV,0.09873906617960683,9.873906617960683,False,0.35,156,High upstream cycle-time variation,Pass,0,NONE,38.933,2.246,0.0,0.5718181818181818,0.4090909090909091
VH-00540,539,4,B,15,SUV,0.09831823641803863,9.831823641803863,False,0.35,157,High upstream cycle-time variation,Pass,0,NONE,42.116,3.893,0.0919879999999997,0.5827272727272728,0.4090909090909091
VH-00263,262,2,B,38,Sedan,0.09824611153468606,9.824611153468606,False,0.35,158,High upstream cycle-time variation,Pass,0,NONE,41.549,2.146,0.0,0.5754545454545454,0.4090909090909091
VH-00753,752,6,A,3,SUV,0.0975243233305945,9.752432333059451,False,0.35,159,High upstream cycle-time variation,Pass,0,NONE,38.948,2.136,0.0,0.5809090909090909,0.4090909090909091
VH-00396,395,3,B,21,Truck,0.0970437548873404,9.70437548873404,False,0.35,160,High upstream cycle-time variation,Pass,0,NONE,43.298,3.581,0.6243380000000007,0.5845454545454545,0.4090909090909091
VH-00640,639,5,A,40,SUV,0.09687267857219499,9.6872678572195,False,0.35,161,High upstream cycle-time variation,Pass,0,NONE,38.241,2.246,0.0,0.5809090909090909,0.4090909090909091
VH-00809,808,6,A,59,SUV,0.09633017447115833,9.633017447115833,False,0.35,162,High upstream cycle-time variation,Pass,0,NONE,39.733,2.029,0.0,0.5754545454545454,0.4090909090909091
VH-00676,675,5,B,1,Sedan,0.09594291518315824,9.594291518315824,False,0.35,163,Low-confidence sparse telemetry,Pass,0,NONE,39.61,1.899,0.0,0.5772727272727273,0.4090909090909091
VH-00519,518,4,A,69,Sedan,0.0958389570617631,9.58389570617631,False,0.35,164,High upstream cycle-time variation,Pass,0,NONE,41.024,4.106,0.0,0.5736363636363636,0.4090909090909091
VH-00701,700,5,B,26,SUV,0.0956361524323441,9.563615243234409,False,0.35,165,High upstream cycle-time variation,Pass,0,NONE,40.888,2.298,0.0,0.5772727272727273,0.4090909090909091
VH-00820,819,6,A,70,SUV,0.09533209209009971,9.533209209009971,False,0.35,166,High upstream cycle-time variation,Pass,0,NONE,40.08,1.83,0.0,0.5772727272727273,0.4090909090909091
VH-00229,228,2,B,4,Truck,0.09462175517201338,9.462175517201338,False,0.35,167,High upstream cycle-time variation,Pass,0,NONE,40.956,1.597,0.0,0.5718181818181818,0.4090909090909091
VH-00394,393,3,B,19,Truck,0.09406526611023427,9.406526611023427,False,0.35,168,High upstream cycle-time variation,Pass,0,NONE,44.61,3.361,0.6812100000000002,0.5809090909090909,0.4090909090909091
VH-00244,243,2,B,19,SUV,0.0938361603261733,9.38361603261733,False,0.35,169,High upstream cycle-time variation,Pass,0,NONE,39.867,1.951,0.0,0.5772727272727273,0.4090909090909091
VH-00458,457,4,A,8,Truck,0.09375553803098059,9.37555380309806,False,0.35,170,High upstream cycle-time variation,Pass,0,NONE,44.454,2.246,0.0,0.5809090909090909,0.4090909090909091
VH-00533,532,4,B,8,SUV,0.09359381938294657,9.359381938294657,False,0.35,171,High upstream cycle-time variation,Pass,0,NONE,42.304,3.767,0.2027680000000013,0.5790909090909091,0.4090909090909091
VH-00893,892,6,B,68,SUV,0.09248032642703982,9.248032642703983,False,0.35,172,High upstream cycle-time variation,Pass,0,NONE,41.216,1.863,0.0,0.5736363636363636,0.4090909090909091
VH-00191,190,2,A,41,SUV,0.09185325436207015,9.185325436207014,False,0.35,173,High upstream cycle-time variation,Pass,0,NONE,39.531,2.375,0.0,0.5754545454545454,0.4090909090909091
VH-00743,742,5,B,68,Sedan,0.09105673759184744,9.105673759184745,False,0.35,174,High upstream cycle-time variation,Pass,0,NONE,39.287,1.947,0.0,0.5772727272727273,0.4090909090909091
VH-00539,538,4,B,14,Sedan,0.09022111983851681,9.022111983851682,False,0.35,175,High upstream cycle-time variation,Pass,0,NONE,43.055,4.113,1.068715,0.5772727272727273,0.4090909090909091
VH-00667,666,5,A,67,SUV,0.08984506226213412,8.984506226213412,False,0.35,176,High upstream cycle-time variation,Pass,0,NONE,40.712,1.976,0.0,0.5790909090909091,0.4090909090909091
VH-00026,25,1,A,26,Truck,0.08925011609540619,8.925011609540618,False,0.35,177,Low-confidence sparse telemetry,Pass,0,NONE,39.35,2.137,0.0,0.5772727272727273,0.4090909090909091
VH-00387,386,3,B,12,Compact,0.0890415227021831,8.90415227021831,False,0.35,178,High upstream cycle-time variation,Pass,0,NONE,44.772,3.605,1.399859999999999,0.5790909090909091,0.4090909090909091
VH-00336,335,3,A,36,SUV,0.0887575378504097,8.87575378504097,False,0.35,179,High upstream cycle-time variation,Pass,0,NONE,41.112,2.8,0.0,0.5772727272727273,0.4090909090909091
VH-00501,500,4,A,51,Compact,0.08875485043902247,8.875485043902247,False,0.35,180,High upstream cycle-time variation,Fail,1,LOW_CONFIDENCE_MULTI_CAUSAL,42.117,4.307,0.14121899999999682,0.5809090909090909,0.4090909090909091
VH-00366,365,3,A,66,SUV,0.08844349837523505,8.844349837523504,False,0.35,181,High upstream cycle-time variation,Pass,0,NONE,43.339,3.294,0.25976599999999966,0.5809090909090909,0.4090909090909091
VH-00565,564,4,B,40,SUV,0.08808320505060743,8.808320505060744,False,0.35,182,High upstream cycle-time variation,Pass,0,NONE,41.214,3.528,0.0,0.5754545454545454,0.4090909090909091
VH-00547,546,4,B,22,Sedan,0.08799524178249157,8.799524178249158,False,0.35,183,High upstream cycle-time variation,Pass,0,NONE,40.368,3.654,0.0,0.5772727272727273,0.4090909090909091
VH-00549,548,4,B,24,Truck,0.08785058681534567,8.785058681534567,False,0.35,184,High upstream cycle-time variation,Pass,0,NONE,42.594,3.615,0.3059100000000007,0.5754545454545454,0.4090909090909091
VH-00045,44,1,A,45,Sedan,0.08729481903780911,8.729481903780911,False,0.35,185,High upstream cycle-time variation,Pass,0,NONE,38.643,2.194,0.0,0.5809090909090909,0.4090909090909091
VH-00022,21,1,A,22,SUV,0.0871675189712483,8.71675189712483,False,0.35,186,High upstream cycle-time variation,Pass,0,NONE,39.134,1.911,0.0,0.5772727272727273,0.4090909090909091
VH-00224,223,2,A,74,SUV,0.08696283429998232,8.696283429998232,False,0.35,187,High upstream cycle-time variation,Pass,0,NONE,37.804,2.26,0.0,0.5772727272727273,0.4090909090909091
VH-00513,512,4,A,63,Sedan,0.0860901632522207,8.60901632522207,False,0.35,188,High upstream cycle-time variation,Pass,0,NONE,42.473,4.137,0.4905009999999987,0.5772727272727273,0.4090909090909091
VH-00620,619,5,A,20,Sedan,0.08602736594865845,8.602736594865846,False,0.35,189,High upstream cycle-time variation,Pass,0,NONE,39.897,2.486,0.0,0.5772727272727273,0.4090909090909091
VH-00201,200,2,A,51,Truck,0.08576762258970713,8.576762258970714,False,0.35,190,High upstream cycle-time variation,Pass,0,NONE,39.308,2.127,0.0,0.5772727272727273,0.4090909090909091
VH-00512,511,4,A,62,Compact,0.08561125612062545,8.561125612062545,False,0.35,191,High upstream cycle-time variation,Pass,0,NONE,41.913,3.997,0.0,0.5772727272727273,0.4090909090909091
VH-00395,394,3,B,20,SUV,0.0853191671886767,8.53191671886767,False,0.35,192,High upstream cycle-time variation,Pass,0,NONE,45.163,3.464,1.1513319999999985,0.5754545454545454,0.4090909090909091
VH-00839,838,6,B,14,SUV,0.08463692972857308,8.463692972857308,False,0.35,193,High upstream cycle-time variation,Pass,0,NONE,40.812,2.194,0.0,0.5790909090909091,0.4090909090909091
VH-00787,786,6,A,37,SUV,0.08442490770541967,8.442490770541967,False,0.35,194,High upstream cycle-time variation,Pass,0,NONE,39.511,1.909,0.0,0.5736363636363636,0.4090909090909091
VH-00613,612,5,A,13,Compact,0.08426546677627228,8.426546677627227,False,0.35,195,High upstream cycle-time variation,Pass,0,NONE,39.67,2.971,0.0,0.5827272727272728,0.4090909090909091
VH-00824,823,6,A,74,Compact,0.08405693262607797,8.405693262607796,False,0.35,196,High upstream cycle-time variation,Pass,0,NONE,40.382,2.174,0.0,0.5736363636363636,0.4090909090909091
VH-00024,23,1,A,24,SUV,0.0836768362118352,8.36768362118352,False,0.35,197,High upstream cycle-time variation,Pass,0,NONE,40.427499999999995,2.193,0.0,0.5790909090909091,0.4090909090909091
VH-00531,530,4,B,6,Truck,0.08341221163890442,8.341221163890442,False,0.35,198,High upstream cycle-time variation,Pass,0,NONE,41.952,4.03,0.0,0.5790909090909091,0.4090909090909091
VH-00742,741,5,B,67,SUV,0.08303939641371405,8.303939641371406,False,0.35,199,High upstream cycle-time variation,Pass,0,NONE,40.234,2.145,0.0,0.5772727272727273,0.4090909090909091
VH-00812,811,6,A,62,Compact,0.08269022337608095,8.269022337608096,False,0.35,200,High upstream cycle-time variation,Pass,0,NONE,40.172,2.192,0.0,0.5845454545454545,0.4090909090909091
VH-00485,484,4,A,35,Compact,0.08258956031852843,8.258956031852843,False,0.35,201,High upstream cycle-time variation,Pass,0,NONE,42.678,4.429,0.9010619999999965,0.5790909090909091,0.4090909090909091
VH-00819,818,6,A,69,Sedan,0.08240859134612506,8.240859134612506,False,0.35,202,High upstream cycle-time variation,Pass,0,NONE,37.727,1.678,0.0,0.5772727272727273,0.4090909090909091
VH-00196,195,2,A,46,Truck,0.08204898115593794,8.204898115593794,False,0.35,203,High upstream cycle-time variation,Pass,0,NONE,40.295,1.994,0.0,0.5754545454545454,0.4090909090909091
VH-00794,793,6,A,44,Truck,0.08166540560918195,8.166540560918195,False,0.35,204,High upstream cycle-time variation,Pass,0,NONE,40.122,2.606,0.0,0.5845454545454545,0.4090909090909091
VH-00175,174,2,A,25,SUV,0.08164801615195875,8.164801615195875,False,0.35,205,High upstream cycle-time variation,Pass,0,NONE,38.582,2.164,0.0,0.5790909090909091,0.4090909090909091
VH-00738,737,5,B,63,Sedan,0.08163001527484734,8.163001527484735,False,0.35,206,High upstream cycle-time variation,Pass,0,NONE,42.08,1.726,0.0,0.5772727272727273,0.4090909090909091
VH-00192,191,2,A,42,Truck,0.08162918144331588,8.162918144331588,False,0.35,207,High upstream cycle-time variation,Pass,0,NONE,40.056,2.518,0.0,0.5736363636363636,0.4090909090909091
VH-00016,15,1,A,16,Sedan,0.08155063582137811,8.155063582137812,False,0.35,208,High upstream cycle-time variation,Pass,0,NONE,37.48,2.006,0.0,0.5790909090909091,0.4090909090909091
VH-00390,389,3,B,15,Compact,0.08131397872029096,8.131397872029096,False,0.35,209,ST-12 temperature x ST-15 vibration,Pass,0,NONE,43.929,4.075,1.880775000000002,0.5754545454545454,0.4090909090909091
VH-00273,272,2,B,48,SUV,0.08123641999365203,8.123641999365203,False,0.35,210,High upstream cycle-time variation,Pass,0,NONE,41.891,2.047,0.0,0.5845454545454545,0.4090909090909091
VH-00268,267,2,B,43,Sedan,0.08115891723533852,8.115891723533853,False,0.35,211,High upstream cycle-time variation,Pass,0,NONE,40.534,2.052,0.0,0.57,0.4090909090909091
VH-00383,382,3,B,8,Truck,0.08078664444813274,8.078664444813274,False,0.35,212,High upstream cycle-time variation,Pass,0,NONE,45.269,2.246,0.0,0.5754545454545454,0.4090909090909091
VH-00762,761,6,A,12,Sedan,0.08067637953784271,8.06763795378427,False,0.35,213,High upstream cycle-time variation,Pass,0,NONE,40.308,2.31,0.0,0.5790909090909091,0.4090909090909091
VH-00210,209,2,A,60,Truck,0.07973058727718463,7.973058727718463,False,0.35,214,High upstream cycle-time variation,Pass,0,NONE,39.816,2.254,0.0,0.5809090909090909,0.4090909090909091
VH-00827,826,6,B,2,Truck,0.07919805379512806,7.919805379512806,False,0.35,215,High upstream cycle-time variation,Pass,0,NONE,40.965,1.734,0.0,0.5736363636363636,0.4090909090909091
VH-00018,17,1,A,18,SUV,0.078804269452202,7.8804269452202,False,0.35,216,High upstream cycle-time variation,Pass,0,NONE,37.794,2.499,0.0,0.5809090909090909,0.4090909090909091
VH-00509,508,4,A,59,Sedan,0.0785408808866756,7.85408808866756,False,0.35,217,High upstream cycle-time variation,Pass,0,NONE,42.424,3.936,0.3544639999999995,0.5772727272727273,0.4090909090909091
VH-00548,547,4,B,23,SUV,0.07847571483809115,7.847571483809116,False,0.35,218,High upstream cycle-time variation,Pass,0,NONE,41.797,4.003,0.0,0.5790909090909091,0.4090909090909091
VH-00800,799,6,A,50,Sedan,0.07843434573504306,7.843434573504306,False,0.35,219,High upstream cycle-time variation,Pass,0,NONE,39.939,2.083,0.0,0.5809090909090909,0.4090909090909091
VH-00541,540,4,B,16,Truck,0.07836820474074105,7.836820474074105,False,0.35,220,High upstream cycle-time variation,Pass,0,NONE,42.067,3.797,0.04669900000000012,0.5772727272727273,0.4090909090909091
VH-00411,410,3,B,36,Compact,0.07832942294232352,7.832942294232352,False,0.35,221,ST-12 temperature x ST-15 vibration,Pass,0,NONE,44.774,3.704,1.6754960000000008,0.5754545454545454,0.4090909090909091
VH-00176,175,2,A,26,Compact,0.07816919606402713,7.816919606402712,False,0.35,222,High upstream cycle-time variation,Pass,0,NONE,39.643,1.718,0.0,0.5772727272727273,0.4090909090909091
VH-00791,790,6,A,41,Sedan,0.07802465629948852,7.802465629948852,False,0.35,223,High upstream cycle-time variation,Pass,0,NONE,38.587,2.041,0.0,0.5754545454545454,0.4090909090909091
VH-00645,644,5,A,45,SUV,0.07794170861463998,7.794170861463997,False,0.35,224,High upstream cycle-time variation,Pass,0,NONE,40.236,2.008,0.0,0.5736363636363636,0.4090909090909091
VH-00634,633,5,A,34,Truck,0.07744978622499192,7.744978622499192,False,0.35,225,High upstream cycle-time variation,Pass,0,NONE,39.84,2.422,0.0,0.5827272727272728,0.4090909090909091
VH-00528,527,4,B,3,Compact,0.07717824574464323,7.717824574464323,False,0.35,226,High upstream cycle-time variation,Pass,0,NONE,42.963,3.823,0.6962490000000006,0.5809090909090909,0.4090909090909091
VH-00768,767,6,A,18,SUV,0.07701293209318724,7.701293209318724,False,0.35,227,High upstream cycle-time variation,Pass,0,NONE,40.48,2.183,0.0,0.5790909090909091,0.4090909090909091
VH-00251,250,2,B,26,SUV,0.07671279634595915,7.671279634595915,False,0.35,228,High upstream cycle-time variation,Pass,0,NONE,40.117,2.188,0.0,0.5790909090909091,0.4090909090909091
VH-00554,553,4,B,29,Compact,0.07654544597879757,7.654544597879758,False,0.35,229,Low-confidence sparse telemetry,Pass,0,NONE,41.31,3.806,0.0,0.5736363636363636,0.4090909090909091
VH-00615,614,5,A,15,Truck,0.07586524594726628,7.586524594726628,False,0.35,230,High upstream cycle-time variation,Pass,0,NONE,40.759,2.666,0.0,0.5772727272727273,0.4090909090909091
VH-00756,755,6,A,6,SUV,0.07549404771640156,7.549404771640155,False,0.35,231,High upstream cycle-time variation,Pass,0,NONE,39.417,1.844,0.0,0.5754545454545454,0.4090909090909091
VH-00572,571,4,B,47,Compact,0.07543402876237187,7.543402876237187,False,0.35,232,High upstream cycle-time variation,Pass,0,NONE,39.902,2.861,0.0,0.5754545454545454,0.4090909090909091
VH-00335,334,3,A,35,SUV,0.0745946983949099,7.45946983949099,False,0.35,233,High upstream cycle-time variation,Pass,0,NONE,42.025,2.637,0.0,0.5772727272727273,0.4090909090909091
VH-00750,749,5,B,75,Compact,0.07422647175709479,7.422647175709479,False,0.35,234,High upstream cycle-time variation,Pass,0,NONE,39.495,2.175,0.0,0.5718181818181818,0.4090909090909091
VH-00532,531,4,B,7,Truck,0.07273534921993535,7.2735349219935355,False,0.35,235,High upstream cycle-time variation,Pass,0,NONE,42.026,3.893,0.02061800000000265,0.5809090909090909,0.4090909090909091
VH-00380,379,3,B,5,Sedan,0.07230724323496343,7.230724323496343,False,0.35,236,High upstream cycle-time variation,Pass,0,NONE,45.849,3.282,0.7005179999999992,0.5772727272727273,0.4090909090909091
VH-00163,162,2,A,13,Sedan,0.07183115859361017,7.183115859361017,False,0.35,237,High upstream cycle-time variation,Pass,0,NONE,38.667,1.918,0.0,0.5790909090909091,0.4090909090909091
VH-00332,331,3,A,32,SUV,0.0714570116343056,7.14570116343056,False,0.35,238,High upstream cycle-time variation,Pass,0,NONE,41.962,2.181,0.0,0.5809090909090909,0.4090909090909091
VH-00559,558,4,B,34,Compact,0.06985916058551996,6.985916058551996,False,0.35,239,High upstream cycle-time variation,Pass,0,NONE,39.783,3.568,0.0,0.5772727272727273,0.4090909090909091
VH-00403,402,3,B,28,Sedan,0.06968304433912836,6.968304433912836,False,0.35,240,High upstream cycle-time variation,Pass,0,NONE,44.926,3.483,1.1206580000000008,0.5809090909090909,0.4090909090909091
VH-00673,672,5,A,73,SUV,0.0692296152298812,6.92296152298812,False,0.35,241,High upstream cycle-time variation,Pass,0,NONE,39.158,1.809,0.0,0.5754545454545454,0.4090909090909091
VH-00595,594,4,B,70,SUV,0.06905522407602552,6.905522407602552,False,0.35,242,High upstream cycle-time variation,Pass,0,NONE,39.559,3.127,0.0,0.5772727272727273,0.4090909090909091
VH-00246,245,2,B,21,Compact,0.06892732785728875,6.892732785728875,False,0.35,243,High upstream cycle-time variation,Pass,0,NONE,39.819,1.866,0.0,0.5772727272727273,0.4090909090909091
VH-00283,282,2,B,58,SUV,0.06892132523716578,6.892132523716578,False,0.35,244,High upstream cycle-time variation,Pass,0,NONE,41.216,2.433,0.0,0.5790909090909091,0.4090909090909091
VH-00706,705,5,B,31,Truck,0.06890361716689243,6.8903617166892435,False,0.35,245,High upstream cycle-time variation,Pass,0,NONE,39.037,1.906,0.0,0.5790909090909091,0.4090909090909091
VH-00608,607,5,A,8,Compact,0.06849789597738369,6.849789597738369,False,0.35,246,High upstream cycle-time variation,Pass,0,NONE,40.109,2.493,0.0,0.5754545454545454,0.4090909090909091
VH-00391,390,3,B,16,SUV,0.06802619495823176,6.802619495823175,False,0.35,247,High upstream cycle-time variation,Pass,0,NONE,44.42,3.346,0.5953200000000004,0.5809090909090909,0.4090909090909091
VH-00658,657,5,A,58,Sedan,0.0676671982962178,6.766719829621779,False,0.35,248,High upstream cycle-time variation,Pass,0,NONE,39.564,1.727,0.0,0.5809090909090909,0.4090909090909091
VH-00392,391,3,B,17,Compact,0.06755838438649184,6.755838438649183,False,0.35,249,High upstream cycle-time variation,Pass,0,NONE,44.871,3.372,0.780912,0.5754545454545454,0.4090909090909091
VH-00075,74,1,A,75,Truck,0.06754748482086687,6.754748482086686,False,0.35,250,High upstream cycle-time variation,Pass,0,NONE,39.356,2.01,0.0,0.5790909090909091,0.4090909090909091
VH-00754,753,6,A,4,Sedan,0.06738497027765987,6.738497027765987,False,0.35,251,High upstream cycle-time variation,Pass,0,NONE,38.796,1.827,0.0,0.5772727272727273,0.4090909090909091
VH-00041,40,1,A,41,Sedan,0.06725223541545414,6.725223541545414,False,0.35,252,High upstream cycle-time variation,Pass,0,NONE,40.075,2.019,0.0,0.5790909090909091,0.4090909090909091
VH-00616,615,5,A,16,Truck,0.06694126163487334,6.694126163487334,False,0.35,253,High upstream cycle-time variation,Pass,0,NONE,40.427499999999995,2.576,0.0,0.5754545454545454,0.4090909090909091
VH-00702,701,5,B,27,Truck,0.06692151049913296,6.692151049913296,False,0.35,254,High upstream cycle-time variation,Pass,0,NONE,40.17,2.01,0.0,0.5790909090909091,0.4090909090909091
VH-00555,554,4,B,30,SUV,0.06666096367566658,6.6660963675666585,False,0.35,255,High upstream cycle-time variation,Pass,0,NONE,42.219,3.538,0.09592200000000047,0.5809090909090909,0.4090909090909091
VH-00374,373,3,A,74,Sedan,0.06602635529219791,6.602635529219791,False,0.35,256,High upstream cycle-time variation,Pass,0,NONE,42.346,3.182,0.028371999999999665,0.5754545454545454,0.4090909090909091
VH-00418,417,3,B,43,Compact,0.06594035754257355,6.594035754257355,False,0.35,257,ST-12 temperature x ST-15 vibration,Pass,0,NONE,45.358,3.881,2.6225979999999964,0.5772727272727273,0.4090909090909091
VH-00188,187,2,A,38,Sedan,0.06513325921086685,6.513325921086685,False,0.35,258,High upstream cycle-time variation,Pass,0,NONE,39.671,2.088,0.0,0.5790909090909091,0.4090909090909091
VH-00205,204,2,A,55,Sedan,0.06498453171351513,6.498453171351513,False,0.35,259,High upstream cycle-time variation,Pass,0,NONE,39.634,2.246,0.0,0.5754545454545454,0.4090909090909091
VH-00610,609,5,A,10,SUV,0.06493835896749202,6.493835896749202,False,0.35,260,High upstream cycle-time variation,Pass,0,NONE,40.667,2.785,0.0,0.5809090909090909,0.4090909090909091
VH-00550,549,4,B,25,Compact,0.06479626386706214,6.479626386706213,False,0.35,261,Low-confidence sparse telemetry,Pass,0,NONE,41.559,3.838,0.0,0.5772727272727273,0.4090909090909091
VH-00866,865,6,B,41,Compact,0.06477032501658964,6.477032501658964,False,0.35,262,Low-confidence sparse telemetry,Pass,0,NONE,40.019,1.865,0.0,0.5754545454545454,0.4090909090909091
VH-00556,555,4,B,31,Truck,0.064749489340554,6.4749489340554,False,0.35,263,High upstream cycle-time variation,Pass,0,NONE,42.455,3.632,0.2420599999999991,0.5772727272727273,0.4090909090909091
VH-00584,583,4,B,59,Sedan,0.0646623877894499,6.46623877894499,False,0.35,264,High upstream cycle-time variation,Pass,0,NONE,41.071,3.193,0.0,0.5754545454545454,0.4090909090909091
VH-00851,850,6,B,26,SUV,0.06457617948284194,6.457617948284194,False,0.35,265,High upstream cycle-time variation,Pass,0,NONE,39.553,1.812,0.0,0.5754545454545454,0.4090909090909091
VH-00692,691,5,B,17,Sedan,0.06440599533705728,6.440599533705728,False,0.35,266,High upstream cycle-time variation,Pass,0,NONE,40.637,2.388,0.0,0.5736363636363636,0.4090909090909091
VH-00238,237,2,B,13,Sedan,0.06437386952387585,6.437386952387585,False,0.35,267,High upstream cycle-time variation,Pass,0,NONE,38.969,2.246,0.0,0.5809090909090909,0.4090909090909091
VH-00058,57,1,A,58,SUV,0.06377886256161629,6.377886256161629,False,0.35,268,High upstream cycle-time variation,Pass,0,NONE,38.53,2.079,0.0,0.5790909090909091,0.4090909090909091
VH-00102,101,1,B,27,Sedan,0.06371085573307465,6.371085573307465,False,0.35,269,High upstream cycle-time variation,Pass,0,NONE,40.473,2.268,0.0,0.5790909090909091,0.4090909090909091
VH-00146,145,1,B,71,Truck,0.06364640343660109,6.364640343660109,False,0.35,270,High upstream cycle-time variation,Pass,0,NONE,40.309,1.891,0.0,0.5718181818181818,0.4090909090909091
VH-00367,366,3,A,67,SUV,0.06339713712565385,6.339713712565385,False,0.35,271,High upstream cycle-time variation,Pass,0,NONE,43.154,3.115,0.017310000000000197,0.5790909090909091,0.4090909090909091
VH-00101,100,1,B,26,Truck,0.06302718542454629,6.302718542454628,False,0.35,272,High upstream cycle-time variation,Pass,0,NONE,38.672,2.086,0.0,0.5790909090909091,0.4090909090909091
VH-00289,288,2,B,64,Compact,0.06272493770871833,6.272493770871833,False,0.35,273,High upstream cycle-time variation,Pass,0,NONE,40.224,2.311,0.0,0.5809090909090909,0.4090909090909091
VH-00721,720,5,B,46,SUV,0.06268750069901506,6.268750069901506,False,0.35,274,High upstream cycle-time variation,Pass,0,NONE,39.593,1.964,0.0,0.5790909090909091,0.4090909090909091
VH-00544,543,4,B,19,Compact,0.06257779886760792,6.257779886760792,False,0.35,275,High upstream cycle-time variation,Pass,0,NONE,41.635,3.628,0.0,0.5754545454545454,0.4090909090909091
VH-00607,606,5,A,7,Truck,0.06253900506736311,6.253900506736311,False,0.35,276,High upstream cycle-time variation,Pass,0,NONE,40.058,2.802,0.0,0.5809090909090909,0.4090909090909091
VH-00073,72,1,A,73,Compact,0.0623247259369899,6.23247259369899,False,0.35,277,High upstream cycle-time variation,Pass,0,NONE,39.903,1.909,0.0,0.5827272727272728,0.4090909090909091
VH-00542,541,4,B,17,Sedan,0.06227240935162322,6.227240935162322,False,0.35,278,High upstream cycle-time variation,Pass,0,NONE,41.889,3.507,0.0,0.5772727272727273,0.4090909090909091
VH-00873,872,6,B,48,Sedan,0.061608001368822336,6.160800136882234,False,0.35,279,High upstream cycle-time variation,Pass,0,NONE,40.074,2.276,0.0,0.5827272727272728,0.4090909090909091
VH-00373,372,3,A,73,Compact,0.06154240984903916,6.1542409849039155,False,0.35,280,High upstream cycle-time variation,Pass,0,NONE,43.553,3.197,0.1506409999999997,0.5772727272727273,0.4090909090909091
VH-00200,199,2,A,50,Sedan,0.06126930109938033,6.126930109938033,False,0.35,281,High upstream cycle-time variation,Pass,0,NONE,38.699,2.125,0.0,0.5754545454545454,0.4090909090909091
VH-00696,695,5,B,21,Sedan,0.06106305292178125,6.106305292178125,False,0.35,282,High upstream cycle-time variation,Pass,0,NONE,40.28,2.06,0.0,0.5772727272727273,0.4090909090909091
VH-00518,517,4,A,68,SUV,0.06097582166832453,6.097582166832453,False,0.35,283,High upstream cycle-time variation,Pass,0,NONE,42.556,4.016,0.5092959999999975,0.5754545454545454,0.4090909090909091
VH-00508,507,4,A,58,Sedan,0.06068639264991989,6.0686392649919885,False,0.35,284,High upstream cycle-time variation,Pass,0,NONE,42.007,2.246,0.0,0.5754545454545454,0.4090909090909091
VH-00664,663,5,A,64,Truck,0.06066600211809213,6.066600211809213,False,0.35,285,High upstream cycle-time variation,Pass,0,NONE,39.401,1.89,0.0,0.5845454545454545,0.4090909090909091
VH-00388,387,3,B,13,SUV,0.06038483936486066,6.038483936486066,False,0.35,286,High upstream cycle-time variation,Pass,0,NONE,43.889,3.402,0.5704780000000009,0.5754545454545454,0.4090909090909091
VH-00269,268,2,B,44,Truck,0.06028220935073983,6.028220935073983,False,0.35,287,High upstream cycle-time variation,Pass,0,NONE,41.488,1.888,0.0,0.5809090909090909,0.4090909090909091
VH-00574,573,4,B,49,Sedan,0.06024303518582842,6.024303518582842,False,0.35,288,High upstream cycle-time variation,Pass,0,NONE,41.781,3.26,0.0,0.5827272727272728,0.4090909090909091
VH-00402,401,3,B,27,SUV,0.060100775574892545,6.010077557489255,False,0.35,289,High upstream cycle-time variation,Pass,0,NONE,43.302,3.743,0.8371859999999994,0.5754545454545454,0.4090909090909091
VH-00409,408,3,B,34,Sedan,0.06007268425425372,6.007268425425372,False,0.35,290,ST-12 temperature x ST-15 vibration,Pass,0,NONE,45.881,3.681,2.254861,0.5809090909090909,0.4090909090909091
VH-00535,534,4,B,10,Sedan,0.059642992692700514,5.964299269270051,False,0.35,291,High upstream cycle-time variation,Pass,0,NONE,42.802,3.874,0.6207479999999997,0.5754545454545454,0.4090909090909091
VH-00520,519,4,A,70,SUV,0.0594927073012274,5.94927073012274,False,0.35,292,High upstream cycle-time variation,Pass,0,NONE,41.876,3.889,0.0,0.5827272727272728,0.4090909090909091
VH-00212,211,2,A,62,Truck,0.05907910158696275,5.907910158696275,False,0.35,293,High upstream cycle-time variation,Pass,0,NONE,39.829,2.103,0.0,0.5736363636363636,0.4090909090909091
VH-00368,367,3,A,68,Sedan,0.058636831771788946,5.863683177178895,False,0.35,294,High upstream cycle-time variation,Pass,0,NONE,43.225,2.932,0.0,0.5772727272727273,0.4090909090909091
VH-00661,660,5,A,61,SUV,0.058553052545314115,5.8553052545314115,False,0.35,295,High upstream cycle-time variation,Pass,0,NONE,38.741,2.479,0.0,0.5772727272727273,0.4090909090909091
VH-00795,794,6,A,45,Compact,0.05852306595048536,5.852306595048536,False,0.35,296,Low-confidence sparse telemetry,Pass,0,NONE,39.08,1.733,0.0,0.5736363636363636,0.4090909090909091
VH-00089,88,1,B,14,SUV,0.05842848590372312,5.842848590372312,False,0.35,297,High upstream cycle-time variation,Pass,0,NONE,40.436,1.907,0.0,0.5790909090909091,0.4090909090909091
VH-00780,779,6,A,30,Truck,0.05840790607151161,5.8407906071511615,False,0.35,298,High upstream cycle-time variation,Pass,0,NONE,38.446,2.223,0.0,0.5772727272727273,0.4090909090909091
VH-00733,732,5,B,58,SUV,0.0583273307113872,5.83273307113872,False,0.35,299,High upstream cycle-time variation,Pass,0,NONE,39.541,2.097,0.0,0.5790909090909091,0.4090909090909091
VH-00760,759,6,A,10,Sedan,0.05819760152472722,5.819760152472722,False,0.35,300,High upstream cycle-time variation,Pass,0,NONE,39.078,2.424,0.0,0.5736363636363636,0.4090909090909091
VH-00141,140,1,B,66,SUV,0.057604717993585054,5.7604717993585055,False,0.35,301,High upstream cycle-time variation,Pass,0,NONE,39.197,1.911,0.0,0.5736363636363636,0.4090909090909091
VH-00227,226,2,B,2,Sedan,0.057578431211827874,5.757843121182788,False,0.35,302,High upstream cycle-time variation,Pass,0,NONE,39.511,1.778,0.0,0.5827272727272728,0.4090909090909091
VH-00797,796,6,A,47,Truck,0.05754879751492413,5.754879751492413,False,0.35,303,High upstream cycle-time variation,Pass,0,NONE,38.052,2.218,0.0,0.5809090909090909,0.4090909090909091
VH-00716,715,5,B,41,Truck,0.057454177536693504,5.745417753669351,False,0.35,304,High upstream cycle-time variation,Pass,0,NONE,39.971,2.273,0.0,0.5827272727272728,0.4090909090909091
VH-00304,303,3,A,4,SUV,0.057331271271377736,5.733127127137774,False,0.35,305,High upstream cycle-time variation,Pass,0,NONE,41.838,2.772,0.0,0.5772727272727273,0.4090909090909091
VH-00265,264,2,B,40,Sedan,0.05728931753623038,5.728931753623038,False,0.35,306,High upstream cycle-time variation,Pass,0,NONE,40.322,2.351,0.0,0.5754545454545454,0.4090909090909091
VH-00695,694,5,B,20,Sedan,0.05725400044037972,5.725400044037972,False,0.35,307,High upstream cycle-time variation,Pass,0,NONE,39.224,2.004,0.0,0.5790909090909091,0.4090909090909091
VH-00596,595,4,B,71,SUV,0.05723761814292729,5.723761814292729,False,0.35,308,High upstream cycle-time variation,Pass,0,NONE,40.296,2.873,0.0,0.5772727272727273,0.4090909090909091
VH-00159,158,2,A,9,Compact,0.05720996145355835,5.7209961453558345,False,0.35,309,High upstream cycle-time variation,Pass,0,NONE,40.559,1.93,0.0,0.5772727272727273,0.4090909090909091
VH-00576,575,4,B,51,Truck,0.05688833546598593,5.688833546598593,False,0.35,310,High upstream cycle-time variation,Pass,0,NONE,41.188,3.261,0.0,0.5809090909090909,0.4090909090909091
VH-00114,113,1,B,39,Sedan,0.05680145718898912,5.680145718898912,False,0.35,311,High upstream cycle-time variation,Pass,0,NONE,40.798,2.094,0.0,0.5809090909090909,0.4090909090909091
VH-00420,419,3,B,45,Compact,0.056720326160519204,5.67203261605192,False,0.35,312,ST-12 temperature x ST-15 vibration,Pass,0,NONE,44.681,3.762,1.7748219999999981,0.5790909090909091,0.4090909090909091
VH-00665,664,5,A,65,Compact,0.05667695563429149,5.667695563429149,False,0.35,313,High upstream cycle-time variation,Pass,0,NONE,39.952,2.243,0.0,0.5736363636363636,0.4090909090909091
VH-00779,778,6,A,29,Compact,0.056469069380531874,5.6469069380531876,False,0.35,314,High upstream cycle-time variation,Pass,0,NONE,39.598,1.832,0.0,0.5809090909090909,0.4090909090909091
VH-00808,807,6,A,58,Sedan,0.056440358355464085,5.644035835546409,False,0.35,315,High upstream cycle-time variation,Pass,0,NONE,39.816,2.213,0.0,0.5754545454545454,0.4090909090909091
VH-00674,673,5,A,74,Sedan,0.05635421534880632,5.635421534880632,False,0.35,316,High upstream cycle-time variation,Pass,0,NONE,39.12,2.074,0.0,0.5790909090909091,0.4090909090909091
VH-00859,858,6,B,34,Compact,0.05631753718315162,5.631753718315162,False,0.35,317,High upstream cycle-time variation,Pass,0,NONE,39.877,2.401,0.0,0.5809090909090909,0.4090909090909091
VH-00843,842,6,B,18,Sedan,0.05608702555163833,5.608702555163833,False,0.35,318,High upstream cycle-time variation,Pass,0,NONE,41.234,2.481,0.0,0.5809090909090909,0.4090909090909091
VH-00833,832,6,B,8,SUV,0.05596689309353179,5.596689309353179,False,0.35,319,High upstream cycle-time variation,Pass,0,NONE,40.641,2.139,0.0,0.5790909090909091,0.4090909090909091
VH-00352,351,3,A,52,Compact,0.05566739053890842,5.566739053890842,False,0.35,320,High upstream cycle-time variation,Pass,0,NONE,43.183,2.517,0.0,0.5754545454545454,0.4090909090909091
VH-00393,392,3,B,18,Sedan,0.05566023526907941,5.566023526907941,False,0.35,321,High upstream cycle-time variation,Pass,0,NONE,46.026,3.268,0.6763679999999994,0.5809090909090909,0.4090909090909091
VH-00858,857,6,B,33,SUV,0.055460465170927835,5.546046517092783,False,0.35,322,High upstream cycle-time variation,Pass,0,NONE,40.671,2.424,0.0,0.5736363636363636,0.4090909090909091
VH-00376,375,3,B,1,Sedan,0.05523024063113712,5.523024063113712,False,0.35,323,High upstream cycle-time variation,Pass,0,NONE,43.904,3.185,0.16184000000000023,0.5790909090909091,0.4090909090909091
VH-00056,55,1,A,56,Truck,0.05515199965030366,5.515199965030366,False,0.35,324,High upstream cycle-time variation,Pass,0,NONE,40.147,1.846,0.0,0.5845454545454545,0.4090909090909091
VH-00406,405,3,B,31,Sedan,0.054993035084347726,5.499303508434773,False,0.35,325,High upstream cycle-time variation,Pass,0,NONE,44.558,3.545,1.1383099999999995,0.5772727272727273,0.4090909090909091
VH-00526,525,4,B,1,Sedan,0.05460246964234866,5.460246964234866,False,0.35,326,High upstream cycle-time variation,Pass,0,NONE,43.617,3.961,1.3922369999999973,0.5772727272727273,0.4090909090909091
VH-00711,710,5,B,36,Truck,0.05440923255260656,5.440923255260656,False,0.35,327,High upstream cycle-time variation,Pass,0,NONE,39.598,1.9,0.0,0.5809090909090909,0.4090909090909091
VH-00004,3,1,A,4,Compact,0.05436516330786116,5.436516330786116,False,0.35,328,High upstream cycle-time variation,Pass,0,NONE,39.941,2.38,0.0,0.5772727272727273,0.4090909090909091
VH-00408,407,3,B,33,Truck,0.05425775850879917,5.425775850879917,False,0.35,329,ST-12 temperature x ST-15 vibration,Pass,0,NONE,44.473,4.032,2.304835999999999,0.5754545454545454,0.4090909090909091
VH-00187,186,2,A,37,Truck,0.05424928126486658,5.424928126486658,False,0.35,330,High upstream cycle-time variation,Pass,0,NONE,39.697,2.181,0.0,0.5790909090909091,0.4090909090909091
VH-00789,788,6,A,39,Sedan,0.05424750496964145,5.424750496964145,False,0.35,331,High upstream cycle-time variation,Pass,0,NONE,39.352,2.105,0.0,0.5809090909090909,0.4090909090909091
VH-00662,661,5,A,62,Sedan,0.053968564818665354,5.396856481866536,False,0.35,332,High upstream cycle-time variation,Pass,0,NONE,38.918,2.108,0.0,0.5754545454545454,0.4090909090909091
VH-00736,735,5,B,61,Sedan,0.053955157461890446,5.395515746189044,False,0.35,333,High upstream cycle-time variation,Pass,0,NONE,40.65,2.152,0.0,0.5790909090909091,0.4090909090909091
VH-00638,637,5,A,38,SUV,0.053673357679324775,5.367335767932477,False,0.35,334,High upstream cycle-time variation,Pass,0,NONE,39.304,1.838,0.0,0.5790909090909091,0.4090909090909091
VH-00772,771,6,A,22,Sedan,0.05359530334014065,5.359530334014065,False,0.35,335,High upstream cycle-time variation,Pass,0,NONE,39.278,2.089,0.0,0.5772727272727273,0.4090909090909091
VH-00369,368,3,A,69,Sedan,0.05352203478756433,5.352203478756433,False,0.35,336,High upstream cycle-time variation,Pass,0,NONE,43.228,3.194,0.11543199999999998,0.5790909090909091,0.4090909090909091
VH-00165,164,2,A,15,Sedan,0.0533881665761516,5.33881665761516,False,0.35,337,Low-confidence sparse telemetry,Pass,0,NONE,41.975,2.172,0.0,0.5772727272727273,0.4090909090909091
VH-00013,12,1,A,13,Sedan,0.05320806523224064,5.320806523224064,False,0.35,338,High upstream cycle-time variation,Pass,0,NONE,39.443,1.88,0.0,0.5736363636363636,0.4090909090909091
VH-00603,602,5,A,3,Sedan,0.053199468639495526,5.319946863949553,False,0.35,339,High upstream cycle-time variation,Pass,0,NONE,39.714,3.005,0.0,0.5809090909090909,0.4090909090909091
VH-00798,797,6,A,48,Sedan,0.05297631325005311,5.297631325005311,False,0.35,340,High upstream cycle-time variation,Pass,0,NONE,41.082,2.19,0.0,0.5772727272727273,0.4090909090909091
VH-00379,378,3,B,4,Sedan,0.05297562216912212,5.297562216912212,False,0.35,341,High upstream cycle-time variation,Pass,0,NONE,40.427499999999995,3.079,0.0,0.5754545454545454,0.4090909090909091
VH-00552,551,4,B,27,Compact,0.05294824688995195,5.294824688995195,False,0.35,342,High upstream cycle-time variation,Pass,0,NONE,41.655,3.179,0.0,0.5736363636363636,0.4090909090909091
VH-00681,680,5,B,6,Truck,0.05279084003132871,5.279084003132871,False,0.35,343,High upstream cycle-time variation,Pass,0,NONE,40.932,2.183,0.0,0.5790909090909091,0.4090909090909091
VH-00320,319,3,A,20,SUV,0.05272109716497209,5.2721097164972095,False,0.35,344,High upstream cycle-time variation,Pass,0,NONE,40.853,2.061,0.0,0.5809090909090909,0.4090909090909091
VH-00515,514,4,A,65,Compact,0.05241560407523635,5.241560407523635,False,0.35,345,High upstream cycle-time variation,Pass,0,NONE,41.451,4.295,0.0,0.5790909090909091,0.4090909090909091
VH-00285,284,2,B,60,Sedan,0.052402216181997356,5.240221618199736,False,0.35,346,High upstream cycle-time variation,Pass,0,NONE,41.02,2.151,0.0,0.5845454545454545,0.4090909090909091
VH-00297,296,2,B,72,Sedan,0.05226681399762419,5.226681399762419,False,0.35,347,Low-confidence sparse telemetry,Pass,0,NONE,41.17,2.041,0.0,0.5827272727272728,0.4090909090909091
VH-00586,585,4,B,61,Truck,0.05208299738622602,5.208299738622602,False,0.35,348,High upstream cycle-time variation,Pass,0,NONE,39.615,2.707,0.0,0.5754545454545454,0.4090909090909091
VH-00316,315,3,A,16,Sedan,0.051950713550877436,5.195071355087744,False,0.35,349,High upstream cycle-time variation,Pass,0,NONE,40.639,2.122,0.0,0.5772727272727273,0.4090909090909091
VH-00044,43,1,A,44,SUV,0.051839697738854135,5.183969773885414,False,0.35,350,High upstream cycle-time variation,Pass,0,NONE,38.565,2.038,0.0,0.5809090909090909,0.4090909090909091
VH-00378,377,3,B,3,Truck,0.05183780561479971,5.1837805614799715,False,0.35,351,High upstream cycle-time variation,Pass,0,NONE,45.344,3.32,0.7356799999999994,0.5809090909090909,0.4090909090909091
VH-00758,757,6,A,8,SUV,0.05182665169793212,5.1826651697932125,False,0.35,352,High upstream cycle-time variation,Pass,0,NONE,39.737,1.801,0.0,0.5754545454545454,0.4090909090909091
VH-00655,654,5,A,55,Truck,0.05169567369269798,5.169567369269798,False,0.35,353,High upstream cycle-time variation,Pass,0,NONE,39.795,2.196,0.0,0.5772727272727273,0.4090909090909091
VH-00122,121,1,B,47,SUV,0.05151962678036091,5.1519626780360905,False,0.35,354,High upstream cycle-time variation,Pass,0,NONE,40.685,2.051,0.0,0.5754545454545454,0.4090909090909091
VH-00817,816,6,A,67,Compact,0.05144231209003411,5.144231209003411,False,0.35,355,High upstream cycle-time variation,Pass,0,NONE,39.808,1.961,0.0,0.5790909090909091,0.4090909090909091
VH-00091,90,1,B,16,SUV,0.05132421541684823,5.132421541684823,False,0.35,356,High upstream cycle-time variation,Pass,0,NONE,40.213,1.619,0.0,0.5772727272727273,0.4090909090909091
VH-00767,766,6,A,17,Sedan,0.05110855075702731,5.110855075702731,False,0.35,357,High upstream cycle-time variation,Pass,0,NONE,38.927,2.246,0.0,0.5790909090909091,0.4090909090909091
VH-00160,159,2,A,10,SUV,0.051054279478529516,5.105427947852951,False,0.35,358,High upstream cycle-time variation,Pass,0,NONE,39.576,2.246,0.0,0.5772727272727273,0.4090909090909091
VH-00319,318,3,A,19,SUV,0.05103102420517991,5.103102420517991,False,0.35,359,High upstream cycle-time variation,Pass,0,NONE,40.691,2.514,0.0,0.5754545454545454,0.4090909090909091
VH-00294,293,2,B,69,Truck,0.050891072286463744,5.089107228646374,False,0.35,360,High upstream cycle-time variation,Pass,0,NONE,41.707,1.92,0.0,0.5772727272727273,0.4090909090909091
VH-00149,148,1,B,74,Truck,0.05023665506821374,5.023665506821374,False,0.35,361,High upstream cycle-time variation,Pass,0,NONE,42.545,2.141,0.0,0.5754545454545454,0.4090909090909091
VH-00898,897,6,B,73,SUV,0.05020411417421967,5.0204114174219665,False,0.35,362,High upstream cycle-time variation,Pass,0,NONE,41.05,2.307,0.0,0.5790909090909091,0.4090909090909091
VH-00847,846,6,B,22,SUV,0.05005864350087899,5.005864350087899,False,0.35,363,High upstream cycle-time variation,Pass,0,NONE,40.502,1.976,0.0,0.5809090909090909,0.4090909090909091
VH-00162,161,2,A,12,SUV,0.049847564600001386,4.984756460000138,False,0.35,364,High upstream cycle-time variation,Pass,0,NONE,38.662,2.401,0.0,0.5790909090909091,0.4090909090909091
VH-00887,886,6,B,62,Sedan,0.049813431906371705,4.981343190637171,False,0.35,365,High upstream cycle-time variation,Pass,0,NONE,39.335,2.469,0.0,0.5827272727272728,0.4090909090909091
VH-00343,342,3,A,43,SUV,0.04973387362563019,4.973387362563019,False,0.35,366,High upstream cycle-time variation,Pass,0,NONE,42.397,2.763,0.0,0.5772727272727273,0.4090909090909091
VH-00164,163,2,A,14,SUV,0.04967043473209451,4.967043473209451,False,0.35,367,High upstream cycle-time variation,Pass,0,NONE,39.335,1.876,0.0,0.5772727272727273,0.4090909090909091
VH-00156,155,2,A,6,SUV,0.04956792909063557,4.956792909063557,False,0.35,368,High upstream cycle-time variation,Pass,0,NONE,39.0,2.184,0.0,0.5827272727272728,0.4090909090909091
VH-00740,739,5,B,65,Sedan,0.04933730303110605,4.933730303110605,False,0.35,369,High upstream cycle-time variation,Pass,0,NONE,39.677,2.26,0.0,0.5827272727272728,0.4090909090909091
VH-00298,297,2,B,73,Truck,0.04923384936084755,4.923384936084755,False,0.35,370,High upstream cycle-time variation,Pass,0,NONE,41.713,2.206,0.0,0.5754545454545454,0.4090909090909091
VH-00571,570,4,B,46,Compact,0.048971967349364404,4.897196734936441,False,0.35,371,High upstream cycle-time variation,Pass,0,NONE,41.229,3.363,0.0,0.5736363636363636,0.4090909090909091
VH-00763,762,6,A,13,Sedan,0.04889239610859665,4.889239610859665,False,0.35,372,High upstream cycle-time variation,Pass,0,NONE,38.416,1.871,0.0,0.5772727272727273,0.4090909090909091
VH-00666,665,5,A,66,Sedan,0.04887025371942746,4.8870253719427454,False,0.35,373,High upstream cycle-time variation,Pass,0,NONE,39.377,1.625,0.0,0.5754545454545454,0.4090909090909091
VH-00636,635,5,A,36,Compact,0.04880401755235034,4.880401755235034,False,0.35,374,High upstream cycle-time variation,Pass,0,NONE,39.309,2.263,0.0,0.5845454545454545,0.4090909090909091
VH-00844,843,6,B,19,Sedan,0.04876912432362916,4.876912432362916,False,0.35,375,High upstream cycle-time variation,Pass,0,NONE,40.219,2.317,0.0,0.5772727272727273,0.4090909090909091
VH-00234,233,2,B,9,Compact,0.048586064850378606,4.8586064850378605,False,0.35,376,High upstream cycle-time variation,Pass,0,NONE,40.941,1.767,0.0,0.5772727272727273,0.4090909090909091
VH-00249,248,2,B,24,Compact,0.04843490501421186,4.843490501421186,False,0.35,377,High upstream cycle-time variation,Pass,0,NONE,39.718,1.566,0.0,0.5790909090909091,0.4090909090909091
VH-00179,178,2,A,29,SUV,0.04814638467983306,4.814638467983306,False,0.35,378,High upstream cycle-time variation,Pass,0,NONE,39.224,2.045,0.0,0.5772727272727273,0.4090909090909091
VH-00307,306,3,A,7,Sedan,0.048021103877192044,4.802110387719204,False,0.35,379,Low-confidence sparse telemetry,Pass,0,NONE,42.779,2.236,0.0,0.5790909090909091,0.4090909090909091
VH-00517,516,4,A,67,Sedan,0.047877971865506505,4.787797186550651,False,0.35,380,High upstream cycle-time variation,Pass,0,NONE,42.196,4.143,0.2044279999999978,0.5827272727272728,0.4090909090909091
VH-00856,855,6,B,31,Compact,0.04782471211504293,4.782471211504293,False,0.35,381,Low-confidence sparse telemetry,Pass,0,NONE,38.872,2.125,0.0,0.5754545454545454,0.4090909090909091
VH-00522,521,4,A,72,Sedan,0.04775638920644041,4.775638920644041,False,0.35,382,High upstream cycle-time variation,Pass,0,NONE,41.946,3.845,0.0,0.5754545454545454,0.4090909090909091
VH-00292,291,2,B,67,Truck,0.047753035783329824,4.7753035783329825,False,0.35,383,High upstream cycle-time variation,Pass,0,NONE,41.783,2.446,0.0,0.5790909090909091,0.4090909090909091
VH-00715,714,5,B,40,Compact,0.047634356140372765,4.7634356140372764,False,0.35,384,High upstream cycle-time variation,Pass,0,NONE,40.684,1.788,0.0,0.5754545454545454,0.4090909090909091
VH-00741,740,5,B,66,Truck,0.047145698881653715,4.7145698881653715,False,0.35,385,High upstream cycle-time variation,Pass,0,NONE,42.216,1.853,0.0,0.5772727272727273,0.4090909090909091
VH-00078,77,1,B,3,SUV,0.04692490546968038,4.692490546968038,False,0.35,386,High upstream cycle-time variation,Pass,0,NONE,40.932,1.937,0.0,0.5845454545454545,0.4090909090909091
VH-00826,825,6,B,1,Compact,0.04687974439996625,4.6879744399966246,False,0.35,387,Low-confidence sparse telemetry,Pass,0,NONE,40.203,2.33,0.0,0.5754545454545454,0.4090909090909091
VH-00038,37,1,A,38,Truck,0.04648426806851504,4.6484268068515044,False,0.35,388,High upstream cycle-time variation,Pass,0,NONE,39.594,1.9,0.0,0.5772727272727273,0.4090909090909091
VH-00857,856,6,B,32,SUV,0.04641294836260076,4.641294836260076,False,0.35,389,High upstream cycle-time variation,Pass,0,NONE,41.136,2.089,0.0,0.5827272727272728,0.4090909090909091
VH-00111,110,1,B,36,Truck,0.046191799110039886,4.619179911003989,False,0.35,390,High upstream cycle-time variation,Pass,0,NONE,39.661,2.108,0.0,0.5736363636363636,0.4090909090909091
VH-00744,743,5,B,69,SUV,0.045864659204126454,4.586465920412645,False,0.35,391,High upstream cycle-time variation,Pass,0,NONE,40.319,2.185,0.0,0.5736363636363636,0.4090909090909091
VH-00874,873,6,B,49,Compact,0.04584565531616139,4.584565531616139,False,0.35,392,Low-confidence sparse telemetry,Pass,0,NONE,39.407,1.857,0.0,0.5790909090909091,0.4090909090909091
VH-00167,166,2,A,17,Sedan,0.045737861964961365,4.573786196496137,False,0.35,393,High upstream cycle-time variation,Pass,0,NONE,39.385,2.284,0.0,0.5772727272727273,0.4090909090909091
VH-00842,841,6,B,17,Truck,0.04565364138543381,4.565364138543381,False,0.35,394,High upstream cycle-time variation,Pass,0,NONE,39.945,2.067,0.0,0.5790909090909091,0.4090909090909091
VH-00803,802,6,A,53,Sedan,0.045493117362411614,4.549311736241162,False,0.35,395,High upstream cycle-time variation,Pass,0,NONE,40.119,2.31,0.0,0.5790909090909091,0.4090909090909091
VH-00172,171,2,A,22,SUV,0.045341653512190695,4.53416535121907,False,0.35,396,High upstream cycle-time variation,Pass,0,NONE,37.885,2.004,0.0,0.5772727272727273,0.4090909090909091
VH-00621,620,5,A,21,Sedan,0.045292378442096215,4.5292378442096215,False,0.35,397,High upstream cycle-time variation,Pass,0,NONE,38.824,2.29,0.0,0.5827272727272728,0.4090909090909091
VH-00880,879,6,B,55,SUV,0.045078288447777705,4.50782884477777,False,0.35,398,High upstream cycle-time variation,Pass,0,NONE,40.575,2.018,0.0,0.5845454545454545,0.4090909090909091
VH-00014,13,1,A,14,Truck,0.045004147785058374,4.500414778505838,False,0.35,399,High upstream cycle-time variation,Pass,0,NONE,39.765,2.104,0.0,0.5772727272727273,0.4090909090909091
VH-00585,584,4,B,60,Truck,0.04490492380450149,4.490492380450149,False,0.35,400,High upstream cycle-time variation,Pass,0,NONE,39.973,2.688,0.0,0.5790909090909091,0.4090909090909091
VH-00354,353,3,A,54,SUV,0.04484500794360961,4.484500794360962,False,0.35,401,High upstream cycle-time variation,Pass,0,NONE,42.839,2.569,0.0,0.5809090909090909,0.4090909090909091
VH-00881,880,6,B,56,Truck,0.04482144134789876,4.482144134789876,False,0.35,402,High upstream cycle-time variation,Pass,0,NONE,39.391,1.643,0.0,0.5754545454545454,0.4090909090909091
VH-00680,679,5,B,5,SUV,0.04461788393857196,4.461788393857196,False,0.35,403,High upstream cycle-time variation,Pass,0,NONE,41.12,2.092,0.0,0.5754545454545454,0.4090909090909091
VH-00150,149,1,B,75,SUV,0.044436443104315125,4.443644310431512,False,0.35,404,High upstream cycle-time variation,Pass,0,NONE,40.001,2.281,0.0,0.5754545454545454,0.4090909090909091
VH-00340,339,3,A,40,SUV,0.04379215756296074,4.379215756296074,False,0.35,405,High upstream cycle-time variation,Pass,0,NONE,41.124,2.246,0.0,0.5736363636363636,0.4090909090909091
VH-00094,93,1,B,19,Compact,0.04374621193737183,4.374621193737183,False,0.35,406,High upstream cycle-time variation,Pass,0,NONE,39.086,1.9,0.0,0.5790909090909091,0.4090909090909091
VH-00746,745,5,B,71,Sedan,0.04371506487561219,4.371506487561219,False,0.35,407,High upstream cycle-time variation,Pass,0,NONE,40.18,2.144,0.0,0.5790909090909091,0.4090909090909091
VH-00672,671,5,A,72,Truck,0.04327846822824808,4.327846822824808,False,0.35,408,High upstream cycle-time variation,Pass,0,NONE,39.16,2.446,0.0,0.5754545454545454,0.4090909090909091
VH-00669,668,5,A,69,Compact,0.04290290678782438,4.290290678782438,False,0.35,409,Low-confidence sparse telemetry,Pass,0,NONE,40.19,2.047,0.0,0.5754545454545454,0.4090909090909091
VH-00869,868,6,B,44,Sedan,0.0428588593533693,4.28588593533693,False,0.35,410,High upstream cycle-time variation,Pass,0,NONE,38.311,2.164,0.0,0.5736363636363636,0.4090909090909091
VH-00157,156,2,A,7,SUV,0.042845160203162216,4.284516020316222,False,0.35,411,High upstream cycle-time variation,Pass,0,NONE,39.217,1.907,0.0,0.5790909090909091,0.4090909090909091
VH-00788,787,6,A,38,Sedan,0.04283265806402495,4.283265806402495,False,0.35,412,High upstream cycle-time variation,Pass,0,NONE,39.442,1.661,0.0,0.5772727272727273,0.4090909090909091
VH-00835,834,6,B,10,Truck,0.04278324909752288,4.278324909752288,False,0.35,413,High upstream cycle-time variation,Pass,0,NONE,39.888,2.246,0.0,0.5754545454545454,0.4090909090909091
VH-00543,542,4,B,18,Sedan,0.04276921555201375,4.276921555201375,False,0.35,414,High upstream cycle-time variation,Pass,0,NONE,42.891,3.749,0.5782589999999989,0.5736363636363636,0.4090909090909091
VH-00182,181,2,A,32,SUV,0.042642530291355805,4.26425302913558,False,0.35,415,High upstream cycle-time variation,Pass,0,NONE,39.926,1.793,0.0,0.5827272727272728,0.4090909090909091
VH-00560,559,4,B,35,Sedan,0.04254510480320845,4.254510480320845,False,0.35,416,High upstream cycle-time variation,Pass,0,NONE,40.637,3.395,0.0,0.5790909090909091,0.4090909090909091
VH-00778,777,6,A,28,Sedan,0.042435019202716695,4.24350192027167,False,0.35,417,Low-confidence sparse telemetry,Pass,0,NONE,40.433,2.108,0.0,0.5754545454545454,0.4090909090909091
VH-00324,323,3,A,24,SUV,0.04227515683393806,4.227515683393806,False,0.35,418,High upstream cycle-time variation,Pass,0,NONE,41.411,2.185,0.0,0.5772727272727273,0.4090909090909091
VH-00281,280,2,B,56,Compact,0.04222744433208459,4.222744433208459,False,0.35,419,Low-confidence sparse telemetry,Pass,0,NONE,41.551,2.246,0.0,0.5809090909090909,0.4090909090909091
VH-00558,557,4,B,33,Sedan,0.04213289082570444,4.213289082570444,False,0.35,420,High upstream cycle-time variation,Pass,0,NONE,41.158,3.405,0.0,0.5772727272727273,0.4090909090909091
VH-00727,726,5,B,52,Sedan,0.042100248939679015,4.210024893967901,False,0.35,421,High upstream cycle-time variation,Pass,0,NONE,41.553,2.246,0.0,0.5754545454545454,0.4090909090909091
VH-00358,357,3,A,58,Sedan,0.04197700752731149,4.197700752731149,False,0.35,422,High upstream cycle-time variation,Pass,0,NONE,43.62,3.123,0.037260000000000154,0.5809090909090909,0.4090909090909091
VH-00195,194,2,A,45,Compact,0.04193792919226668,4.193792919226668,False,0.35,423,High upstream cycle-time variation,Pass,0,NONE,40.142,2.191,0.0,0.5772727272727273,0.4090909090909091
VH-00564,563,4,B,39,SUV,0.041674306464196544,4.167430646419654,False,0.35,424,High upstream cycle-time variation,Pass,0,NONE,41.034,3.263,0.0,0.5790909090909091,0.4090909090909091
VH-00647,646,5,A,47,Truck,0.04156871597086595,4.156871597086595,False,0.35,425,High upstream cycle-time variation,Pass,0,NONE,40.19,2.259,0.0,0.5790909090909091,0.4090909090909091
VH-00889,888,6,B,64,SUV,0.041541141655704605,4.15411416557046,False,0.35,426,High upstream cycle-time variation,Pass,0,NONE,41.526,1.989,0.0,0.5772727272727273,0.4090909090909091
VH-00382,381,3,B,7,Sedan,0.04138491910192947,4.138491910192947,False,0.35,427,High upstream cycle-time variation,Pass,0,NONE,43.939,3.188,0.17063200000000014,0.5736363636363636,0.4090909090909091
VH-00865,864,6,B,40,Sedan,0.0412812799512039,4.12812799512039,False,0.35,428,High upstream cycle-time variation,Pass,0,NONE,41.36,2.39,0.0,0.5772727272727273,0.4090909090909091
VH-00126,125,1,B,51,SUV,0.04124994166581618,4.124994166581618,False,0.35,429,High upstream cycle-time variation,Pass,0,NONE,39.02,2.17,0.0,0.5772727272727273,0.4090909090909091
VH-00836,835,6,B,11,Compact,0.04124466600160075,4.1244666001600745,False,0.35,430,High upstream cycle-time variation,Pass,0,NONE,40.341,2.117,0.0,0.5790909090909091,0.4090909090909091
VH-00237,236,2,B,12,Sedan,0.041087680083912136,4.1087680083912135,False,0.35,431,High upstream cycle-time variation,Pass,0,NONE,38.684,1.86,0.0,0.5754545454545454,0.4090909090909091
VH-00583,582,4,B,58,Truck,0.04108059752980378,4.108059752980378,False,0.35,432,High upstream cycle-time variation,Pass,0,NONE,40.798,3.232,0.0,0.5772727272727273,0.4090909090909091
VH-00622,621,5,A,22,Sedan,0.040930750253830854,4.093075025383086,False,0.35,433,High upstream cycle-time variation,Pass,0,NONE,39.954,2.357,0.0,0.5754545454545454,0.4090909090909091
VH-00718,717,5,B,43,Truck,0.04084246064495848,4.084246064495848,False,0.35,434,High upstream cycle-time variation,Pass,0,NONE,40.451,2.055,0.0,0.5790909090909091,0.4090909090909091
VH-00604,603,5,A,4,Compact,0.04065147728822703,4.065147728822703,False,0.35,435,High upstream cycle-time variation,Pass,0,NONE,41.286,2.84,0.0,0.5772727272727273,0.4090909090909091
VH-00086,85,1,B,11,Sedan,0.04064267961100901,4.064267961100901,False,0.35,436,High upstream cycle-time variation,Pass,0,NONE,39.739,2.131,0.0,0.5790909090909091,0.4090909090909091
VH-00538,537,4,B,13,SUV,0.040587442989844166,4.058744298984417,False,0.35,437,High upstream cycle-time variation,Pass,0,NONE,42.417,3.699,0.24978300000000084,0.5754545454545454,0.4090909090909091
VH-00074,73,1,A,74,SUV,0.04052034776851251,4.052034776851251,False,0.35,438,High upstream cycle-time variation,Pass,0,NONE,39.912,2.053,0.0,0.5718181818181818,0.4090909090909091
VH-00757,756,6,A,7,SUV,0.04037724527239229,4.037724527239229,False,0.35,439,High upstream cycle-time variation,Pass,0,NONE,40.07,1.987,0.0,0.5790909090909091,0.4090909090909091
VH-00562,561,4,B,37,Truck,0.040372373956825254,4.037237395682525,False,0.35,440,High upstream cycle-time variation,Pass,0,NONE,41.926,3.485,0.0,0.5809090909090909,0.4090909090909091
VH-00793,792,6,A,43,Truck,0.04027402621814289,4.027402621814289,False,0.35,441,High upstream cycle-time variation,Pass,0,NONE,39.962,2.378,0.0,0.5754545454545454,0.4090909090909091
VH-00566,565,4,B,41,Sedan,0.04026572511032414,4.026572511032414,False,0.35,442,High upstream cycle-time variation,Pass,0,NONE,41.739,3.503,0.0,0.5736363636363636,0.4090909090909091
VH-00197,196,2,A,47,Compact,0.040225121201826745,4.022512120182674,False,0.35,443,Low-confidence sparse telemetry,Pass,0,NONE,40.427499999999995,1.654,0.0,0.5736363636363636,0.4090909090909091
VH-00009,8,1,A,9,Sedan,0.04003758401770586,4.003758401770586,False,0.35,444,High upstream cycle-time variation,Pass,0,NONE,39.631,2.255,0.0,0.5754545454545454,0.4090909090909091
VH-00362,361,3,A,62,SUV,0.03987286496906951,3.9872864969069512,False,0.35,445,High upstream cycle-time variation,Pass,0,NONE,41.437,2.752,0.0,0.5772727272727273,0.4090909090909091
VH-00223,222,2,A,73,Sedan,0.03960710115767491,3.9607101157674904,False,0.35,446,High upstream cycle-time variation,Pass,0,NONE,40.602,2.226,0.0,0.5809090909090909,0.4090909090909091
VH-00346,345,3,A,46,Sedan,0.03940654262914422,3.9406542629144217,False,0.35,447,High upstream cycle-time variation,Pass,0,NONE,42.883,3.032,0.0,0.5790909090909091,0.4090909090909091
VH-00386,385,3,B,11,Truck,0.03932959647701107,3.9329596477011073,False,0.35,448,High upstream cycle-time variation,Pass,0,NONE,45.062,3.32,0.6736399999999987,0.5772727272727273,0.4090909090909091
VH-00536,535,4,B,11,Sedan,0.03932658080014564,3.932658080014564,False,0.35,449,High upstream cycle-time variation,Pass,0,NONE,40.898,3.894,0.0,0.5827272727272728,0.4090909090909091
VH-00714,713,5,B,39,Truck,0.03884311353899426,3.8843113538994256,False,0.35,450,High upstream cycle-time variation,Pass,0,NONE,40.512,1.569,0.0,0.5790909090909091,0.4090909090909091
VH-00344,343,3,A,44,Compact,0.03881021468672786,3.881021468672786,False,0.35,451,High upstream cycle-time variation,Pass,0,NONE,40.251,2.397,0.0,0.5845454545454545,0.4090909090909091
VH-00594,593,4,B,69,Truck,0.038793864394653745,3.8793864394653745,False,0.35,452,High upstream cycle-time variation,Pass,0,NONE,39.985,2.626,0.0,0.5754545454545454,0.4090909090909091
VH-00046,45,1,A,46,Compact,0.03868658247381748,3.8686582473817483,False,0.35,453,High upstream cycle-time variation,Pass,0,NONE,39.631,2.051,0.0,0.5754545454545454,0.4090909090909091
VH-00752,751,6,A,2,Sedan,0.038621767412949225,3.8621767412949226,False,0.35,454,High upstream cycle-time variation,Pass,0,NONE,39.876,2.077,0.0,0.5790909090909091,0.4090909090909091
VH-00670,669,5,A,70,Compact,0.03847600397096033,3.847600397096033,False,0.35,455,High upstream cycle-time variation,Pass,0,NONE,40.093,2.11,0.0,0.5736363636363636,0.4090909090909091
VH-00573,572,4,B,48,Sedan,0.03839878328873164,3.839878328873164,False,0.35,456,High upstream cycle-time variation,Pass,0,NONE,41.134,3.191,0.0,0.5754545454545454,0.4090909090909091
VH-00848,847,6,B,23,SUV,0.038257434728590355,3.8257434728590356,False,0.35,457,High upstream cycle-time variation,Pass,0,NONE,40.829,2.103,0.0,0.5863636363636364,0.4090909090909091
VH-00523,522,4,A,73,Compact,0.03808137712951502,3.808137712951502,False,0.35,458,High upstream cycle-time variation,Pass,0,NONE,41.937,4.015,0.0,0.5754545454545454,0.4090909090909091
VH-00302,301,3,A,2,Sedan,0.038080965496671865,3.8080965496671864,False,0.35,459,High upstream cycle-time variation,Pass,0,NONE,39.548,2.596,0.0,0.5827272727272728,0.4090909090909091
VH-00245,244,2,B,20,Sedan,0.03805980486627645,3.8059804866276448,False,0.35,460,High upstream cycle-time variation,Pass,0,NONE,39.702,1.981,0.0,0.5754545454545454,0.4090909090909091
VH-00037,36,1,A,37,SUV,0.038055792451801074,3.805579245180107,False,0.35,461,High upstream cycle-time variation,Pass,0,NONE,39.526,2.387,0.0,0.5827272727272728,0.4090909090909091
VH-00050,49,1,A,50,Truck,0.03802876614701417,3.8028766147014172,False,0.35,462,High upstream cycle-time variation,Pass,0,NONE,40.674,2.126,0.0,0.5790909090909091,0.4090909090909091
VH-00079,78,1,B,4,Truck,0.03787944390413418,3.7879443904134185,False,0.35,463,High upstream cycle-time variation,Pass,0,NONE,40.983,2.129,0.0,0.5809090909090909,0.4090909090909091
VH-00169,168,2,A,19,Truck,0.03782597760871444,3.7825977608714436,False,0.35,464,High upstream cycle-time variation,Pass,0,NONE,39.113,2.106,0.0,0.5809090909090909,0.4090909090909091
VH-00011,10,1,A,11,SUV,0.037809055028620434,3.7809055028620433,False,0.35,465,Low-confidence sparse telemetry,Pass,0,NONE,39.987,1.982,0.0,0.5827272727272728,0.4090909090909091
VH-00675,674,5,A,75,Truck,0.037757773232895614,3.7757773232895615,False,0.35,466,High upstream cycle-time variation,Pass,0,NONE,39.632,2.161,0.0,0.5772727272727273,0.4090909090909091
VH-00360,359,3,A,60,Truck,0.037747012879353344,3.7747012879353345,False,0.35,467,High upstream cycle-time variation,Pass,0,NONE,42.753,2.647,0.0,0.5809090909090909,0.4090909090909091
VH-00097,96,1,B,22,Sedan,0.03771275522979614,3.771275522979614,False,0.35,468,High upstream cycle-time variation,Fail,1,LOW_CONFIDENCE_MULTI_CAUSAL,39.924,2.07,0.0,0.5827272727272728,0.4090909090909091
VH-00815,814,6,A,65,Compact,0.03763715508272996,3.763715508272996,False,0.35,469,Low-confidence sparse telemetry,Pass,0,NONE,40.199,2.033,0.0,0.5754545454545454,0.4090909090909091
VH-00147,146,1,B,72,Compact,0.037317472627444746,3.7317472627444745,False,0.35,470,High upstream cycle-time variation,Pass,0,NONE,40.128,2.425,0.0,0.5754545454545454,0.4090909090909091
VH-00580,579,4,B,55,SUV,0.037304949329556004,3.7304949329556005,False,0.35,471,High upstream cycle-time variation,Pass,0,NONE,40.209,3.058,0.0,0.5754545454545454,0.4090909090909091
VH-00575,574,4,B,50,Sedan,0.03711644211431122,3.711644211431122,False,0.35,472,Low-confidence sparse telemetry,Pass,0,NONE,40.779,2.957,0.0,0.5845454545454545,0.4090909090909091
VH-00231,230,2,B,6,Compact,0.037038333294907536,3.7038333294907537,False,0.35,473,High upstream cycle-time variation,Pass,0,NONE,40.721,2.187,0.0,0.5754545454545454,0.4090909090909091
VH-00569,568,4,B,44,SUV,0.03681336866512337,3.6813368665123374,False,0.35,474,High upstream cycle-time variation,Pass,0,NONE,40.858,3.154,0.0,0.5809090909090909,0.4090909090909091
VH-00184,183,2,A,34,Compact,0.03671236356821451,3.671236356821451,False,0.35,475,High upstream cycle-time variation,Pass,0,NONE,39.086,2.116,0.0,0.5809090909090909,0.4090909090909091
VH-00614,613,5,A,14,Sedan,0.036426472120295476,3.6426472120295474,False,0.35,476,High upstream cycle-time variation,Pass,0,NONE,38.936,2.546,0.0,0.5736363636363636,0.4090909090909091
VH-00021,20,1,A,21,Sedan,0.036107645902258616,3.6107645902258616,False,0.35,477,High upstream cycle-time variation,Pass,0,NONE,39.999,1.889,0.0,0.5754545454545454,0.4090909090909091
VH-00070,69,1,A,70,Sedan,0.035912786976556095,3.5912786976556097,False,0.35,478,High upstream cycle-time variation,Pass,0,NONE,38.851,2.136,0.0,0.5772727272727273,0.4090909090909091
VH-00153,152,2,A,3,Sedan,0.035788715361830065,3.5788715361830064,False,0.35,479,High upstream cycle-time variation,Pass,0,NONE,39.3,2.241,0.0,0.5809090909090909,0.4090909090909091
VH-00003,2,1,A,3,Sedan,0.035527623055742884,3.5527623055742885,False,0.35,480,High upstream cycle-time variation,Pass,0,NONE,39.902,2.394,0.0,0.5809090909090909,0.4090909090909091
VH-00553,552,4,B,28,SUV,0.03544471541956237,3.5444715419562374,False,0.35,481,High upstream cycle-time variation,Pass,0,NONE,42.092,3.486,0.03551199999999953,0.5772727272727273,0.4090909090909091
VH-00551,550,4,B,26,Compact,0.03520088407928098,3.520088407928098,False,0.35,482,High upstream cycle-time variation,Pass,0,NONE,41.835,3.492,0.0,0.5772727272727273,0.4090909090909091
VH-00527,526,4,B,2,Sedan,0.03517014340580403,3.517014340580403,False,0.35,483,High upstream cycle-time variation,Pass,0,NONE,41.486,3.878,0.0,0.5809090909090909,0.4090909090909091
VH-00850,849,6,B,25,Sedan,0.035145956985556025,3.5145956985556026,False,0.35,484,High upstream cycle-time variation,Pass,0,NONE,40.443,2.215,0.0,0.5772727272727273,0.4090909090909091
VH-00656,655,5,A,56,Sedan,0.03489811215694436,3.489811215694436,False,0.35,485,High upstream cycle-time variation,Pass,0,NONE,40.268,2.094,0.0,0.5827272727272728,0.4090909090909091
VH-00317,316,3,A,17,Compact,0.03477905260088684,3.4779052600886837,False,0.35,486,High upstream cycle-time variation,Pass,0,NONE,40.85,2.291,0.0,0.5754545454545454,0.4090909090909091
VH-00364,363,3,A,64,Truck,0.03429221519746575,3.429221519746575,False,0.35,487,High upstream cycle-time variation,Pass,0,NONE,44.609,2.866,0.0,0.5863636363636364,0.4090909090909091
VH-00605,604,5,A,5,Sedan,0.03426343181961784,3.4263431819617844,False,0.35,488,High upstream cycle-time variation,Pass,0,NONE,40.261,2.791,0.0,0.5736363636363636,0.4090909090909091
VH-00128,127,1,B,53,Compact,0.0342328835751798,3.42328835751798,False,0.35,489,High upstream cycle-time variation,Pass,0,NONE,40.924,2.503,0.0,0.5754545454545454,0.4090909090909091
VH-00521,520,4,A,71,Sedan,0.034221426779905056,3.4221426779905055,False,0.35,490,High upstream cycle-time variation,Pass,0,NONE,41.703,3.741,0.0,0.5754545454545454,0.4090909090909091
VH-00747,746,5,B,72,Compact,0.034188235006074374,3.4188235006074374,False,0.35,491,High upstream cycle-time variation,Pass,0,NONE,40.726,1.805,0.0,0.5790909090909091,0.4090909090909091
VH-00770,769,6,A,20,SUV,0.03416209214710047,3.416209214710047,False,0.35,492,High upstream cycle-time variation,Pass,0,NONE,40.839,2.287,0.0,0.5809090909090909,0.4090909090909091
VH-00822,821,6,A,72,Sedan,0.034126837992915625,3.4126837992915626,False,0.35,493,High upstream cycle-time variation,Pass,0,NONE,40.083,1.996,0.0,0.5790909090909091,0.4090909090909091
VH-00713,712,5,B,38,Sedan,0.034063409922998666,3.4063409922998664,False,0.35,494,High upstream cycle-time variation,Pass,0,NONE,40.652,2.256,0.0,0.5809090909090909,0.4090909090909091
VH-00173,172,2,A,23,SUV,0.03392791459385655,3.392791459385655,False,0.35,495,High upstream cycle-time variation,Pass,0,NONE,38.85,2.052,0.0,0.5718181818181818,0.4090909090909091
VH-00389,388,3,B,14,Compact,0.03391010796048687,3.391010796048687,False,0.35,496,High upstream cycle-time variation,Pass,0,NONE,42.682,3.467,0.2502940000000008,0.5809090909090909,0.4090909090909091
VH-00825,824,6,A,75,Compact,0.033749332086098,3.3749332086097996,False,0.35,497,High upstream cycle-time variation,Pass,0,NONE,40.427499999999995,2.303,0.0,0.5736363636363636,0.4090909090909091
VH-00619,618,5,A,19,Sedan,0.03365516915352264,3.3655169153522637,False,0.35,498,High upstream cycle-time variation,Pass,0,NONE,38.014,2.58,0.0,0.5772727272727273,0.4090909090909091
VH-00007,6,1,A,7,Sedan,0.03364612629898973,3.3646126298989727,False,0.35,499,Low-confidence sparse telemetry,Pass,0,NONE,40.427499999999995,2.099,0.0,0.5827272727272728,0.4090909090909091
VH-00370,369,3,A,70,Sedan,0.033528248372151785,3.3528248372151785,False,0.35,500,Low-confidence sparse telemetry,Pass,0,NONE,43.03,3.15,0.05149999999999987,0.5827272727272728,0.4090909090909091
VH-00027,26,1,A,27,Sedan,0.033523903766945876,3.3523903766945877,False,0.35,501,High upstream cycle-time variation,Pass,0,NONE,38.87,2.246,0.0,0.5754545454545454,0.4090909090909091
VH-00062,61,1,A,62,Sedan,0.033444897551384106,3.3444897551384107,False,0.35,502,High upstream cycle-time variation,Pass,0,NONE,39.308,1.903,0.0,0.5736363636363636,0.4090909090909091
VH-00546,545,4,B,21,Compact,0.03343696668731182,3.3436966687311815,False,0.35,503,High upstream cycle-time variation,Pass,0,NONE,42.134,3.515,0.055610000000000145,0.5790909090909091,0.4090909090909091
VH-00135,134,1,B,60,Compact,0.03335971255661559,3.335971255661559,False,0.35,504,High upstream cycle-time variation,Pass,0,NONE,39.998,2.069,0.0,0.5736363636363636,0.4090909090909091
VH-00055,54,1,A,55,Sedan,0.033116269600691355,3.3116269600691353,False,0.35,505,High upstream cycle-time variation,Pass,0,NONE,40.233,2.374,0.0,0.5754545454545454,0.4090909090909091
VH-00623,622,5,A,23,Sedan,0.033073755490979566,3.3073755490979564,False,0.35,506,High upstream cycle-time variation,Pass,0,NONE,38.851,2.417,0.0,0.5827272727272728,0.4090909090909091
VH-00177,176,2,A,27,Compact,0.032953648697155155,3.2953648697155153,False,0.35,507,High upstream cycle-time variation,Pass,0,NONE,40.777,1.976,0.0,0.5772727272727273,0.4090909090909091
VH-00220,219,2,A,70,Compact,0.032941405694926956,3.2941405694926957,False,0.35,508,High upstream cycle-time variation,Pass,0,NONE,38.582,2.103,0.0,0.5827272727272728,0.4090909090909091
VH-00734,733,5,B,59,Sedan,0.0328668727790087,3.2866872779008705,False,0.35,509,High upstream cycle-time variation,Pass,0,NONE,40.313,2.396,0.0,0.5754545454545454,0.4090909090909091
VH-00840,839,6,B,15,Compact,0.03284590601250909,3.284590601250909,False,0.35,510,High upstream cycle-time variation,Pass,0,NONE,40.598,1.788,0.0,0.5790909090909091,0.4090909090909091
VH-00577,576,4,B,52,Compact,0.032700705954508885,3.2700705954508886,False,0.35,511,High upstream cycle-time variation,Pass,0,NONE,41.21,2.949,0.0,0.5736363636363636,0.4090909090909091
VH-00828,827,6,B,3,Compact,0.03263754741578104,3.263754741578104,False,0.35,512,High upstream cycle-time variation,Pass,0,NONE,39.92,1.949,0.0,0.5772727272727273,0.4090909090909091
VH-00124,123,1,B,49,Compact,0.03211513191637578,3.211513191637578,False,0.35,513,High upstream cycle-time variation,Pass,0,NONE,40.863,1.95,0.0,0.5772727272727273,0.4090909090909091
VH-00325,324,3,A,25,Truck,0.03211274579150392,3.2112745791503925,False,0.35,514,High upstream cycle-time variation,Pass,0,NONE,41.601,2.158,0.0,0.5827272727272728,0.4090909090909091
VH-00065,64,1,A,65,SUV,0.0320245888797333,3.20245888797333,False,0.35,515,High upstream cycle-time variation,Pass,0,NONE,39.133,2.176,0.0,0.5754545454545454,0.4090909090909091
VH-00849,848,6,B,24,Sedan,0.031861296829666486,3.186129682966649,False,0.35,516,High upstream cycle-time variation,Pass,0,NONE,39.999,2.087,0.0,0.5790909090909091,0.4090909090909091
VH-00236,235,2,B,11,Sedan,0.031781708535596774,3.1781708535596773,False,0.35,517,High upstream cycle-time variation,Pass,0,NONE,40.418,1.9,0.0,0.5809090909090909,0.4090909090909091
VH-00096,95,1,B,21,Compact,0.03163723462864079,3.163723462864079,False,0.35,518,High upstream cycle-time variation,Pass,0,NONE,40.212,2.001,0.0,0.5790909090909091,0.4090909090909091
VH-00563,562,4,B,38,Compact,0.03150442378952697,3.1504423789526967,False,0.35,519,High upstream cycle-time variation,Pass,0,NONE,42.788,3.32,0.17335999999999907,0.5809090909090909,0.4090909090909091
VH-00108,107,1,B,33,SUV,0.031463569462428606,3.1463569462428604,False,0.35,520,High upstream cycle-time variation,Pass,0,NONE,40.775,2.198,0.0,0.5827272727272728,0.4090909090909091
VH-00132,131,1,B,57,Sedan,0.031230404707541272,3.1230404707541273,False,0.35,521,High upstream cycle-time variation,Pass,0,NONE,40.532,2.353,0.0,0.5809090909090909,0.4090909090909091
VH-00659,658,5,A,59,Sedan,0.031142607038444608,3.1142607038444607,False,0.35,522,High upstream cycle-time variation,Pass,0,NONE,38.633,1.909,0.0,0.5809090909090909,0.4090909090909091
VH-00811,810,6,A,61,Compact,0.03112778413798167,3.112778413798167,False,0.35,523,High upstream cycle-time variation,Pass,0,NONE,38.959,2.428,0.0,0.5809090909090909,0.4090909090909091
VH-00308,307,3,A,8,Sedan,0.030664336442452467,3.066433644245247,False,0.35,524,High upstream cycle-time variation,Pass,0,NONE,41.24,1.923,0.0,0.5809090909090909,0.4090909090909091
VH-00597,596,4,B,72,Compact,0.030640078256887037,3.064007825688704,False,0.35,525,High upstream cycle-time variation,Pass,0,NONE,40.102,2.48,0.0,0.5809090909090909,0.4090909090909091
VH-00211,210,2,A,61,Sedan,0.030593267874486473,3.059326787448647,False,0.35,526,High upstream cycle-time variation,Pass,0,NONE,38.882,1.982,0.0,0.5790909090909091,0.4090909090909091
VH-00731,730,5,B,56,SUV,0.030569449071623036,3.0569449071623036,False,0.35,527,High upstream cycle-time variation,Pass,0,NONE,41.735,2.326,0.0,0.5790909090909091,0.4090909090909091
VH-00895,894,6,B,70,Truck,0.03047632900949956,3.047632900949956,False,0.35,528,High upstream cycle-time variation,Fail,1,LOW_CONFIDENCE_MULTI_CAUSAL,40.831,2.122,0.0,0.5827272727272728,0.4090909090909091
VH-00751,750,6,A,1,Sedan,0.030173408827651117,3.0173408827651116,False,0.35,529,Low-confidence sparse telemetry,Pass,0,NONE,39.522,1.997,0.0,0.5790909090909091,0.4090909090909091
VH-00359,358,3,A,59,Truck,0.03017254616412253,3.017254616412253,False,0.35,530,High upstream cycle-time variation,Pass,0,NONE,43.296,2.976,0.0,0.5790909090909091,0.4090909090909091
VH-00631,630,5,A,31,Sedan,0.03010789250215711,3.010789250215711,False,0.35,531,Low-confidence sparse telemetry,Pass,0,NONE,40.078,2.03,0.0,0.5772727272727273,0.4090909090909091
VH-00356,355,3,A,56,Compact,0.030056898484408564,3.0056898484408565,False,0.35,532,High upstream cycle-time variation,Pass,0,NONE,41.677,2.691,0.0,0.5736363636363636,0.4090909090909091
VH-00252,251,2,B,27,Compact,0.03004968954979719,3.004968954979719,False,0.35,533,High upstream cycle-time variation,Pass,0,NONE,40.111,2.189,0.0,0.5754545454545454,0.4090909090909091
VH-00039,38,1,A,39,Sedan,0.030027032412055638,3.002703241205564,False,0.35,534,High upstream cycle-time variation,Pass,0,NONE,38.959,2.009,0.0,0.5790909090909091,0.4090909090909091
VH-00171,170,2,A,21,Sedan,0.029771424582275,2.9771424582275,False,0.35,535,High upstream cycle-time variation,Pass,0,NONE,39.605,2.224,0.0,0.5754545454545454,0.4090909090909091
VH-00641,640,5,A,41,SUV,0.02976535615614512,2.976535615614512,False,0.35,536,High upstream cycle-time variation,Pass,0,NONE,39.782,2.106,0.0,0.5772727272727273,0.4090909090909091
VH-00312,311,3,A,12,Sedan,0.029698851890941073,2.969885189094107,False,0.35,537,High upstream cycle-time variation,Pass,0,NONE,41.48,2.052,0.0,0.5754545454545454,0.4090909090909091
VH-00125,124,1,B,50,Compact,0.02958959035463073,2.958959035463073,False,0.35,538,High upstream cycle-time variation,Pass,0,NONE,39.125,1.898,0.0,0.5809090909090909,0.4090909090909091
VH-00233,232,2,B,8,Sedan,0.02928002779665788,2.9280027796657877,False,0.35,539,High upstream cycle-time variation,Pass,0,NONE,40.427499999999995,2.132,0.0,0.5772727272727273,0.4090909090909091
VH-00728,727,5,B,53,Sedan,0.02923321494902337,2.923321494902337,False,0.35,540,High upstream cycle-time variation,Pass,0,NONE,40.353,1.86,0.0,0.5790909090909091,0.4090909090909091
VH-00315,314,3,A,15,SUV,0.02914808624025724,2.9148086240257243,False,0.35,541,High upstream cycle-time variation,Pass,0,NONE,40.583,1.891,0.0,0.5809090909090909,0.4090909090909091
VH-00814,813,6,A,64,SUV,0.029141095028725906,2.9141095028725905,False,0.35,542,High upstream cycle-time variation,Pass,0,NONE,39.095,2.273,0.0,0.5790909090909091,0.4090909090909091
VH-00624,623,5,A,24,SUV,0.029078289510514357,2.9078289510514357,False,0.35,543,High upstream cycle-time variation,Pass,0,NONE,39.705,2.566,0.0,0.5736363636363636,0.4090909090909091
VH-00103,102,1,B,28,Compact,0.02903588270336158,2.903588270336158,False,0.35,544,High upstream cycle-time variation,Pass,0,NONE,39.677,2.084,0.0,0.5790909090909091,0.4090909090909091
VH-00878,877,6,B,53,Compact,0.0290311856020074,2.90311856020074,False,0.35,545,Low-confidence sparse telemetry,Pass,0,NONE,41.127,2.246,0.0,0.5809090909090909,0.4090909090909091
VH-00732,731,5,B,57,Compact,0.029015946470428027,2.9015946470428027,False,0.35,546,High upstream cycle-time variation,Pass,0,NONE,40.532,2.25,0.0,0.5772727272727273,0.4090909090909091
VH-00168,167,2,A,18,Compact,0.028841988087951565,2.8841988087951567,False,0.35,547,High upstream cycle-time variation,Pass,0,NONE,39.876,2.43,0.0,0.5736363636363636,0.4090909090909091
VH-00361,360,3,A,61,Compact,0.028814047756734636,2.8814047756734635,False,0.35,548,High upstream cycle-time variation,Pass,0,NONE,43.647,2.919,0.0,0.5754545454545454,0.4090909090909091
VH-00017,16,1,A,17,Compact,0.028608798923362887,2.8608798923362886,False,0.35,549,High upstream cycle-time variation,Pass,0,NONE,40.698,1.683,0.0,0.5754545454545454,0.4090909090909091
VH-00591,590,4,B,66,Sedan,0.028555269423006947,2.8555269423006946,False,0.35,550,High upstream cycle-time variation,Pass,0,NONE,41.485,2.889,0.0,0.5827272727272728,0.4090909090909091
VH-00365,364,3,A,65,Sedan,0.02854732137584429,2.854732137584429,False,0.35,551,High upstream cycle-time variation,Pass,0,NONE,43.698,3.156,0.0950880000000001,0.5736363636363636,0.4090909090909091
VH-00130,129,1,B,55,Compact,0.028215749631530063,2.8215749631530063,False,0.35,552,Low-confidence sparse telemetry,Pass,0,NONE,41.088,2.354,0.0,0.5772727272727273,0.4090909090909091
VH-00871,870,6,B,46,Sedan,0.028191463867113728,2.8191463867113726,False,0.35,553,High upstream cycle-time variation,Pass,0,NONE,39.209,2.177,0.0,0.5772727272727273,0.4090909090909091
VH-00657,656,5,A,57,Sedan,0.028161322517641484,2.8161322517641483,False,0.35,554,High upstream cycle-time variation,Pass,0,NONE,39.769,2.151,0.0,0.5772727272727273,0.4090909090909091
VH-00663,662,5,A,63,Compact,0.02808860619663358,2.808860619663358,False,0.35,555,High upstream cycle-time variation,Pass,0,NONE,40.184,2.051,0.0,0.5772727272727273,0.4090909090909091
VH-00118,117,1,B,43,Sedan,0.028081035772415736,2.8081035772415737,False,0.35,556,High upstream cycle-time variation,Pass,0,NONE,39.237,1.738,0.0,0.5827272727272728,0.4090909090909091
VH-00148,147,1,B,73,Compact,0.027994795608873187,2.7994795608873186,False,0.35,557,High upstream cycle-time variation,Pass,0,NONE,39.926,2.022,0.0,0.5736363636363636,0.4090909090909091
VH-00301,300,3,A,1,SUV,0.027879762063405377,2.7879762063405376,False,0.35,558,Low-confidence sparse telemetry,Pass,0,NONE,40.308,2.157,0.0,0.5772727272727273,0.4090909090909091
VH-00649,648,5,A,49,SUV,0.027566039960272355,2.7566039960272355,False,0.35,559,High upstream cycle-time variation,Pass,0,NONE,38.421,2.098,0.0,0.5754545454545454,0.4090909090909091
VH-00310,309,3,A,10,Compact,0.027541720864004877,2.7541720864004877,False,0.35,560,Low-confidence sparse telemetry,Pass,0,NONE,41.32,2.354,0.0,0.5754545454545454,0.4090909090909091
VH-00381,380,3,B,6,Sedan,0.027331138971452684,2.733113897145268,False,0.35,561,High upstream cycle-time variation,Pass,0,NONE,44.679,3.287,0.5009729999999999,0.5809090909090909,0.4090909090909091
VH-00161,160,2,A,11,SUV,0.027306951862645982,2.7306951862645983,False,0.35,562,High upstream cycle-time variation,Pass,0,NONE,38.953,2.189,0.0,0.5790909090909091,0.4090909090909091
VH-00198,197,2,A,48,Sedan,0.02727949196377915,2.727949196377915,False,0.35,563,High upstream cycle-time variation,Pass,0,NONE,39.387,1.822,0.0,0.5772727272727273,0.4090909090909091
VH-00404,403,3,B,29,Compact,0.02717816147842444,2.717816147842444,False,0.35,564,High upstream cycle-time variation,Pass,0,NONE,44.203,3.391,0.6410730000000007,0.5754545454545454,0.4090909090909091
VH-00834,833,6,B,9,Compact,0.02717241760933203,2.717241760933203,False,0.35,565,High upstream cycle-time variation,Pass,0,NONE,40.173,1.788,0.0,0.5754545454545454,0.4090909090909091
VH-00363,362,3,A,63,Sedan,0.027166479050102724,2.7166479050102725,False,0.35,566,High upstream cycle-time variation,Pass,0,NONE,41.426,2.246,0.0,0.5809090909090909,0.4090909090909091
VH-00082,81,1,B,7,Sedan,0.027067819755006543,2.7067819755006544,False,0.35,567,High upstream cycle-time variation,Pass,0,NONE,40.488,2.417,0.0,0.5754545454545454,0.4090909090909091
VH-00051,50,1,A,51,Compact,0.027035008843992396,2.7035008843992396,False,0.35,568,High upstream cycle-time variation,Pass,0,NONE,39.126,2.425,0.0,0.5809090909090909,0.4090909090909091
VH-00689,688,5,B,14,SUV,0.02700678044739914,2.700678044739914,False,0.35,569,High upstream cycle-time variation,Pass,0,NONE,40.144,1.918,0.0,0.5790909090909091,0.4090909090909091
VH-00077,76,1,B,2,SUV,0.02697982228506606,2.697982228506606,False,0.35,570,High upstream cycle-time variation,Pass,0,NONE,40.534,2.334,0.0,0.5790909090909091,0.4090909090909091
VH-00704,703,5,B,29,Sedan,0.026964741853223884,2.6964741853223884,False,0.35,571,High upstream cycle-time variation,Pass,0,NONE,40.687,2.098,0.0,0.5790909090909091,0.4090909090909091
VH-00790,789,6,A,40,Compact,0.026956629444773218,2.6956629444773217,False,0.35,572,High upstream cycle-time variation,Pass,0,NONE,38.971,1.95,0.0,0.5809090909090909,0.4090909090909091
VH-00771,770,6,A,21,Compact,0.026836278322478126,2.6836278322478124,False,0.35,573,High upstream cycle-time variation,Pass,0,NONE,40.894,2.25,0.0,0.5845454545454545,0.4090909090909091
VH-00639,638,5,A,39,Sedan,0.026702900568195524,2.6702900568195522,False,0.35,574,High upstream cycle-time variation,Pass,0,NONE,38.883,2.237,0.0,0.5790909090909091,0.4090909090909091
VH-00723,722,5,B,48,Sedan,0.026686795112514972,2.668679511251497,False,0.35,575,High upstream cycle-time variation,Pass,0,NONE,40.541,2.374,0.0,0.5736363636363636,0.4090909090909091
VH-00802,801,6,A,52,Compact,0.02658551594342368,2.658551594342368,False,0.35,576,High upstream cycle-time variation,Pass,0,NONE,38.653,2.528,0.0,0.5790909090909091,0.4090909090909091
VH-00377,376,3,B,2,Sedan,0.02650784609465143,2.650784609465143,False,0.35,577,High upstream cycle-time variation,Pass,0,NONE,44.134,3.254,0.3286359999999999,0.5809090909090909,0.4090909090909091
VH-00338,337,3,A,38,Compact,0.02615295954958473,2.615295954958473,False,0.35,578,Low-confidence sparse telemetry,Pass,0,NONE,42.184,2.96,0.0,0.5827272727272728,0.4090909090909091
VH-00699,698,5,B,24,Sedan,0.02603708380433832,2.603708380433832,False,0.35,579,High upstream cycle-time variation,Pass,0,NONE,40.02,2.158,0.0,0.5772727272727273,0.4090909090909091
VH-00637,636,5,A,37,Compact,0.026027103186190143,2.6027103186190144,False,0.35,580,High upstream cycle-time variation,Pass,0,NONE,40.178,2.162,0.0,0.5754545454545454,0.4090909090909091
VH-00545,544,4,B,20,SUV,0.025979910620902727,2.597991062090273,False,0.35,581,High upstream cycle-time variation,Pass,0,NONE,41.736,3.671,0.0,0.5754545454545454,0.4090909090909091
VH-00216,215,2,A,66,Sedan,0.02594443451531552,2.5944434515315518,False,0.35,582,High upstream cycle-time variation,Pass,0,NONE,38.076,2.219,0.0,0.5772727272727273,0.4090909090909091
VH-00253,252,2,B,28,Sedan,0.02585717881593301,2.585717881593301,False,0.35,583,Low-confidence sparse telemetry,Pass,0,NONE,40.018,2.021,0.0,0.5754545454545454,0.4090909090909091
VH-00897,896,6,B,72,SUV,0.02571667854624747,2.571667854624747,False,0.35,584,Low-confidence sparse telemetry,Pass,0,NONE,40.189,1.884,0.0,0.5827272727272728,0.4090909090909091
VH-00775,774,6,A,25,Sedan,0.02570746049146482,2.570746049146482,False,0.35,585,High upstream cycle-time variation,Pass,0,NONE,40.666,1.92,0.0,0.5754545454545454,0.4090909090909091
VH-00719,718,5,B,44,Truck,0.025636436842272528,2.563643684227253,False,0.35,586,High upstream cycle-time variation,Pass,0,NONE,40.398,1.938,0.0,0.5809090909090909,0.4090909090909091
VH-00010,9,1,A,10,Compact,0.025528486640716417,2.5528486640716417,False,0.35,587,High upstream cycle-time variation,Pass,0,NONE,37.649,1.88,0.0,0.5790909090909091,0.4090909090909091
VH-00838,837,6,B,13,SUV,0.025380059396739135,2.5380059396739134,False,0.35,588,High upstream cycle-time variation,Pass,0,NONE,39.323,1.89,0.0,0.59,0.4090909090909091
VH-00599,598,4,B,74,Truck,0.025166859894892132,2.516685989489213,False,0.35,589,High upstream cycle-time variation,Pass,0,NONE,40.194,2.849,0.0,0.5809090909090909,0.4090909090909091
VH-00313,312,3,A,13,Sedan,0.025074316347383094,2.5074316347383094,False,0.35,590,High upstream cycle-time variation,Pass,0,NONE,40.218,2.02,0.0,0.5754545454545454,0.4090909090909091
VH-00633,632,5,A,33,SUV,0.025001367280379626,2.5001367280379627,False,0.35,591,High upstream cycle-time variation,Pass,0,NONE,39.518,2.339,0.0,0.5754545454545454,0.4090909090909091
VH-00209,208,2,A,59,Sedan,0.025000242433300558,2.500024243330056,False,0.35,592,High upstream cycle-time variation,Pass,0,NONE,39.282,2.047,0.0,0.5827272727272728,0.4090909090909091
VH-00875,874,6,B,50,SUV,0.024974844917312878,2.4974844917312877,False,0.35,593,Low-confidence sparse telemetry,Pass,0,NONE,39.809,2.205,0.0,0.5809090909090909,0.4090909090909091
VH-00087,86,1,B,12,SUV,0.02494848521457289,2.494848521457289,False,0.35,594,High upstream cycle-time variation,Pass,0,NONE,40.142,2.206,0.0,0.5718181818181818,0.4090909090909091
VH-00193,192,2,A,43,SUV,0.024911143412290015,2.4911143412290015,False,0.35,595,High upstream cycle-time variation,Pass,0,NONE,39.647,2.243,0.0,0.5772727272727273,0.4090909090909091
VH-00781,780,6,A,31,SUV,0.024804215644275027,2.4804215644275027,False,0.35,596,High upstream cycle-time variation,Pass,0,NONE,39.281,2.317,0.0,0.5809090909090909,0.4090909090909091
VH-00717,716,5,B,42,SUV,0.02465008700851835,2.465008700851835,False,0.35,597,High upstream cycle-time variation,Pass,0,NONE,41.395,2.035,0.0,0.5790909090909091,0.4090909090909091
VH-00353,352,3,A,53,Sedan,0.02464382889313916,2.464382889313916,False,0.35,598,High upstream cycle-time variation,Pass,0,NONE,41.848,2.765,0.0,0.5809090909090909,0.4090909090909091
VH-00588,587,4,B,63,Compact,0.024632459405921927,2.4632459405921927,False,0.35,599,High upstream cycle-time variation,Pass,0,NONE,40.933,2.801,0.0,0.5790909090909091,0.4090909090909091
VH-00069,68,1,A,69,SUV,0.02461357065568253,2.461357065568253,False,0.35,600,Low-confidence sparse telemetry,Pass,0,NONE,39.394,2.102,0.0,0.5772727272727273,0.4090909090909091
VH-00142,141,1,B,67,SUV,0.024576286856256582,2.457628685625658,False,0.35,601,High upstream cycle-time variation,Pass,0,NONE,39.587,2.258,0.0,0.5754545454545454,0.4090909090909091
VH-00217,216,2,A,67,Compact,0.02455707675586702,2.455707675586702,False,0.35,602,High upstream cycle-time variation,Pass,0,NONE,38.819,2.246,0.0,0.5754545454545454,0.4090909090909091
VH-00137,136,1,B,62,Sedan,0.02454520681694653,2.454520681694653,False,0.35,603,High upstream cycle-time variation,Pass,0,NONE,40.704,2.127,0.0,0.5790909090909091,0.4090909090909091
VH-00278,277,2,B,53,Sedan,0.024511409548689786,2.4511409548689786,False,0.35,604,High upstream cycle-time variation,Pass,0,NONE,40.284,2.444,0.0,0.5772727272727273,0.4090909090909091
VH-00100,99,1,B,25,Sedan,0.02448792568937709,2.448792568937709,False,0.35,605,High upstream cycle-time variation,Pass,0,NONE,39.511,2.194,0.0,0.5772727272727273,0.4090909090909091
VH-00110,109,1,B,35,SUV,0.02437452796030613,2.437452796030613,False,0.35,606,High upstream cycle-time variation,Pass,0,NONE,42.008,2.418,0.0,0.5809090909090909,0.4090909090909091
VH-00199,198,2,A,49,Sedan,0.024373443708903215,2.4373443708903215,False,0.35,607,High upstream cycle-time variation,Pass,0,NONE,39.088,2.366,0.0,0.5827272727272728,0.4090909090909091
VH-00306,305,3,A,6,Sedan,0.02430628439545757,2.430628439545757,False,0.35,608,High upstream cycle-time variation,Pass,0,NONE,40.649,2.185,0.0,0.5754545454545454,0.4090909090909091
VH-00355,354,3,A,55,Sedan,0.0242192809807468,2.42192809807468,False,0.35,609,High upstream cycle-time variation,Pass,0,NONE,42.783,2.966,0.0,0.5736363636363636,0.4090909090909091
VH-00112,111,1,B,37,Sedan,0.024217510360927473,2.4217510360927474,False,0.35,610,High upstream cycle-time variation,Pass,0,NONE,39.7,2.135,0.0,0.5827272727272728,0.4090909090909091
VH-00618,617,5,A,18,Compact,0.024176374267535584,2.4176374267535583,False,0.35,611,High upstream cycle-time variation,Pass,0,NONE,39.08,2.498,0.0,0.5790909090909091,0.4090909090909091
VH-00698,697,5,B,23,Compact,0.02416887450270537,2.416887450270537,False,0.35,612,High upstream cycle-time variation,Pass,0,NONE,39.428,2.272,0.0,0.5809090909090909,0.4090909090909091
VH-00877,876,6,B,52,SUV,0.02396204217103647,2.396204217103647,False,0.35,613,High upstream cycle-time variation,Pass,0,NONE,39.092,2.216,0.0,0.5772727272727273,0.4090909090909091
VH-00117,116,1,B,42,Compact,0.023951819324732452,2.3951819324732453,False,0.35,614,High upstream cycle-time variation,Pass,0,NONE,39.522,2.116,0.0,0.5790909090909091,0.4090909090909091
VH-00642,641,5,A,42,Sedan,0.023848531905702925,2.3848531905702925,False,0.35,615,High upstream cycle-time variation,Pass,0,NONE,38.479,2.355,0.0,0.5790909090909091,0.4090909090909091
VH-00724,723,5,B,49,Compact,0.023744661083486687,2.3744661083486687,False,0.35,616,High upstream cycle-time variation,Pass,0,NONE,40.602,2.441,0.0,0.5736363636363636,0.4090909090909091
VH-00375,374,3,A,75,SUV,0.023652876315150985,2.3652876315150984,False,0.35,617,High upstream cycle-time variation,Pass,0,NONE,42.516,3.195,0.0490199999999997,0.5754545454545454,0.4090909090909091
VH-00773,772,6,A,23,Compact,0.023595665594310984,2.3595665594310984,False,0.35,618,High upstream cycle-time variation,Pass,0,NONE,39.467,2.061,0.0,0.5754545454545454,0.4090909090909091
VH-00761,760,6,A,11,Compact,0.02358273299821117,2.358273299821117,False,0.35,619,High upstream cycle-time variation,Pass,0,NONE,39.798,1.92,0.0,0.5790909090909091,0.4090909090909091
VH-00592,591,4,B,67,Sedan,0.023503680290981658,2.3503680290981657,False,0.35,620,High upstream cycle-time variation,Pass,0,NONE,40.768,2.858,0.0,0.5736363636363636,0.4090909090909091
VH-00557,556,4,B,32,Sedan,0.023158765416797525,2.3158765416797524,False,0.35,621,High upstream cycle-time variation,Pass,0,NONE,41.44,3.248,0.0,0.5790909090909091,0.4090909090909091
VH-00031,30,1,A,31,Sedan,0.023102965380017337,2.3102965380017335,False,0.35,622,High upstream cycle-time variation,Pass,0,NONE,39.588,1.86,0.0,0.5754545454545454,0.4090909090909091
VH-00067,66,1,A,67,SUV,0.023055686207753542,2.3055686207753543,False,0.35,623,High upstream cycle-time variation,Pass,0,NONE,40.527,2.046,0.0,0.5736363636363636,0.4090909090909091
VH-00648,647,5,A,48,Compact,0.022992635688073776,2.2992635688073775,False,0.35,624,High upstream cycle-time variation,Pass,0,NONE,38.608,2.018,0.0,0.5790909090909091,0.4090909090909091
VH-00345,344,3,A,45,Compact,0.02295436139289363,2.295436139289363,False,0.35,625,High upstream cycle-time variation,Pass,0,NONE,41.466,2.318,0.0,0.5772727272727273,0.4090909090909091
VH-00729,728,5,B,54,Compact,0.022944714071667344,2.2944714071667343,False,0.35,626,High upstream cycle-time variation,Pass,0,NONE,39.975,2.121,0.0,0.5772727272727273,0.4090909090909091
VH-00204,203,2,A,54,Compact,0.022929445219913167,2.2929445219913167,False,0.35,627,High upstream cycle-time variation,Pass,0,NONE,39.859,2.409,0.0,0.5736363636363636,0.4090909090909091
VH-00805,804,6,A,55,Sedan,0.0228679246746957,2.28679246746957,False,0.35,628,High upstream cycle-time variation,Pass,0,NONE,39.213,2.363,0.0,0.5809090909090909,0.4090909090909091
VH-00739,738,5,B,64,Compact,0.022777272073712974,2.2777272073712975,False,0.35,629,High upstream cycle-time variation,Pass,0,NONE,40.427499999999995,2.005,0.0,0.5754545454545454,0.4090909090909091
VH-00274,273,2,B,49,Sedan,0.02252799618984985,2.252799618984985,False,0.35,630,High upstream cycle-time variation,Pass,0,NONE,40.057,2.02,0.0,0.5772727272727273,0.4090909090909091
VH-00054,53,1,A,54,Sedan,0.022413515450834868,2.2413515450834867,False,0.35,631,High upstream cycle-time variation,Pass,0,NONE,40.427499999999995,1.955,0.0,0.5754545454545454,0.4090909090909091
VH-00330,329,3,A,30,SUV,0.02239485359100736,2.239485359100736,False,0.35,632,High upstream cycle-time variation,Pass,0,NONE,41.256,2.627,0.0,0.5772727272727273,0.4090909090909091
VH-00186,185,2,A,36,Sedan,0.022387676093640514,2.2387676093640514,False,0.35,633,High upstream cycle-time variation,Pass,0,NONE,39.935,2.166,0.0,0.5809090909090909,0.4090909090909091
VH-00139,138,1,B,64,Compact,0.022329668349881895,2.2329668349881895,False,0.35,634,High upstream cycle-time variation,Pass,0,NONE,40.911,1.92,0.0,0.5754545454545454,0.4090909090909091
VH-00890,889,6,B,65,SUV,0.02232390899703001,2.232390899703001,False,0.35,635,High upstream cycle-time variation,Pass,0,NONE,40.877,2.425,0.0,0.5790909090909091,0.4090909090909091
VH-00138,137,1,B,63,Sedan,0.02227605824779786,2.227605824779786,False,0.35,636,High upstream cycle-time variation,Pass,0,NONE,40.869,2.431,0.0,0.5754545454545454,0.4090909090909091
VH-00072,71,1,A,72,Compact,0.02225895159234938,2.225895159234938,False,0.35,637,High upstream cycle-time variation,Pass,0,NONE,39.883,2.106,0.0,0.5790909090909091,0.4090909090909091
VH-00799,798,6,A,49,Compact,0.022224331475495233,2.2224331475495234,False,0.35,638,High upstream cycle-time variation,Pass,0,NONE,37.82,2.172,0.0,0.5772727272727273,0.4090909090909091
VH-00008,7,1,A,8,Compact,0.021936662461873296,2.1936662461873295,False,0.35,639,High upstream cycle-time variation,Pass,0,NONE,39.795,2.12,0.0,0.5790909090909091,0.4090909090909091
VH-00042,41,1,A,42,Sedan,0.02186734451482094,2.186734451482094,False,0.35,640,High upstream cycle-time variation,Pass,0,NONE,39.032,2.066,0.0,0.5845454545454545,0.4090909090909091
VH-00104,103,1,B,29,Sedan,0.021831874695872045,2.1831874695872044,False,0.35,641,Low-confidence sparse telemetry,Pass,0,NONE,40.011,2.251,0.0,0.5809090909090909,0.4090909090909091
VH-00804,803,6,A,54,Compact,0.021829523218356735,2.1829523218356734,False,0.35,642,High upstream cycle-time variation,Pass,0,NONE,38.774,2.214,0.0,0.5790909090909091,0.4090909090909091
VH-00068,67,1,A,68,Sedan,0.02178054481653945,2.178054481653945,False,0.35,643,High upstream cycle-time variation,Pass,0,NONE,38.376,1.659,0.0,0.5772727272727273,0.4090909090909091
VH-00092,91,1,B,17,Compact,0.02177411672455565,2.177411672455565,False,0.35,644,High upstream cycle-time variation,Pass,0,NONE,40.073,2.246,0.0,0.5772727272727273,0.4090909090909091
VH-00099,98,1,B,24,SUV,0.021516277592470604,2.1516277592470603,False,0.35,645,High upstream cycle-time variation,Pass,0,NONE,38.838,2.118,0.0,0.5809090909090909,0.4090909090909091
VH-00748,747,5,B,73,SUV,0.02150211216379097,2.150211216379097,False,0.35,646,High upstream cycle-time variation,Pass,0,NONE,40.303,2.194,0.0,0.5809090909090909,0.4090909090909091
VH-00090,89,1,B,15,Compact,0.021472150339216747,2.147215033921675,False,0.35,647,High upstream cycle-time variation,Pass,0,NONE,40.193,2.095,0.0,0.5754545454545454,0.4090909090909091
VH-00385,384,3,B,10,Sedan,0.02145586732180363,2.1455867321803628,False,0.35,648,High upstream cycle-time variation,Pass,0,NONE,44.109,3.229,0.2720610000000002,0.5754545454545454,0.4090909090909091
VH-00587,586,4,B,62,SUV,0.021439659841241125,2.1439659841241125,False,0.35,649,High upstream cycle-time variation,Pass,0,NONE,41.178,3.198,0.0,0.5754545454545454,0.4090909090909091
VH-00213,212,2,A,63,Compact,0.02137858891365563,2.137858891365563,False,0.35,650,Low-confidence sparse telemetry,Pass,0,NONE,40.663,2.246,0.0,0.5736363636363636,0.4090909090909091
VH-00053,52,1,A,53,Compact,0.02115801539739864,2.115801539739864,False,0.35,651,High upstream cycle-time variation,Pass,0,NONE,39.88,2.08,0.0,0.5736363636363636,0.4090909090909091
VH-00785,784,6,A,35,Sedan,0.020939236686068122,2.0939236686068123,False,0.35,652,High upstream cycle-time variation,Pass,0,NONE,41.045,1.981,0.0,0.5772727272727273,0.4090909090909091
VH-00863,862,6,B,38,Compact,0.020530627885113964,2.0530627885113963,False,0.35,653,High upstream cycle-time variation,Pass,0,NONE,40.137,1.906,0.0,0.5790909090909091,0.4090909090909091
VH-00170,169,2,A,20,Compact,0.020504196089713215,2.0504196089713216,False,0.35,654,High upstream cycle-time variation,Pass,0,NONE,40.332,2.368,0.0,0.5772727272727273,0.4090909090909091
VH-00837,836,6,B,12,Sedan,0.0204481163418894,2.04481163418894,False,0.35,655,High upstream cycle-time variation,Pass,0,NONE,40.526,1.876,0.0,0.5790909090909091,0.4090909090909091
VH-00371,370,3,A,71,Compact,0.020401190465946482,2.0401190465946484,False,0.35,656,High upstream cycle-time variation,Pass,0,NONE,42.857,3.113,0.011140999999999906,0.5863636363636364,0.4090909090909091
VH-00855,854,6,B,30,Sedan,0.020396766625527574,2.0396766625527576,False,0.35,657,Low-confidence sparse telemetry,Pass,0,NONE,41.356,1.933,0.0,0.5790909090909091,0.4090909090909091
VH-00311,310,3,A,11,Compact,0.020380569828262862,2.0380569828262862,False,0.35,658,High upstream cycle-time variation,Pass,0,NONE,41.766,2.331,0.0,0.5809090909090909,0.4090909090909091
VH-00782,781,6,A,32,Compact,0.020371824023496465,2.0371824023496465,False,0.35,659,High upstream cycle-time variation,Pass,0,NONE,40.5,1.886,0.0,0.5790909090909091,0.4090909090909091
VH-00071,70,1,A,71,SUV,0.020292163426426,2.0292163426426,False,0.35,660,High upstream cycle-time variation,Pass,0,NONE,40.19,1.914,0.0,0.5863636363636364,0.4090909090909091
VH-00589,588,4,B,64,Sedan,0.020177897442240095,2.0177897442240096,False,0.35,661,High upstream cycle-time variation,Pass,0,NONE,40.926,3.04,0.0,0.5809090909090909,0.4090909090909091
VH-00064,63,1,A,64,SUV,0.0200095788816741,2.00095788816741,False,0.35,662,High upstream cycle-time variation,Pass,0,NONE,39.982,1.918,0.0,0.5772727272727273,0.4090909090909091
VH-00235,234,2,B,10,Sedan,0.01992870305058402,1.9928703050584018,False,0.35,663,High upstream cycle-time variation,Pass,0,NONE,39.089,2.017,0.0,0.5790909090909091,0.4090909090909091
VH-00006,5,1,A,6,Compact,0.019928051368265247,1.9928051368265247,False,0.35,664,High upstream cycle-time variation,Pass,0,NONE,37.785,2.251,0.0,0.5754545454545454,0.4090909090909091
VH-00033,32,1,A,33,Compact,0.019911464137429585,1.9911464137429586,False,0.35,665,High upstream cycle-time variation,Pass,0,NONE,39.668,2.132,0.0,0.5863636363636364,0.4090909090909091
VH-00712,711,5,B,37,Sedan,0.01982709469098308,1.982709469098308,False,0.35,666,High upstream cycle-time variation,Pass,0,NONE,41.227,1.753,0.0,0.5772727272727273,0.4090909090909091
VH-00288,287,2,B,63,Truck,0.01981243684610192,1.981243684610192,False,0.35,667,High upstream cycle-time variation,Pass,0,NONE,40.928,2.065,0.0,0.5809090909090909,0.4090909090909091
VH-00015,14,1,A,15,Compact,0.01977597414409779,1.9775974144097792,False,0.35,668,High upstream cycle-time variation,Pass,0,NONE,38.191,2.071,0.0,0.5754545454545454,0.4090909090909091
VH-00225,224,2,A,75,Compact,0.019631257780994858,1.9631257780994857,False,0.35,669,High upstream cycle-time variation,Pass,0,NONE,39.009,2.246,0.0,0.5772727272727273,0.4090909090909091
VH-00853,852,6,B,28,Compact,0.0195105161332801,1.95105161332801,False,0.35,670,Low-confidence sparse telemetry,Pass,0,NONE,38.714,2.273,0.0,0.5790909090909091,0.4090909090909091
VH-00020,19,1,A,20,SUV,0.01948475035110935,1.9484750351109348,False,0.35,671,High upstream cycle-time variation,Pass,0,NONE,38.55,2.316,0.0,0.5845454545454545,0.4090909090909091
VH-00611,610,5,A,11,Sedan,0.01946196305638825,1.946196305638825,False,0.35,672,High upstream cycle-time variation,Pass,0,NONE,38.489,2.378,0.0,0.5845454545454545,0.4090909090909091
VH-00043,42,1,A,43,SUV,0.01929030285466346,1.9290302854663461,False,0.35,673,High upstream cycle-time variation,Pass,0,NONE,39.111,2.27,0.0,0.5772727272727273,0.4090909090909091
VH-00255,254,2,B,30,Sedan,0.01919157704856239,1.9191577048562392,False,0.35,674,High upstream cycle-time variation,Pass,0,NONE,40.174,2.13,0.0,0.5754545454545454,0.4090909090909091
VH-00896,895,6,B,71,Compact,0.01898158430316566,1.898158430316566,False,0.35,675,High upstream cycle-time variation,Pass,0,NONE,40.378,2.033,0.0,0.5790909090909091,0.4090909090909091
VH-00777,776,6,A,27,Compact,0.018941484179944262,1.8941484179944261,False,0.35,676,High upstream cycle-time variation,Pass,0,NONE,39.409,2.174,0.0,0.5772727272727273,0.4090909090909091
VH-00228,227,2,B,3,Sedan,0.018915850194366056,1.8915850194366055,False,0.35,677,High upstream cycle-time variation,Pass,0,NONE,40.249,2.231,0.0,0.5754545454545454,0.4090909090909091
VH-00579,578,4,B,54,Compact,0.01880402588594698,1.880402588594698,False,0.35,678,High upstream cycle-time variation,Pass,0,NONE,40.297,3.172,0.0,0.5790909090909091,0.4090909090909091
VH-00686,685,5,B,11,SUV,0.018739024174663204,1.8739024174663204,False,0.35,679,High upstream cycle-time variation,Pass,0,NONE,40.743,2.172,0.0,0.5809090909090909,0.4090909090909091
VH-00190,189,2,A,40,SUV,0.018691278968377457,1.8691278968377456,False,0.35,680,High upstream cycle-time variation,Pass,0,NONE,39.605,2.156,0.0,0.5736363636363636,0.4090909090909091
VH-00534,533,4,B,9,Compact,0.018676717806068478,1.867671780606848,False,0.35,681,High upstream cycle-time variation,Pass,0,NONE,42.78,3.676,0.44928000000000073,0.5809090909090909,0.4090909090909091
VH-00290,289,2,B,65,Truck,0.018653868749569168,1.8653868749569167,False,0.35,682,Low-confidence sparse telemetry,Pass,0,NONE,40.315,2.649,0.0,0.5809090909090909,0.4090909090909091
VH-00601,600,5,A,1,Compact,0.01855175149992197,1.855175149992197,False,0.35,683,High upstream cycle-time variation,Pass,0,NONE,39.777,2.578,0.0,0.5790909090909091,0.4090909090909091
VH-00333,332,3,A,33,Compact,0.018417429665095828,1.8417429665095828,False,0.35,684,High upstream cycle-time variation,Pass,0,NONE,41.952,2.633,0.0,0.5736363636363636,0.4090909090909091
VH-00080,79,1,B,5,Compact,0.018191147955652943,1.8191147955652944,False,0.35,685,High upstream cycle-time variation,Pass,0,NONE,40.449,2.14,0.0,0.5772727272727273,0.4090909090909091
VH-00737,736,5,B,62,Sedan,0.01817214589089171,1.8172145890891709,False,0.35,686,High upstream cycle-time variation,Pass,0,NONE,40.114,1.642,0.0,0.5790909090909091,0.4090909090909091
VH-00256,255,2,B,31,Compact,0.018114169236469878,1.8114169236469877,False,0.35,687,High upstream cycle-time variation,Pass,0,NONE,40.247,2.133,0.0,0.5790909090909091,0.4090909090909091
VH-00322,321,3,A,22,Sedan,0.018074344252091857,1.8074344252091856,False,0.35,688,High upstream cycle-time variation,Pass,0,NONE,39.476,2.271,0.0,0.5790909090909091,0.4090909090909091
VH-00852,851,6,B,27,SUV,0.01798335222710162,1.7983352227101619,False,0.35,689,High upstream cycle-time variation,Pass,0,NONE,41.401,1.982,0.0,0.5772727272727273,0.4090909090909091
VH-00628,627,5,A,28,Sedan,0.01778849738943436,1.778849738943436,False,0.35,690,High upstream cycle-time variation,Pass,0,NONE,38.797,2.358,0.0,0.5827272727272728,0.4090909090909091
VH-00076,75,1,B,1,Compact,0.01775995461346568,1.7759954613465678,False,0.35,691,High upstream cycle-time variation,Pass,0,NONE,40.629,1.953,0.0,0.5809090909090909,0.4090909090909091
VH-00158,157,2,A,8,SUV,0.01766179833244559,1.766179833244559,False,0.35,692,High upstream cycle-time variation,Pass,0,NONE,40.427499999999995,1.943,0.0,0.5845454545454545,0.4090909090909091
VH-00030,29,1,A,30,Sedan,0.017579804187237445,1.7579804187237444,False,0.35,693,High upstream cycle-time variation,Pass,0,NONE,38.777,2.34,0.0,0.5754545454545454,0.4090909090909091
VH-00841,840,6,B,16,Compact,0.017526363438317306,1.7526363438317305,False,0.35,694,High upstream cycle-time variation,Pass,0,NONE,39.144,2.246,0.0,0.5772727272727273,0.4090909090909091
VH-00697,696,5,B,22,SUV,0.0175224671868486,1.7522467186848598,False,0.35,695,High upstream cycle-time variation,Fail,1,LOW_CONFIDENCE_MULTI_CAUSAL,39.774,2.338,0.0,0.5736363636363636,0.4090909090909091
VH-00700,699,5,B,25,Sedan,0.017213837642429695,1.7213837642429695,False,0.35,696,High upstream cycle-time variation,Pass,0,NONE,39.173,1.986,0.0,0.5809090909090909,0.4090909090909091
VH-00891,890,6,B,66,SUV,0.017173897110767458,1.7173897110767458,False,0.35,697,High upstream cycle-time variation,Pass,0,NONE,39.059,2.006,0.0,0.5772727272727273,0.4090909090909091
VH-00057,56,1,A,57,Compact,0.017123630107418842,1.7123630107418841,False,0.35,698,High upstream cycle-time variation,Pass,0,NONE,38.218,1.747,0.0,0.5827272727272728,0.4090909090909091
VH-00687,686,5,B,12,Sedan,0.01701363527898355,1.701363527898355,False,0.35,699,High upstream cycle-time variation,Pass,0,NONE,41.152,2.15,0.0,0.5736363636363636,0.4090909090909091
VH-00019,18,1,A,19,Compact,0.01663427666839381,1.6634276668393808,False,0.35,700,High upstream cycle-time variation,Pass,0,NONE,39.767,2.302,0.0,0.5790909090909091,0.4090909090909091
VH-00590,589,4,B,65,Sedan,0.01649973722323017,1.649973722323017,False,0.35,701,High upstream cycle-time variation,Pass,0,NONE,40.803,3.099,0.0,0.5754545454545454,0.4090909090909091
VH-00131,130,1,B,56,Sedan,0.016480894063637355,1.6480894063637355,False,0.35,702,High upstream cycle-time variation,Pass,0,NONE,40.534,2.159,0.0,0.5736363636363636,0.4090909090909091
VH-00899,898,6,B,74,Compact,0.016374140057685838,1.6374140057685838,False,0.35,703,High upstream cycle-time variation,Pass,0,NONE,40.427499999999995,2.035,0.0,0.5754545454545454,0.4090909090909091
VH-00879,878,6,B,54,Compact,0.016219652177963187,1.6219652177963186,False,0.35,704,High upstream cycle-time variation,Pass,0,NONE,41.251,1.936,0.0,0.5809090909090909,0.4090909090909091
VH-00818,817,6,A,68,Compact,0.016179053499277604,1.6179053499277605,False,0.35,705,High upstream cycle-time variation,Pass,0,NONE,38.685,2.246,0.0,0.5754545454545454,0.4090909090909091
VH-00568,567,4,B,43,Sedan,0.016037555586893685,1.6037555586893686,False,0.35,706,High upstream cycle-time variation,Pass,0,NONE,42.909,3.204,0.09453599999999997,0.5772727272727273,0.4090909090909091
VH-00314,313,3,A,14,Compact,0.016031740331012248,1.6031740331012247,False,0.35,707,High upstream cycle-time variation,Pass,0,NONE,39.576,2.207,0.0,0.5790909090909091,0.4090909090909091
VH-00036,35,1,A,36,SUV,0.016017716981042953,1.6017716981042953,False,0.35,708,High upstream cycle-time variation,Pass,0,NONE,39.83,2.602,0.0,0.5790909090909091,0.4090909090909091
VH-00578,577,4,B,53,SUV,0.015957564500509516,1.5957564500509516,False,0.35,709,High upstream cycle-time variation,Pass,0,NONE,41.951,3.329,0.0,0.5790909090909091,0.4090909090909091
VH-00134,133,1,B,59,SUV,0.015920875442040364,1.5920875442040363,False,0.35,710,High upstream cycle-time variation,Pass,0,NONE,39.639,2.164,0.0,0.5809090909090909,0.4090909090909091
VH-00052,51,1,A,52,Sedan,0.015639226302075822,1.5639226302075822,False,0.35,711,High upstream cycle-time variation,Pass,0,NONE,38.758,2.139,0.0,0.5772727272727273,0.4090909090909091
VH-00883,882,6,B,58,Sedan,0.01559173127791998,1.559173127791998,False,0.35,712,High upstream cycle-time variation,Pass,0,NONE,39.742,2.08,0.0,0.5736363636363636,0.4090909090909091
VH-00248,247,2,B,23,Sedan,0.015548847703962197,1.5548847703962196,False,0.35,713,High upstream cycle-time variation,Pass,0,NONE,40.8,2.089,0.0,0.5772727272727273,0.4090909090909091
VH-00230,229,2,B,5,Compact,0.015394250645600516,1.5394250645600516,False,0.35,714,High upstream cycle-time variation,Pass,0,NONE,39.943,2.594,0.0,0.5790909090909091,0.4090909090909091
VH-00061,60,1,A,61,Sedan,0.01534685164736203,1.534685164736203,False,0.35,715,High upstream cycle-time variation,Pass,0,NONE,39.3,2.229,0.0,0.5809090909090909,0.4090909090909091
VH-00250,249,2,B,25,SUV,0.015337801709193548,1.5337801709193548,False,0.35,716,High upstream cycle-time variation,Pass,0,NONE,40.275,2.246,0.0,0.5772727272727273,0.4090909090909091
VH-00208,207,2,A,58,Compact,0.015313644469889899,1.53136444698899,False,0.35,717,High upstream cycle-time variation,Pass,0,NONE,38.971,2.073,0.0,0.5809090909090909,0.4090909090909091
VH-00334,333,3,A,34,Compact,0.015305409679434858,1.5305409679434858,False,0.35,718,High upstream cycle-time variation,Pass,0,NONE,41.707,2.246,0.0,0.5772727272727273,0.4090909090909091
VH-00829,828,6,B,4,Compact,0.015250385622426789,1.525038562242679,False,0.35,719,High upstream cycle-time variation,Pass,0,NONE,40.576,2.313,0.0,0.5736363636363636,0.4090909090909091
VH-00262,261,2,B,37,Sedan,0.015227470950547379,1.522747095054738,False,0.35,720,High upstream cycle-time variation,Pass,0,NONE,42.703,1.952,0.0,0.5845454545454545,0.4090909090909091
VH-00821,820,6,A,71,Truck,0.015019444772258628,1.5019444772258628,False,0.35,721,High upstream cycle-time variation,Pass,0,NONE,40.155,2.16,0.0,0.5772727272727273,0.4090909090909091
VH-00831,830,6,B,6,Truck,0.014988583654614931,1.498858365461493,False,0.35,722,High upstream cycle-time variation,Pass,0,NONE,40.594,2.012,0.0,0.5827272727272728,0.4090909090909091
VH-00202,201,2,A,52,Sedan,0.014851404921580904,1.4851404921580904,False,0.35,723,High upstream cycle-time variation,Pass,0,NONE,40.028,2.105,0.0,0.5754545454545454,0.4090909090909091
VH-00691,690,5,B,16,Compact,0.014701047400966576,1.4701047400966576,False,0.35,724,High upstream cycle-time variation,Pass,0,NONE,40.025,2.379,0.0,0.5772727272727273,0.4090909090909091
VH-00183,182,2,A,33,Sedan,0.014444373366471395,1.4444373366471395,False,0.35,725,High upstream cycle-time variation,Pass,0,NONE,40.701,2.226,0.0,0.5809090909090909,0.4090909090909091
VH-00357,356,3,A,57,Sedan,0.014378354010521392,1.4378354010521393,False,0.35,726,High upstream cycle-time variation,Pass,0,NONE,42.835,2.841,0.0,0.5827272727272728,0.4090909090909091
VH-00694,693,5,B,19,Truck,0.014296177995878257,1.4296177995878256,False,0.35,727,High upstream cycle-time variation,Pass,0,NONE,40.422,2.236,0.0,0.5754545454545454,0.4090909090909091
VH-00703,702,5,B,28,Compact,0.014140139274697962,1.4140139274697963,False,0.35,728,High upstream cycle-time variation,Pass,0,NONE,41.246,2.197,0.0,0.5772727272727273,0.4090909090909091
VH-00166,165,2,A,16,Sedan,0.014061083614811726,1.4061083614811727,False,0.35,729,High upstream cycle-time variation,Pass,0,NONE,40.046,1.829,0.0,0.5809090909090909,0.4090909090909091
VH-00854,853,6,B,29,SUV,0.0140601509497623,1.40601509497623,False,0.35,730,High upstream cycle-time variation,Pass,0,NONE,41.589,2.398,0.0,0.5754545454545454,0.4090909090909091
VH-00329,328,3,A,29,Sedan,0.014041270888816206,1.4041270888816206,False,0.35,731,Low-confidence sparse telemetry,Pass,0,NONE,41.309,2.43,0.0,0.5772727272727273,0.4090909090909091
VH-00654,653,5,A,54,Compact,0.0138616441234682,1.38616441234682,False,0.35,732,High upstream cycle-time variation,Pass,0,NONE,40.684,2.055,0.0,0.5790909090909091,0.4090909090909091
VH-00861,860,6,B,36,Compact,0.013820817544629976,1.3820817544629975,False,0.35,733,High upstream cycle-time variation,Pass,0,NONE,40.812,2.187,0.0,0.5863636363636364,0.4090909090909091
VH-00609,608,5,A,9,Sedan,0.01380401434697034,1.380401434697034,False,0.35,734,High upstream cycle-time variation,Pass,0,NONE,39.151,2.518,0.0,0.5754545454545454,0.4090909090909091
VH-00048,47,1,A,48,SUV,0.013792660938176642,1.3792660938176642,False,0.35,735,High upstream cycle-time variation,Pass,0,NONE,39.72,2.158,0.0,0.5809090909090909,0.4090909090909091
VH-00133,132,1,B,58,Sedan,0.01378233544165377,1.378233544165377,False,0.35,736,High upstream cycle-time variation,Pass,0,NONE,38.869,2.246,0.0,0.5772727272727273,0.4090909090909091
VH-00219,218,2,A,69,Compact,0.013713572595103666,1.3713572595103667,False,0.35,737,High upstream cycle-time variation,Pass,0,NONE,38.996,1.736,0.0,0.5809090909090909,0.4090909090909091
VH-00347,346,3,A,47,Sedan,0.013641837382334805,1.3641837382334805,False,0.35,738,Low-confidence sparse telemetry,Pass,0,NONE,40.427499999999995,2.65,0.0,0.5772727272727273,0.4090909090909091
VH-00705,704,5,B,30,Compact,0.013617445264105832,1.3617445264105832,False,0.35,739,High upstream cycle-time variation,Pass,0,NONE,41.467,1.992,0.0,0.5754545454545454,0.4090909090909091
VH-00279,278,2,B,54,Compact,0.013580727860066002,1.3580727860066002,False,0.35,740,High upstream cycle-time variation,Pass,0,NONE,41.031,2.061,0.0,0.5772727272727273,0.4090909090909091
VH-00864,863,6,B,39,Compact,0.013465675019706531,1.3465675019706531,False,0.35,741,Low-confidence sparse telemetry,Pass,0,NONE,41.134,1.839,0.0,0.5754545454545454,0.4090909090909091
VH-00293,292,2,B,68,SUV,0.013390623783987022,1.3390623783987021,False,0.35,742,High upstream cycle-time variation,Pass,0,NONE,42.186,2.105,0.0,0.5772727272727273,0.4090909090909091
VH-00266,265,2,B,41,Compact,0.013354231526938619,1.3354231526938618,False,0.35,743,High upstream cycle-time variation,Pass,0,NONE,39.53,2.234,0.0,0.5718181818181818,0.4090909090909091
VH-00678,677,5,B,3,SUV,0.013304852111564559,1.3304852111564558,False,0.35,744,High upstream cycle-time variation,Pass,0,NONE,40.765,2.253,0.0,0.5790909090909091,0.4090909090909091
VH-00023,22,1,A,23,Compact,0.01326520034049923,1.326520034049923,False,0.35,745,High upstream cycle-time variation,Pass,0,NONE,39.22,2.415,0.0,0.5772727272727273,0.4090909090909091
VH-00598,597,4,B,73,Sedan,0.013234186818397345,1.3234186818397344,False,0.35,746,High upstream cycle-time variation,Pass,0,NONE,39.438,2.86,0.0,0.5790909090909091,0.4090909090909091
VH-00671,670,5,A,71,Sedan,0.01323294992950863,1.323294992950863,False,0.35,747,High upstream cycle-time variation,Pass,0,NONE,40.295,2.186,0.0,0.5772727272727273,0.4090909090909091
VH-00035,34,1,A,35,Compact,0.013121036778421408,1.3121036778421409,False,0.35,748,High upstream cycle-time variation,Pass,0,NONE,39.944,1.872,0.0,0.5790909090909091,0.4090909090909091
VH-00032,31,1,A,32,Sedan,0.013117288652988342,1.3117288652988341,False,0.35,749,High upstream cycle-time variation,Pass,0,NONE,40.583,2.085,0.0,0.5809090909090909,0.4090909090909091
VH-00081,80,1,B,6,Compact,0.013111257424904313,1.3111257424904312,False,0.35,750,High upstream cycle-time variation,Pass,0,NONE,40.562,1.71,0.0,0.5772727272727273,0.4090909090909091
VH-00282,281,2,B,57,SUV,0.01307330137233233,1.307330137233233,False,0.35,751,High upstream cycle-time variation,Pass,0,NONE,39.077,2.083,0.0,0.5772727272727273,0.4090909090909091
VH-00243,242,2,B,18,SUV,0.013020896221933786,1.3020896221933786,False,0.35,752,High upstream cycle-time variation,Pass,0,NONE,40.91,2.442,0.0,0.5754545454545454,0.4090909090909091
VH-00735,734,5,B,60,Compact,0.01299556867714234,1.299556867714234,False,0.35,753,High upstream cycle-time variation,Pass,0,NONE,40.582,1.995,0.0,0.5790909090909091,0.4090909090909091
VH-00088,87,1,B,13,Sedan,0.012992345621058832,1.2992345621058832,False,0.35,754,High upstream cycle-time variation,Pass,0,NONE,39.638,2.5,0.0,0.5809090909090909,0.4090909090909091
VH-00047,46,1,A,47,SUV,0.012987118807295457,1.2987118807295457,False,0.35,755,High upstream cycle-time variation,Pass,0,NONE,40.846,2.11,0.0,0.5827272727272728,0.4090909090909091
VH-00113,112,1,B,38,SUV,0.01294239595389193,1.294239595389193,False,0.35,756,High upstream cycle-time variation,Pass,0,NONE,41.321,2.463,0.0,0.5790909090909091,0.4090909090909091
VH-00677,676,5,B,2,Sedan,0.012916411306237415,1.2916411306237414,False,0.35,757,High upstream cycle-time variation,Pass,0,NONE,40.137,2.191,0.0,0.5809090909090909,0.4090909090909091
VH-00567,566,4,B,42,Compact,0.01274267833454818,1.2742678334548179,False,0.35,758,High upstream cycle-time variation,Pass,0,NONE,41.645,3.335,0.0,0.5772727272727273,0.4090909090909091
VH-00222,221,2,A,72,Compact,0.012741590385668104,1.2741590385668105,False,0.35,759,High upstream cycle-time variation,Pass,0,NONE,40.016,2.142,0.0,0.5754545454545454,0.4090909090909091
VH-00267,266,2,B,42,Truck,0.012697560186410361,1.2697560186410362,False,0.35,760,High upstream cycle-time variation,Pass,0,NONE,41.304,2.102,0.0,0.5809090909090909,0.4090909090909091
VH-00012,11,1,A,12,Compact,0.012571390252483567,1.2571390252483567,False,0.35,761,High upstream cycle-time variation,Pass,0,NONE,39.931,2.097,0.0,0.5754545454545454,0.4090909090909091
VH-00109,108,1,B,34,SUV,0.012190441105603573,1.2190441105603573,False,0.35,762,High upstream cycle-time variation,Pass,0,NONE,40.482,1.922,0.0,0.5827272727272728,0.4090909090909091
VH-00846,845,6,B,21,Sedan,0.01176803518967377,1.176803518967377,False,0.35,763,High upstream cycle-time variation,Pass,0,NONE,40.553,1.948,0.0,0.5754545454545454,0.4090909090909091
VH-00001,0,1,A,1,Sedan,0.01171467254448299,1.1714672544482991,False,0.35,764,Low-confidence sparse telemetry,Pass,0,NONE,38.953,1.883,0.0,0.5827272727272728,0.4090909090909091
VH-00093,92,1,B,18,Compact,0.011660682620005143,1.1660682620005143,False,0.35,765,High upstream cycle-time variation,Pass,0,NONE,38.884,2.072,0.0,0.5827272727272728,0.4090909090909091
VH-00759,758,6,A,9,Compact,0.011634983442157257,1.1634983442157256,False,0.35,766,High upstream cycle-time variation,Pass,0,NONE,40.022,2.118,0.0,0.5790909090909091,0.4090909090909091
VH-00872,871,6,B,47,Sedan,0.011628710803058318,1.1628710803058318,False,0.35,767,High upstream cycle-time variation,Pass,0,NONE,42.174,2.086,0.0,0.5772727272727273,0.4090909090909091
VH-00629,628,5,A,29,Sedan,0.011579994856786345,1.1579994856786344,False,0.35,768,High upstream cycle-time variation,Pass,0,NONE,39.691,2.24,0.0,0.5809090909090909,0.4090909090909091
VH-00882,881,6,B,57,Sedan,0.011534632512838469,1.153463251283847,False,0.35,769,High upstream cycle-time variation,Pass,0,NONE,40.722,2.264,0.0,0.5772727272727273,0.4090909090909091
VH-00129,128,1,B,54,Compact,0.011521851269081144,1.1521851269081145,False,0.35,770,High upstream cycle-time variation,Pass,0,NONE,40.245,2.087,0.0,0.5845454545454545,0.4090909090909091
VH-00341,340,3,A,41,Sedan,0.011465945024758511,1.146594502475851,False,0.35,771,High upstream cycle-time variation,Pass,0,NONE,42.204,2.548,0.0,0.5809090909090909,0.4090909090909091
VH-00063,62,1,A,63,Sedan,0.011419327622385041,1.141932762238504,False,0.35,772,High upstream cycle-time variation,Pass,0,NONE,38.69,2.415,0.0,0.5827272727272728,0.4090909090909091
VH-00830,829,6,B,5,Compact,0.011384566705327287,1.1384566705327286,False,0.35,773,High upstream cycle-time variation,Pass,0,NONE,41.547,1.942,0.0,0.5845454545454545,0.4090909090909091
VH-00189,188,2,A,39,Compact,0.011371558232142198,1.1371558232142198,False,0.35,774,High upstream cycle-time variation,Pass,0,NONE,39.981,2.108,0.0,0.5809090909090909,0.4090909090909091
VH-00098,97,1,B,23,Compact,0.011298134252072663,1.1298134252072662,False,0.35,775,High upstream cycle-time variation,Pass,0,NONE,40.703,2.4,0.0,0.5809090909090909,0.4090909090909091
VH-00651,650,5,A,51,Compact,0.011297407217915558,1.1297407217915558,False,0.35,776,High upstream cycle-time variation,Pass,0,NONE,40.336,2.165,0.0,0.5845454545454545,0.4090909090909091
VH-00684,683,5,B,9,Sedan,0.01125714711304484,1.1257147113044839,False,0.35,777,High upstream cycle-time variation,Pass,0,NONE,40.114,2.339,0.0,0.5754545454545454,0.4090909090909091
VH-00206,205,2,A,56,Compact,0.011204365192934697,1.1204365192934698,False,0.35,778,High upstream cycle-time variation,Pass,0,NONE,39.158,2.106,0.0,0.5772727272727273,0.4090909090909091
VH-00745,744,5,B,70,Sedan,0.011173868326602037,1.1173868326602037,False,0.35,779,High upstream cycle-time variation,Pass,0,NONE,40.695,2.098,0.0,0.5809090909090909,0.4090909090909091
VH-00653,652,5,A,53,Compact,0.011150660134871308,1.1150660134871309,False,0.35,780,High upstream cycle-time variation,Pass,0,NONE,39.577,1.927,0.0,0.5790909090909091,0.4090909090909091
VH-00240,239,2,B,15,Sedan,0.011126696796916047,1.1126696796916047,False,0.35,781,High upstream cycle-time variation,Pass,0,NONE,39.919,2.367,0.0,0.5809090909090909,0.4090909090909091
VH-00600,599,4,B,75,SUV,0.011112225994732973,1.1112225994732974,False,0.35,782,High upstream cycle-time variation,Pass,0,NONE,39.736,2.626,0.0,0.5772727272727273,0.4090909090909091
VH-00005,4,1,A,5,Compact,0.01108049849243387,1.108049849243387,False,0.35,783,High upstream cycle-time variation,Pass,0,NONE,39.08,2.091,0.0,0.5790909090909091,0.4090909090909091
VH-00203,202,2,A,53,Compact,0.01103475950837046,1.103475950837046,False,0.35,784,High upstream cycle-time variation,Pass,0,NONE,39.809,1.964,0.0,0.5736363636363636,0.4090909090909091
VH-00862,861,6,B,37,Sedan,0.011025829807156875,1.1025829807156875,False,0.35,785,High upstream cycle-time variation,Pass,0,NONE,40.433,1.919,0.0,0.5772727272727273,0.4090909090909091
VH-00025,24,1,A,25,Sedan,0.010988003221402783,1.0988003221402782,False,0.35,786,High upstream cycle-time variation,Pass,0,NONE,39.763,2.076,0.0,0.5754545454545454,0.4090909090909091
VH-00693,692,5,B,18,Sedan,0.010954076688557461,1.0954076688557461,False,0.35,787,Low-confidence sparse telemetry,Pass,0,NONE,39.898,2.142,0.0,0.5827272727272728,0.4090909090909091
VH-00261,260,2,B,36,Compact,0.010896655510417812,1.0896655510417812,False,0.35,788,High upstream cycle-time variation,Pass,0,NONE,39.341,1.813,0.0,0.5790909090909091,0.4090909090909091
VH-00295,294,2,B,70,SUV,0.010857493041264894,1.0857493041264894,False,0.35,789,High upstream cycle-time variation,Pass,0,NONE,42.116,2.223,0.0,0.5772727272727273,0.4090909090909091
VH-00792,791,6,A,42,Compact,0.010841689818662358,1.084168981866236,False,0.35,790,High upstream cycle-time variation,Pass,0,NONE,40.65,2.182,0.0,0.5754545454545454,0.4090909090909091
VH-00215,214,2,A,65,Sedan,0.010823237915162976,1.0823237915162975,False,0.35,791,High upstream cycle-time variation,Pass,0,NONE,40.457,2.184,0.0,0.5736363636363636,0.4090909090909091
VH-00646,645,5,A,46,Sedan,0.010749843465456932,1.0749843465456932,False,0.35,792,High upstream cycle-time variation,Pass,0,NONE,38.994,2.587,0.0,0.5754545454545454,0.4090909090909091
VH-00801,800,6,A,51,Sedan,0.010518901003778773,1.0518901003778773,False,0.35,793,High upstream cycle-time variation,Pass,0,NONE,39.22,2.269,0.0,0.5809090909090909,0.4090909090909091
VH-00867,866,6,B,42,Sedan,0.01044811716097548,1.0448117160975479,False,0.35,794,High upstream cycle-time variation,Pass,0,NONE,38.792,2.391,0.0,0.5736363636363636,0.4090909090909091
VH-00679,678,5,B,4,Sedan,0.010412477778518961,1.041247777851896,False,0.35,795,High upstream cycle-time variation,Pass,0,NONE,40.147,2.237,0.0,0.5790909090909091,0.4090909090909091
VH-00349,348,3,A,49,Compact,0.010411882418886903,1.0411882418886904,False,0.35,796,High upstream cycle-time variation,Pass,0,NONE,42.199,2.246,0.0,0.5754545454545454,0.4090909090909091
VH-00152,151,2,A,2,Compact,0.010375635267739351,1.0375635267739352,False,0.35,797,High upstream cycle-time variation,Pass,0,NONE,40.07,2.472,0.0,0.5754545454545454,0.4090909090909091
VH-00326,325,3,A,26,Compact,0.010342886744484091,1.0342886744484092,False,0.35,798,High upstream cycle-time variation,Pass,0,NONE,40.781,2.367,0.0,0.5736363636363636,0.4090909090909091
VH-00627,626,5,A,27,Compact,0.009740673901552217,0.9740673901552217,False,0.35,799,High upstream cycle-time variation,Pass,0,NONE,39.043,2.448,0.0,0.5845454545454545,0.4090909090909091
VH-00726,725,5,B,51,Compact,0.00937926950906908,0.9379269509069079,False,0.35,800,High upstream cycle-time variation,Pass,0,NONE,39.596,2.34,0.0,0.5772727272727273,0.4090909090909091
VH-00084,83,1,B,9,Compact,0.00936895716097749,0.936895716097749,False,0.35,801,High upstream cycle-time variation,Pass,0,NONE,40.902,1.693,0.0,0.5754545454545454,0.4090909090909091
VH-00280,279,2,B,55,SUV,0.009362512019744494,0.9362512019744494,False,0.35,802,High upstream cycle-time variation,Pass,0,NONE,41.937,2.259,0.0,0.5809090909090909,0.4090909090909091
VH-00690,689,5,B,15,Sedan,0.00933664668632155,0.933664668632155,False,0.35,803,High upstream cycle-time variation,Pass,0,NONE,40.427499999999995,2.196,0.0,0.5790909090909091,0.4090909090909091
VH-00708,707,5,B,33,Sedan,0.009272516921946068,0.9272516921946068,False,0.35,804,High upstream cycle-time variation,Pass,0,NONE,40.051,1.844,0.0,0.5790909090909091,0.4090909090909091
VH-00181,180,2,A,31,Compact,0.009185467537586558,0.9185467537586558,False,0.35,805,High upstream cycle-time variation,Pass,0,NONE,40.668,1.908,0.0,0.5790909090909091,0.4090909090909091
VH-00085,84,1,B,10,Compact,0.009122479193034317,0.9122479193034317,False,0.35,806,High upstream cycle-time variation,Pass,0,NONE,39.9,2.187,0.0,0.5772727272727273,0.4090909090909091
VH-00060,59,1,A,60,Compact,0.00904483569890541,0.904483569890541,False,0.35,807,High upstream cycle-time variation,Pass,0,NONE,40.062,2.132,0.0,0.5772727272727273,0.4090909090909091
VH-00328,327,3,A,28,Sedan,0.009015767175581939,0.9015767175581939,False,0.35,808,High upstream cycle-time variation,Pass,0,NONE,41.756,2.2,0.0,0.5790909090909091,0.4090909090909091
VH-00303,302,3,A,3,Compact,0.0089970870031484,0.8997087003148401,False,0.35,809,High upstream cycle-time variation,Pass,0,NONE,40.427499999999995,2.207,0.0,0.5790909090909091,0.4090909090909091
VH-00296,295,2,B,71,Compact,0.008916385559451075,0.8916385559451074,False,0.35,810,High upstream cycle-time variation,Pass,0,NONE,41.973,2.486,0.0,0.5772727272727273,0.4090909090909091
VH-00339,338,3,A,39,Compact,0.008874619394323456,0.8874619394323456,False,0.35,811,High upstream cycle-time variation,Pass,0,NONE,42.309,2.801,0.0,0.5754545454545454,0.4090909090909091
VH-00626,625,5,A,26,Compact,0.008871431299531473,0.8871431299531474,False,0.35,812,High upstream cycle-time variation,Pass,0,NONE,39.628,2.565,0.0,0.5772727272727273,0.4090909090909091
VH-00218,217,2,A,68,Sedan,0.008851618502058008,0.8851618502058008,False,0.35,813,High upstream cycle-time variation,Pass,0,NONE,39.066,1.907,0.0,0.5845454545454545,0.4090909090909091
VH-00260,259,2,B,35,Sedan,0.008825543939066555,0.8825543939066556,False,0.35,814,High upstream cycle-time variation,Pass,0,NONE,40.75,1.948,0.0,0.5790909090909091,0.4090909090909091
VH-00870,869,6,B,45,Sedan,0.008800377089840017,0.8800377089840017,False,0.35,815,High upstream cycle-time variation,Pass,0,NONE,41.782,1.958,0.0,0.5772727272727273,0.4090909090909091
VH-00886,885,6,B,61,SUV,0.008729090352122826,0.8729090352122826,False,0.35,816,High upstream cycle-time variation,Pass,0,NONE,42.134,2.313,0.0,0.5827272727272728,0.4090909090909091
VH-00095,94,1,B,20,Sedan,0.008721849874028336,0.8721849874028336,False,0.35,817,High upstream cycle-time variation,Pass,0,NONE,39.447,2.241,0.0,0.5772727272727273,0.4090909090909091
VH-00226,225,2,B,1,Compact,0.0087065698169066,0.8706569816906601,False,0.35,818,High upstream cycle-time variation,Pass,0,NONE,40.79,2.026,0.0,0.5754545454545454,0.4090909090909091
VH-00643,642,5,A,43,Compact,0.008698069033476872,0.8698069033476872,False,0.35,819,High upstream cycle-time variation,Pass,0,NONE,38.835,2.643,0.0,0.5754545454545454,0.4090909090909091
VH-00348,347,3,A,48,Compact,0.008659192100255798,0.8659192100255798,False,0.35,820,High upstream cycle-time variation,Pass,0,NONE,40.982,2.669,0.0,0.5772727272727273,0.4090909090909091
VH-00807,806,6,A,57,Compact,0.008637244952147795,0.8637244952147796,False,0.35,821,High upstream cycle-time variation,Pass,0,NONE,39.858,2.295,0.0,0.5754545454545454,0.4090909090909091
VH-00709,708,5,B,34,Sedan,0.008400183822358812,0.8400183822358811,False,0.35,822,High upstream cycle-time variation,Pass,0,NONE,39.222,2.084,0.0,0.5790909090909091,0.4090909090909091
VH-00107,106,1,B,32,Sedan,0.008299833372683958,0.8299833372683958,False,0.35,823,High upstream cycle-time variation,Pass,0,NONE,41.167,2.01,0.0,0.5863636363636364,0.4090909090909091
VH-00892,891,6,B,67,Sedan,0.008140910955944809,0.8140910955944809,False,0.35,824,High upstream cycle-time variation,Pass,0,NONE,40.41,1.763,0.0,0.5736363636363636,0.4090909090909091
VH-00884,883,6,B,59,SUV,0.008008817095204606,0.8008817095204606,False,0.35,825,High upstream cycle-time variation,Pass,0,NONE,40.167,2.326,0.0,0.5827272727272728,0.4090909090909091
VH-00331,330,3,A,31,Sedan,0.00794635902594425,0.7946359025944251,False,0.35,826,High upstream cycle-time variation,Pass,0,NONE,41.822,2.372,0.0,0.5790909090909091,0.4090909090909091
VH-00232,231,2,B,7,Compact,0.0073144616281509214,0.7314461628150921,False,0.35,827,High upstream cycle-time variation,Pass,0,NONE,40.601,2.069,0.0,0.5827272727272728,0.4090909090909091
VH-00277,276,2,B,52,SUV,0.00714051939449891,0.714051939449891,False,0.35,828,High upstream cycle-time variation,Pass,0,NONE,39.884,2.108,0.0,0.5809090909090909,0.4090909090909091
VH-00239,238,2,B,14,Compact,0.0070390816681251776,0.7039081668125178,False,0.35,829,Low-confidence sparse telemetry,Pass,0,NONE,41.391,2.251,0.0,0.5790909090909091,0.4090909090909091
VH-00660,659,5,A,60,SUV,0.006922749222358357,0.6922749222358358,False,0.35,830,High upstream cycle-time variation,Pass,0,NONE,41.591,2.104,0.0,0.5772727272727273,0.4090909090909091
VH-00832,831,6,B,7,Compact,0.006891464928615767,0.6891464928615767,False,0.35,831,Low-confidence sparse telemetry,Pass,0,NONE,40.092,1.826,0.0,0.5809090909090909,0.4090909090909091
VH-00185,184,2,A,35,Compact,0.006875784678495033,0.6875784678495033,False,0.35,832,High upstream cycle-time variation,Pass,0,NONE,38.975,2.112,0.0,0.5809090909090909,0.4090909090909091
VH-00722,721,5,B,47,Compact,0.0068523717007370165,0.6852371700737017,False,0.35,833,High upstream cycle-time variation,Pass,0,NONE,40.27,2.28,0.0,0.5754545454545454,0.4090909090909091
VH-00271,270,2,B,46,Sedan,0.006846424332803914,0.6846424332803914,False,0.35,834,High upstream cycle-time variation,Pass,0,NONE,41.043,2.043,0.0,0.5736363636363636,0.4090909090909091
VH-00327,326,3,A,27,Sedan,0.006794549273808328,0.6794549273808328,False,0.35,835,High upstream cycle-time variation,Pass,0,NONE,41.818,2.309,0.0,0.5827272727272728,0.4090909090909091
VH-00309,308,3,A,9,Compact,0.0066828820417055715,0.6682882041705571,False,0.35,836,High upstream cycle-time variation,Pass,0,NONE,41.786,2.483,0.0,0.5809090909090909,0.4090909090909091
VH-00868,867,6,B,43,Compact,0.006661745829168506,0.6661745829168506,False,0.35,837,High upstream cycle-time variation,Pass,0,NONE,40.504,2.081,0.0,0.5790909090909091,0.4090909090909091
VH-00083,82,1,B,8,SUV,0.006580336868771724,0.6580336868771723,False,0.35,838,High upstream cycle-time variation,Pass,0,NONE,38.997,2.515,0.0,0.5809090909090909,0.4090909090909091
VH-00581,580,4,B,56,Compact,0.006546809525894502,0.6546809525894502,False,0.35,839,High upstream cycle-time variation,Pass,0,NONE,39.575,3.001,0.0,0.5772727272727273,0.4090909090909091
VH-00049,48,1,A,49,Compact,0.006538496677902317,0.6538496677902317,False,0.35,840,High upstream cycle-time variation,Pass,0,NONE,40.497,2.062,0.0,0.5772727272727273,0.4090909090909091
VH-00900,899,6,B,75,Compact,0.006481174145647302,0.6481174145647302,False,0.35,841,High upstream cycle-time variation,Pass,0,NONE,40.377,2.395,0.0,0.5754545454545454,0.4090909090909091
VH-00300,299,2,B,75,Compact,0.006439955941071183,0.6439955941071183,False,0.35,842,High upstream cycle-time variation,Pass,0,NONE,41.712,2.569,0.0,0.5772727272727273,0.4090909090909091
VH-00806,805,6,A,56,Compact,0.0064204640708663725,0.6420464070866373,False,0.35,843,High upstream cycle-time variation,Pass,0,NONE,40.649,1.832,0.0,0.5754545454545454,0.4090909090909091
VH-00143,142,1,B,68,Sedan,0.006413447912076311,0.6413447912076311,False,0.35,844,High upstream cycle-time variation,Pass,0,NONE,38.9,2.003,0.0,0.5790909090909091,0.4090909090909091
VH-00155,154,2,A,5,Compact,0.006117735624958261,0.6117735624958262,False,0.35,845,High upstream cycle-time variation,Pass,0,NONE,39.835,2.039,0.0,0.5772727272727273,0.4090909090909091
VH-00275,274,2,B,50,Sedan,0.006047511523589431,0.6047511523589431,False,0.35,846,High upstream cycle-time variation,Pass,0,NONE,40.479,2.222,0.0,0.5827272727272728,0.4090909090909091
VH-00127,126,1,B,52,SUV,0.0052795017328093755,0.5279501732809375,False,0.35,847,High upstream cycle-time variation,Pass,0,NONE,39.743,2.145,0.0,0.5772727272727273,0.4090909090909091
VH-00894,893,6,B,69,Compact,0.004906941649899396,0.4906941649899396,False,0.35,848,High upstream cycle-time variation,Pass,0,NONE,39.718,2.041,0.0,0.5790909090909091,0.4090909090909091
VH-00257,256,2,B,32,Sedan,0.004832514080901178,0.4832514080901178,False,0.35,849,High upstream cycle-time variation,Pass,0,NONE,39.363,2.09,0.0,0.5809090909090909,0.4090909090909091
VH-00194,193,2,A,44,Compact,0.0046962962962962965,0.4696296296296297,False,0.35,850,High upstream cycle-time variation,Pass,0,NONE,39.873,1.962,0.0,0.5827272727272728,0.4090909090909091
VH-00707,706,5,B,32,Compact,0.004681112590175197,0.4681112590175197,False,0.35,851,High upstream cycle-time variation,Pass,0,NONE,40.305,2.177,0.0,0.5790909090909091,0.4090909090909091
VH-00593,592,4,B,68,Compact,0.004661956031244637,0.46619560312446373,False,0.35,852,High upstream cycle-time variation,Pass,0,NONE,39.946,2.805,0.0,0.5809090909090909,0.4090909090909091
VH-00888,887,6,B,63,Compact,0.004647110189225239,0.4647110189225239,False,0.35,853,High upstream cycle-time variation,Pass,0,NONE,41.168,2.606,0.0,0.5772727272727273,0.4090909090909091
VH-00286,285,2,B,61,Compact,0.004639092813115124,0.4639092813115124,False,0.35,854,High upstream cycle-time variation,Pass,0,NONE,41.109,2.327,0.0,0.5772727272727273,0.4090909090909091
VH-00284,283,2,B,59,Compact,0.004561142899061033,0.4561142899061033,False,0.35,855,High upstream cycle-time variation,Pass,0,NONE,39.818,2.217,0.0,0.5736363636363636,0.4090909090909091
VH-00276,275,2,B,51,Sedan,0.004512227673196145,0.4512227673196145,False,0.35,856,High upstream cycle-time variation,Pass,0,NONE,41.864,1.845,0.0,0.5772727272727273,0.4090909090909091
VH-00140,139,1,B,65,Compact,0.004505150260167782,0.4505150260167782,False,0.35,857,High upstream cycle-time variation,Pass,0,NONE,40.592,2.038,0.0,0.5790909090909091,0.4090909090909091
VH-00321,320,3,A,21,Compact,0.004480355779643865,0.44803557796438653,False,0.35,858,High upstream cycle-time variation,Pass,0,NONE,41.083,2.518,0.0,0.5863636363636364,0.4090909090909091
VH-00682,681,5,B,7,Compact,0.0044800973488299525,0.4480097348829952,False,0.35,859,High upstream cycle-time variation,Pass,0,NONE,41.334,2.195,0.0,0.5809090909090909,0.4090909090909091
VH-00272,271,2,B,47,SUV,0.004386422406013038,0.43864224060130386,False,0.35,860,High upstream cycle-time variation,Pass,0,NONE,40.063,2.23,0.0,0.5772727272727273,0.4090909090909091
VH-00254,253,2,B,29,Compact,0.004385590940814988,0.43855909408149885,False,0.35,861,High upstream cycle-time variation,Pass,0,NONE,41.196,2.083,0.0,0.5736363636363636,0.4090909090909091
VH-00305,304,3,A,5,Compact,0.004365530499061871,0.4365530499061871,False,0.35,862,High upstream cycle-time variation,Pass,0,NONE,40.78,2.092,0.0,0.5809090909090909,0.4090909090909091
VH-00207,206,2,A,57,Compact,0.004346525284573209,0.43465252845732094,False,0.35,863,High upstream cycle-time variation,Pass,0,NONE,39.507,1.852,0.0,0.5772727272727273,0.4090909090909091
VH-00749,748,5,B,74,Compact,0.004343193158848669,0.4343193158848669,False,0.35,864,High upstream cycle-time variation,Pass,0,NONE,40.427499999999995,2.018,0.0,0.5754545454545454,0.4090909090909091
VH-00876,875,6,B,51,Compact,0.004304769282720538,0.4304769282720538,False,0.35,865,High upstream cycle-time variation,Pass,0,NONE,39.991,2.083,0.0,0.5772727272727273,0.4090909090909091
VH-00685,684,5,B,10,Sedan,0.004278042643358496,0.4278042643358496,False,0.35,866,High upstream cycle-time variation,Pass,0,NONE,40.411,2.15,0.0,0.5809090909090909,0.4090909090909091
VH-00351,350,3,A,51,Compact,0.00414306359360811,0.41430635936081106,False,0.35,867,High upstream cycle-time variation,Pass,0,NONE,42.514,2.507,0.0,0.5809090909090909,0.4090909090909091
VH-00066,65,1,A,66,Compact,0.0038487458774518314,0.3848745877451831,False,0.35,868,High upstream cycle-time variation,Pass,0,NONE,40.418,2.401,0.0,0.5772727272727273,0.4090909090909091
VH-00299,298,2,B,74,Compact,0.0024315068493150683,0.24315068493150682,False,0.35,869,High upstream cycle-time variation,Pass,0,NONE,42.493,2.219,0.0,0.5772727272727273,0.4090909090909091
VH-00120,119,1,B,45,Sedan,0.002427591463414634,0.24275914634146342,False,0.35,870,High upstream cycle-time variation,Pass,0,NONE,40.701,1.844,0.0,0.5754545454545454,0.4090909090909091
VH-00582,581,4,B,57,Sedan,0.0023949131891562595,0.23949131891562594,False,0.35,871,High upstream cycle-time variation,Pass,0,NONE,40.993,2.682,0.0,0.5827272727272728,0.4090909090909091
VH-00617,616,5,A,17,Compact,0.002385185185185185,0.23851851851851852,False,0.35,872,High upstream cycle-time variation,Pass,0,NONE,40.274,2.365,0.0,0.5790909090909091,0.4090909090909091
VH-00123,122,1,B,48,Compact,0.0023592592592592593,0.23592592592592593,False,0.35,873,High upstream cycle-time variation,Pass,0,NONE,40.898,1.971,0.0,0.5754545454545454,0.4090909090909091
VH-00105,104,1,B,30,Compact,0.002351851851851852,0.2351851851851852,False,0.35,874,Low-confidence sparse telemetry,Pass,0,NONE,40.209,2.338,0.0,0.5736363636363636,0.4090909090909091
VH-00029,28,1,A,29,SUV,0.002342277012327774,0.2342277012327774,False,0.35,875,High upstream cycle-time variation,Pass,0,NONE,39.917,2.018,0.0,0.5827272727272728,0.4090909090909091
VH-00291,290,2,B,66,Compact,0.002260225669957687,0.22602256699576867,False,0.35,876,High upstream cycle-time variation,Pass,0,NONE,40.694,2.267,0.0,0.5790909090909091,0.4090909090909091
VH-00270,269,2,B,45,Compact,0.0022401685393258425,0.22401685393258425,False,0.35,877,High upstream cycle-time variation,Pass,0,NONE,39.675,2.251,0.0,0.5790909090909091,0.4090909090909091
VH-00885,884,6,B,60,Sedan,0.0022401685393258425,0.22401685393258425,False,0.35,878,High upstream cycle-time variation,Pass,0,NONE,40.381,2.026,0.0,0.5827272727272728,0.4090909090909091
VH-00652,651,5,A,52,Compact,0.002226890756302521,0.22268907563025211,False,0.35,879,High upstream cycle-time variation,Pass,0,NONE,39.793,1.857,0.0,0.5790909090909091,0.4090909090909091
VH-00683,682,5,B,8,Sedan,0.002193877551020408,0.2193877551020408,False,0.35,880,High upstream cycle-time variation,Pass,0,NONE,41.597,2.19,0.0,0.5772727272727273,0.4090909090909091
VH-00264,263,2,B,39,Compact,0.002191358024691358,0.2191358024691358,False,0.35,881,High upstream cycle-time variation,Pass,0,NONE,40.131,2.098,0.0,0.5827272727272728,0.4090909090909091
VH-00106,105,1,B,31,Sedan,0.0021834360027378507,0.21834360027378508,False,0.35,882,High upstream cycle-time variation,Pass,0,NONE,41.298,2.122,0.0,0.5809090909090909,0.4090909090909091
VH-00144,143,1,B,69,Compact,0.002175236806495264,0.2175236806495264,False,0.35,883,High upstream cycle-time variation,Pass,0,NONE,40.362,1.851,0.0,0.5809090909090909,0.4090909090909091
VH-00287,286,2,B,62,Compact,0.00213855421686747,0.213855421686747,False,0.35,884,High upstream cycle-time variation,Pass,0,NONE,39.835,2.047,0.0,0.5772727272727273,0.4090909090909091
VH-00119,118,1,B,44,SUV,0.002093791281373844,0.2093791281373844,False,0.35,885,High upstream cycle-time variation,Pass,0,NONE,39.531,2.087,0.0,0.5754545454545454,0.4090909090909091
VH-00570,569,4,B,45,SUV,0.0020292620865139947,0.2029262086513995,False,0.35,886,High upstream cycle-time variation,Pass,0,NONE,42.135,2.971,0.0,0.5736363636363636,0.4090909090909091
VH-00241,240,2,B,16,Compact,0.002007575757575758,0.2007575757575758,False,0.35,887,High upstream cycle-time variation,Pass,0,NONE,40.852,2.365,0.0,0.5790909090909091,0.4090909090909091
VH-00337,336,3,A,37,Sedan,0.0019759556103575828,0.1975955610357583,False,0.35,888,High upstream cycle-time variation,Pass,0,NONE,41.578,2.382,0.0,0.5809090909090909,0.4090909090909091
VH-00154,153,2,A,4,Compact,0.00196319018404908,0.19631901840490798,False,0.35,889,High upstream cycle-time variation,Pass,0,NONE,38.915,1.995,0.0,0.5790909090909091,0.4090909090909091
VH-00121,120,1,B,46,Sedan,0.0018891537544696066,0.18891537544696066,False,0.35,890,High upstream cycle-time variation,Pass,0,NONE,39.523,2.148,0.0,0.5772727272727273,0.4090909090909091
VH-00259,258,2,B,34,Sedan,0.0018540945790080738,0.18540945790080737,False,0.35,891,High upstream cycle-time variation,Pass,0,NONE,40.33,2.098,0.0,0.5754545454545454,0.4090909090909091
VH-00116,115,1,B,41,Compact,0.001796785304247991,0.1796785304247991,False,0.35,892,High upstream cycle-time variation,Pass,0,NONE,41.143,2.083,0.0,0.5772727272727273,0.4090909090909091
VH-00720,719,5,B,45,Sedan,0.0016150670794633643,0.16150670794633643,False,0.35,893,High upstream cycle-time variation,Pass,0,NONE,40.088,2.011,0.0,0.5809090909090909,0.4090909090909091
VH-00258,257,2,B,33,Sedan,0.0,0.0,False,0.35,897,High upstream cycle-time variation,Pass,0,NONE,40.427499999999995,2.13,0.0,0.5754545454545454,0.4090909090909091
VH-00710,709,5,B,35,SUV,0.0,0.0,False,0.35,898,High upstream cycle-time variation,Pass,0,NONE,39.647,2.318,0.0,0.5790909090909091,0.4090909090909091
VH-00730,729,5,B,55,Compact,0.0,0.0,False,0.35,900,High upstream cycle-time variation,Pass,0,NONE,40.156,2.058,0.0,0.5845454545454545,0.4090909090909091
VH-00725,724,5,B,50,SUV,0.0,0.0,False,0.35,899,High upstream cycle-time variation,Pass,0,NONE,39.898,1.919,0.0,0.5809090909090909,0.4090909090909091
VH-00145,144,1,B,70,Sedan,0.0,0.0,False,0.35,895,High upstream cycle-time variation,Pass,0,NONE,40.408,2.163,0.0,0.5790909090909091,0.4090909090909091
VH-00242,241,2,B,17,Sedan,0.0,0.0,False,0.35,896,High upstream cycle-time variation,Pass,0,NONE,39.516,1.838,0.0,0.5754545454545454,0.4090909090909091
VH-00136,135,1,B,61,Compact,0.0,0.0,False,0.35,894,High upstream cycle-time variation,Pass,0,NONE,41.762,2.262,0.0,0.5772727272727273,0.4090909090909091
