Vehicle_ID,Cycle_Time_Mean,Cycle_Time_Std,Cycle_Time_Max,Cycle_Time_P95,Torque_Mean,Torque_Max,Temperature_Mean,Temperature_Max,Vibration_Mean,Vibration_Max,Torque_Missing_Rate,Temperature_Missing_Rate,Vibration_Missing_Rate,Sparse_Coverage_Rate,Legacy_Or_Manual_Imputed_Rate,Telemetry_Confidence_Mean,Body_Cycle_Time_Mean,Final_Assembly_Cycle_Time_Mean,Paint_Cycle_Time_Mean,ST12_Temperature_C,ST12_Cycle_Time,ST15_Vibration_MM_S,ST15_Cycle_Time,ST12_Temperature_Excess,ST15_Vibration_Excess,ST12_ST15_Interaction,Vehicle_Global_Index,Production_Day,Shift,Unit_In_Shift,Vehicle_Model,Model_Complexity_Factor,End_of_Line_Quality,Root_Cause_Label,Delayed_Defect_Detection_Station,Latent_Defect_Probability,Station_12_Temperature_Signal,Station_15_Vibration_Signal,Defect_Label
VH-00001,72.81870454545455,11.908001333048535,103.955,91.7573,36.25089772727273,50.322,38.85702272727273,47.935,1.786840909090909,2.297,0.4772727272727273,0.5227272727272727,0.5681818181818182,0.4090909090909091,0.4090909090909091,0.5827272727272728,63.939499999999995,70.374875,87.91608333333333,38.953,62.151,1.883,76.581,0.0,0.0,0.0,0,1,A,1,Sedan,1.0,Pass,NONE,,0.02039,38.953,1.883,0
VH-00002,73.61565909090909,11.590582325686663,99.198,96.91105,36.11263636363636,47.336,38.881181818181815,47.964,1.8128295454545453,2.671,0.5454545454545454,0.4772727272727273,0.5681818181818182,0.4090909090909091,0.4090909090909091,0.5809090909090909,64.468375,71.8474375,88.16966666666667,40.557,68.139,1.98,74.313,0.0,0.0,0.0,1,1,A,2,SUV,1.08,Pass,NONE,,0.01991,40.557,1.98,0
VH-00003,73.12313636363636,11.796765277152392,101.318,95.68035,36.46085227272727,53.904,38.98832954545455,47.671,1.7602386363636364,2.394,0.4318181818181818,0.4772727272727273,0.6363636363636364,0.4090909090909091,0.4090909090909091,0.5809090909090909,63.441125,71.481125,88.22183333333334,39.902,64.877,2.394,68.824,0.0,0.0,0.0,2,1,A,3,Sedan,1.0,Pass,NONE,,0.01992,39.902,2.394,0
VH-00004,71.11361363636364,11.210087042410256,99.609,93.29950000000001,36.93671590909091,52.423,38.843261363636366,47.924,1.816909090909091,2.434,0.45454545454545453,0.5681818181818182,0.6363636363636364,0.4090909090909091,0.4090909090909091,0.5772727272727273,63.049875,68.7839375,84.9715,39.941,68.166,2.38,68.375,0.0,0.0,0.0,3,1,A,4,Compact,0.94,Pass,NONE,,0.01754,39.941,2.38,0
VH-00005,71.66218181818182,11.791689222090255,99.586,94.58220000000001,36.37175,49.952,38.880295454545454,48.182,1.7920113636363637,2.382,0.4772727272727273,0.4318181818181818,0.6363636363636364,0.4090909090909091,0.4090909090909091,0.5790909090909091,62.241437499999996,70.0646875,86.35316666666667,39.08,67.264,2.091,71.613,0.0,0.0,0.0,4,1,A,5,Compact,0.94,Pass,NONE,,0.02153,39.08,2.091,0
VH-00006,72.40275,11.456205518824058,101.031,94.45545000000001,35.719249999999995,51.496,38.87603409090909,47.026,1.802875,2.251,0.4772727272727273,0.5454545454545454,0.6363636363636364,0.4090909090909091,0.4090909090909091,0.5754545454545454,63.407125,69.97575,87.63291666666667,37.785,64.61,2.251,72.592,0.0,0.0,0.0,5,1,A,6,Compact,0.94,Pass,NONE,,0.01758,37.785,2.251,0
VH-00007,73.17834090909092,11.91903568353012,101.135,91.12389999999999,36.40360227272727,53.678,38.70582954545454,46.477,1.8293636363636365,2.568,0.4318181818181818,0.5227272727272727,0.5,0.4090909090909091,0.4090909090909091,0.5827272727272728,63.166875,71.6565625,88.556,40.427499999999995,61.983,2.099,76.345,0.0,0.0,0.0,6,1,A,7,Sedan,1.0,Pass,NONE,,0.02299,39.212,2.099,0
VH-00008,72.42527272727273,11.99000236895769,98.821,97.5246,36.064806818181815,49.273,39.01868181818182,49.929,1.7587727272727272,2.2,0.4772727272727273,0.5,0.5681818181818182,0.4090909090909091,0.4090909090909091,0.5790909090909091,63.413000000000004,70.0993125,87.54291666666667,39.795,65.022,2.12,76.162,0.0,0.0,0.0,7,1,A,8,Compact,0.94,Pass,NONE,,0.02547,39.795,2.12,0
VH-00009,73.26170454545455,12.16418193194542,101.925,95.22345,36.756375,49.733,38.77907954545455,47.506,1.827090909090909,2.554,0.5681818181818182,0.5227272727272727,0.6136363636363636,0.4090909090909091,0.4090909090909091,0.5754545454545454,63.033375,71.9255,88.68108333333333,39.631,61.972,2.255,67.614,0.0,0.0,0.0,8,1,A,9,Sedan,1.0,Pass,NONE,,0.02618,39.631,2.255,0
VH-00010,71.98395454545454,11.440915071457546,98.699,93.54355000000001,36.57328409090909,53.545,38.53040909090909,46.869,1.8257159090909092,2.41,0.45454545454545453,0.5454545454545454,0.6136363636363636,0.4090909090909091,0.4090909090909091,0.5790909090909091,63.3429375,69.7759375,86.44933333333334,37.649,67.458,1.88,71.072,0.0,0.0,0.0,9,1,A,10,Compact,0.94,Pass,NONE,,0.02048,37.649,1.88,0
VH-00011,72.59168181818183,11.886117152635395,100.756,90.7548,36.17668181818181,48.36,39.15525,52.171,1.802909090909091,2.382,0.5,0.4772727272727273,0.5227272727272727,0.4090909090909091,0.4090909090909091,0.5827272727272728,63.5414375,70.724875,87.14774999999999,39.987,61.161,1.982,77.128,0.0,0.0,0.0,10,1,A,11,SUV,1.08,Pass,NONE,,0.01724,39.987,1.982,0
VH-00012,71.71402272727272,12.161048395152406,102.851,94.62870000000001,36.170897727272724,48.021,38.944250000000004,48.601,1.8078636363636365,2.29,0.5227272727272727,0.5,0.6590909090909091,0.4090909090909091,0.4090909090909091,0.5754545454545454,62.3575,69.042875,87.75091666666667,39.931,60.861,2.097,73.04,0.0,0.0,0.0,11,1,A,12,Compact,0.94,Pass,NONE,,0.02174,39.931,2.097,0
VH-00013,72.06547727272726,11.6873192053941,97.257,95.17335,35.77048863636364,48.702,38.842670454545456,46.804,1.7561477272727273,2.305,0.5454545454545454,0.6136363636363636,0.5681818181818182,0.4090909090909091,0.4090909090909091,0.5736363636363636,62.2523125,70.72775,86.93333333333334,39.443,63.998,1.88,69.087,0.0,0.0,0.0,12,1,A,13,Sedan,1.0,Pass,NONE,,0.02829,39.443,1.88,0
VH-00014,73.02852272727273,11.622024115202791,99.92,97.54695000000001,36.11388636363636,49.127,39.090875,46.291,1.8382386363636363,2.83,0.5227272727272727,0.5909090909090909,0.5681818181818182,0.4090909090909091,0.4090909090909091,0.5772727272727273,63.4865,72.110625,86.97508333333333,39.765,65.026,2.104,77.898,0.0,0.0,0.0,13,1,A,14,Truck,1.14,Pass,NONE,,0.03274,39.765,2.104,0
VH-00015,72.80697727272728,12.078245312820927,100.828,96.32665,36.71117045454545,54.963,39.01029545454546,49.079,1.7788181818181819,2.29,0.5227272727272727,0.45454545454545453,0.6136363636363636,0.4090909090909091,0.4090909090909091,0.5754545454545454,63.24125,71.0155,87.94991666666665,38.191,61.715,2.071,70.686,0.0,0.0,0.0,14,1,A,15,Compact,0.94,Pass,NONE,,0.01479,38.191,2.071,0
VH-00016,73.2678409090909,12.266154369671572,102.904,96.83125000000001,35.81547727272727,47.756,38.884136363636365,47.793,1.8004545454545455,2.321,0.4772727272727273,0.5681818181818182,0.5909090909090909,0.4090909090909091,0.4090909090909091,0.5790909090909091,65.1441875,69.5944375,88.99725,37.48,68.946,2.006,77.444,0.0,0.0,0.0,15,1,A,16,Sedan,1.0,Pass,NONE,,0.02742,37.48,2.006,0
VH-00017,71.92338636363637,11.140338482219217,98.746,92.1491,36.165875,50.716,38.99402272727273,48.173,1.800659090909091,2.797,0.5681818181818182,0.4090909090909091,0.5909090909090909,0.4090909090909091,0.4090909090909091,0.5754545454545454,63.1131875,69.8771875,86.39858333333332,40.698,69.088,1.683,70.126,0.0,0.0,0.0,16,1,A,17,Compact,0.94,Pass,NONE,,0.01852,40.698,1.683,0
VH-00018,73.3305,11.965554552304969,100.083,97.16770000000001,36.03552272727273,49.948,38.84773863636364,47.85,1.8372159090909093,2.499,0.5,0.5,0.5227272727272727,0.4090909090909091,0.4090909090909091,0.5809090909090909,64.0981875,71.2355,88.43358333333333,37.794,62.683,2.499,68.151,0.0,0.0,0.0,17,1,A,18,SUV,1.08,Pass,NONE,,0.02602,37.794,2.499,0
VH-00019,72.104,11.736817450248811,97.623,95.32435,36.89778409090909,56.196,39.279931818181815,48.904,1.7833750000000002,2.302,0.4318181818181818,0.5454545454545454,0.5909090909090909,0.4090909090909091,0.4090909090909091,0.5790909090909091,62.7904375,69.814,87.57541666666667,39.767,64.777,2.302,69.3,0.0,0.0,0.0,18,1,A,19,Compact,0.94,Pass,NONE,,0.02323,39.767,2.302,0
VH-00020,72.88879545454546,11.590927040356284,100.798,92.8467,36.431954545454545,47.977,38.90836363636364,48.762,1.784375,2.316,0.4772727272727273,0.5227272727272727,0.5227272727272727,0.4090909090909091,0.4090909090909091,0.5845454545454545,63.010875,71.79237499999999,87.52125000000001,38.55,65.678,2.316,68.597,0.0,0.0,0.0,19,1,A,20,SUV,1.08,Pass,NONE,,0.02928,38.55,2.316,0
VH-00021,72.71706818181818,11.662712844883897,96.665,94.94035,35.934875,48.762,38.792761363636366,47.286,1.7633068181818181,2.301,0.5,0.5681818181818182,0.5681818181818182,0.4090909090909091,0.4090909090909091,0.5754545454545454,63.202375,71.4045625,87.15333333333332,39.999,66.252,1.889,68.229,0.0,0.0,0.0,20,1,A,21,Sedan,1.0,Pass,NONE,,0.02044,39.999,1.889,0
VH-00022,73.13034090909092,11.614667188702992,101.844,95.45450000000001,36.876715909090905,51.888,38.83281818181818,48.318,1.8436022727272727,2.748,0.5681818181818182,0.5454545454545454,0.5,0.4090909090909091,0.4090909090909091,0.5772727272727273,63.8520625,71.1975625,88.07841666666667,39.134,65.485,1.911,72.523,0.0,0.0,0.0,21,1,A,22,SUV,1.08,Pass,NONE,,0.03431,39.134,1.911,0
VH-00023,71.881,11.681780080983597,100.421,95.04990000000001,36.509181818181816,51.814,39.208147727272724,47.647,1.7847613636363635,2.415,0.5,0.5,0.6136363636363636,0.4090909090909091,0.4090909090909091,0.5772727272727273,63.031375,69.9445,86.2625,39.22,64.249,2.415,72.649,0.0,0.0,0.0,22,1,A,23,Compact,0.94,Pass,NONE,,0.02595,39.22,2.415,0
VH-00024,73.41211363636363,11.812033033400096,100.53,97.52785,36.616420454545455,52.55,38.91729545454546,46.291,1.8065,2.541,0.4772727272727273,0.5227272727272727,0.5909090909090909,0.4090909090909091,0.4090909090909091,0.5790909090909091,64.6291875,70.2150625,89.38541666666667,40.427499999999995,67.179,2.193,72.749,0.0,0.0,0.0,23,1,A,24,SUV,1.08,Pass,NONE,,0.01884,40.555,2.193,0
VH-00025,72.31284090909091,11.491736816822979,99.241,93.65299999999999,35.79035227272727,49.57,38.89121590909091,47.797,1.753306818181818,2.408,0.45454545454545453,0.4772727272727273,0.6590909090909091,0.4090909090909091,0.4090909090909091,0.5754545454545454,62.8069375,71.1125,86.58783333333334,39.763,59.844,2.076,69.832,0.0,0.0,0.0,24,1,A,25,Sedan,1.0,Pass,NONE,,0.02302,39.763,2.076,0
VH-00026,73.79277272727273,11.924606702818892,103.703,91.76105000000001,36.54996590909091,52.393,39.131977272727276,50.134,1.8052386363636364,2.319,0.5227272727272727,0.5681818181818182,0.6136363636363636,0.4090909090909091,0.4090909090909091,0.5772727272727273,64.575,71.9935625,88.48208333333334,39.35,67.346,2.137,71.252,0.0,0.0,0.0,25,1,A,26,Truck,1.14,Pass,NONE,,0.02825,39.35,2.137,0
VH-00027,72.97581818181818,11.441461882674131,97.68,94.65495,36.105056818181815,51.847,38.81185227272727,48.214,1.8100681818181819,2.246,0.4318181818181818,0.5681818181818182,0.6363636363636364,0.4090909090909091,0.4090909090909091,0.5754545454545454,63.692,71.511375,87.30683333333333,38.87,67.116,2.246,67.938,0.0,0.0,0.0,26,1,A,27,Sedan,1.0,Pass,NONE,,0.02521,38.87,2.068,0
VH-00028,74.02772727272726,11.585379835115033,102.716,95.54825,36.807477272727276,50.369,38.86771590909091,48.35,1.7976477272727274,2.269,0.5,0.5,0.6136363636363636,0.4090909090909091,0.4090909090909091,0.5772727272727273,65.1925625,72.036625,88.46274999999999,37.988,68.288,2.269,74.471,0.0,0.0,0.0,27,1,A,28,SUV,1.08,Pass,NONE,,0.02344,37.988,2.269,0
VH-00029,72.94036363636363,12.000457193017175,103.207,94.4479,36.570181818181815,51.373,38.92639772727273,46.291,1.7824545454545453,2.422,0.5,0.5227272727272727,0.5227272727272727,0.4090909090909091,0.4090909090909091,0.5827272727272728,62.932562499999996,71.9375625,87.62116666666667,39.917,63.685,2.018,68.598,0.0,0.0,0.0,28,1,A,29,SUV,1.08,Pass,NONE,,0.02317,39.917,2.018,0
VH-00030,72.12972727272728,11.687675962836328,100.563,96.47305000000001,36.399204545454545,49.478,38.92870454545454,47.98,1.8187613636363635,2.731,0.5,0.5227272727272727,0.5909090909090909,0.4090909090909091,0.4090909090909091,0.5754545454545454,62.8350625,70.5425,86.63891666666666,38.777,70.373,2.34,70.252,0.0,0.0,0.0,29,1,A,30,Sedan,1.0,Pass,NONE,,0.01864,38.777,2.34,0
VH-00031,72.54299999999999,11.622482064896348,100.832,94.76480000000001,36.68375,49.699,38.92415909090909,49.346,1.7485227272727273,2.06,0.5454545454545454,0.5454545454545454,0.6363636363636364,0.4090909090909091,0.4090909090909091,0.5754545454545454,63.4873125,70.8058125,86.9335,39.588,65.362,1.86,67.862,0.0,0.0,0.0,30,1,A,31,Sedan,1.0,Pass,NONE,,0.02266,39.588,1.86,0
VH-00032,72.37636363636364,11.645918101327737,97.535,96.42295,36.69285227272727,53.967,38.899693181818186,48.615,1.809431818181818,2.505,0.5681818181818182,0.45454545454545453,0.6136363636363636,0.4090909090909091,0.4090909090909091,0.5809090909090909,63.1101875,70.810375,86.81925,40.583,66.542,2.085,72.08,0.0,0.0,0.0,31,1,A,32,Sedan,1.0,Pass,NONE,,0.02769,40.583,2.085,0
VH-00033,72.13904545454545,11.908616761012858,99.333,93.59735,36.553534090909096,51.201,38.635977272727274,50.325,1.7985568181818181,2.422,0.5227272727272727,0.5227272727272727,0.5,0.4090909090909091,0.4090909090909091,0.5863636363636364,61.964875,70.9370625,87.30725,39.668,61.703,2.132,70.805,0.0,0.0,0.0,32,1,A,33,Compact,0.94,Pass,NONE,,0.02311,39.668,2.132,0
VH-00034,73.62877272727273,11.762862920508802,101.946,96.29845,37.023295454545455,51.6,38.91352272727273,47.616,1.7962613636363636,2.353,0.5227272727272727,0.4090909090909091,0.5909090909090909,0.4090909090909091,0.4090909090909091,0.5772727272727273,65.0083125,70.805625,88.88691666666666,39.162,70.089,2.204,73.816,0.0,0.0,0.0,33,1,A,34,SUV,1.08,Pass,NONE,,0.02058,39.162,2.204,0
VH-00035,72.45104545454545,11.755070367578535,97.714,96.6731,36.367670454545454,49.256,39.04064772727273,47.324,1.7877045454545455,2.427,0.5,0.5,0.5681818181818182,0.4090909090909091,0.4090909090909091,0.5790909090909091,64.076,69.5440625,87.49374999999999,39.944,66.268,1.872,71.842,0.0,0.0,0.0,34,1,A,35,Compact,0.94,Pass,NONE,,0.0228,39.944,1.872,0
VH-00036,73.01643181818181,11.677732735101122,101.253,95.75690000000002,36.27079545454546,50.117,39.13098863636364,48.619,1.7578295454545454,2.602,0.5227272727272727,0.5227272727272727,0.5454545454545454,0.4090909090909091,0.4090909090909091,0.5790909090909091,62.9576875,72.5855625,87.00258333333333,39.83,66.777,2.602,70.237,0.0,0.0,0.0,35,1,A,36,SUV,1.08,Pass,NONE,,0.02423,39.83,2.602,0
VH-00037,73.2795,11.876037042600078,100.769,96.4688,36.001000000000005,51.955,38.831125,47.935,1.780284090909091,2.387,0.5227272727272727,0.5227272727272727,0.5909090909090909,0.4090909090909091,0.4090909090909091,0.5827272727272728,64.0865,71.3479375,88.11225,39.526,62.876,2.387,74.001,0.0,0.0,0.0,36,1,A,37,SUV,1.08,Pass,NONE,,0.02605,39.526,2.387,0
VH-00038,73.75824999999999,11.295187629570803,101.483,93.52895,36.58561363636364,48.827,38.92019318181818,48.118,1.7653977272727273,2.165,0.5909090909090909,0.4772727272727273,0.5909090909090909,0.4090909090909091,0.4090909090909091,0.5772727272727273,64.7840625,72.0641875,87.98258333333332,39.594,69.165,1.9,75.614,0.0,0.0,0.0,37,1,A,38,Truck,1.14,Pass,NONE,,0.03104,39.594,1.9,0
VH-00039,71.81868181818182,11.652601529617062,101.808,95.2685,36.465863636363636,50.629,38.979,46.342,1.7636250000000002,2.3,0.5,0.5909090909090909,0.6363636363636364,0.4090909090909091,0.4090909090909091,0.5790909090909091,62.9530625,69.6758125,86.49666666666667,38.959,63.741,2.009,71.33,0.0,0.0,0.0,38,1,A,39,Sedan,1.0,Pass,NONE,,0.03593,38.959,2.009,0
VH-00040,73.82829545454545,11.460233397070397,101.83,95.88215,36.233943181818184,51.202,38.789784090909095,48.117,1.7920681818181818,2.47,0.5227272727272727,0.5681818181818182,0.6136363636363636,0.4090909090909091,0.4090909090909091,0.5772727272727273,64.5355,72.4541875,88.05083333333333,38.583,67.767,1.808,72.763,0.0,0.0,0.0,39,1,A,40,SUV,1.08,Pass,NONE,,0.02043,38.583,1.808,0
VH-00041,72.81752272727273,11.803854598035526,100.324,95.62985,35.986943181818184,52.087,38.92826136363636,49.711,1.809534090909091,2.512,0.5,0.5,0.5909090909090909,0.4090909090909091,0.4090909090909091,0.5790909090909091,63.632375,70.53225,88.11141666666667,40.075,65.1,2.019,73.381,0.0,0.0,0.0,40,1,A,41,Sedan,1.0,Pass,NONE,,0.01363,40.075,2.019,0
VH-00042,72.61086363636365,11.69089632824262,102.65,94.441,36.66043181818182,47.751,39.01821590909091,47.679,1.801931818181818,2.582,0.5227272727272727,0.5,0.5681818181818182,0.4090909090909091,0.4090909090909091,0.5845454545454545,63.299749999999996,70.6465,87.64483333333334,39.032,64.47,2.066,74.075,0.0,0.0,0.0,41,1,A,42,Sedan,1.0,Pass,NONE,,0.02427,39.032,2.066,0
VH-00043,72.63188636363635,11.766134377784777,101.603,95.12585,36.326375,50.334,38.79877272727273,48.249,1.7745113636363639,2.393,0.5681818181818182,0.5681818181818182,0.5681818181818182,0.4090909090909091,0.4090909090909091,0.5772727272727273,63.667812500000004,71.1200625,86.59974999999999,39.111,67.206,2.27,70.989,0.0,0.0,0.0,42,1,A,43,SUV,1.08,Pass,NONE,,0.01562,39.111,2.27,0
VH-00044,73.27436363636365,11.952769615976061,97.414,94.0013,36.73864772727273,51.001,39.03070454545455,48.242,1.7752954545454545,2.218,0.5,0.5454545454545454,0.5227272727272727,0.4090909090909091,0.4090909090909091,0.5809090909090909,63.746875,71.1389375,88.82491666666665,38.565,64.646,2.038,75.044,0.0,0.0,0.0,43,1,A,44,SUV,1.08,Pass,NONE,,0.0269,38.565,2.038,0
VH-00045,72.47384090909091,13.050285405313865,101.14,96.16550000000001,36.513602272727276,50.227,39.000102272727275,48.935,1.7970681818181817,2.278,0.5,0.5,0.5454545454545454,0.4090909090909091,0.4090909090909091,0.5809090909090909,61.736000000000004,70.5793125,89.31700000000001,38.643,62.76,2.194,66.929,0.0,0.0,0.0,44,1,A,45,Sedan,1.0,Pass,NONE,,0.02557,38.643,2.194,0
VH-00046,72.58125,11.819587829993486,101.737,93.25125,36.459261363636365,50.989,39.03714772727273,49.462,1.8171818181818182,2.727,0.5681818181818182,0.5681818181818182,0.5909090909090909,0.4090909090909091,0.4090909090909091,0.5754545454545454,62.85425,70.5845,88.21291666666667,39.631,69.911,2.051,67.926,0.0,0.0,0.0,45,1,A,46,Compact,0.94,Pass,NONE,,0.01591,39.631,2.051,0
VH-00047,72.87688636363636,12.030978823516511,102.469,95.11699999999999,36.446034090909095,52.386,38.992352272727274,47.011,1.8363977272727274,2.742,0.5,0.45454545454545453,0.5681818181818182,0.4090909090909091,0.4090909090909091,0.5827272727272728,63.099625,70.62725,88.91275,40.846,61.242,2.11,70.406,0.0,0.0,0.0,46,1,A,47,SUV,1.08,Pass,NONE,,0.01536,40.846,2.11,0
VH-00048,73.19665909090908,11.354779153522294,99.14,95.3376,36.67255681818182,50.759,38.735772727272725,48.037,1.7519886363636366,2.158,0.45454545454545453,0.5227272727272727,0.5909090909090909,0.4090909090909091,0.4090909090909091,0.5809090909090909,64.1556875,71.4806875,87.53925,39.72,61.787,2.158,71.626,0.0,0.0,0.0,47,1,A,48,SUV,1.08,Pass,NONE,,0.01946,39.72,2.158,0
VH-00049,71.69265909090909,11.871329997280593,99.563,95.10715,36.21430681818182,50.842,38.79444318181818,46.291,1.7648068181818182,2.32,0.5454545454545454,0.5,0.5681818181818182,0.4090909090909091,0.4090909090909091,0.5772727272727273,62.82,69.532875,86.40258333333333,40.497,64.601,2.062,73.094,0.0,0.0,0.0,48,1,A,49,Compact,0.94,Pass,NONE,,0.02361,40.497,2.062,0
VH-00050,73.79088636363636,11.693746651703565,104.41,95.19975,35.92571590909091,48.506,38.797613636363636,46.966,1.7780909090909092,2.384,0.5227272727272727,0.5681818181818182,0.5681818181818182,0.4090909090909091,0.4090909090909091,0.5790909090909091,64.49175,71.6598125,89.03116666666666,40.674,66.677,2.126,75.374,0.0,0.0,0.0,49,1,A,50,Truck,1.14,Pass,NONE,,0.022,40.674,2.126,0
VH-00051,72.25984090909091,11.409699080766169,98.311,92.90085,36.93773863636364,52.472,38.77709090909091,47.274,1.8165227272727273,2.425,0.5,0.5,0.5227272727272727,0.4090909090909091,0.4090909090909091,0.5809090909090909,62.9693125,70.921375,86.43183333333333,39.126,64.882,2.425,72.303,0.0,0.0,0.0,50,1,A,51,Compact,0.94,Pass,NONE,,0.01496,39.126,2.425,0
VH-00052,72.68497727272728,11.71468199349747,97.011,94.43130000000001,36.01805681818182,50.108,38.90407954545455,49.29,1.7753750000000001,2.438,0.5454545454545454,0.5227272727272727,0.5,0.4090909090909091,0.4090909090909091,0.5772727272727273,62.7723125,71.485,87.50183333333332,38.758,60.241,2.139,71.278,0.0,0.0,0.0,51,1,A,52,Sedan,1.0,Pass,NONE,,0.03177,38.758,2.139,0
VH-00053,71.43297727272727,11.427362910684803,95.64,92.09915,36.69836363636364,51.555,38.857465909090905,48.161,1.776090909090909,2.211,0.5,0.4090909090909091,0.6590909090909091,0.4090909090909091,0.4090909090909091,0.5736363636363636,62.0199375,69.941,85.973,39.88,67.115,2.08,70.827,0.0,0.0,0.0,52,1,A,53,Compact,0.94,Pass,NONE,,0.02906,39.88,2.08,0
VH-00054,71.91225,11.365196189438105,99.547,93.11715000000001,36.56889772727273,52.085,39.06357954545455,48.261,1.8093977272727273,2.444,0.5227272727272727,0.5,0.6590909090909091,0.4090909090909091,0.4090909090909091,0.5754545454545454,63.2901875,70.007875,85.94749999999999,40.427499999999995,60.414,1.955,68.952,0.0,0.0,0.0,53,1,A,54,Sedan,1.0,Pass,NONE,,0.02736,39.143,1.955,0
VH-00055,72.89668181818182,12.509297524144543,102.008,96.2975,36.89276136363637,54.61,39.112193181818185,48.691,1.8083409090909093,2.457,0.5227272727272727,0.4772727272727273,0.6818181818181818,0.4090909090909091,0.4090909090909091,0.5754545454545454,62.9284375,70.6594375,89.17066666666666,40.233,68.721,2.374,70.38,0.0,0.0,0.0,54,1,A,55,Sedan,1.0,Pass,NONE,,0.02266,40.233,2.374,0
VH-00056,73.64359090909092,11.233087881951086,103.763,94.8865,36.482443181818184,47.564,39.21867045454545,50.167,1.7668863636363634,2.082,0.4772727272727273,0.4318181818181818,0.5454545454545454,0.4090909090909091,0.4090909090909091,0.5845454545454545,64.1099375,72.2474375,88.21666666666665,40.147,62.417,1.846,67.727,0.0,0.0,0.0,55,1,A,56,Truck,1.14,Pass,NONE,,0.02402,40.147,1.846,0
VH-00057,71.15270454545454,11.642172017401636,98.966,93.6936,36.51077272727272,53.507,38.74193181818182,48.148,1.8127499999999999,2.569,0.5454545454545454,0.5227272727272727,0.6136363636363636,0.4090909090909091,0.4090909090909091,0.5827272727272728,61.859812500000004,69.1396875,86.22725000000001,38.218,61.26,1.747,64.626,0.0,0.0,0.0,56,1,A,57,Compact,0.94,Pass,NONE,,0.02272,38.218,1.747,0
VH-00058,73.39179545454546,12.601233340485932,107.689,93.94500000000001,35.91171590909091,51.213,38.855375,46.794,1.7929431818181818,2.322,0.5,0.5454545454545454,0.6136363636363636,0.4090909090909091,0.4090909090909091,0.5790909090909091,63.3979375,71.124,89.74066666666666,38.53,64.186,2.079,73.925,0.0,0.0,0.0,57,1,A,58,SUV,1.08,Pass,NONE,,0.02383,38.53,2.079,0
VH-00059,73.45029545454545,11.36078185685512,98.778,96.9789,36.63911363636364,50.196,38.95798863636364,49.163,1.7662727272727272,2.184,0.5227272727272727,0.4772727272727273,0.5454545454545454,0.4090909090909091,0.4090909090909091,0.5772727272727273,65.5358125,70.10275,88.46633333333334,39.497,71.323,1.942,71.82,0.0,0.0,0.0,58,1,A,59,Truck,1.14,Pass,NONE,,0.02885,39.497,1.942,0
VH-00060,71.76738636363636,11.261360240892687,95.808,93.87375,36.32203409090909,53.651,38.73896590909091,46.291,1.768590909090909,2.132,0.4772727272727273,0.5,0.6363636363636364,0.4090909090909091,0.4090909090909091,0.5772727272727273,62.7855,69.861375,86.28458333333333,40.062,64.43,2.132,72.881,0.0,0.0,0.0,59,1,A,60,Compact,0.94,Pass,NONE,,0.01882,40.062,2.132,0
VH-00061,72.61411363636364,12.353456244016611,103.227,95.31750000000001,36.71164772727273,50.579,38.82067045454546,47.301,1.7913522727272728,2.437,0.5,0.4090909090909091,0.5909090909090909,0.4090909090909091,0.4090909090909091,0.5809090909090909,62.6281875,70.8235625,88.31608333333334,39.3,62.593,2.229,71.772,0.0,0.0,0.0,60,1,A,61,Sedan,1.0,Pass,NONE,,0.02018,39.3,2.229,0
VH-00062,73.1411590909091,11.846952383970105,98.558,95.7313,36.35010227272728,50.742,38.977397727272724,46.312,1.7583295454545456,2.25,0.4772727272727273,0.6136363636363636,0.5909090909090909,0.4090909090909091,0.4090909090909091,0.5736363636363636,63.3596875,71.2356875,88.72375,39.308,63.653,1.903,74.387,0.0,0.0,0.0,61,1,A,62,Sedan,1.0,Pass,NONE,,0.02213,39.308,1.903,0
VH-00063,72.01136363636364,12.070879644813681,100.988,93.3936,36.07395454545454,50.718,38.90678409090909,47.932,1.801625,2.46,0.5,0.5,0.5,0.4090909090909091,0.4090909090909091,0.5827272727272728,62.118875,70.709125,86.93766666666666,38.69,66.762,2.415,68.022,0.0,0.0,0.0,62,1,A,63,Sedan,1.0,Pass,NONE,,0.02796,38.69,2.415,0
VH-00064,73.0379090909091,11.762601922684599,102.649,95.88205,36.38289772727273,54.542,38.98053409090909,47.589,1.7801704545454546,2.214,0.4318181818181818,0.5227272727272727,0.5909090909090909,0.4090909090909091,0.4090909090909091,0.5772727272727273,64.0885625,70.7264375,88.05233333333332,39.982,68.184,1.918,70.354,0.0,0.0,0.0,63,1,A,64,SUV,1.08,Pass,NONE,,0.02874,39.982,1.918,0
VH-00065,72.36920454545454,11.02298207568664,95.141,94.4189,36.136261363636365,51.101,38.744181818181815,47.872,1.7878863636363638,2.273,0.4772727272727273,0.5227272727272727,0.6136363636363636,0.4090909090909091,0.4090909090909091,0.5754545454545454,63.9684375,70.2569375,86.38658333333332,39.133,64.965,2.176,73.188,0.0,0.0,0.0,64,1,A,65,SUV,1.08,Pass,NONE,,0.02269,39.133,2.176,0
VH-00066,72.20668181818182,12.123718298639984,98.139,93.6978,36.35346590909091,49.68,39.08382954545454,48.672,1.7648409090909092,2.401,0.5681818181818182,0.5,0.5681818181818182,0.4090909090909091,0.4090909090909091,0.5772727272727273,62.702625,70.5103125,87.14058333333332,40.418,60.913,2.401,76.364,0.0,0.0,0.0,65,1,A,66,Compact,0.94,Pass,NONE,,0.01848,40.418,2.401,0
VH-00067,73.10638636363636,11.74178087244665,102.148,93.1413,36.274125,49.364,38.646272727272724,47.256,1.7629204545454547,2.185,0.5909090909090909,0.6136363636363636,0.6136363636363636,0.4090909090909091,0.4090909090909091,0.5736363636363636,63.355875,71.4861875,88.26733333333334,40.527,60.873,2.046,70.372,0.0,0.0,0.0,66,1,A,67,SUV,1.08,Pass,NONE,,0.02282,40.527,2.046,0
VH-00068,72.44509090909091,11.244285028648862,98.726,93.821,36.29201136363636,51.563,38.82563636363636,48.022,1.7459090909090909,2.398,0.4772727272727273,0.5,0.6136363636363636,0.4090909090909091,0.4090909090909091,0.5772727272727273,64.0834375,69.9084375,86.97616666666666,38.376,63.146,1.659,71.443,0.0,0.0,0.0,67,1,A,68,Sedan,1.0,Pass,NONE,,0.02137,38.376,1.659,0
VH-00069,72.83345454545454,11.390782322918755,98.279,91.86789999999999,36.22494318181818,51.281,38.69863636363636,46.865,1.7956363636363635,2.938,0.5,0.5909090909090909,0.6136363636363636,0.4090909090909091,0.4090909090909091,0.5772727272727273,63.45875,71.23775,87.46066666666667,39.394,60.512,2.102,73.943,0.0,0.0,0.0,68,1,A,69,SUV,1.08,Pass,NONE,,0.02813,39.394,2.102,0
VH-00070,72.88293181818182,11.8159448999631,100.48,98.39205,36.37739772727272,57.123,38.80472727272728,48.879,1.7313522727272728,2.561,0.5227272727272727,0.6136363636363636,0.5909090909090909,0.4090909090909091,0.4090909090909091,0.5772727272727273,64.7303125,69.773875,87.8985,38.851,69.546,2.136,74.683,0.0,0.0,0.0,69,1,A,70,Sedan,1.0,Pass,NONE,,0.02208,38.851,2.136,0
VH-00071,72.98747727272728,11.798537249677587,100.051,96.38785,36.063375,50.985,38.932886363636364,47.942,1.7787727272727274,2.425,0.4772727272727273,0.45454545454545453,0.5454545454545454,0.4090909090909091,0.4090909090909091,0.5863636363636364,63.6425625,71.26875,87.73899999999999,40.19,64.719,1.914,71.226,0.0,0.0,0.0,70,1,A,71,SUV,1.08,Pass,NONE,,0.02393,40.19,1.914,0
VH-00072,71.45522727272727,12.13188251628767,94.864,93.52115,35.58246590909091,49.401,39.09340909090909,49.464,1.8122500000000001,2.489,0.4772727272727273,0.5,0.5909090909090909,0.4090909090909091,0.4090909090909091,0.5790909090909091,62.2198125,69.2063125,86.76766666666667,39.883,64.504,2.106,72.929,0.0,0.0,0.0,71,1,A,72,Compact,0.94,Pass,NONE,,0.02068,39.883,2.106,0
VH-00073,72.51486363636364,12.335629090189927,100.703,94.8537,36.58902272727273,54.082,39.05470454545455,50.503,1.7642840909090909,2.191,0.5227272727272727,0.45454545454545453,0.5909090909090909,0.4090909090909091,0.4090909090909091,0.5827272727272728,62.111875,71.3444375,87.94608333333333,39.903,66.853,1.909,65.982,0.0,0.0,0.0,72,1,A,73,Compact,0.94,Pass,NONE,,0.02218,39.903,1.909,0
VH-00074,73.05629545454545,11.743265279397566,98.755,96.9762,36.60915909090909,49.763,39.065318181818185,48.473,1.799909090909091,2.51,0.4772727272727273,0.5681818181818182,0.6136363636363636,0.4090909090909091,0.4090909090909091,0.5718181818181818,63.9155,70.6088125,88.50733333333334,39.912,58.712,2.053,69.704,0.0,0.0,0.0,73,1,A,74,SUV,1.08,Pass,NONE,,0.02036,39.912,2.053,0
VH-00075,73.20634090909091,11.982203869854345,98.805,95.708,36.0685,49.262,39.06446590909091,47.339,1.8601363636363637,2.904,0.5227272727272727,0.5681818181818182,0.5681818181818182,0.4090909090909091,0.4090909090909091,0.5790909090909091,62.8480625,72.2341875,88.31358333333333,39.356,66.316,2.01,70.795,0.0,0.0,0.0,74,1,A,75,Truck,1.14,Pass,NONE,,0.03228,39.356,2.01,0
VH-00076,72.36313636363637,11.692283970469108,100.269,94.47875,35.80046590909091,48.089,38.79809090909091,48.354,1.8084090909090909,2.445,0.5,0.5454545454545454,0.5909090909090909,0.4090909090909091,0.4090909090909091,0.5809090909090909,63.5631875,70.4945625,86.58783333333334,40.629,63.084,1.953,72.7,0.0,0.0,0.0,75,1,B,1,Compact,0.94,Pass,NONE,,0.01759,40.629,1.953,0
VH-00077,73.36029545454545,11.883819906151363,97.987,96.0535,36.783806818181816,51.531,39.072193181818186,46.835,1.7662272727272728,2.358,0.5,0.5909090909090909,0.5681818181818182,0.4090909090909091,0.4090909090909091,0.5790909090909091,63.9265,71.2605,88.73841666666665,40.534,62.217,2.334,71.884,0.0,0.0,0.0,76,1,B,2,SUV,1.08,Pass,NONE,,0.02384,40.534,2.334,0
VH-00078,73.12725,11.349361666559581,101.654,95.94945,36.87413636363636,57.655,38.98540909090909,48.427,1.7946363636363636,2.419,0.45454545454545453,0.5681818181818182,0.4772727272727273,0.4090909090909091,0.4090909090909091,0.5845454545454545,64.9540625,70.1354375,88.01391666666666,40.932,67.233,1.937,70.453,0.0,0.0,0.0,77,1,B,3,SUV,1.08,Pass,NONE,,0.02047,40.932,1.937,0
VH-00079,73.93188636363637,11.98246859338416,99.746,96.40655,36.25895454545454,53.01,39.12480681818182,46.968,1.808068181818182,2.518,0.4772727272727273,0.5227272727272727,0.5454545454545454,0.4090909090909091,0.4090909090909091,0.5809090909090909,64.253375,71.8130625,89.66166666666668,40.983,70.303,2.129,72.728,0.0,0.0,0.0,78,1,B,4,Truck,1.14,Pass,NONE,,0.01719,40.983,2.129,0
VH-00080,72.03845454545454,12.385133224874318,99.431,94.7652,36.391977272727274,51.608,38.781125,47.957,1.8209318181818182,2.259,0.5454545454545454,0.5454545454545454,0.5909090909090909,0.4090909090909091,0.4090909090909091,0.5772727272727273,61.922375,69.99325,88.25349999999999,40.449,67.827,2.14,75.93,0.0,0.0,0.0,79,1,B,5,Compact,0.94,Pass,NONE,,0.02043,40.449,2.14,0
VH-00081,71.964,11.112782524726219,95.138,94.3745,37.03443181818182,55.494,38.91734090909091,48.325,1.7801250000000002,2.316,0.5227272727272727,0.4772727272727273,0.5909090909090909,0.4090909090909091,0.4090909090909091,0.5772727272727273,62.6520625,70.9211875,85.77033333333333,40.562,64.052,1.71,75.337,0.0,0.0,0.0,80,1,B,6,Compact,0.94,Pass,NONE,,0.02233,40.562,1.71,0
VH-00082,72.48602272727273,11.35665359016085,97.369,94.2622,36.230965909090905,52.613,39.038954545454544,46.781,1.8215227272727275,2.417,0.5,0.5227272727272727,0.6363636363636364,0.4090909090909091,0.4090909090909091,0.5754545454545454,64.0169375,69.6348125,87.57975,40.488,68.604,2.417,72.651,0.0,0.0,0.0,81,1,B,7,Sedan,1.0,Pass,NONE,,0.02523,40.488,2.417,0
VH-00083,72.79329545454546,11.814387298385713,99.267,95.2828,36.448499999999996,50.302,38.948454545454545,47.109,1.8037045454545455,2.787,0.4772727272727273,0.5,0.5,0.4090909090909091,0.4090909090909091,0.5809090909090909,63.1751875,71.53518749999999,87.29491666666667,38.997,64.247,2.515,71.159,0.0,0.0,0.0,82,1,B,8,SUV,1.08,Pass,NONE,,0.02997,38.997,2.515,0
VH-00084,72.23665909090909,10.900407282647281,96.606,92.7752,36.29507954545455,50.435,38.97526136363636,49.552,1.7891022727272727,2.811,0.5227272727272727,0.45454545454545453,0.6136363636363636,0.4090909090909091,0.4090909090909091,0.5754545454545454,63.5755,70.8413125,85.64533333333333,40.902,66.937,1.693,71.504,0.0,0.0,0.0,83,1,B,9,Compact,0.94,Pass,NONE,,0.02335,40.902,1.693,0
VH-00085,71.94359090909091,11.966685790372235,99.54,94.3874,37.074090909090906,50.304,39.081125,50.076,1.7941136363636365,2.467,0.5,0.5,0.5454545454545454,0.4090909090909091,0.4090909090909091,0.5772727272727273,61.9733125,70.38175,87.31975,39.9,66.919,2.187,70.147,0.0,0.0,0.0,84,1,B,10,Compact,0.94,Pass,NONE,,0.02128,39.9,2.187,0
VH-00086,72.2715,11.674650842844317,98.021,95.39425,36.206897727272725,46.969,38.952693181818184,47.369,1.819590909090909,2.355,0.5681818181818182,0.5227272727272727,0.4772727272727273,0.4090909090909091,0.4090909090909091,0.5790909090909091,63.195437500000004,70.040625,87.34741666666667,39.739,69.376,2.131,66.2,0.0,0.0,0.0,85,1,B,11,Sedan,1.0,Pass,NONE,,0.01667,39.739,2.131,0
VH-00087,73.68625,11.1056590249254,102.692,93.35635,36.43572727272727,51.21,38.834886363636365,46.291,1.7603863636363635,2.206,0.5227272727272727,0.5909090909090909,0.6136363636363636,0.4090909090909091,0.4090909090909091,0.5718181818181818,64.381125,72.8013125,87.27300000000001,40.142,66.294,2.206,70.153,0.0,0.0,0.0,86,1,B,12,SUV,1.08,Pass,NONE,,0.02476,40.142,2.206,0
VH-00088,72.38254545454545,11.841423114219795,101.934,95.95315000000001,36.74167045454545,52.064,38.82514772727273,46.689,1.7848977272727273,2.5,0.4772727272727273,0.5454545454545454,0.5227272727272727,0.4090909090909091,0.4090909090909091,0.5809090909090909,63.4369375,69.8520625,87.68400000000001,39.638,61.227,2.5,73.801,0.0,0.0,0.0,87,1,B,13,Sedan,1.0,Pass,NONE,,0.01953,39.638,2.5,0
VH-00089,73.46272727272728,12.239927550256091,101.974,96.23755,36.48552272727273,49.626,38.91460227272727,49.602,1.8314090909090908,2.354,0.5227272727272727,0.4772727272727273,0.5454545454545454,0.4090909090909091,0.4090909090909091,0.5790909090909091,65.2779375,69.415375,89.77225,40.436,63.11,1.907,72.397,0.0,0.0,0.0,88,1,B,14,SUV,1.08,Pass,NONE,,0.0275,40.436,1.907,0
VH-00090,71.95052272727273,12.18162171677623,100.272,97.6536,36.797284090909095,50.116,39.02402272727273,49.802,1.7924886363636363,2.499,0.6136363636363636,0.5454545454545454,0.6590909090909091,0.4090909090909091,0.4090909090909091,0.5754545454545454,62.7764375,70.0505,86.71600000000001,40.193,69.065,2.095,70.846,0.0,0.0,0.0,89,1,B,15,Compact,0.94,Pass,NONE,,0.01839,40.193,2.095,0
VH-00091,73.32256818181818,11.660661258918521,100.537,94.2243,36.21055681818182,50.726,39.030375,48.547,1.7633181818181818,2.241,0.5,0.5,0.6818181818181818,0.4090909090909091,0.4090909090909091,0.5772727272727273,64.4201875,71.2433125,87.96475,40.213,69.13,1.619,68.948,0.0,0.0,0.0,90,1,B,16,SUV,1.08,Pass,NONE,,0.02834,40.213,1.619,0
VH-00092,71.16213636363636,11.361226394640452,96.364,92.4402,36.45138636363636,53.08,38.99539772727273,50.512,1.806693181818182,2.494,0.4772727272727273,0.5227272727272727,0.5909090909090909,0.4090909090909091,0.4090909090909091,0.5772727272727273,61.9611875,69.59887499999999,85.51441666666666,40.073,59.969,2.246,71.497,0.0,0.0,0.0,91,1,B,17,Compact,0.94,Pass,NONE,,0.01908,40.073,2.146,0
VH-00093,72.15025,11.608007248657442,98.751,93.53975,36.14539772727273,49.498,39.093056818181815,48.039,1.8082840909090907,2.444,0.45454545454545453,0.5454545454545454,0.5681818181818182,0.4090909090909091,0.4090909090909091,0.5827272727272728,62.93625,70.1249375,87.13600000000001,38.884,63.733,2.072,72.459,0.0,0.0,0.0,92,1,B,18,Compact,0.94,Pass,NONE,,0.02186,38.884,2.072,0
VH-00094,72.23959090909091,12.385972317398311,98.648,93.1041,37.12059090909091,52.633,38.78131818181818,48.747,1.8052386363636364,2.642,0.5227272727272727,0.4318181818181818,0.6136363636363636,0.4090909090909091,0.4090909090909091,0.5790909090909091,62.031687500000004,70.1795625,88.59683333333334,39.086,60.072,1.9,73.84,0.0,0.0,0.0,93,1,B,19,Compact,0.94,Pass,NONE,,0.01839,39.086,1.9,0
VH-00095,72.3343409090909,11.61588661322548,96.362,95.44565,36.36304545454545,48.879,38.83657954545455,48.93,1.7851590909090909,2.241,0.5227272727272727,0.5454545454545454,0.6590909090909091,0.4090909090909091,0.4090909090909091,0.5772727272727273,63.557625,70.16375,86.93075,39.447,68.737,2.241,71.361,0.0,0.0,0.0,94,1,B,20,Sedan,1.0,Pass,NONE,,0.03706,39.447,2.241,0
VH-00096,72.00225,12.466280374590768,105.999,93.53365000000001,35.68844318181818,51.316,39.06990909090909,49.392,1.800693181818182,2.603,0.45454545454545453,0.5681818181818182,0.6136363636363636,0.4090909090909091,0.4090909090909091,0.5790909090909091,61.5724375,71.070375,87.15116666666667,40.212,66.027,2.001,72.056,0.0,0.0,0.0,95,1,B,21,Compact,0.94,Pass,NONE,,0.02235,40.212,2.001,0
VH-00097,72.53265909090909,11.85851689998057,98.641,94.88795,36.722874999999995,52.085,38.726693181818185,47.026,1.7862386363636362,2.29,0.45454545454545453,0.45454545454545453,0.5681818181818182,0.4090909090909091,0.4090909090909091,0.5827272727272728,63.369749999999996,69.8175625,88.37,39.924,69.251,2.07,70.687,0.0,0.0,0.0,96,1,B,22,Sedan,1.0,Fail,LOW_CONFIDENCE_MULTI_CAUSAL,ST-45,0.01957,39.924,2.07,1
VH-00098,72.00970454545455,11.489620560819525,98.895,93.7773,35.93305681818182,51.295,39.107943181818186,48.631,1.7868636363636363,2.4,0.5,0.4772727272727273,0.5681818181818182,0.4090909090909091,0.4090909090909091,0.5809090909090909,63.23025,69.3605625,87.24783333333333,40.703,63.38,2.4,70.688,0.0,0.0,0.0,97,1,B,23,Compact,0.94,Pass,NONE,,0.01799,40.703,2.4,0
VH-00099,72.78411363636364,11.514263591587342,99.627,93.46220000000001,35.923795454545456,50.84,39.03360227272727,48.29,1.7799090909090909,2.261,0.45454545454545453,0.5681818181818182,0.5681818181818182,0.4090909090909091,0.4090909090909091,0.5809090909090909,63.505125,71.322,87.10558333333334,38.838,65.64,2.118,69.477,0.0,0.0,0.0,98,1,B,24,SUV,1.08,Pass,NONE,,0.01954,38.838,2.118,0
VH-00100,72.67263636363636,11.744025069857338,100.017,95.07905000000001,36.458659090909094,52.329,38.86455681818182,47.53,1.7881363636363636,2.455,0.5454545454545454,0.5454545454545454,0.6136363636363636,0.4090909090909091,0.4090909090909091,0.5772727272727273,63.3985625,70.3725,88.10491666666667,39.511,66.191,2.194,66.063,0.0,0.0,0.0,99,1,B,25,Sedan,1.0,Pass,NONE,,0.02451,39.511,2.194,0
VH-00101,74.05747727272727,10.753315796877649,99.376,95.30730000000001,36.596875000000004,51.153,38.698170454545455,46.465,1.749284090909091,2.259,0.5681818181818182,0.5454545454545454,0.5454545454545454,0.4090909090909091,0.4090909090909091,0.5790909090909091,65.491875,72.7061875,87.27999999999999,38.672,68.252,2.086,73.141,0.0,0.0,0.0,100,1,B,26,Truck,1.14,Pass,NONE,,0.02903,38.672,2.086,0
VH-00102,72.52277272727272,11.136508207846166,95.696,92.3772,36.13272727272727,49.847,38.868238636363635,47.964,1.8010681818181817,2.513,0.5454545454545454,0.36363636363636365,0.6136363636363636,0.4090909090909091,0.4090909090909091,0.5790909090909091,63.3343125,71.378625,86.29958333333333,40.473,66.875,2.268,69.402,0.0,0.0,0.0,101,1,B,27,Sedan,1.0,Pass,NONE,,0.01995,40.473,2.268,0
VH-00103,73.11706818181818,11.614124823414292,99.331,94.70570000000001,36.846965909090905,50.686,38.96572727272727,48.855,1.8135795454545454,2.46,0.5454545454545454,0.5227272727272727,0.5909090909090909,0.4090909090909091,0.4090909090909091,0.5790909090909091,64.222,70.64756249999999,88.26983333333334,39.677,65.945,2.084,69.385,0.0,0.0,0.0,102,1,B,28,Compact,0.94,Pass,NONE,,0.01522,39.677,2.084,0
VH-00104,72.91793181818183,11.127014224552005,98.136,91.91855,36.73530681818182,53.777,38.861875000000005,47.066,1.7628295454545453,2.251,0.5227272727272727,0.5,0.5681818181818182,0.4090909090909091,0.4090909090909091,0.5809090909090909,63.1014375,72.49674999999999,86.56816666666667,40.011,64.478,2.251,70.046,0.0,0.0,0.0,103,1,B,29,Sedan,1.0,Pass,NONE,,0.02143,40.011,2.251,0
VH-00105,71.76838636363637,11.444374418201972,101.305,91.93925,36.38886363636363,49.392,39.22393181818182,49.011,1.7925795454545457,2.338,0.5454545454545454,0.5681818181818182,0.5681818181818182,0.4090909090909091,0.4090909090909091,0.5736363636363636,62.38175,70.77475,85.60875,40.209,65.497,2.338,67.692,0.0,0.0,0.0,104,1,B,30,Compact,0.94,Pass,NONE,,0.01612,40.209,2.338,0
VH-00106,72.5485909090909,11.788300935462741,99.018,95.6374,36.319874999999996,50.258,38.959306818181815,48.444,1.7754318181818183,2.389,0.5909090909090909,0.5,0.5454545454545454,0.4090909090909091,0.4090909090909091,0.5809090909090909,62.933625,70.8794375,87.59408333333333,41.298,67.296,2.122,70.633,0.0,0.0,0.0,105,1,B,31,Sedan,1.0,Pass,NONE,,0.01994,41.298,2.122,0
VH-00107,72.43065909090909,11.973837279947462,103.116,96.34385,37.08764772727273,54.194,39.127613636363634,48.245,1.7322954545454545,2.397,0.45454545454545453,0.5227272727272727,0.4772727272727273,0.4090909090909091,0.4090909090909091,0.5863636363636364,63.79325,69.6679375,87.63083333333333,41.167,65.632,2.01,72.936,0.0,0.0,0.0,106,1,B,32,Sedan,1.0,Pass,NONE,,0.02364,41.167,2.01,0
VH-00108,73.13315909090909,10.944028546863656,96.985,95.14715,36.17373863636363,49.397,38.94323863636364,49.021,1.8014772727272728,2.646,0.5227272727272727,0.4318181818181818,0.5454545454545454,0.4090909090909091,0.4090909090909091,0.5827272727272728,64.281,70.940375,87.85975,40.775,67.516,2.198,68.21,0.0,0.0,0.0,107,1,B,33,SUV,1.08,Pass,NONE,,0.02318,40.775,2.198,0
VH-00109,72.98368181818182,12.437320214940359,102.933,96.53015,36.90105681818182,51.362,38.99217045454546,48.413,1.779806818181818,2.145,0.5,0.5454545454545454,0.5454545454545454,0.4090909090909091,0.4090909090909091,0.5827272727272728,63.7238125,70.1399375,89.12183333333333,40.482,62.211,1.922,73.992,0.0,0.0,0.0,108,1,B,34,SUV,1.08,Pass,NONE,,0.03138,40.482,1.922,0
VH-00110,73.33429545454545,12.024718001005258,99.51,95.6456,36.98878409090909,49.926,38.93378409090909,47.142,1.7602954545454546,2.418,0.45454545454545453,0.5,0.5909090909090909,0.4090909090909091,0.4090909090909091,0.5809090909090909,63.8868125,71.203875,88.7715,42.008,59.291,2.418,69.986,0.008000000000002672,0.0,0.0,109,1,B,35,SUV,1.08,Pass,NONE,,0.02939,42.008,2.418,0
VH-00111,73.358,11.23086828426923,102.214,93.4699,36.55930681818182,56.058,39.045125,48.753,1.816681818181818,2.779,0.5227272727272727,0.5909090909090909,0.6818181818181818,0.4090909090909091,0.4090909090909091,0.5736363636363636,65.1790625,70.93375,87.49558333333333,39.661,67.012,2.108,78.572,0.0,0.0,0.0,110,1,B,36,Truck,1.14,Pass,NONE,,0.02854,39.661,2.108,0
VH-00112,72.33263636363637,12.542768327070137,98.972,95.98545,36.34703409090909,50.01,38.87642045454545,48.421,1.815568181818182,2.491,0.5454545454545454,0.4772727272727273,0.5227272727272727,0.4090909090909091,0.4090909090909091,0.5827272727272728,63.0515625,69.5665,88.39558333333333,39.7,63.209,2.135,72.975,0.0,0.0,0.0,111,1,B,37,Sedan,1.0,Pass,NONE,,0.02941,39.7,2.135,0
VH-00113,72.9015,11.80092885879042,97.967,96.591,37.15139772727272,54.306,38.99763636363636,46.769,1.8092159090909092,2.463,0.4772727272727273,0.5454545454545454,0.5681818181818182,0.4090909090909091,0.4090909090909091,0.5790909090909091,63.5478125,70.7400625,88.255,41.321,65.968,2.463,67.865,0.0,0.0,0.0,112,1,B,38,SUV,1.08,Pass,NONE,,0.02749,41.321,2.463,0
VH-00114,73.26961363636363,11.561344623287303,97.373,96.31365000000001,36.10328409090909,50.143,38.958670454545455,47.919,1.789568181818182,2.304,0.4772727272727273,0.4772727272727273,0.5909090909090909,0.4090909090909091,0.4090909090909091,0.5809090909090909,63.8200625,71.3224375,88.46525000000001,40.798,61.323,2.094,71.061,0.0,0.0,0.0,113,1,B,39,Sedan,1.0,Pass,NONE,,0.02012,40.798,2.094,0
VH-00115,73.06854545454546,11.928867006872583,99.2,93.129,36.305443181818184,53.508,38.896829545454544,48.699,1.8117954545454544,2.372,0.4772727272727273,0.4090909090909091,0.5909090909090909,0.4090909090909091,0.4090909090909091,0.5809090909090909,63.08325,71.342625,88.6835,40.384,66.795,2.372,69.774,0.0,0.0,0.0,114,1,B,40,Compact,0.94,Fail,LOW_CONFIDENCE_MULTI_CAUSAL,ST-45,0.01901,40.384,2.372,1
VH-00116,72.51352272727273,11.537358277470947,100.044,92.74845,36.46492045454546,51.095,38.79543181818182,46.291,1.771068181818182,2.119,0.4772727272727273,0.5681818181818182,0.5909090909090909,0.4090909090909091,0.4090909090909091,0.5772727272727273,63.3335,70.59625,87.30991666666667,41.143,63.495,2.083,69.919,0.0,0.0,0.0,115,1,B,41,Compact,0.94,Pass,NONE,,0.01903,41.143,2.083,0
VH-00117,72.0908409090909,11.692479874913804,98.482,95.05460000000001,35.96940909090909,47.594,38.83523863636364,48.93,1.7451136363636364,2.396,0.5454545454545454,0.5454545454545454,0.5681818181818182,0.4090909090909091,0.4090909090909091,0.5790909090909091,62.50975,71.349625,85.85391666666668,39.522,61.654,2.116,68.274,0.0,0.0,0.0,116,1,B,42,Compact,0.94,Pass,NONE,,0.01905,39.522,2.116,0
VH-00118,72.90577272727273,11.491757519082032,97.642,95.32195000000002,36.227534090909096,49.797,39.08104545454545,49.0,1.8109545454545455,2.489,0.4318181818181818,0.4772727272727273,0.5681818181818182,0.4090909090909091,0.4090909090909091,0.5827272727272728,63.647,71.237125,87.47566666666667,39.237,67.052,1.738,67.608,0.0,0.0,0.0,117,1,B,43,Sedan,1.0,Pass,NONE,,0.01918,39.237,1.738,0
VH-00119,72.91902272727272,11.182466301351718,100.299,94.0215,36.20884090909091,50.114,38.91219318181818,47.681,1.8065113636363639,2.363,0.45454545454545453,0.4772727272727273,0.6590909090909091,0.4090909090909091,0.4090909090909091,0.5754545454545454,63.365375,71.626125,87.38108333333334,39.531,62.079,2.087,68.322,0.0,0.0,0.0,118,1,B,44,SUV,1.08,Pass,NONE,,0.02685,39.531,2.087,0
VH-00120,72.44556818181819,12.0276986632846,102.626,95.73620000000001,35.98105681818182,49.801,38.90510227272727,47.472,1.7756136363636363,2.407,0.5,0.5909090909090909,0.5681818181818182,0.4090909090909091,0.4090909090909091,0.5754545454545454,63.1795,70.16793750000001,87.83716666666668,40.701,63.077,1.844,74.671,0.0,0.0,0.0,119,1,B,45,Sedan,1.0,Pass,NONE,,0.02205,40.701,1.844,0
VH-00121,72.55081818181817,12.032242825343648,102.747,95.18390000000001,36.51354545454546,55.097,38.72386363636364,46.857,1.7843636363636364,2.303,0.5681818181818182,0.5454545454545454,0.5227272727272727,0.4090909090909091,0.4090909090909091,0.5772727272727273,62.460375,71.4181875,87.51491666666668,39.523,61.128,2.148,72.019,0.0,0.0,0.0,120,1,B,46,Sedan,1.0,Pass,NONE,,0.01832,39.523,2.148,0
VH-00122,73.34393181818182,11.258699700619587,101.03,92.21325,36.503420454545456,53.103,38.95407954545454,48.053,1.8247272727272728,2.497,0.5,0.5454545454545454,0.6363636363636364,0.4090909090909091,0.4090909090909091,0.5754545454545454,64.4525625,70.9941875,88.33208333333333,40.685,65.209,2.051,75.975,0.0,0.0,0.0,121,1,B,47,SUV,1.08,Pass,NONE,,0.03421,40.685,2.051,0
VH-00123,72.37243181818182,12.18497575914934,97.081,93.39045,36.20921590909091,49.636,38.78936363636364,46.291,1.7912386363636363,2.243,0.4772727272727273,0.5227272727272727,0.6136363636363636,0.4090909090909091,0.4090909090909091,0.5754545454545454,63.3610625,70.0321875,87.50791666666667,40.898,66.786,1.971,73.516,0.0,0.0,0.0,122,1,B,48,Compact,0.94,Pass,NONE,,0.02023,40.898,1.971,0
VH-00124,71.85677272727273,12.033849261153684,98.269,95.4264,36.16735227272727,48.517,38.94177272727273,48.742,1.816284090909091,2.405,0.5227272727272727,0.6136363636363636,0.6136363636363636,0.4090909090909091,0.4090909090909091,0.5772727272727273,62.3625625,69.9495,87.05874999999999,40.863,66.478,1.95,67.342,0.0,0.0,0.0,123,1,B,49,Compact,0.94,Pass,NONE,,0.0238,40.863,1.95,0
VH-00125,72.25606818181818,11.396241823202843,99.274,93.44595000000001,36.50668181818182,54.974,39.06992045454546,47.683,1.8207045454545456,2.301,0.4772727272727273,0.5681818181818182,0.5454545454545454,0.4090909090909091,0.4090909090909091,0.5809090909090909,63.387625,70.1029375,86.95150000000001,39.125,64.252,1.898,72.674,0.0,0.0,0.0,124,1,B,50,Compact,0.94,Pass,NONE,,0.02188,39.125,1.898,0
VH-00126,72.95788636363636,12.1403872878263,101.849,98.3222,36.834909090909086,50.118,38.95817045454545,47.181,1.8424772727272727,2.579,0.4772727272727273,0.5681818181818182,0.6590909090909091,0.4090909090909091,0.4090909090909091,0.5772727272727273,64.251,70.101,88.37624999999998,39.02,70.851,2.17,68.966,0.0,0.0,0.0,125,1,B,51,SUV,1.08,Pass,NONE,,0.02985,39.02,2.17,0
VH-00127,72.5939090909091,11.4463523138976,101.183,92.6198,36.156465909090905,52.596,38.73557954545455,48.374,1.7793750000000002,2.535,0.5681818181818182,0.5,0.5454545454545454,0.4090909090909091,0.4090909090909091,0.5772727272727273,64.0325625,70.143875,87.27575,39.743,65.275,2.145,73.712,0.0,0.0,0.0,126,1,B,52,SUV,1.08,Pass,NONE,,0.02375,39.743,2.145,0
VH-00128,71.74322727272728,12.283781439718544,99.88,95.5412,36.175636363636364,47.971,38.87742045454546,47.146,1.8174886363636362,2.503,0.5454545454545454,0.5909090909090909,0.6363636363636364,0.4090909090909091,0.4090909090909091,0.5754545454545454,61.58325,70.003125,87.61,40.924,64.36,2.503,66.165,0.0,0.0,0.0,127,1,B,53,Compact,0.94,Pass,NONE,,0.01483,40.924,2.503,0
VH-00129,71.84893181818182,12.044102782376632,100.564,93.94930000000001,36.013011363636366,48.822,38.78525,48.23,1.8235227272727272,2.484,0.5,0.4318181818181818,0.5909090909090909,0.4090909090909091,0.4090909090909091,0.5845454545454545,61.940125,70.0128125,87.50883333333333,40.245,67.569,2.087,69.333,0.0,0.0,0.0,128,1,B,54,Compact,0.94,Pass,NONE,,0.02042,40.245,2.087,0
VH-00130,71.84531818181819,11.462367616892154,99.242,91.41844999999999,36.994761363636364,54.514,38.960136363636366,47.97,1.8333181818181818,2.365,0.5227272727272727,0.4772727272727273,0.6136363636363636,0.4090909090909091,0.4090909090909091,0.5772727272727273,62.9160625,69.3884375,87.02683333333334,41.088,66.171,2.354,70.582,0.0,0.0,0.0,129,1,B,55,Compact,0.94,Pass,NONE,,0.01451,41.088,2.354,0
VH-00131,72.65277272727272,11.823374015480377,99.116,92.4955,36.223772727272724,52.779,39.08661363636364,48.423,1.8085568181818181,2.542,0.5454545454545454,0.5454545454545454,0.6363636363636364,0.4090909090909091,0.4090909090909091,0.5736363636363636,63.187687499999996,71.1469375,87.28066666666666,40.534,59.775,2.159,74.757,0.0,0.0,0.0,130,1,B,56,Sedan,1.0,Pass,NONE,,0.02208,40.534,2.159,0
VH-00132,72.59006818181818,11.973538777475456,97.975,93.7768,36.42084090909091,52.682,38.819840909090914,46.854,1.827034090909091,2.441,0.4772727272727273,0.4772727272727273,0.5909090909090909,0.4090909090909091,0.4090909090909091,0.5809090909090909,62.7873125,70.596625,88.31833333333333,40.532,65.659,2.353,67.865,0.0,0.0,0.0,131,1,B,57,Sedan,1.0,Pass,NONE,,0.02078,40.532,2.353,0
VH-00133,72.59756818181819,11.319606966629363,98.922,93.24085000000001,36.313306818181815,51.707,38.926522727272726,46.752,1.797909090909091,2.265,0.5,0.5681818181818182,0.5909090909090909,0.4090909090909091,0.4090909090909091,0.5772727272727273,63.9859375,70.04050000000001,87.48916666666666,38.869,61.685,2.246,74.939,0.0,0.0,0.0,132,1,B,58,Sedan,1.0,Pass,NONE,,0.03057,38.869,2.382,0
VH-00134,72.50645454545455,12.064455701355897,101.243,96.20960000000001,35.78792045454546,48.751,39.14036363636364,49.076,1.8226022727272728,2.362,0.4772727272727273,0.45454545454545453,0.5454545454545454,0.4090909090909091,0.4090909090909091,0.5809090909090909,62.627,71.0239375,87.65575,39.639,59.666,2.164,73.663,0.0,0.0,0.0,133,1,B,59,SUV,1.08,Pass,NONE,,0.01469,39.639,2.164,0
VH-00135,72.04065909090909,11.434426333609947,95.848,94.0888,36.78884090909091,52.186,38.763318181818185,47.802,1.8018863636363636,2.427,0.5,0.6590909090909091,0.5681818181818182,0.4090909090909091,0.4090909090909091,0.5736363636363636,62.3723125,70.945,86.39266666666667,39.998,63.626,2.069,67.69,0.0,0.0,0.0,134,1,B,60,Compact,0.94,Pass,NONE,,0.0239,39.998,2.069,0
VH-00136,71.3499090909091,12.24800550980801,100.133,96.02275,36.64611363636364,52.059,38.91078409090909,46.291,1.797806818181818,2.572,0.4772727272727273,0.5681818181818182,0.5909090909090909,0.4090909090909091,0.4090909090909091,0.5772727272727273,61.9174375,69.234625,86.74691666666666,41.762,64.436,2.262,69.829,0.0,0.0,0.0,135,1,B,61,Compact,0.94,Pass,NONE,,0.01882,41.762,2.262,0
VH-00137,71.82415909090909,11.894363638692504,99.375,95.9893,35.891943181818185,49.768,38.884125,49.053,1.8725340909090908,2.777,0.4772727272727273,0.5454545454545454,0.5681818181818182,0.4090909090909091,0.4090909090909091,0.5790909090909091,63.030375,69.2300625,87.008,40.704,64.812,2.127,69.584,0.0,0.0,0.0,136,1,B,62,Sedan,1.0,Pass,NONE,,0.02936,40.704,2.127,0
VH-00138,72.12625,11.795955012502244,100.698,93.82555,36.26096590909091,51.026,39.246465909090915,49.132,1.8170454545454546,2.544,0.5681818181818182,0.5909090909090909,0.5909090909090909,0.4090909090909091,0.4090909090909091,0.5754545454545454,63.07725,69.6040625,87.5545,40.869,62.897,2.431,71.271,0.0,0.0,0.0,137,1,B,63,Sedan,1.0,Pass,NONE,,0.02314,40.869,2.431,0
VH-00139,71.71095454545456,12.437124931270306,101.04,97.14175,35.80377272727273,47.913,39.03252272727273,49.922,1.758875,2.222,0.4772727272727273,0.5227272727272727,0.6590909090909091,0.4090909090909091,0.4090909090909091,0.5754545454545454,62.533,69.5293125,86.85708333333334,40.911,62.091,1.92,73.506,0.0,0.0,0.0,138,1,B,64,Compact,0.94,Pass,NONE,,0.02762,40.911,1.92,0
VH-00140,72.37052272727273,11.912365060098386,98.576,95.06495000000001,36.47301136363637,50.013,38.749204545454546,48.68,1.8165227272727271,2.906,0.5,0.45454545454545453,0.6136363636363636,0.4090909090909091,0.4090909090909091,0.5790909090909091,62.9795,70.160375,87.83875,40.592,64.113,2.038,70.407,0.0,0.0,0.0,139,1,B,65,Compact,0.94,Pass,NONE,,0.02175,40.592,2.038,0
VH-00141,73.02395454545454,12.086237314255017,98.713,96.62740000000001,36.490795454545456,49.578,38.833659090909094,47.327,1.8169772727272728,2.95,0.4318181818181818,0.6590909090909091,0.5454545454545454,0.4090909090909091,0.4090909090909091,0.5736363636363636,63.9186875,70.4078125,88.65249999999999,39.197,64.836,1.911,73.116,0.0,0.0,0.0,140,1,B,66,SUV,1.08,Pass,NONE,,0.02507,39.197,1.911,0
VH-00142,73.11404545454546,11.330528598590062,98.301,94.25405,36.32609090909091,46.228,38.720420454545454,48.476,1.80425,2.258,0.5227272727272727,0.5454545454545454,0.6136363636363636,0.4090909090909091,0.4090909090909091,0.5754545454545454,63.9978125,71.5734375,87.32316666666667,39.587,67.684,2.258,73.353,0.0,0.0,0.0,141,1,B,67,SUV,1.08,Pass,NONE,,0.02381,39.587,2.258,0
VH-00143,72.47015909090909,12.168737768605181,102.552,94.4697,36.43244318181818,50.231,38.92277272727273,47.311,1.7973977272727273,2.147,0.45454545454545453,0.5454545454545454,0.6136363636363636,0.4090909090909091,0.4090909090909091,0.5790909090909091,62.593375,70.407375,88.38958333333333,38.9,60.802,2.003,70.638,0.0,0.0,0.0,142,1,B,68,Sedan,1.0,Pass,NONE,,0.02202,38.9,2.003,0
VH-00144,72.48075,12.434306262850859,101.201,92.98935,36.99119318181818,49.89,38.94468181818182,46.559,1.8101931818181818,2.446,0.5,0.5681818181818182,0.5454545454545454,0.4090909090909091,0.4090909090909091,0.5809090909090909,62.3748125,70.99775,87.93266666666666,40.362,66.919,1.851,70.85,0.0,0.0,0.0,143,1,B,69,Compact,0.94,Pass,NONE,,0.01882,40.362,1.851,0
VH-00145,72.09640909090909,11.990111552360762,99.847,94.36675,36.63045454545455,51.073,38.96297727272727,47.395,1.8126363636363636,2.334,0.5,0.5454545454545454,0.5,0.4090909090909091,0.4090909090909091,0.5790909090909091,62.920500000000004,69.998875,87.12766666666666,40.408,60.724,2.163,71.161,0.0,0.0,0.0,144,1,B,70,Sedan,1.0,Pass,NONE,,0.02746,40.408,2.163,0
VH-00146,74.10122727272727,10.99873034292814,99.795,93.91895,36.72832954545454,53.075,38.63193181818182,46.291,1.8110681818181817,2.42,0.5681818181818182,0.5909090909090909,0.6136363636363636,0.4090909090909091,0.4090909090909091,0.5718181818181818,65.2476875,72.5804375,87.93366666666667,40.309,68.255,1.891,73.26,0.0,0.0,0.0,145,1,B,71,Truck,1.14,Pass,NONE,,0.02905,40.309,1.891,0
VH-00147,72.06434090909092,12.25767574603896,106.5,92.49170000000001,36.934363636363635,50.439,38.75546590909091,46.291,1.810465909090909,2.685,0.45454545454545453,0.6136363636363636,0.6363636363636364,0.4090909090909091,0.4090909090909091,0.5754545454545454,62.3586875,69.5260625,88.38958333333333,40.128,67.316,2.425,71.365,0.0,0.0,0.0,146,1,B,72,Compact,0.94,Pass,NONE,,0.02254,40.128,2.425,0
VH-00148,71.94165909090908,11.829401166197957,100.661,94.5722,36.638920454545456,53.578,38.725125,46.291,1.8222386363636363,2.529,0.5454545454545454,0.6590909090909091,0.5681818181818182,0.4090909090909091,0.4090909090909091,0.5736363636363636,62.3966875,70.44675,86.6615,39.926,65.894,2.022,71.175,0.0,0.0,0.0,147,1,B,73,Compact,0.94,Pass,NONE,,0.02276,39.926,2.022,0
VH-00149,73.99572727272727,12.06298347986592,97.189,95.52695,36.29771590909091,46.966,39.157863636363636,48.896,1.788693181818182,2.241,0.5681818181818182,0.5454545454545454,0.5681818181818182,0.4090909090909091,0.4090909090909091,0.5754545454545454,64.3359375,71.7225,89.90641666666666,42.545,62.379,2.141,77.198,0.5450000000000017,0.0,0.0,148,1,B,74,Truck,1.14,Pass,NONE,,0.0316,42.545,2.141,0
VH-00150,72.94072727272727,11.57227554427941,106.003,94.5521,35.892875,50.857,38.85094318181819,47.12,1.8117386363636363,2.378,0.5,0.6363636363636364,0.6363636363636364,0.4090909090909091,0.4090909090909091,0.5754545454545454,63.76725,70.7315625,88.11758333333334,40.001,63.388,2.281,71.025,0.0,0.0,0.0,149,1,B,75,SUV,1.08,Pass,NONE,,0.02491,40.001,2.281,0
VH-00151,72.46288636363637,12.350003683675025,101.755,97.5999,36.30947727272727,50.603,38.89530681818182,48.668,1.7935568181818182,2.485,0.5,0.5681818181818182,0.6363636363636364,0.4090909090909091,0.4090909090909091,0.5754545454545454,63.601375000000004,68.2746875,89.8625,38.857,69.142,1.938,64.501,0.0,0.0,0.0,150,2,A,1,Sedan,1.0,Pass,NONE,,0.01915,38.857,1.938,0
VH-00152,72.48768181818183,11.957570245475276,101.93,93.2501,36.396204545454545,49.362,38.82371590909091,48.665,1.7764772727272728,2.588,0.5454545454545454,0.5227272727272727,0.6363636363636364,0.4090909090909091,0.4090909090909091,0.5754545454545454,62.676500000000004,71.150375,87.35233333333333,40.07,64.447,2.472,72.103,0.0,0.0,0.0,151,2,A,2,Compact,0.94,Pass,NONE,,0.01622,40.07,2.472,0
VH-00153,72.62831818181819,12.075299042515399,99.972,95.4965,35.84215909090909,48.69,38.957556818181814,48.58,1.846840909090909,2.727,0.4772727272727273,0.4772727272727273,0.5454545454545454,0.4090909090909091,0.4090909090909091,0.5809090909090909,63.6968125,69.893125,88.18391666666666,39.3,65.307,2.241,73.683,0.0,0.0,0.0,152,2,A,3,Sedan,1.0,Pass,NONE,,0.02033,39.3,2.241,0
VH-00154,71.83934090909091,11.980024305878947,100.403,92.4734,36.416000000000004,50.573,38.75561363636364,46.541,1.764159090909091,2.156,0.5454545454545454,0.5681818181818182,0.5454545454545454,0.4090909090909091,0.4090909090909091,0.5790909090909091,63.045,69.436,86.76958333333333,38.915,65.934,1.995,71.683,0.0,0.0,0.0,153,2,A,4,Compact,0.94,Pass,NONE,,0.0186,38.915,1.995,0
VH-00155,71.78247727272728,11.842372357175021,99.558,96.12080000000002,36.20470454545455,51.215,38.99464772727273,47.805,1.8046704545454546,2.418,0.4772727272727273,0.5681818181818182,0.6818181818181818,0.4090909090909091,0.4090909090909091,0.5772727272727273,62.8884375,69.3248125,86.91808333333334,39.835,65.98,2.039,73.61,0.0,0.0,0.0,154,2,A,5,Compact,0.94,Pass,NONE,,0.01952,39.835,2.039,0
VH-00156,72.92936363636363,11.875041493373596,103.225,96.33865,36.20893181818182,47.853,39.07488636363637,48.762,1.7674431818181817,2.459,0.5227272727272727,0.5454545454545454,0.4772727272727273,0.4090909090909091,0.4090909090909091,0.5827272727272728,64.5985,69.755875,88.2685,39.0,69.557,2.184,73.854,0.0,0.0,0.0,155,2,A,6,SUV,1.08,Pass,NONE,,0.02223,39.0,2.184,0
VH-00157,72.8605,11.797752311548637,102.734,96.31515,36.61318181818182,52.747,38.89734090909091,48.585,1.7809772727272728,2.321,0.5227272727272727,0.5227272727272727,0.5227272727272727,0.4090909090909091,0.4090909090909091,0.5790909090909091,63.7483125,70.21775,88.53375,39.217,64.291,1.907,72.977,0.0,0.0,0.0,156,2,A,7,SUV,1.08,Pass,NONE,,0.02835,39.217,1.907,0
VH-00158,72.88109090909091,12.346432769471445,99.795,96.98085,36.516920454545456,50.353,38.71973863636364,48.016,1.785375,2.402,0.5,0.4772727272727273,0.5454545454545454,0.4090909090909091,0.4090909090909091,0.5845454545454545,63.723625,70.714375,87.98,40.427499999999995,64.17,1.943,74.652,0.0,0.0,0.0,157,2,A,8,SUV,1.08,Pass,NONE,,0.02752,39.044,1.943,0
VH-00159,72.02397727272727,12.165881431259784,101.246,95.02125000000001,37.04539772727273,51.933,38.96664772727273,48.938,1.7881477272727273,2.607,0.5,0.5227272727272727,0.5909090909090909,0.4090909090909091,0.4090909090909091,0.5772727272727273,62.6269375,69.1374375,88.40208333333334,40.559,66.568,1.93,69.061,0.0,0.0,0.0,158,2,A,9,Compact,0.94,Pass,NONE,,0.02483,40.559,1.93,0
VH-00160,72.88752272727272,12.143740302491448,102.99,94.82005,36.664488636363636,50.609,38.847545454545454,48.001,1.8215000000000001,2.267,0.5,0.38636363636363635,0.6590909090909091,0.4090909090909091,0.4090909090909091,0.5772727272727273,63.3884375,71.2554375,87.72908333333334,39.576,69.085,2.246,69.26,0.0,0.0,0.0,159,2,A,10,SUV,1.08,Pass,NONE,,0.02229,39.576,1.923,0
VH-00161,73.21768181818182,12.088636325987617,99.305,97.18385,36.288125,51.323,38.845454545454544,49.4,1.7987727272727272,2.433,0.5,0.5454545454545454,0.6590909090909091,0.4090909090909091,0.4090909090909091,0.5790909090909091,63.484187500000004,71.8173125,88.06283333333333,38.953,62.073,2.189,67.046,0.0,0.0,0.0,160,2,A,11,SUV,1.08,Pass,NONE,,0.02363,38.953,2.189,0
VH-00162,72.86738636363636,11.982812270790987,102.057,94.1162,36.34468181818182,51.515,38.768193181818184,47.537,1.796534090909091,2.551,0.5681818181818182,0.5,0.5227272727272727,0.4090909090909091,0.4090909090909091,0.5790909090909091,63.1058125,70.77556249999999,88.67191666666668,38.662,65.828,2.401,72.076,0.0,0.0,0.0,161,2,A,12,SUV,1.08,Pass,NONE,,0.02679,38.662,2.401,0
VH-00163,72.31725,11.858829875068365,98.445,95.708,35.86428409090909,46.957,39.098181818181814,48.966,1.808147727272727,2.375,0.5454545454545454,0.5,0.6136363636363636,0.4090909090909091,0.4090909090909091,0.5790909090909091,62.8690625,70.59375,87.21283333333334,38.667,69.105,1.918,70.261,0.0,0.0,0.0,162,2,A,13,Sedan,1.0,Pass,NONE,,0.02267,38.667,1.918,0
VH-00164,72.72002272727273,11.8207552241487,105.159,93.9345,36.172886363636366,53.73,38.95973863636363,50.174,1.7752613636363639,2.239,0.5227272727272727,0.5681818181818182,0.6590909090909091,0.4090909090909091,0.4090909090909091,0.5772727272727273,62.9768125,71.176625,87.76883333333332,39.335,58.614,1.876,73.202,0.0,0.0,0.0,163,2,A,14,SUV,1.08,Pass,NONE,,0.02737,39.335,1.876,0
VH-00165,72.48502272727272,11.406013510809714,102.09,90.04955,36.80352272727273,51.767,38.92718181818182,49.276,1.8225795454545455,2.514,0.5227272727272727,0.45454545454545453,0.5909090909090909,0.4090909090909091,0.4090909090909091,0.5772727272727273,63.5075,70.997,86.43908333333333,41.975,66.146,2.172,71.321,0.0,0.0,0.0,164,2,A,15,Sedan,1.0,Pass,NONE,,0.02216,41.975,2.172,0
VH-00166,71.92072727272728,12.529260516354535,100.935,95.68155000000002,36.54396590909091,50.786,38.86909090909091,48.373,1.8070454545454546,2.466,0.4772727272727273,0.5454545454545454,0.5681818181818182,0.4090909090909091,0.4090909090909091,0.5809090909090909,62.638625,69.1506875,87.99025,40.046,60.14,1.829,69.833,0.0,0.0,0.0,165,2,A,16,Sedan,1.0,Pass,NONE,,0.02782,40.046,1.829,0
VH-00167,72.75415909090908,11.686141430439775,99.893,95.16760000000001,36.50396590909091,50.791,39.094272727272724,48.734,1.8152045454545453,2.284,0.5,0.5,0.6590909090909091,0.4090909090909091,0.4090909090909091,0.5772727272727273,62.9805625,70.82843749999999,88.35325,39.385,65.523,2.284,72.177,0.0,0.0,0.0,166,2,A,17,Sedan,1.0,Pass,NONE,,0.01724,39.385,2.284,0
VH-00168,72.09918181818182,11.886496871372579,101.324,94.68295,36.75201136363636,50.693,38.91259090909091,48.426,1.8161363636363637,2.43,0.5681818181818182,0.5681818181818182,0.6136363636363636,0.4090909090909091,0.4090909090909091,0.5736363636363636,63.8556875,68.40325,88.01841666666667,39.876,68.919,2.43,68.321,0.0,0.0,0.0,167,2,A,18,Compact,0.94,Pass,NONE,,0.01972,39.876,2.43,0
VH-00169,73.36793181818182,12.633335994268512,102.62,96.54205,36.184011363636365,48.821,38.66439772727273,47.163,1.811625,2.604,0.5454545454545454,0.4772727272727273,0.5454545454545454,0.4090909090909091,0.4090909090909091,0.5809090909090909,63.5235625,70.9444375,89.72508333333333,39.113,66.986,2.106,75.247,0.0,0.0,0.0,168,2,A,19,Truck,1.14,Pass,NONE,,0.03094,39.113,2.106,0
VH-00170,71.80497727272727,11.280360779915366,96.058,92.9618,36.44078409090909,53.058,38.87985227272728,46.933,1.8131363636363638,2.699,0.5227272727272727,0.5227272727272727,0.5454545454545454,0.4090909090909091,0.4090909090909091,0.5772727272727273,63.2269375,69.10775,86.83866666666667,40.332,66.284,2.368,67.671,0.0,0.0,0.0,169,2,A,20,Compact,0.94,Pass,NONE,,0.02234,40.332,2.368,0
VH-00171,72.36574999999999,11.559525809307505,98.523,93.4447,36.30170454545455,51.639,39.136545454545455,48.387,1.8116704545454545,2.661,0.5227272727272727,0.4772727272727273,0.6136363636363636,0.4090909090909091,0.4090909090909091,0.5754545454545454,62.891,70.785375,87.10591666666666,39.605,61.706,2.224,66.309,0.0,0.0,0.0,170,2,A,21,Sedan,1.0,Pass,NONE,,0.01931,39.605,2.224,0
VH-00172,73.14999999999999,12.485315752589536,104.531,97.90475,36.304193181818185,51.307,39.11514772727273,48.063,1.7852840909090908,2.332,0.5,0.5454545454545454,0.6363636363636364,0.4090909090909091,0.4090909090909091,0.5772727272727273,63.680875,71.3409375,88.18758333333334,37.885,65.072,2.004,80.865,0.0,0.0,0.0,171,2,A,22,SUV,1.08,Pass,NONE,,0.0279,37.885,2.004,0
VH-00173,72.85138636363637,11.727492297649894,102.545,94.51695000000001,35.924443181818184,48.265,38.836125,46.318,1.81775,2.261,0.5909090909090909,0.5454545454545454,0.6363636363636364,0.4090909090909091,0.4090909090909091,0.5718181818181818,63.2846875,71.4115,87.52683333333334,38.85,64.522,2.052,72.55,0.0,0.0,0.0,172,2,A,23,SUV,1.08,Pass,NONE,,0.02049,38.85,2.052,0
VH-00174,73.73086363636364,11.663368510178708,97.601,95.21499999999999,36.656352272727275,51.637,38.92370454545455,46.215,1.796125,2.438,0.4318181818181818,0.5681818181818182,0.6136363636363636,0.4090909090909091,0.4090909090909091,0.5772727272727273,64.387625,71.9224375,88.59974999999999,40.78,74.125,1.667,72.877,0.0,0.0,0.0,173,2,A,24,Truck,1.14,Fail,LOW_CONFIDENCE_MULTI_CAUSAL,ST-45,0.02926,40.78,1.667,1
VH-00175,73.36638636363637,11.805916985584282,99.007,96.13815,36.08443181818182,47.015,38.77675,47.957,1.7740909090909092,2.289,0.5909090909090909,0.5227272727272727,0.5227272727272727,0.4090909090909091,0.4090909090909091,0.5790909090909091,63.9261875,71.2169375,88.81925000000001,38.582,66.031,2.164,72.672,0.0,0.0,0.0,174,2,A,25,SUV,1.08,Pass,NONE,,0.0269,38.582,2.164,0
VH-00176,71.77443181818181,13.178847480042398,102.881,98.24095,36.31219318181818,54.169,39.086068181818185,47.184,1.8067954545454545,2.308,0.5,0.5,0.5909090909090909,0.4090909090909091,0.4090909090909091,0.5772727272727273,61.501125,69.435875,88.59025000000001,39.643,65.358,1.718,70.147,0.0,0.0,0.0,175,2,A,26,Compact,0.94,Pass,NONE,,0.0246,39.643,1.718,0
VH-00177,72.2219090909091,12.299361871928959,98.141,95.2924,36.964977272727275,53.616,38.723113636363635,47.527,1.7763295454545456,2.427,0.5,0.5681818181818182,0.5681818181818182,0.4090909090909091,0.4090909090909091,0.5772727272727273,63.0459375,69.09425,88.62675,40.777,63.985,1.976,73.24,0.0,0.0,0.0,176,2,A,27,Compact,0.94,Pass,NONE,,0.02386,40.777,1.976,0
VH-00178,73.66702272727272,11.472888710850661,99.002,95.35565,35.93426136363637,50.789,38.98982954545455,48.682,1.8000681818181818,2.479,0.5681818181818182,0.5,0.7272727272727273,0.4090909090909091,0.4090909090909091,0.5736363636363636,64.919625,71.2818125,88.5105,39.423,66.356,2.021,71.19,0.0,0.0,0.0,177,2,A,28,Truck,1.14,Pass,NONE,,0.03127,39.423,2.021,0
VH-00179,72.99172727272727,11.572398011555059,100.228,96.0274,35.75921590909091,50.438,38.78070454545455,46.944,1.8036818181818182,2.363,0.5681818181818182,0.5681818181818182,0.6136363636363636,0.4090909090909091,0.4090909090909091,0.5772727272727273,64.13925,71.566375,86.6955,39.224,65.532,2.045,68.073,0.0,0.0,0.0,178,2,A,29,SUV,1.08,Pass,NONE,,0.01686,39.224,2.045,0
VH-00180,73.80470454545456,12.091866819881302,102.87,93.87235,35.74554545454546,48.233,39.07159090909091,47.824,1.7982954545454546,2.48,0.5454545454545454,0.5227272727272727,0.6818181818181818,0.4090909090909091,0.4090909090909091,0.5718181818181818,63.6080625,71.93575,89.89216666666665,38.933,65.148,2.246,71.552,0.0,0.0,0.0,179,2,A,30,SUV,1.08,Pass,NONE,,0.02253,38.933,2.199,0
VH-00181,71.91102272727272,11.94894837347746,97.764,93.8434,35.364011363636365,50.35,38.83689772727273,46.628,1.8348295454545456,2.742,0.5,0.5227272727272727,0.6363636363636364,0.4090909090909091,0.4090909090909091,0.5790909090909091,62.909,69.459125,87.18291666666666,40.668,65.136,1.908,75.887,0.0,0.0,0.0,180,2,A,31,Compact,0.94,Pass,NONE,,0.01488,40.668,1.908,0
VH-00182,73.49056818181818,12.1303635433122,103.526,93.3843,36.56935227272727,50.528,38.862875,47.824,1.7679090909090909,2.556,0.45454545454545453,0.5681818181818182,0.5227272727272727,0.4090909090909091,0.4090909090909091,0.5827272727272728,63.402,72.6078125,88.11899999999999,39.926,64.678,1.793,75.475,0.0,0.0,0.0,181,2,A,32,SUV,1.08,Pass,NONE,,0.02375,39.926,1.793,0
VH-00183,72.90036363636364,11.720989703610163,102.383,95.0236,36.46402272727273,49.448,38.86015909090909,46.877,1.8086363636363636,2.52,0.4772727272727273,0.5454545454545454,0.5454545454545454,0.4090909090909091,0.4090909090909091,0.5809090909090909,62.925312500000004,71.518125,88.04341666666666,40.701,68.302,2.226,70.153,0.0,0.0,0.0,182,2,A,33,Sedan,1.0,Pass,NONE,,0.02066,40.701,2.226,0
VH-00184,72.30568181818181,11.549472344280048,97.599,94.57815000000001,36.04681818181818,52.218,38.804443181818186,48.186,1.8353863636363636,2.601,0.5681818181818182,0.45454545454545453,0.5227272727272727,0.4090909090909091,0.4090909090909091,0.5809090909090909,62.9648125,70.8613125,86.68599999999999,39.086,68.5,2.116,66.727,0.0,0.0,0.0,183,2,A,34,Compact,0.94,Pass,NONE,,0.02501,39.086,2.116,0
VH-00185,72.05345454545454,11.946101569918783,99.031,92.8085,36.300579545454546,50.055,38.831840909090914,46.642,1.7877272727272726,2.258,0.4318181818181818,0.45454545454545453,0.6136363636363636,0.4090909090909091,0.4090909090909091,0.5809090909090909,62.142875000000004,69.9649375,88.05225,38.975,63.256,2.112,71.232,0.0,0.0,0.0,184,2,A,35,Compact,0.94,Pass,NONE,,0.02599,38.975,2.112,0
VH-00186,72.58127272727273,11.409280527555104,97.664,94.98385,36.61518181818182,50.716,38.94260227272727,47.973,1.8308749999999998,2.46,0.5227272727272727,0.5681818181818182,0.5681818181818182,0.4090909090909091,0.4090909090909091,0.5809090909090909,63.1793125,71.1579375,87.015,39.935,62.63,2.166,73.802,0.0,0.0,0.0,185,2,A,36,Sedan,1.0,Pass,NONE,,0.03015,39.935,2.166,0
VH-00187,74.37995454545454,11.982075246266321,99.984,95.91615,36.75939772727273,50.571,39.01406818181818,48.093,1.7973750000000002,2.468,0.5227272727272727,0.4772727272727273,0.5909090909090909,0.4090909090909091,0.4090909090909091,0.5790909090909091,64.12625,73.2126875,89.60791666666667,39.697,63.162,2.181,71.466,0.0,0.0,0.0,186,2,A,37,Truck,1.14,Pass,NONE,,0.02588,39.697,2.181,0
VH-00188,73.11881818181818,11.828454575327749,99.632,96.92115,35.692204545454544,49.946,38.833284090909096,48.316,1.8040681818181818,2.512,0.4318181818181818,0.4772727272727273,0.6136363636363636,0.4090909090909091,0.4090909090909091,0.5790909090909091,63.463375,70.8810625,88.97641666666668,39.671,61.263,2.088,69.068,0.0,0.0,0.0,187,2,A,38,Sedan,1.0,Pass,NONE,,0.01746,39.671,2.088,0
VH-00189,71.85481818181819,11.69428438860293,95.442,94.32065,36.021488636363635,48.616,38.77429545454545,46.403,1.836477272727273,2.492,0.5227272727272727,0.5227272727272727,0.5454545454545454,0.4090909090909091,0.4090909090909091,0.5809090909090909,62.9993125,69.0245,87.43591666666667,39.981,64.165,2.108,71.76,0.0,0.0,0.0,188,2,A,39,Compact,0.94,Pass,NONE,,0.02618,39.981,2.108,0
VH-00190,72.34722727272727,12.110341697911299,99.328,96.11835,36.87497727272727,51.621,38.83131818181818,47.214,1.850306818181818,2.652,0.5454545454545454,0.5681818181818182,0.5909090909090909,0.4090909090909091,0.4090909090909091,0.5736363636363636,62.4211875,70.8598125,87.56516666666666,39.605,64.261,2.156,69.371,0.0,0.0,0.0,189,2,A,40,SUV,1.08,Pass,NONE,,0.03279,39.605,2.156,0
VH-00191,73.07161363636364,12.07221116567495,99.86,93.6348,36.786170454545456,51.437,38.97134090909091,48.197,1.8229090909090908,2.381,0.5681818181818182,0.5681818181818182,0.5681818181818182,0.4090909090909091,0.4090909090909091,0.5754545454545454,63.7004375,70.653625,88.79050000000001,39.531,69.309,2.375,72.849,0.0,0.0,0.0,190,2,A,41,SUV,1.08,Pass,NONE,,0.02103,39.531,2.375,0
VH-00192,74.18729545454545,11.457460797835282,103.803,96.0052,36.10663636363636,52.722,38.789215909090906,47.644,1.7692499999999998,2.518,0.5,0.6136363636363636,0.5454545454545454,0.4090909090909091,0.4090909090909091,0.5736363636363636,65.296,72.269875,88.59891666666665,40.056,68.848,2.518,71.355,0.0,0.0,0.0,191,2,A,42,Truck,1.14,Pass,NONE,,0.02615,40.056,2.518,0
VH-00193,73.254,11.686976727248831,99.606,98.0013,36.43111363636364,51.514,38.772068181818184,46.467,1.802159090909091,2.578,0.5227272727272727,0.5227272727272727,0.5454545454545454,0.4090909090909091,0.4090909090909091,0.5772727272727273,63.8301875,71.46125,88.20941666666666,39.647,63.074,2.243,69.721,0.0,0.0,0.0,192,2,A,43,SUV,1.08,Pass,NONE,,0.02918,39.647,2.243,0
VH-00194,71.73640909090909,11.712752277828466,98.099,95.48445000000001,36.712284090909094,51.236,38.99160227272727,48.601,1.7693068181818183,2.182,0.5227272727272727,0.5227272727272727,0.5454545454545454,0.4090909090909091,0.4090909090909091,0.5827272727272728,62.860687500000004,69.2805625,86.84516666666667,39.873,65.644,1.962,72.822,0.0,0.0,0.0,193,2,A,44,Compact,0.94,Pass,NONE,,0.02219,39.873,1.962,0
VH-00195,72.072,12.442911780664332,101.374,95.21935,36.846011363636364,51.766,38.79109090909091,47.344,1.7912386363636363,2.45,0.6136363636363636,0.5454545454545454,0.5681818181818182,0.4090909090909091,0.4090909090909091,0.5772727272727273,62.97125,68.7781875,88.59808333333332,40.142,65.87,2.191,71.532,0.0,0.0,0.0,194,2,A,45,Compact,0.94,Pass,NONE,,0.01768,40.142,2.191,0
VH-00196,74.18590909090909,11.471807438172949,98.62,93.60544999999999,35.85732954545455,46.031,39.17576136363636,49.389,1.7823863636363635,2.168,0.5227272727272727,0.5227272727272727,0.5681818181818182,0.4090909090909091,0.4090909090909091,0.5754545454545454,65.46375,71.698125,89.1325,40.295,70.45,1.994,76.711,0.0,0.0,0.0,195,2,A,46,Truck,1.14,Pass,NONE,,0.02207,40.295,1.994,0
VH-00197,71.96425,11.74818817129431,100.261,91.68690000000001,36.64580681818182,48.955,38.91575,50.176,1.788375,2.228,0.5454545454545454,0.6136363636363636,0.5681818181818182,0.4090909090909091,0.4090909090909091,0.5736363636363636,62.619,69.7166875,87.42133333333334,40.427499999999995,67.819,1.654,68.278,0.0,0.0,0.0,196,2,A,47,Compact,0.94,Pass,NONE,,0.01613,39.397,1.654,0
VH-00198,72.75675,11.715477770930333,100.358,95.669,36.165988636363636,50.441,39.03795454545455,48.855,1.8221704545454545,2.575,0.45454545454545453,0.4772727272727273,0.6363636363636364,0.4090909090909091,0.4090909090909091,0.5772727272727273,63.50775,70.36975,88.27141666666667,39.387,60.852,1.822,71.643,0.0,0.0,0.0,197,2,A,48,Sedan,1.0,Pass,NONE,,0.02578,39.387,1.822,0
VH-00199,72.7020909090909,11.896781989785033,100.815,92.7926,36.05378409090909,49.908,39.156102272727274,48.388,1.7857727272727273,2.366,0.4772727272727273,0.45454545454545453,0.6363636363636364,0.4090909090909091,0.4090909090909091,0.5827272727272728,63.3963125,70.4739375,88.08066666666667,39.088,66.489,2.366,72.205,0.0,0.0,0.0,198,2,A,49,Sedan,1.0,Pass,NONE,,0.0234,39.088,2.366,0
VH-00200,72.2913409090909,12.749362946133468,101.51,96.3927,35.92764772727273,51.14,39.23372727272727,49.836,1.8107840909090909,2.462,0.5227272727272727,0.5227272727272727,0.6363636363636364,0.4090909090909091,0.4090909090909091,0.5754545454545454,62.19275,70.3185625,88.3865,38.699,64.567,2.125,68.65,0.0,0.0,0.0,199,2,A,50,Sedan,1.0,Pass,NONE,,0.01412,38.699,2.125,0
VH-00201,73.73870454545455,12.276863161928743,103.207,100.84890000000001,36.68871590909091,49.462,39.13785227272728,49.081,1.770284090909091,2.127,0.5,0.5227272727272727,0.6136363636363636,0.4090909090909091,0.4090909090909091,0.5772727272727273,64.423,71.569875,89.05141666666667,39.308,70.194,2.127,71.687,0.0,0.0,0.0,200,2,A,51,Truck,1.14,Pass,NONE,,0.03183,39.308,2.127,0
VH-00202,72.99093181818182,11.54429170205863,100.366,93.7661,36.35656818181818,50.792,39.00046590909091,48.753,1.8255113636363638,2.325,0.5454545454545454,0.5227272727272727,0.6590909090909091,0.4090909090909091,0.4090909090909091,0.5754545454545454,63.6934375,71.667,87.15283333333333,40.028,57.516,2.105,74.509,0.0,0.0,0.0,201,2,A,52,Sedan,1.0,Pass,NONE,,0.0197,40.028,2.105,0
VH-00203,70.95572727272727,11.811894746622377,99.838,92.75524999999999,36.50670454545455,49.762,38.769,46.507,1.8056704545454545,2.36,0.4772727272727273,0.5909090909090909,0.7045454545454546,0.4090909090909091,0.4090909090909091,0.5736363636363636,62.1151875,68.969625,85.39125,39.809,64.671,1.964,69.543,0.0,0.0,0.0,202,2,A,53,Compact,0.94,Pass,NONE,,0.02448,39.809,1.964,0
VH-00204,71.78631818181817,12.224702280624031,103.002,93.38475,36.04765909090909,46.955,38.85818181818182,49.258,1.8100568181818182,2.409,0.5,0.5909090909090909,0.5681818181818182,0.4090909090909091,0.4090909090909091,0.5736363636363636,62.1343125,69.601875,87.56824999999999,39.859,63.158,2.409,74.473,0.0,0.0,0.0,203,2,A,54,Compact,0.94,Pass,NONE,,0.02149,39.859,2.409,0
VH-00205,72.3595,11.780853499897471,98.275,95.715,36.517534090909095,47.856,38.89068181818182,46.488,1.8420909090909092,2.443,0.6136363636363636,0.45454545454545453,0.6136363636363636,0.4090909090909091,0.4090909090909091,0.5754545454545454,63.40775,69.714,87.82249999999999,39.634,67.593,2.246,72.683,0.0,0.0,0.0,204,2,A,55,Sedan,1.0,Pass,NONE,,0.018,39.634,2.07,0
VH-00206,71.83425,12.385865149200766,106.652,93.23665,36.498681818181815,50.749,38.70336363636364,46.291,1.7719318181818182,2.186,0.5,0.5454545454545454,0.5909090909090909,0.4090909090909091,0.4090909090909091,0.5772727272727273,61.852,70.11449999999999,87.43691666666666,39.158,64.293,2.106,66.655,0.0,0.0,0.0,205,2,A,56,Compact,0.94,Pass,NONE,,0.02185,39.158,2.106,0
VH-00207,71.47952272727274,11.598052179064755,96.717,94.14125,36.26173863636364,48.552,38.8955,46.975,1.778340909090909,2.443,0.5227272727272727,0.5454545454545454,0.6363636363636364,0.4090909090909091,0.4090909090909091,0.5772727272727273,62.97775,68.9981875,86.12366666666667,39.507,66.715,1.852,70.647,0.0,0.0,0.0,206,2,A,57,Compact,0.94,Pass,NONE,,0.02251,39.507,1.852,0
VH-00208,71.97975,12.400686057774722,100.473,96.2561,36.402545454545454,49.939,38.68654545454546,48.606,1.8040795454545455,2.399,0.5681818181818182,0.4772727272727273,0.5227272727272727,0.4090909090909091,0.4090909090909091,0.5809090909090909,62.7211875,69.0831875,88.18658333333333,38.971,65.427,2.073,71.748,0.0,0.0,0.0,207,2,A,58,Compact,0.94,Pass,NONE,,0.02376,38.971,2.073,0
VH-00209,71.77522727272728,11.87968713052827,99.633,96.19665,36.399806818181816,50.811,38.88242045454546,48.708,1.8125568181818181,2.383,0.4772727272727273,0.5454545454545454,0.5454545454545454,0.4090909090909091,0.4090909090909091,0.5827272727272728,62.1150625,70.1663125,86.80066666666666,39.282,65.239,2.047,71.424,0.0,0.0,0.0,208,2,A,59,Sedan,1.0,Pass,NONE,,0.02431,39.282,2.047,0
VH-00210,73.91195454545455,12.17785198906824,102.177,96.28395,36.267886363636364,48.677,38.822295454545454,46.291,1.7624431818181818,2.386,0.4772727272727273,0.5681818181818182,0.5,0.4090909090909091,0.4090909090909091,0.5809090909090909,64.4994375,71.7013125,89.4095,39.816,70.818,2.254,72.221,0.0,0.0,0.0,209,2,A,60,Truck,1.14,Pass,NONE,,0.03326,39.816,2.254,0
VH-00211,72.69622727272727,11.858209808150747,101.818,94.47465000000001,36.59922727272727,47.857,38.92604545454546,47.121,1.8113295454545453,2.136,0.5681818181818182,0.5681818181818182,0.5909090909090909,0.4090909090909091,0.4090909090909091,0.5790909090909091,64.1125625,69.740625,88.08191666666666,38.882,67.65,1.982,70.329,0.0,0.0,0.0,210,2,A,61,Sedan,1.0,Pass,NONE,,0.0181,38.882,1.982,0
VH-00212,73.67090909090909,12.285852924586342,102.675,98.4209,36.50439772727273,52.277,38.84792045454546,47.841,1.8334545454545454,2.593,0.4772727272727273,0.5909090909090909,0.6590909090909091,0.4090909090909091,0.4090909090909091,0.5736363636363636,64.4596875,70.9320625,89.60433333333333,39.829,68.165,2.103,72.585,0.0,0.0,0.0,211,2,A,62,Truck,1.14,Pass,NONE,,0.03566,39.829,2.103,0
VH-00213,71.61386363636365,11.563190648820614,98.148,90.203,36.917511363636365,49.791,39.10997727272727,47.659,1.8010227272727273,2.341,0.5681818181818182,0.5681818181818182,0.6136363636363636,0.4090909090909091,0.4090909090909091,0.5736363636363636,62.9255,69.1030625,86.54608333333334,40.663,66.157,2.246,75.739,0.0,0.0,0.0,212,2,A,63,Compact,0.94,Pass,NONE,,0.02482,40.663,2.21,0
VH-00214,73.27877272727272,12.048258152334112,98.613,95.9889,36.10172727272727,48.893,38.84721590909091,49.404,1.7384886363636363,2.174,0.5681818181818182,0.4772727272727273,0.6363636363636364,0.4090909090909091,0.4090909090909091,0.5790909090909091,64.45675,70.4265,88.8445,39.091,72.467,2.097,72.03,0.0,0.0,0.0,213,2,A,64,SUV,1.08,Pass,NONE,,0.03182,39.091,2.097,0
VH-00215,73.0023409090909,11.83438617097942,100.071,92.4649,36.318079545454545,51.867,38.778625000000005,47.902,1.805806818181818,2.265,0.5681818181818182,0.4318181818181818,0.6363636363636364,0.4090909090909091,0.4090909090909091,0.5736363636363636,63.19675,71.4191875,88.18733333333334,40.457,59.726,2.184,70.684,0.0,0.0,0.0,214,2,A,65,Sedan,1.0,Pass,NONE,,0.02739,40.457,2.184,0
VH-00216,72.47184090909091,12.10452572857096,99.403,94.40395000000001,35.90182954545455,52.163,38.701761363636365,46.385,1.763715909090909,2.313,0.5227272727272727,0.5909090909090909,0.5681818181818182,0.4090909090909091,0.4090909090909091,0.5772727272727273,63.767875,69.7525,87.70291666666667,38.076,63.125,2.219,80.714,0.0,0.0,0.0,215,2,A,66,Sedan,1.0,Pass,NONE,,0.0219,38.076,2.219,0
VH-00217,71.63320454545455,12.28207678935097,100.475,97.4454,36.07563636363636,47.806,38.75984090909091,46.566,1.8189545454545455,2.352,0.5227272727272727,0.5,0.6136363636363636,0.4090909090909091,0.4090909090909091,0.5754545454545454,61.4488125,70.226,87.08866666666667,38.819,63.949,2.246,64.548,0.0,0.0,0.0,216,2,A,67,Compact,0.94,Pass,NONE,,0.01735,38.819,1.951,0
VH-00218,72.09556818181818,11.796106047292215,101.908,94.59825000000001,36.85071590909091,50.262,38.882,48.567,1.7927954545454545,2.334,0.4318181818181818,0.5,0.5909090909090909,0.4090909090909091,0.4090909090909091,0.5845454545454545,63.2024375,69.4585,87.46916666666668,39.066,64.263,1.907,70.634,0.0,0.0,0.0,217,2,A,68,Sedan,1.0,Pass,NONE,,0.02157,39.066,1.907,0
VH-00219,72.33831818181818,12.350058666224893,99.868,96.0348,35.90689772727273,50.789,38.78001136363636,48.006,1.7963863636363635,2.391,0.4318181818181818,0.5,0.5909090909090909,0.4090909090909091,0.4090909090909091,0.5809090909090909,63.125875,70.383875,87.2275,38.996,64.355,1.736,75.896,0.0,0.0,0.0,218,2,A,69,Compact,0.94,Pass,NONE,,0.02218,38.996,1.736,0
VH-00220,72.46025,12.026396524090295,99.735,93.71175000000001,36.424420454545455,53.151,38.734477272727275,46.771,1.8519090909090907,2.576,0.45454545454545453,0.5,0.5909090909090909,0.4090909090909091,0.4090909090909091,0.5827272727272728,62.9714375,70.2308125,88.08458333333334,38.582,65.074,2.103,76.902,0.0,0.0,0.0,219,2,A,70,Compact,0.94,Pass,NONE,,0.01745,38.582,2.103,0
VH-00221,72.41120454545454,11.361085379650124,97.351,93.39085,36.18753409090909,50.749,39.05609090909091,47.84,1.817215909090909,2.332,0.5227272727272727,0.6363636363636364,0.6136363636363636,0.4090909090909091,0.4090909090909091,0.5809090909090909,63.163000000000004,71.133875,86.44525,39.238,67.983,2.221,71.387,0.0,0.0,0.0,220,2,A,71,Sedan,1.0,Fail,LOW_CONFIDENCE_MULTI_CAUSAL,ST-45,0.01766,39.238,2.221,1
VH-00222,71.5101590909091,12.176208721706711,98.47,93.30565,36.293352272727276,49.813,38.68755681818182,48.693,1.7889545454545455,2.64,0.45454545454545453,0.4772727272727273,0.6590909090909091,0.4090909090909091,0.4090909090909091,0.5754545454545454,61.113875,69.90975,87.50574999999999,40.016,64.345,2.142,68.573,0.0,0.0,0.0,221,2,A,72,Compact,0.94,Pass,NONE,,0.02393,40.016,2.142,0
VH-00223,72.6966590909091,12.221858666061033,102.884,93.62385,36.13392045454545,50.839,39.302113636363636,49.199,1.7943977272727274,2.473,0.5227272727272727,0.4090909090909091,0.5454545454545454,0.4090909090909091,0.4090909090909091,0.5809090909090909,62.899125,71.052,87.95291666666667,40.602,62.905,2.226,71.951,0.0,0.0,0.0,222,2,A,73,Sedan,1.0,Pass,NONE,,0.0189,40.602,2.226,0
VH-00224,73.19325,11.957056914321582,100.161,97.41420000000001,36.25330681818182,48.655,38.773590909090906,48.465,1.8442045454545453,2.623,0.5681818181818182,0.5454545454545454,0.6363636363636364,0.4090909090909091,0.4090909090909091,0.5772727272727273,62.760875,72.006625,88.68525,37.804,68.323,2.26,71.521,0.0,0.0,0.0,223,2,A,74,SUV,1.08,Pass,NONE,,0.02034,37.804,2.26,0
VH-00225,71.79827272727273,11.744330185467597,99.824,94.25795000000001,36.63513636363636,50.626,39.05504545454546,47.429,1.7851136363636364,2.342,0.5227272727272727,0.5454545454545454,0.6818181818181818,0.4090909090909091,0.4090909090909091,0.5772727272727273,63.4805625,68.4326875,87.37599999999999,39.009,69.958,2.246,73.481,0.0,0.0,0.0,224,2,A,75,Compact,0.94,Pass,NONE,,0.02297,39.009,2.041,0
VH-00226,72.34425,11.513044163590733,99.519,92.40885,36.02401136363636,48.848,39.227022727272725,49.779,1.7926363636363638,2.907,0.5454545454545454,0.4772727272727273,0.5454545454545454,0.4090909090909091,0.4090909090909091,0.5754545454545454,62.9969375,71.0959375,86.47175,40.79,63.257,2.026,71.692,0.0,0.0,0.0,225,2,B,1,Compact,0.94,Pass,NONE,,0.01687,40.79,2.026,0
VH-00227,72.22688636363637,11.623105749577272,96.709,94.5614,37.13709090909091,51.335,38.914238636363635,46.291,1.781375,2.417,0.45454545454545453,0.4318181818181818,0.5681818181818182,0.4090909090909091,0.4090909090909091,0.5827272727272728,62.7164375,70.389625,87.35716666666667,39.511,71.571,1.778,67.124,0.0,0.0,0.0,226,2,B,2,Sedan,1.0,Pass,NONE,,0.01978,39.511,1.778,0
VH-00228,72.73111363636363,12.136701124938716,102.542,95.45575,36.66319318181818,51.269,39.17151136363637,46.351,1.8186363636363636,2.451,0.6136363636363636,0.5227272727272727,0.5681818181818182,0.4090909090909091,0.4090909090909091,0.5754545454545454,64.0244375,70.33725,87.53183333333334,40.249,62.987,2.231,73.682,0.0,0.0,0.0,227,2,B,3,Sedan,1.0,Pass,NONE,,0.01809,40.249,2.231,0
VH-00229,73.3955,12.535607241253878,101.025,96.5614,35.747454545454545,48.657,38.95027272727273,48.516,1.777875,2.206,0.5454545454545454,0.5227272727272727,0.6590909090909091,0.4090909090909091,0.4090909090909091,0.5718181818181818,63.3683125,71.6819375,89.04983333333332,40.956,65.582,1.597,68.61,0.0,0.0,0.0,228,2,B,4,Truck,1.14,Pass,NONE,,0.03023,40.956,1.597,0
VH-00230,72.72161363636363,12.316887535744648,101.878,95.05760000000001,36.26010227272727,52.437,38.735670454545456,46.663,1.8152954545454547,2.594,0.5454545454545454,0.5,0.6136363636363636,0.4090909090909091,0.4090909090909091,0.5790909090909091,63.551625,71.091375,87.12191666666666,39.943,64.496,2.594,77.429,0.0,0.0,0.0,229,2,B,5,Compact,0.94,Pass,NONE,,0.02487,39.943,2.594,0
VH-00231,71.86234090909092,12.739090210556878,103.434,96.3937,36.455681818181816,50.246,38.89263636363636,50.223,1.7994999999999999,2.662,0.5,0.6136363636363636,0.5909090909090909,0.4090909090909091,0.4090909090909091,0.5754545454545454,61.1234375,70.1209375,88.50274999999999,40.721,59.046,2.187,67.201,0.0,0.0,0.0,230,2,B,6,Compact,0.94,Pass,NONE,,0.01528,40.721,2.187,0
VH-00232,71.48113636363637,12.026974321491245,100.206,95.4929,36.56652272727273,51.098,38.95126136363637,46.994,1.7619090909090909,2.503,0.5,0.4318181818181818,0.6136363636363636,0.4090909090909091,0.4090909090909091,0.5827272727272728,61.8773125,69.3176875,87.17083333333333,40.601,60.655,2.069,69.352,0.0,0.0,0.0,231,2,B,7,Compact,0.94,Pass,NONE,,0.01722,40.601,2.069,0
VH-00233,72.13968181818183,11.614186745393374,96.858,93.7011,36.06938636363636,47.976,38.971954545454544,47.38,1.8351704545454546,2.689,0.5,0.5454545454545454,0.5681818181818182,0.4090909090909091,0.4090909090909091,0.5772727272727273,63.5586875,69.646375,86.90541666666667,40.427499999999995,66.287,2.132,73.315,0.0,0.0,0.0,232,2,B,8,Sedan,1.0,Pass,NONE,,0.0221,40.926,2.132,0
VH-00234,72.19702272727272,12.78612123211187,101.984,97.10170000000001,36.75204545454545,51.449,39.10211363636363,50.042,1.801977272727273,2.261,0.5,0.5,0.6590909090909091,0.4090909090909091,0.4090909090909091,0.5772727272727273,62.045875,69.363125,89.51041666666667,40.941,61.411,1.767,71.47,0.0,0.0,0.0,233,2,B,9,Compact,0.94,Pass,NONE,,0.02309,40.941,1.767,0
VH-00235,72.79275,11.490867961883557,98.235,93.11495000000001,36.57394318181818,50.079,38.82907954545455,48.106,1.8233636363636363,2.393,0.45454545454545453,0.5227272727272727,0.5227272727272727,0.4090909090909091,0.4090909090909091,0.5790909090909091,63.0105625,71.690625,87.30516666666666,39.089,63.895,2.017,73.697,0.0,0.0,0.0,234,2,B,10,Sedan,1.0,Pass,NONE,,0.02154,39.089,2.017,0
VH-00236,73.24204545454546,11.20737826727521,100.479,93.74225,35.60575,52.297,38.82319318181818,49.18,1.7915795454545453,2.424,0.5,0.4090909090909091,0.6136363636363636,0.4090909090909091,0.4090909090909091,0.5809090909090909,64.2020625,71.650375,87.41758333333333,40.418,67.132,1.9,74.221,0.0,0.0,0.0,235,2,B,11,Sedan,1.0,Pass,NONE,,0.01933,40.418,1.9,0
VH-00237,72.39334090909091,11.299215650784731,97.238,94.66415,36.8415,53.394,38.869738636363635,46.291,1.7973636363636365,2.413,0.5454545454545454,0.5909090909090909,0.5454545454545454,0.4090909090909091,0.4090909090909091,0.5754545454545454,63.6145,70.0435,87.23158333333333,38.684,60.699,1.86,70.786,0.0,0.0,0.0,236,2,B,12,Sedan,1.0,Pass,NONE,,0.02243,38.684,1.86,0
VH-00238,72.19245454545454,11.649234931370291,97.582,94.38575,36.4095,51.779,39.06911363636363,49.638,1.8380113636363637,2.604,0.45454545454545453,0.5909090909090909,0.5454545454545454,0.4090909090909091,0.4090909090909091,0.5809090909090909,63.0705625,70.3241875,86.846,38.969,65.778,2.246,68.793,0.0,0.0,0.0,237,2,B,13,Sedan,1.0,Pass,NONE,,0.01903,38.969,2.243,0
VH-00239,71.97025,12.050167352162223,100.913,91.7877,35.99217045454546,48.935,38.85314772727273,47.484,1.792647727272727,2.251,0.4772727272727273,0.5227272727272727,0.6136363636363636,0.4090909090909091,0.4090909090909091,0.5790909090909091,62.1583125,70.37075,87.1855,41.391,68.574,2.251,71.519,0.0,0.0,0.0,238,2,B,14,Compact,0.94,Pass,NONE,,0.01768,41.391,2.251,0
VH-00240,72.94272727272727,12.276159598263193,101.357,97.15880000000001,35.99371590909091,48.579,38.982375,47.598,1.771840909090909,2.367,0.5,0.5681818181818182,0.5454545454545454,0.4090909090909091,0.4090909090909091,0.5809090909090909,63.792625,70.28975,88.68016666666666,39.919,64.557,2.367,74.583,0.0,0.0,0.0,239,2,B,15,Sedan,1.0,Pass,NONE,,0.02419,39.919,2.367,0
VH-00241,72.43477272727273,11.906317203169703,101.649,94.5677,36.470147727272725,51.102,39.08932954545455,48.247,1.752193181818182,2.365,0.45454545454545453,0.5,0.6363636363636364,0.4090909090909091,0.4090909090909091,0.5790909090909091,62.543125,70.65925,87.991,40.852,65.412,2.365,71.138,0.0,0.0,0.0,240,2,B,16,Compact,0.94,Pass,NONE,,0.02131,40.852,2.365,0
VH-00242,72.48595454545455,12.152584887164796,98.877,95.98625000000001,36.21989772727273,50.358,38.85485227272727,48.146,1.760784090909091,2.226,0.5454545454545454,0.5454545454545454,0.5681818181818182,0.4090909090909091,0.4090909090909091,0.5754545454545454,62.3355625,71.222125,87.70491666666668,39.516,63.749,1.838,68.203,0.0,0.0,0.0,241,2,B,17,Sedan,1.0,Pass,NONE,,0.02045,39.516,1.838,0
VH-00243,72.91165909090908,11.848505047381398,100.52,96.4145,36.53732954545455,52.999,38.916670454545454,49.069,1.7850568181818183,2.442,0.5454545454545454,0.5,0.6590909090909091,0.4090909090909091,0.4090909090909091,0.5754545454545454,63.0056875,71.4571875,88.05891666666666,40.91,63.075,2.442,72.262,0.0,0.0,0.0,242,2,B,18,SUV,1.08,Pass,NONE,,0.02501,40.91,2.442,0
VH-00244,73.54822727272727,11.51220451654968,100.536,97.91095000000001,36.75390909090909,52.765,38.91917045454546,49.183,1.7726704545454546,2.542,0.5,0.5,0.5454545454545454,0.4090909090909091,0.4090909090909091,0.5772727272727273,64.3408125,71.4465,88.62708333333335,39.867,68.346,1.951,67.304,0.0,0.0,0.0,243,2,B,19,SUV,1.08,Pass,NONE,,0.01947,39.867,1.951,0
VH-00245,72.59693181818182,11.425432450006506,97.34,95.26280000000001,36.352363636363634,49.393,39.026852272727275,48.435,1.7947727272727272,2.369,0.45454545454545453,0.5909090909090909,0.5909090909090909,0.4090909090909091,0.4090909090909091,0.5754545454545454,62.8153125,71.455875,87.1605,39.702,61.511,1.981,69.32,0.0,0.0,0.0,244,2,B,20,Sedan,1.0,Pass,NONE,,0.02295,39.702,1.981,0
VH-00246,71.86936363636363,12.98450634695042,103.542,97.40565,36.62976136363636,51.668,38.91968181818182,46.291,1.7555681818181819,2.174,0.5227272727272727,0.6136363636363636,0.5681818181818182,0.4090909090909091,0.4090909090909091,0.5772727272727273,62.133874999999996,69.1630625,88.45841666666666,39.819,63.553,1.866,67.153,0.0,0.0,0.0,245,2,B,21,Compact,0.94,Pass,NONE,,0.02196,39.819,1.866,0
VH-00247,74.77954545454546,11.59802933431996,100.324,93.70095,36.46313636363636,50.257,38.75329545454545,47.26,1.7698636363636362,2.244,0.4772727272727273,0.5909090909090909,0.5454545454545454,0.4090909090909091,0.4090909090909091,0.5809090909090909,64.9689375,73.6683125,89.342,41.445,71.983,1.86,73.288,0.0,0.0,0.0,246,2,B,22,Truck,1.14,Pass,NONE,,0.03206,41.445,1.86,0
VH-00248,71.9004090909091,11.895241963223626,100.891,95.21,36.59215909090909,56.237,38.80745454545455,48.177,1.7711590909090908,2.174,0.5454545454545454,0.5227272727272727,0.5909090909090909,0.4090909090909091,0.4090909090909091,0.5772727272727273,62.2900625,69.8124375,87.49816666666668,40.8,65.315,2.089,74.062,0.0,0.0,0.0,247,2,B,23,Sedan,1.0,Pass,NONE,,0.02727,40.8,2.089,0
VH-00249,72.18822727272727,12.14344562010887,100.95,96.68690000000001,36.11875,53.29,39.006772727272725,50.669,1.7667954545454547,2.148,0.5,0.5227272727272727,0.6363636363636364,0.4090909090909091,0.4090909090909091,0.5790909090909091,62.4401875,70.6124375,87.28666666666668,39.718,64.422,1.566,73.338,0.0,0.0,0.0,248,2,B,24,Compact,0.94,Pass,NONE,,0.02643,39.718,1.566,0
VH-00250,72.75943181818182,11.800177961601923,97.491,96.9034,36.153124999999996,50.094,38.80560227272727,46.291,1.8408750000000003,2.386,0.4772727272727273,0.5227272727272727,0.5909090909090909,0.4090909090909091,0.4090909090909091,0.5772727272727273,62.887437500000004,71.6370625,87.41858333333333,40.275,60.254,2.246,68.905,0.0,0.0,0.0,249,2,B,25,SUV,1.08,Pass,NONE,,0.02305,40.275,2.142,0
VH-00251,73.73056818181819,11.95713735749242,99.511,96.3214,36.153079545454545,49.211,38.74578409090909,50.467,1.8270454545454546,2.463,0.5454545454545454,0.5227272727272727,0.5454545454545454,0.4090909090909091,0.4090909090909091,0.5790909090909091,64.7799375,71.60968749999999,88.49258333333334,40.117,65.076,2.188,68.637,0.0,0.0,0.0,250,2,B,26,SUV,1.08,Pass,NONE,,0.02031,40.117,2.188,0
VH-00252,72.01011363636364,11.977665842446017,100.373,94.2824,36.21748863636364,51.211,39.16626136363636,50.458,1.8192045454545456,2.254,0.5454545454545454,0.5681818181818182,0.6818181818181818,0.4090909090909091,0.4090909090909091,0.5754545454545454,62.3695,69.8760625,87.70966666666668,40.111,61.301,2.189,74.502,0.0,0.0,0.0,251,2,B,27,Compact,0.94,Pass,NONE,,0.02214,40.111,2.189,0
VH-00253,72.86020454545455,11.40550090981101,97.493,91.79344999999999,36.478534090909086,50.082,38.85753409090909,47.71,1.7863863636363637,2.374,0.5,0.5681818181818182,0.6363636363636364,0.4090909090909091,0.4090909090909091,0.5754545454545454,63.377875,70.8354375,88.20299999999999,40.018,65.312,2.021,72.057,0.0,0.0,0.0,252,2,B,28,Sedan,1.0,Pass,NONE,,0.0172,40.018,2.021,0
VH-00254,71.26177272727273,12.465550849988839,102.624,94.58030000000001,36.77565909090909,52.304,39.15468181818182,47.6,1.805568181818182,2.555,0.5227272727272727,0.5227272727272727,0.6363636363636364,0.4090909090909091,0.4090909090909091,0.5736363636363636,62.2993125,68.5531875,86.82316666666667,41.196,66.246,2.083,71.466,0.0,0.0,0.0,253,2,B,29,Compact,0.94,Pass,NONE,,0.01993,41.196,2.083,0
VH-00255,73.07295454545455,12.458658097053682,102.587,96.5599,36.390511363636364,50.625,38.77864772727273,46.76,1.7753522727272726,2.291,0.5681818181818182,0.5,0.5227272727272727,0.4090909090909091,0.4090909090909091,0.5754545454545454,62.792875,71.34406249999999,89.08491666666667,40.174,68.116,2.13,71.991,0.0,0.0,0.0,254,2,B,30,Sedan,1.0,Pass,NONE,,0.04079,40.174,2.13,0
VH-00256,71.95102272727273,12.412076110448425,100.615,98.5978,36.335795454545455,51.159,38.784625,46.75,1.7927954545454545,2.462,0.5227272727272727,0.5454545454545454,0.5909090909090909,0.4090909090909091,0.4090909090909091,0.5790909090909091,62.834875,69.0763125,87.93883333333333,40.247,66.339,2.133,73.542,0.0,0.0,0.0,255,2,B,31,Compact,0.94,Pass,NONE,,0.01975,40.247,2.133,0
VH-00257,71.55638636363636,11.643662179068698,96.108,94.6079,36.179875,52.337,38.846886363636365,48.369,1.8014545454545454,2.483,0.5227272727272727,0.45454545454545453,0.5909090909090909,0.4090909090909091,0.4090909090909091,0.5809090909090909,61.9113125,69.7641875,86.80608333333333,39.363,61.513,2.09,71.896,0.0,0.0,0.0,256,2,B,32,Sedan,1.0,Pass,NONE,,0.02214,39.363,2.09,0
VH-00258,72.00820454545455,11.996128529712166,100.431,93.67805,36.31542045454545,50.917,38.96530681818182,49.458,1.792784090909091,2.576,0.5227272727272727,0.5681818181818182,0.5681818181818182,0.4090909090909091,0.4090909090909091,0.5754545454545454,62.0464375,70.74875,86.96983333333333,40.427499999999995,63.111,2.13,71.09,0.0,0.0,0.0,257,2,B,33,Sedan,1.0,Pass,NONE,,0.02821,40.436,2.13,0
VH-00259,72.56061363636364,11.807624813270978,98.635,96.37304999999999,36.66378409090909,49.354,39.166636363636364,48.738,1.7982500000000001,2.422,0.5681818181818182,0.5227272727272727,0.5681818181818182,0.4090909090909091,0.4090909090909091,0.5754545454545454,63.4245,70.8465625,87.02749999999999,40.33,67.306,2.098,72.433,0.0,0.0,0.0,258,2,B,34,Sedan,1.0,Pass,NONE,,0.02398,40.33,2.098,0
VH-00260,72.77975,11.768915063558566,97.41,94.22655,36.104352272727276,50.261,39.01448863636364,48.713,1.8111477272727272,2.535,0.4772727272727273,0.5681818181818182,0.6136363636363636,0.4090909090909091,0.4090909090909091,0.5790909090909091,63.273875000000004,71.558625,87.08241666666667,40.75,63.935,1.948,74.423,0.0,0.0,0.0,259,2,B,35,Sedan,1.0,Pass,NONE,,0.01885,40.75,1.948,0
VH-00261,72.62479545454545,11.699869455800332,102.543,93.41114999999999,36.57001136363636,54.01,38.82454545454545,47.539,1.8,2.401,0.5,0.5227272727272727,0.5681818181818182,0.4090909090909091,0.4090909090909091,0.5790909090909091,63.4515625,70.60875,87.54383333333334,39.341,68.08,1.813,70.9,0.0,0.0,0.0,260,2,B,36,Compact,0.94,Pass,NONE,,0.02331,39.341,1.813,0
VH-00262,72.39484090909092,12.285760717837622,101.218,96.62485000000001,36.19571590909091,54.885,38.93328409090909,48.814,1.7999318181818182,2.483,0.4318181818181818,0.4772727272727273,0.5227272727272727,0.4090909090909091,0.4090909090909091,0.5845454545454545,62.5294375,70.767875,87.718,42.703,67.895,1.952,72.066,0.703000000000003,0.0,0.0,261,2,B,37,Sedan,1.0,Pass,NONE,,0.02296,42.703,1.952,0
VH-00263,72.65484090909091,11.40207236761927,97.148,94.58215,36.76745454545455,52.441,39.07064772727273,47.966,1.7884772727272726,2.268,0.4318181818181818,0.6363636363636364,0.6363636363636364,0.4090909090909091,0.4090909090909091,0.5754545454545454,63.310375,71.438375,86.73608333333334,41.549,67.499,2.146,72.724,0.0,0.0,0.0,262,2,B,38,Sedan,1.0,Pass,NONE,,0.02112,41.549,2.146,0
VH-00264,71.61461363636364,12.305002987470997,98.569,96.04335,36.760386363636364,52.61,38.938375,47.847,1.8087499999999999,2.401,0.45454545454545453,0.5227272727272727,0.5909090909090909,0.4090909090909091,0.4090909090909091,0.5827272727272728,61.9835,69.4026875,87.40533333333333,40.131,64.588,2.098,71.418,0.0,0.0,0.0,263,2,B,39,Compact,0.94,Pass,NONE,,0.01563,40.131,2.098,0
VH-00265,73.25570454545455,12.049757339213619,103.686,92.9864,35.951511363636364,51.518,39.029340909090905,48.707,1.8174204545454544,2.773,0.4772727272727273,0.6363636363636364,0.6136363636363636,0.4090909090909091,0.4090909090909091,0.5754545454545454,63.8883125,71.2653125,88.39941666666668,40.322,62.109,2.351,72.748,0.0,0.0,0.0,264,2,B,40,Sedan,1.0,Pass,NONE,,0.02446,40.322,2.351,0
VH-00266,71.22731818181818,12.495031008221066,98.587,93.80555000000001,36.77771590909091,50.114,39.098625,49.966,1.8061136363636363,2.352,0.5227272727272727,0.5909090909090909,0.6590909090909091,0.4090909090909091,0.4090909090909091,0.5718181818181818,61.388375,69.0891875,87.19675,39.53,62.376,2.234,72.608,0.0,0.0,0.0,265,2,B,41,Compact,0.94,Pass,NONE,,0.02064,39.53,2.234,0
VH-00267,73.38138636363637,11.706423188596393,99.358,95.2928,36.57865909090909,48.294,38.94176136363637,47.892,1.8327613636363635,2.726,0.5454545454545454,0.4772727272727273,0.5909090909090909,0.4090909090909091,0.4090909090909091,0.5809090909090909,64.4474375,70.890625,88.61433333333333,41.304,66.665,2.102,72.243,0.0,0.0,0.0,266,2,B,42,Truck,1.14,Pass,NONE,,0.02996,41.304,2.102,0
VH-00268,73.88709090909092,12.33407851559056,102.078,95.2127,36.98131818181818,55.458,39.040068181818185,47.514,1.7697159090909091,2.124,0.5227272727272727,0.5909090909090909,0.5909090909090909,0.4090909090909091,0.4090909090909091,0.57,64.4485,71.4055,89.78066666666666,40.534,64.323,2.052,73.343,0.0,0.0,0.0,267,2,B,43,Sedan,1.0,Pass,NONE,,0.02419,40.534,2.052,0
VH-00269,73.94111363636364,11.98121529382637,100.777,95.632,35.38101136363636,46.359,39.16713636363637,49.082,1.737056818181818,2.157,0.5454545454545454,0.5227272727272727,0.5454545454545454,0.4090909090909091,0.4090909090909091,0.5809090909090909,64.0820625,72.6604375,88.79408333333333,41.488,66.063,1.888,76.725,0.0,0.0,0.0,268,2,B,44,Truck,1.14,Pass,NONE,,0.02586,41.488,1.888,0
VH-00270,71.92690909090909,12.08559545408978,101.199,97.93075,36.26672727272727,51.235,38.924704545454546,47.675,1.7798295454545454,2.251,0.5,0.5909090909090909,0.5681818181818182,0.4090909090909091,0.4090909090909091,0.5790909090909091,62.5865625,69.43975,87.69691666666667,39.675,65.471,2.251,68.385,0.0,0.0,0.0,269,2,B,45,Compact,0.94,Pass,NONE,,0.0192,39.675,2.251,0
VH-00271,72.07486363636363,11.354655671698419,99.525,94.12379999999999,36.22331818181818,52.373,38.96697727272727,47.265,1.769590909090909,2.515,0.5454545454545454,0.4772727272727273,0.6590909090909091,0.4090909090909091,0.4090909090909091,0.5736363636363636,63.02175,70.5786875,86.14058333333332,41.043,65.432,2.043,71.717,0.0,0.0,0.0,270,2,B,46,Sedan,1.0,Pass,NONE,,0.02376,41.043,2.043,0
VH-00272,72.60420454545455,12.158311098632968,101.824,93.83225,36.64970454545455,52.632,38.817875,46.291,1.7921477272727273,2.358,0.5227272727272727,0.5227272727272727,0.6363636363636364,0.4090909090909091,0.4090909090909091,0.5772727272727273,62.211625,71.335875,88.15208333333334,40.063,63.582,2.23,71.597,0.0,0.0,0.0,271,2,B,47,SUV,1.08,Pass,NONE,,0.02254,40.063,2.23,0
VH-00273,73.15502272727272,11.602569193208565,96.949,94.45845,36.232659090909095,54.456,38.918420454545455,49.204,1.7760454545454545,2.24,0.4318181818181818,0.4090909090909091,0.6136363636363636,0.4090909090909091,0.4090909090909091,0.5845454545454545,63.8403125,70.9541875,88.50908333333332,41.891,68.282,2.047,76.191,0.0,0.0,0.0,272,2,B,48,SUV,1.08,Pass,NONE,,0.03013,41.891,2.047,0
VH-00274,72.81218181818181,11.849575263259934,101.628,93.82775000000001,36.78964772727273,52.982,38.96865909090909,49.813,1.8224090909090906,2.865,0.5909090909090909,0.5681818181818182,0.5681818181818182,0.4090909090909091,0.4090909090909091,0.5772727272727273,63.84775,70.336125,88.06616666666667,40.057,70.35,2.02,70.528,0.0,0.0,0.0,273,2,B,49,Sedan,1.0,Pass,NONE,,0.01919,40.057,2.02,0
VH-00275,72.77163636363636,11.632808399524265,101.17,94.73445000000001,36.502125,50.301,38.82678409090909,47.259,1.7959772727272727,2.34,0.5,0.4772727272727273,0.5454545454545454,0.4090909090909091,0.4090909090909091,0.5827272727272728,63.4069375,70.92218749999999,87.72383333333333,40.479,63.151,2.222,70.477,0.0,0.0,0.0,274,2,B,50,Sedan,1.0,Pass,NONE,,0.0203,40.479,2.222,0
VH-00276,72.60925,12.043885278865174,99.916,94.4924,36.23129545454545,49.653,39.131147727272726,49.484,1.7767386363636364,2.375,0.5454545454545454,0.5,0.5909090909090909,0.4090909090909091,0.4090909090909091,0.5772727272727273,63.072875,70.436125,88.22191666666667,41.864,64.868,1.845,76.106,0.0,0.0,0.0,275,2,B,51,Sedan,1.0,Pass,NONE,,0.02024,41.864,1.845,0
VH-00277,72.95629545454545,12.183834775673429,101.469,95.2536,36.61752272727273,52.098,39.02502272727273,49.221,1.782125,2.264,0.5227272727272727,0.5454545454545454,0.5681818181818182,0.4090909090909091,0.4090909090909091,0.5809090909090909,63.032,71.79549999999999,87.73641666666667,39.884,68.635,2.108,71.218,0.0,0.0,0.0,276,2,B,52,SUV,1.08,Pass,NONE,,0.02621,39.884,2.108,0
VH-00278,72.50102272727273,11.099479004091236,95.607,92.85560000000001,36.492431818181814,50.901,39.01434090909091,49.876,1.775965909090909,2.444,0.4772727272727273,0.5,0.5681818181818182,0.4090909090909091,0.4090909090909091,0.5772727272727273,63.2351875,71.372,86.36083333333333,40.284,64.803,2.444,70.864,0.0,0.0,0.0,277,2,B,53,Sedan,1.0,Pass,NONE,,0.02665,40.284,2.444,0
VH-00279,72.56709090909091,11.43990933005657,99.558,93.0365,35.996,49.84,38.92581818181819,46.291,1.7904204545454547,2.33,0.45454545454545453,0.4772727272727273,0.6363636363636364,0.4090909090909091,0.4090909090909091,0.5772727272727273,63.4976875,71.06943749999999,86.6565,41.031,67.51,2.061,73.156,0.0,0.0,0.0,278,2,B,54,Compact,0.94,Pass,NONE,,0.01934,41.031,2.061,0
VH-00280,73.11027272727273,11.40346878552727,101.756,94.8852,36.275420454545454,49.905,39.11698863636364,48.559,1.764693181818182,2.259,0.5454545454545454,0.4772727272727273,0.5681818181818182,0.4090909090909091,0.4090909090909091,0.5809090909090909,64.24925,70.8568125,87.92958333333333,41.937,64.51,2.259,69.986,0.0,0.0,0.0,279,2,B,55,SUV,1.08,Pass,NONE,,0.0258,41.937,2.259,0
VH-00281,72.01222727272727,11.154304203881448,100.66,91.19445,36.63676136363636,49.302,39.08826136363636,48.236,1.821965909090909,2.508,0.4772727272727273,0.5,0.5454545454545454,0.4090909090909091,0.4090909090909091,0.5809090909090909,62.2925,71.17825,86.08383333333335,41.551,67.319,2.246,67.144,0.0,0.0,0.0,280,2,B,56,Compact,0.94,Pass,NONE,,0.02197,41.551,2.246,0
VH-00282,72.09938636363637,11.332955385841958,97.848,93.14235000000001,36.75385227272727,52.015,38.92534090909091,47.713,1.7467727272727274,2.174,0.5227272727272727,0.5227272727272727,0.5681818181818182,0.4090909090909091,0.4090909090909091,0.5772727272727273,63.0285,69.850125,87.19291666666668,39.077,64.664,2.083,70.24,0.0,0.0,0.0,281,2,B,57,SUV,1.08,Pass,NONE,,0.02506,39.077,2.083,0
VH-00283,73.89345454545455,11.614411025230774,99.773,93.9828,36.71959090909091,51.467,38.80175,46.915,1.8112727272727271,2.536,0.5227272727272727,0.4772727272727273,0.5909090909090909,0.4090909090909091,0.4090909090909091,0.5790909090909091,64.64675,72.1189375,88.58841666666666,41.216,67.557,2.433,70.983,0.0,0.0,0.0,282,2,B,58,SUV,1.08,Pass,NONE,,0.02605,41.216,2.433,0
VH-00284,71.89274999999999,11.889195642644195,100.509,92.9571,36.26622727272727,52.315,38.959556818181824,47.76,1.8099772727272727,2.231,0.5454545454545454,0.4772727272727273,0.6136363636363636,0.4090909090909091,0.4090909090909091,0.5736363636363636,62.3749375,70.0371875,87.05725,39.818,65.48,2.217,72.555,0.0,0.0,0.0,283,2,B,59,Compact,0.94,Pass,NONE,,0.02559,39.818,2.217,0
VH-00285,73.31806818181818,12.787355883200215,101.922,98.61575,36.18478409090909,54.263,38.96393181818182,47.809,1.7546477272727272,2.387,0.5,0.5,0.5454545454545454,0.4090909090909091,0.4090909090909091,0.5845454545454545,63.21525,71.206625,89.60374999999999,41.02,66.805,2.151,72.138,0.0,0.0,0.0,284,2,B,60,Sedan,1.0,Pass,NONE,,0.02044,41.02,2.151,0
VH-00286,72.58656818181818,11.3442894914142,98.237,93.6108,36.41052272727273,52.925,38.829,46.968,1.781375,2.53,0.5227272727272727,0.5,0.6136363636363636,0.4090909090909091,0.4090909090909091,0.5772727272727273,63.73725,70.5000625,87.16766666666666,41.109,65.385,2.327,72.66,0.0,0.0,0.0,285,2,B,61,Compact,0.94,Pass,NONE,,0.02236,41.109,2.327,0
VH-00287,72.308,11.41507388153621,99.573,94.47975,36.67390909090909,50.131,38.93657954545454,48.119,1.7794545454545456,2.1,0.5227272727272727,0.5,0.5909090909090909,0.4090909090909091,0.4090909090909091,0.5772727272727273,63.409375,70.3623125,86.76708333333333,39.835,65.773,2.047,73.78,0.0,0.0,0.0,286,2,B,62,Compact,0.94,Pass,NONE,,0.01765,39.835,2.047,0
VH-00288,74.11788636363636,11.89536478460747,100.051,96.27875,36.054227272727275,50.224,38.99452272727273,49.341,1.8080681818181816,2.466,0.5,0.5,0.5454545454545454,0.4090909090909091,0.4090909090909091,0.5809090909090909,64.7271875,71.6105625,89.98191666666666,40.928,69.308,2.065,70.49,0.0,0.0,0.0,287,2,B,63,Truck,1.14,Pass,NONE,,0.02597,40.928,2.065,0
VH-00289,72.81618181818182,12.060685622596406,98.873,96.4834,36.51089772727273,50.319,38.833681818181816,50.75,1.8237272727272726,2.311,0.45454545454545453,0.5227272727272727,0.5681818181818182,0.4090909090909091,0.4090909090909091,0.5809090909090909,63.4055625,70.44275,88.52825,40.224,69.739,2.311,70.232,0.0,0.0,0.0,288,2,B,64,Compact,0.94,Pass,NONE,,0.0194,40.224,2.311,0
VH-00290,73.59697727272727,11.354418077699647,102.47,91.7839,36.51705681818182,49.127,39.085159090909094,49.349,1.7909090909090908,2.649,0.4772727272727273,0.5681818181818182,0.5909090909090909,0.4090909090909091,0.4090909090909091,0.5809090909090909,64.8541875,71.754,87.71133333333334,40.315,69.445,2.649,71.122,0.0,0.0,0.0,289,2,B,65,Truck,1.14,Pass,NONE,,0.03266,40.315,2.649,0
VH-00291,72.03422727272726,11.543538570899464,96.363,94.92745000000001,36.33015909090909,52.487,38.89665909090909,48.334,1.789443181818182,2.747,0.5,0.4772727272727273,0.5909090909090909,0.4090909090909091,0.4090909090909091,0.5790909090909091,62.712624999999996,70.2545,86.836,40.694,63.018,2.267,70.788,0.0,0.0,0.0,290,2,B,66,Compact,0.94,Pass,NONE,,0.02084,40.694,2.267,0
VH-00292,73.56759090909091,12.32844081187919,102.4,100.11835,36.50168181818182,51.141,38.61354545454546,46.817,1.820590909090909,2.446,0.5454545454545454,0.5227272727272727,0.6136363636363636,0.4090909090909091,0.4090909090909091,0.5790909090909091,64.325625,71.706125,88.37216666666666,41.783,72.035,2.446,66.114,0.0,0.0,0.0,291,2,B,67,Truck,1.14,Pass,NONE,,0.02615,41.783,2.446,0
VH-00293,73.55443181818181,11.101313493200376,101.612,94.51375000000002,36.32790909090909,51.86,38.79776136363636,46.867,1.7915795454545453,2.561,0.5227272727272727,0.5681818181818182,0.5909090909090909,0.4090909090909091,0.4090909090909091,0.5772727272727273,64.7146875,71.9303125,87.50625000000001,42.186,63.93,2.105,69.017,0.18599999999999994,0.0,0.0,292,2,B,68,SUV,1.08,Pass,NONE,,0.02573,42.186,2.105,0
VH-00294,74.09304545454546,11.507253158495287,100.66,95.87545,36.81676136363637,51.882,39.12861363636364,47.291,1.7477272727272728,2.598,0.5454545454545454,0.5454545454545454,0.5454545454545454,0.4090909090909091,0.4090909090909091,0.5772727272727273,65.40712500000001,71.728625,88.82683333333334,41.707,63.82,1.92,72.814,0.0,0.0,0.0,293,2,B,69,Truck,1.14,Pass,NONE,,0.02749,41.707,1.92,0
VH-00295,73.15370454545454,11.803564850914588,100.654,95.50935000000001,36.486636363636364,51.191,39.10586363636364,49.548,1.7717613636363636,2.604,0.5454545454545454,0.5681818181818182,0.5227272727272727,0.4090909090909091,0.4090909090909091,0.5772727272727273,63.5703125,71.7158125,87.84875,42.116,65.609,2.223,72.779,0.11599999999999966,0.0,0.0,294,2,B,70,SUV,1.08,Pass,NONE,,0.02597,42.116,2.223,0
VH-00296,72.79429545454546,11.85537183036693,102.929,95.08545,35.874204545454546,50.537,38.865852272727274,49.875,1.8349431818181818,2.627,0.4772727272727273,0.5681818181818182,0.5681818181818182,0.4090909090909091,0.4090909090909091,0.5772727272727273,62.4448125,71.974,87.68733333333334,41.973,62.167,2.486,70.068,0.0,0.0,0.0,295,2,B,71,Compact,0.94,Pass,NONE,,0.0231,41.973,2.486,0
VH-00297,72.48793181818182,10.011627894017353,99.696,91.09185000000001,36.68006818181818,53.189,38.91710227272727,49.305,1.8133636363636363,2.658,0.4318181818181818,0.5227272727272727,0.6363636363636364,0.4090909090909091,0.4090909090909091,0.5827272727272728,64.80618750000001,70.341625,85.592,41.17,61.423,2.041,70.991,0.0,0.0,0.0,296,2,B,72,Sedan,1.0,Pass,NONE,,0.02571,41.17,2.041,0
VH-00298,73.99272727272727,12.459720069205403,103.488,96.5828,36.63818181818181,48.397,38.75780681818182,46.291,1.8409886363636365,2.576,0.4772727272727273,0.5909090909090909,0.5681818181818182,0.4090909090909091,0.4090909090909091,0.5754545454545454,64.087625,71.6309375,90.34858333333334,41.713,69.853,2.206,71.927,0.0,0.0,0.0,297,2,B,73,Truck,1.14,Pass,NONE,,0.02977,41.713,2.206,0
VH-00299,72.02536363636364,11.697626378370495,99.713,94.82515000000001,36.61335227272727,50.009,38.97355681818182,48.934,1.8032840909090908,2.477,0.5454545454545454,0.4772727272727273,0.6136363636363636,0.4090909090909091,0.4090909090909091,0.5772727272727273,62.466875,70.621625,86.64166666666667,42.493,65.856,2.219,69.889,0.4930000000000021,0.0,0.0,298,2,B,74,Compact,0.94,Pass,NONE,,0.02019,42.493,2.219,0
VH-00300,71.88406818181818,12.01389072853185,100.01,93.87129999999999,36.65771590909091,51.81,38.83890909090909,46.944,1.7793863636363638,2.569,0.45454545454545453,0.5681818181818182,0.5909090909090909,0.4090909090909091,0.4090909090909091,0.5772727272727273,62.1490625,70.11825,87.2185,41.712,59.792,2.569,69.779,0.0,0.0,0.0,299,2,B,75,Compact,0.94,Pass,NONE,,0.02193,41.712,2.569,0
VH-00301,72.84,11.36810075360814,103.047,91.45309999999999,37.06432954545455,53.154,39.05405681818182,46.804,1.821,2.536,0.5454545454545454,0.4090909090909091,0.5454545454545454,0.4090909090909091,0.4090909090909091,0.5772727272727273,64.0350625,70.5459375,87.63866666666667,40.308,66.03,2.157,75.573,0.0,0.0,0.0,300,3,A,1,SUV,1.08,Pass,NONE,,0.03447,40.308,2.157,0
VH-00302,73.20711363636363,11.336940137641236,97.702,94.9461,36.63059090909091,51.318,38.64015909090909,49.236,1.8217386363636363,2.596,0.4772727272727273,0.5454545454545454,0.5227272727272727,0.4090909090909091,0.4090909090909091,0.5827272727272728,63.8115625,71.5076875,88.00041666666668,39.548,67.305,2.596,72.15,0.0,0.0,0.0,301,3,A,2,Sedan,1.0,Pass,NONE,,0.0227,39.548,2.596,0
VH-00303,72.05809090909091,12.301900652580562,100.284,94.90325,36.56360227272727,51.47,39.18211363636363,48.353,1.770215909090909,2.207,0.5,0.5,0.5227272727272727,0.4090909090909091,0.4090909090909091,0.5790909090909091,62.2730625,70.05918750000001,87.77,40.427499999999995,61.391,2.207,70.853,0.0,0.0,0.0,302,3,A,3,Compact,0.94,Pass,NONE,,0.01952,38.729,2.207,0
VH-00304,73.7060909090909,11.978559753116611,98.513,96.1252,36.62082954545454,48.805,39.04364772727273,47.439,1.8099204545454546,2.772,0.4772727272727273,0.5,0.6136363636363636,0.4090909090909091,0.4090909090909091,0.5772727272727273,64.3981875,71.8715,88.56275,41.838,64.49,2.772,73.184,0.0,0.0,0.0,303,3,A,4,SUV,1.08,Pass,NONE,,0.02527,41.838,2.772,0
VH-00305,72.38193181818181,11.622760834407964,95.675,93.91195,36.46130681818182,52.046,39.01614772727273,48.443,1.775875,2.149,0.5,0.5,0.5909090909090909,0.4090909090909091,0.4090909090909091,0.5809090909090909,62.67525,70.940875,87.24558333333334,40.78,64.666,2.092,67.66,0.0,0.0,0.0,304,3,A,5,Compact,0.94,Pass,NONE,,0.02118,40.78,2.092,0
VH-00306,72.3066590909091,11.456061131493666,102.425,93.5399,36.634499999999996,48.25,38.90859090909091,46.291,1.7849886363636365,2.485,0.5454545454545454,0.5909090909090909,0.6363636363636364,0.4090909090909091,0.4090909090909091,0.5754545454545454,63.8355625,69.4748125,87.37725,40.649,62.966,2.185,74.984,0.0,0.0,0.0,305,3,A,6,Sedan,1.0,Pass,NONE,,0.02426,40.649,2.185,0
VH-00307,72.01409090909091,11.628211434022605,101.372,89.74445,36.877545454545455,49.774,39.04047727272727,51.57,1.8207045454545456,2.55,0.5454545454545454,0.5227272727272727,0.5454545454545454,0.4090909090909091,0.4090909090909091,0.5790909090909091,62.1454375,71.021,86.49641666666666,42.779,63.191,2.236,73.085,0.7790000000000035,0.0,0.0,306,3,A,7,Sedan,1.0,Pass,NONE,,0.02075,42.779,2.236,0
VH-00308,72.75897727272728,11.13762947825166,96.9,92.9843,36.117318181818185,49.245,38.96243181818182,47.572,1.8020909090909092,2.426,0.5,0.4090909090909091,0.6136363636363636,0.4090909090909091,0.4090909090909091,0.5809090909090909,62.8445,72.03175,86.94791666666667,41.24,61.173,1.923,68.918,0.0,0.0,0.0,307,3,A,8,Sedan,1.0,Pass,NONE,,0.02662,41.24,1.923,0
VH-00309,72.10277272727272,12.502276832387672,100.7,94.89095,36.36068181818182,51.781,39.03125,48.219,1.8114204545454546,2.483,0.4772727272727273,0.5454545454545454,0.5909090909090909,0.4090909090909091,0.4090909090909091,0.5809090909090909,62.207125,69.803875,88.36216666666667,41.786,60.049,2.483,69.945,0.0,0.0,0.0,308,3,A,9,Compact,0.94,Pass,NONE,,0.02193,41.786,2.483,0
VH-00310,71.7501590909091,10.727732056083648,95.81,90.08475,35.85556818181818,49.429,39.039306818181814,48.396,1.7705,2.354,0.5,0.5909090909090909,0.5909090909090909,0.4090909090909091,0.4090909090909091,0.5754545454545454,63.597187500000004,68.9408125,86.36658333333332,41.32,68.273,2.354,73.047,0.0,0.0,0.0,309,3,A,10,Compact,0.94,Pass,NONE,,0.01619,41.32,2.354,0
VH-00311,72.52395454545454,12.424725846874,98.537,95.38195,36.07493181818182,50.494,38.92032954545454,48.5,1.8134772727272728,2.501,0.5,0.4772727272727273,0.6136363636363636,0.4090909090909091,0.4090909090909091,0.5809090909090909,62.266125,70.9643125,88.28058333333333,41.766,59.375,2.331,69.684,0.0,0.0,0.0,310,3,A,11,Compact,0.94,Pass,NONE,,0.01939,41.766,2.331,0
VH-00312,72.87022727272728,11.958624623148705,97.645,94.5583,36.52828409090909,52.989,39.10280681818182,47.895,1.8150795454545454,2.334,0.5909090909090909,0.4772727272727273,0.7045454545454546,0.4090909090909091,0.4090909090909091,0.5754545454545454,63.2464375,71.412375,87.64575,41.48,65.271,2.052,68.783,0.0,0.0,0.0,311,3,A,12,Sedan,1.0,Pass,NONE,,0.01859,41.48,2.052,0
VH-00313,72.12806818181818,11.895979145595895,100.534,93.92555,36.356272727272724,53.246,38.91795454545455,48.282,1.7801250000000002,2.32,0.4772727272727273,0.5454545454545454,0.6818181818181818,0.4090909090909091,0.4090909090909091,0.5754545454545454,62.7224375,69.9863125,87.52458333333334,40.218,65.259,2.02,68.169,0.0,0.0,0.0,312,3,A,13,Sedan,1.0,Pass,NONE,,0.02022,40.218,2.02,0
VH-00314,72.05,11.772781908302946,96.825,92.66,36.527829545454544,52.481,38.82963636363637,46.291,1.8141477272727273,2.369,0.5909090909090909,0.5909090909090909,0.5227272727272727,0.4090909090909091,0.4090909090909091,0.5790909090909091,62.704,69.992375,87.25483333333334,39.576,60.519,2.207,70.563,0.0,0.0,0.0,313,3,A,14,Compact,0.94,Pass,NONE,,0.02514,39.576,2.207,0
VH-00315,73.18875,10.86877138844064,99.011,92.69720000000001,36.561761363636364,50.853,39.14835227272727,49.555,1.8048636363636363,2.323,0.5227272727272727,0.45454545454545453,0.5227272727272727,0.4090909090909091,0.4090909090909091,0.5809090909090909,64.2946875,71.6206875,87.13825000000001,40.583,59.58,1.891,74.078,0.0,0.0,0.0,314,3,A,15,SUV,1.08,Pass,NONE,,0.01926,40.583,1.891,0
VH-00316,71.963,10.755728457485475,94.379,92.0009,36.20154545454545,50.431,38.90319318181818,48.051,1.8047386363636364,2.28,0.5681818181818182,0.6136363636363636,0.5227272727272727,0.4090909090909091,0.4090909090909091,0.5772727272727273,63.2340625,70.783625,85.17408333333334,40.639,62.841,2.122,69.306,0.0,0.0,0.0,315,3,A,16,Sedan,1.0,Pass,NONE,,0.02211,40.639,2.122,0
VH-00317,71.4470909090909,11.27156727472948,95.41,93.59140000000001,36.2665,50.903,39.13121590909091,48.657,1.8405909090909092,2.511,0.5227272727272727,0.5454545454545454,0.6136363636363636,0.4090909090909091,0.4090909090909091,0.5754545454545454,63.4088125,68.683875,85.84908333333334,40.85,67.647,2.291,70.696,0.0,0.0,0.0,316,3,A,17,Compact,0.94,Pass,NONE,,0.02132,40.85,2.291,0
VH-00318,73.4681590909091,11.37312631528393,97.204,95.8408,36.64181818181818,49.807,38.78696590909091,50.011,1.8118409090909091,2.405,0.4772727272727273,0.5454545454545454,0.5909090909090909,0.4090909090909091,0.4090909090909091,0.5772727272727273,64.4639375,71.2845,88.38533333333334,39.732,68.288,2.246,69.071,0.0,0.0,0.0,317,3,A,18,SUV,1.08,Fail,LOW_CONFIDENCE_MULTI_CAUSAL,ST-45,0.02997,39.732,2.156,1
VH-00319,73.10663636363637,12.044358681587811,99.872,96.71495,36.47348863636363,51.87,39.12382954545455,49.575,1.8090568181818183,2.514,0.4772727272727273,0.5227272727272727,0.6363636363636364,0.4090909090909091,0.4090909090909091,0.5754545454545454,63.24225,71.763625,88.04983333333332,40.691,68.283,2.514,73.306,0.0,0.0,0.0,318,3,A,19,SUV,1.08,Pass,NONE,,0.03335,40.691,2.514,0
VH-00320,73.36404545454546,11.498781379223985,99.164,95.5498,36.24795454545454,48.34,38.938897727272725,47.809,1.7790681818181817,2.137,0.5454545454545454,0.5,0.5909090909090909,0.4090909090909091,0.4090909090909091,0.5809090909090909,64.418375,71.20725,88.16733333333333,40.853,68.99,2.061,72.858,0.0,0.0,0.0,319,3,A,20,SUV,1.08,Pass,NONE,,0.02607,40.853,2.061,0
VH-00321,72.02381818181817,12.037532535680596,102.159,95.18175,36.525954545454546,50.457,38.974920454545455,48.735,1.8162727272727273,2.625,0.4772727272727273,0.45454545454545453,0.5681818181818182,0.4090909090909091,0.4090909090909091,0.5863636363636364,62.703875,70.11775,86.99183333333333,41.083,65.815,2.518,73.722,0.0,0.0,0.0,320,3,A,21,Compact,0.94,Pass,NONE,,0.01949,41.083,2.518,0
VH-00322,72.42925000000001,11.70524272147334,97.741,94.88065,36.39907954545455,53.309,38.80713636363637,48.825,1.7993295454545455,2.271,0.5454545454545454,0.5454545454545454,0.5681818181818182,0.4090909090909091,0.4090909090909091,0.5790909090909091,62.7699375,70.8074375,87.47075,39.476,67.415,2.271,68.732,0.0,0.0,0.0,321,3,A,22,Sedan,1.0,Pass,NONE,,0.01973,39.476,2.271,0
VH-00323,74.13586363636364,11.41515347326447,105.198,94.02135,36.720045454545456,51.614,38.75509090909091,46.86,1.7793295454545452,2.381,0.5227272727272727,0.5227272727272727,0.5454545454545454,0.4090909090909091,0.4090909090909091,0.5827272727272728,65.0655625,72.7428125,88.08699999999999,41.814,65.419,2.331,71.573,0.0,0.0,0.0,322,3,A,23,SUV,1.08,Pass,NONE,,0.02376,41.814,2.331,0
VH-00324,73.03886363636364,11.808469433125772,99.319,96.42325,36.585136363636366,50.723,38.89990909090909,48.559,1.7930113636363636,2.455,0.5,0.45454545454545453,0.6136363636363636,0.4090909090909091,0.4090909090909091,0.5772727272727273,63.5265625,71.0575,88.36375,41.411,62.982,2.185,63.89,0.0,0.0,0.0,323,3,A,24,SUV,1.08,Pass,NONE,,0.02974,41.411,2.185,0
VH-00325,73.15843181818182,11.724032541824286,95.674,93.377,36.40451136363636,52.062,39.11028409090909,49.237,1.7598068181818183,2.158,0.4772727272727273,0.4090909090909091,0.6363636363636364,0.4090909090909091,0.4090909090909091,0.5827272727272728,64.0393125,70.900375,88.32799999999999,41.601,65.736,2.158,79.001,0.0,0.0,0.0,324,3,A,25,Truck,1.14,Pass,NONE,,0.03009,41.601,2.158,0
VH-00326,71.89690909090909,11.822393282317075,98.339,92.48065,36.04929545454545,55.363,38.783806818181816,47.93,1.8283977272727272,2.481,0.5,0.5227272727272727,0.6136363636363636,0.4090909090909091,0.4090909090909091,0.5736363636363636,62.3049375,69.7626875,87.53183333333334,40.781,66.328,2.367,73.415,0.0,0.0,0.0,325,3,A,26,Compact,0.94,Pass,NONE,,0.01867,40.781,2.367,0
VH-00327,72.62400000000001,11.845788895558595,101.232,94.16675,36.50121590909091,49.264,38.965545454545456,47.496,1.8285000000000002,2.821,0.4318181818181818,0.4772727272727273,0.5909090909090909,0.4090909090909091,0.4090909090909091,0.5827272727272728,63.6884375,70.36675,87.54775,41.818,67.024,2.309,74.925,0.0,0.0,0.0,326,3,A,27,Sedan,1.0,Pass,NONE,,0.02711,41.818,2.309,0
VH-00328,72.45459090909091,12.329284270364203,101.028,94.4415,36.46251136363637,52.951,38.99188636363636,47.417,1.8500454545454545,2.527,0.4772727272727273,0.5,0.6363636363636364,0.4090909090909091,0.4090909090909091,0.5790909090909091,63.1618125,70.090875,87.99658333333333,41.756,64.456,2.2,73.732,0.0,0.0,0.0,327,3,A,28,Sedan,1.0,Pass,NONE,,0.01754,41.756,2.2,0
VH-00329,72.37852272727274,11.339847481621971,102.11,91.1591,36.17579545454545,50.233,38.717363636363636,46.291,1.7900227272727272,2.475,0.5,0.5909090909090909,0.5681818181818182,0.4090909090909091,0.4090909090909091,0.5772727272727273,64.0468125,69.759625,86.97933333333333,41.309,63.617,2.43,72.442,0.0,0.0,0.0,328,3,A,29,Sedan,1.0,Pass,NONE,,0.02345,41.309,2.43,0
VH-00330,72.54493181818181,11.49757259800545,98.273,95.70035,36.472477272727275,52.359,39.110397727272726,49.486,1.8158636363636362,2.627,0.5454545454545454,0.5227272727272727,0.5227272727272727,0.4090909090909091,0.4090909090909091,0.5772727272727273,63.979687500000004,69.59643750000001,87.89658333333334,41.256,67.04,2.627,72.527,0.0,0.0,0.0,329,3,A,30,SUV,1.08,Pass,NONE,,0.02732,41.256,2.627,0
VH-00331,72.02199999999999,11.533068328496437,97.075,93.3925,36.825920454545454,51.226,38.84773863636364,48.338,1.7710113636363636,2.372,0.4772727272727273,0.5681818181818182,0.5681818181818182,0.4090909090909091,0.4090909090909091,0.5790909090909091,63.2349375,69.3123125,87.351,41.822,61.338,2.372,73.512,0.0,0.0,0.0,330,3,A,31,Sedan,1.0,Pass,NONE,,0.01948,41.822,2.372,0
VH-00332,73.8859090909091,12.25689009423847,102.337,96.97380000000001,36.060284090909086,50.19,38.848681818181824,48.543,1.8133068181818182,2.331,0.5,0.5,0.5454545454545454,0.4090909090909091,0.4090909090909091,0.5809090909090909,64.9260625,70.855875,89.87241666666667,41.962,67.12,2.181,71.573,0.0,0.0,0.0,331,3,A,32,SUV,1.08,Pass,NONE,,0.02872,41.962,2.181,0
VH-00333,72.13152272727272,11.18642394484896,95.159,93.26925000000001,36.34443181818182,50.581,38.982977272727275,48.627,1.8157954545454544,2.633,0.5681818181818182,0.5,0.6136363636363636,0.4090909090909091,0.4090909090909091,0.5736363636363636,62.882125,71.1045,85.83341666666666,41.952,66.437,2.633,68.923,0.0,0.0,0.0,332,3,A,33,Compact,0.94,Pass,NONE,,0.02635,41.952,2.633,0
VH-00334,71.99625,11.235871401246497,99.219,93.57820000000001,36.159397727272726,48.483,38.85068181818182,48.163,1.7931477272727272,2.324,0.5227272727272727,0.5454545454545454,0.5909090909090909,0.4090909090909091,0.4090909090909091,0.5772727272727273,62.554,71.20575,85.63991666666668,41.707,61.434,2.246,68.303,0.0,0.0,0.0,333,3,A,34,Compact,0.94,Pass,NONE,,0.01752,41.707,2.422,0
VH-00335,73.63981818181819,12.363311976810293,100.753,97.619,36.440647727272726,49.494,39.11975,47.909,1.7992386363636363,2.637,0.5,0.5909090909090909,0.6363636363636364,0.4090909090909091,0.4090909090909091,0.5772727272727273,63.3266875,72.0493125,89.51133333333333,42.025,64.286,2.637,67.959,0.02499999999999858,0.0,0.0,334,3,A,35,SUV,1.08,Pass,NONE,,0.01809,42.025,2.637,0
VH-00336,73.5789090909091,11.461471129687489,99.955,93.3413,36.317840909090904,49.874,39.05829545454546,48.667,1.8507500000000001,2.8,0.5,0.5227272727272727,0.5454545454545454,0.4090909090909091,0.4090909090909091,0.5772727272727273,64.3490625,71.8994375,88.12466666666667,41.112,64.601,2.8,65.193,0.0,0.0,0.0,335,3,A,36,SUV,1.08,Pass,NONE,,0.02164,41.112,2.8,0
VH-00337,72.48868181818182,11.2704268109534,101.795,93.6884,36.81359090909091,52.191,38.824670454545455,47.5,1.8063068181818183,2.478,0.4772727272727273,0.5,0.5681818181818182,0.4090909090909091,0.4090909090909091,0.5809090909090909,63.4296875,70.899875,86.68575,41.578,65.86,2.382,70.526,0.0,0.0,0.0,336,3,A,37,Sedan,1.0,Pass,NONE,,0.02177,41.578,2.382,0
VH-00338,72.07595454545455,11.2529682925544,99.75,91.2516,36.33171590909091,50.294,39.049704545454546,47.906,1.8350795454545454,2.96,0.5227272727272727,0.5454545454545454,0.5681818181818182,0.4090909090909091,0.4090909090909091,0.5827272727272728,63.3445625,69.90775000000001,86.60875,42.184,67.118,2.96,69.939,0.1839999999999975,0.0,0.0,337,3,A,38,Compact,0.94,Pass,NONE,,0.01759,42.184,2.96,0
VH-00339,71.60643181818182,12.24860948804361,99.564,96.06760000000001,36.42672727272728,49.872,38.79652272727273,46.291,1.8029318181818181,2.801,0.5,0.5,0.6136363636363636,0.4090909090909091,0.4090909090909091,0.5754545454545454,62.084375,68.8651875,87.9575,42.309,62.817,2.801,73.426,0.3089999999999975,0.0,0.0,338,3,A,39,Compact,0.94,Pass,NONE,,0.01807,42.309,2.801,0
VH-00340,73.1825909090909,11.392734578563209,101.723,94.3284,36.83355681818182,49.634,38.82594318181818,48.017,1.822625,2.714,0.45454545454545453,0.5227272727272727,0.6363636363636364,0.4090909090909091,0.4090909090909091,0.5736363636363636,64.611875,71.22562500000001,87.2195,41.124,69.264,2.246,74.371,0.0,0.0,0.0,339,3,A,40,SUV,1.08,Pass,NONE,,0.02855,41.124,2.702,0
VH-00341,72.37913636363636,11.646828837970121,98.975,94.034,36.5915,51.57,38.96614772727273,48.968,1.7789886363636362,2.548,0.4772727272727273,0.5454545454545454,0.5454545454545454,0.4090909090909091,0.4090909090909091,0.5809090909090909,63.09525,70.680375,87.02266666666667,42.204,68.325,2.548,71.126,0.20400000000000063,0.0,0.0,340,3,A,41,Sedan,1.0,Pass,NONE,,0.0223,42.204,2.548,0
VH-00342,73.67952272727273,11.512414828589092,101.264,96.00370000000001,35.81727272727273,51.409,38.76169318181818,47.146,1.7883977272727272,2.876,0.6136363636363636,0.45454545454545453,0.5227272727272727,0.4090909090909091,0.4090909090909091,0.5809090909090909,65.24275,71.351,88.03325,40.485,65.026,2.876,77.531,0.0,0.0,0.0,341,3,A,42,SUV,1.08,Fail,LOW_CONFIDENCE_MULTI_CAUSAL,ST-45,0.031,40.485,2.876,1
VH-00343,73.63227272727273,12.084661535827886,98.447,96.35935,36.43067045454546,57.577,39.084545454545456,47.888,1.817193181818182,2.763,0.5227272727272727,0.5681818181818182,0.5454545454545454,0.4090909090909091,0.4090909090909091,0.5772727272727273,63.94775,71.98375,88.743,42.397,66.424,2.763,73.555,0.39699999999999847,0.0,0.0,342,3,A,43,SUV,1.08,Pass,NONE,,0.03291,42.397,2.763,0
VH-00344,71.29484090909091,11.529054645573204,99.816,94.50885000000001,35.88490909090909,47.581,38.64063636363637,47.142,1.842875,2.871,0.4318181818181818,0.4772727272727273,0.5681818181818182,0.4090909090909091,0.4090909090909091,0.5845454545454545,62.5551875,69.155125,85.80066666666666,40.251,61.239,2.397,73.002,0.0,0.0,0.0,343,3,A,44,Compact,0.94,Pass,NONE,,0.01942,40.251,2.397,0
VH-00345,72.21668181818183,11.755933743241144,100.091,93.68995,36.88588636363637,52.224,39.313477272727276,48.856,1.8450454545454547,2.867,0.6136363636363636,0.5454545454545454,0.5909090909090909,0.4090909090909091,0.4090909090909091,0.5772727272727273,62.5866875,70.3474375,87.54899999999999,41.466,65.773,2.318,71.401,0.0,0.0,0.0,344,3,A,45,Compact,0.94,Pass,NONE,,0.01406,41.466,2.318,0
VH-00346,72.95022727272728,12.05781500678475,101.536,93.3843,36.16156818181818,48.352,39.07269318181818,48.25,1.8152045454545453,3.032,0.5454545454545454,0.45454545454545453,0.6818181818181818,0.4090909090909091,0.4090909090909091,0.5790909090909091,62.7829375,71.671875,88.21108333333332,42.883,59.568,3.032,70.04,0.8830000000000027,0.0,0.0,345,3,A,46,Sedan,1.0,Pass,NONE,,0.02323,42.883,3.032,0
VH-00347,72.58554545454545,11.214368207804277,102.564,91.86275,36.62651136363636,52.891,38.938375,48.947,1.7808522727272729,2.65,0.5227272727272727,0.4772727272727273,0.6363636363636364,0.4090909090909091,0.4090909090909091,0.5772727272727273,63.228625,71.5020625,86.50608333333334,40.427499999999995,67.932,2.65,68.323,0.0,0.0,0.0,346,3,A,47,Sedan,1.0,Pass,NONE,,0.02695,42.176,2.65,0
VH-00348,72.55609090909091,12.232677445265834,99.001,95.49675,36.61540909090909,49.78,38.95397727272727,47.235,1.8622159090909092,2.669,0.5,0.5909090909090909,0.6136363636363636,0.4090909090909091,0.4090909090909091,0.5772727272727273,62.677625,70.88012499999999,87.962,40.982,63.076,2.669,72.315,0.0,0.0,0.0,347,3,A,48,Compact,0.94,Pass,NONE,,0.01513,40.982,2.669,0
VH-00349,72.20561363636364,10.93430853656659,96.714,92.54725,36.536590909090904,52.748,38.90921590909091,48.005,1.8066250000000001,2.417,0.4772727272727273,0.5227272727272727,0.6818181818181818,0.4090909090909091,0.4090909090909091,0.5754545454545454,63.2156875,71.00925,85.78733333333334,42.199,60.926,2.246,71.064,0.19899999999999807,0.0,0.0,348,3,A,49,Compact,0.94,Pass,NONE,,0.01429,42.199,2.69,0
VH-00350,73.61479545454546,11.659739337665505,100.016,98.71165,36.19377272727273,49.188,39.066295454545454,47.675,1.853056818181818,3.267,0.5454545454545454,0.5454545454545454,0.5,0.4090909090909091,0.4090909090909091,0.5809090909090909,64.4859375,71.840125,88.15283333333333,44.077,75.674,3.267,77.731,2.076999999999998,0.16699999999999982,0.3468589999999993,349,3,A,50,SUV,1.08,Pass,NONE,,0.03283,44.077,3.267,0
VH-00351,71.74890909090908,12.10508100280897,101.068,93.9215,36.95834090909091,53.353,39.125170454545454,49.155,1.8086704545454546,2.507,0.45454545454545453,0.5909090909090909,0.6363636363636364,0.4090909090909091,0.4090909090909091,0.5809090909090909,62.1516875,69.996125,86.88225,42.514,62.324,2.507,70.419,0.5140000000000029,0.0,0.0,350,3,A,51,Compact,0.94,Pass,NONE,,0.02426,42.514,2.507,0
VH-00352,72.24238636363636,11.584750957799146,100.783,94.50595,36.42978409090909,49.009,39.188522727272726,51.129,1.849875,2.517,0.5454545454545454,0.5681818181818182,0.5909090909090909,0.4090909090909091,0.4090909090909091,0.5754545454545454,62.974875,70.5895625,86.80283333333334,43.183,63.066,2.517,70.375,1.1829999999999998,0.0,0.0,351,3,A,52,Compact,0.94,Pass,NONE,,0.01372,43.183,2.517,0
VH-00353,72.63968181818183,12.40961745708906,101.939,98.87685,36.60486363636364,52.587,39.16385227272727,47.846,1.8161363636363637,2.765,0.4772727272727273,0.5227272727272727,0.5227272727272727,0.4090909090909091,0.4090909090909091,0.5809090909090909,62.3021875,71.0030625,88.60516666666666,41.848,61.365,2.765,71.792,0.0,0.0,0.0,352,3,A,53,Sedan,1.0,Pass,NONE,,0.02126,41.848,2.765,0
VH-00354,73.15411363636363,11.585370884079204,102.925,95.45805,36.275386363636365,49.106,39.091170454545455,50.415,1.768693181818182,2.569,0.5454545454545454,0.4772727272727273,0.5909090909090909,0.4090909090909091,0.4090909090909091,0.5809090909090909,63.552499999999995,71.875375,87.66125,42.839,70.35,2.569,71.431,0.8389999999999986,0.0,0.0,353,3,A,54,SUV,1.08,Pass,NONE,,0.02221,42.839,2.569,0
VH-00355,73.1534090909091,11.801278065035474,98.424,92.425,36.50473863636363,50.398,39.09735227272727,47.692,1.811568181818182,2.966,0.5454545454545454,0.5909090909090909,0.6363636363636364,0.4090909090909091,0.4090909090909091,0.5736363636363636,63.6694375,71.57675,87.90091666666666,42.783,63.196,2.966,70.118,0.7830000000000013,0.0,0.0,354,3,A,55,Sedan,1.0,Pass,NONE,,0.02048,42.783,2.966,0
VH-00356,71.67759090909091,11.409464274805144,98.937,94.73165000000002,36.746227272727275,51.697,38.69619318181818,46.291,1.7971249999999999,2.691,0.5909090909090909,0.6136363636363636,0.5454545454545454,0.4090909090909091,0.4090909090909091,0.5736363636363636,63.1758125,69.3541875,86.11116666666668,41.677,66.031,2.691,71.841,0.0,0.0,0.0,355,3,A,56,Compact,0.94,Pass,NONE,,0.01659,41.677,2.691,0
VH-00357,72.09115909090909,11.387413273747676,100.566,96.12305,36.84707954545455,51.244,39.092977272727275,47.893,1.8359204545454546,2.841,0.4772727272727273,0.5227272727272727,0.6136363636363636,0.4090909090909091,0.4090909090909091,0.5827272727272728,62.7286875,70.55225,86.62633333333333,42.835,60.965,2.841,64.205,0.8350000000000009,0.0,0.0,356,3,A,57,Sedan,1.0,Pass,NONE,,0.01935,42.835,2.841,0
VH-00358,72.49152272727272,11.6467492789582,100.14,93.48450000000001,36.76413636363637,51.161,39.13276136363636,49.889,1.8145909090909091,3.123,0.5227272727272727,0.4772727272727273,0.6136363636363636,0.4090909090909091,0.4090909090909091,0.5809090909090909,63.496125000000006,70.138,87.62341666666667,43.62,66.727,3.123,77.227,1.6199999999999974,0.02300000000000013,0.037260000000000154,357,3,A,58,Sedan,1.0,Pass,NONE,,0.02905,43.62,3.123,0
VH-00359,73.04386363636364,11.973187830238942,100.321,93.88685,36.28463636363636,48.578,38.93581818181818,48.59,1.837193181818182,2.976,0.5454545454545454,0.5681818181818182,0.5909090909090909,0.4090909090909091,0.4090909090909091,0.5790909090909091,63.363125,71.2040625,88.40458333333333,43.296,68.34,2.976,70.346,1.2959999999999994,0.0,0.0,358,3,A,59,Truck,1.14,Pass,NONE,,0.03068,43.296,2.976,0
VH-00360,73.19468181818182,11.98022146546224,100.232,98.67465000000001,36.03642045454546,48.728,38.91577272727273,47.138,1.8311250000000001,2.647,0.4772727272727273,0.5,0.5681818181818182,0.4090909090909091,0.4090909090909091,0.5809090909090909,63.3388125,71.71525,88.30841666666667,42.753,67.471,2.647,68.778,0.7530000000000001,0.0,0.0,359,3,A,60,Truck,1.14,Pass,NONE,,0.02721,42.753,2.647,0
VH-00361,71.83752272727273,11.986834794674547,100.08,94.288,37.310375,54.342,39.03521590909091,46.562,1.8297045454545455,2.919,0.5,0.6363636363636364,0.5909090909090909,0.4090909090909091,0.4090909090909091,0.5754545454545454,62.9546875,69.3,87.06466666666667,43.647,65.661,2.919,71.177,1.6469999999999985,0.0,0.0,360,3,A,61,Compact,0.94,Pass,NONE,,0.01474,43.647,2.919,0
VH-00362,73.36904545454546,11.980466704724078,101.127,94.84955000000001,35.89943181818182,51.458,38.97593181818182,48.21,1.8098750000000001,2.752,0.5227272727272727,0.5,0.6590909090909091,0.4090909090909091,0.4090909090909091,0.5772727272727273,64.3305,70.641,89.05783333333333,41.437,64.587,2.752,74.423,0.0,0.0,0.0,361,3,A,62,SUV,1.08,Pass,NONE,,0.03021,41.437,2.752,0
VH-00363,72.9445,12.593243484707033,105.815,92.9902,36.06318181818182,51.179,38.89332954545455,46.291,1.7681022727272726,2.488,0.45454545454545453,0.5454545454545454,0.5227272727272727,0.4090909090909091,0.4090909090909091,0.5809090909090909,62.546375,71.748,88.404,41.426,70.12,2.246,74.246,0.0,0.0,0.0,362,3,A,63,Sedan,1.0,Pass,NONE,,0.02746,41.426,3.468,0
VH-00364,72.55015909090909,11.5363854339684,99.94,94.26165,36.563579545454544,50.53,39.099306818181816,47.645,1.8647954545454546,2.866,0.5,0.5227272727272727,0.5681818181818182,0.4090909090909091,0.4090909090909091,0.5863636363636364,63.0790625,71.1495625,87.04575,44.609,67.152,2.866,69.927,2.6090000000000018,0.0,0.0,363,3,A,64,Truck,1.14,Pass,NONE,,0.02522,44.609,2.866,0
VH-00365,72.90059090909091,12.13993161797948,102.361,95.70400000000001,36.70646590909091,52.035,39.16743181818182,48.95,1.802318181818182,3.156,0.5454545454545454,0.5681818181818182,0.6363636363636364,0.4090909090909091,0.4090909090909091,0.5736363636363636,63.2974375,71.572875,87.47508333333333,43.698,65.732,3.156,73.932,1.6980000000000004,0.05600000000000005,0.0950880000000001,364,3,A,65,Sedan,1.0,Pass,NONE,,0.03312,43.698,3.156,0
VH-00366,74.17890909090909,11.400145886088538,98.805,96.90975,36.10540909090909,49.052,39.04482954545455,48.145,1.8120454545454547,3.294,0.4772727272727273,0.5227272727272727,0.5454545454545454,0.4090909090909091,0.4090909090909091,0.5809090909090909,65.1046875,72.330625,88.74225,43.339,63.499,3.294,72.49,1.3389999999999986,0.19399999999999995,0.25976599999999966,365,3,A,66,SUV,1.08,Pass,NONE,,0.04295,43.339,3.294,0
VH-00367,73.04415909090909,11.646549585743037,97.377,94.87970000000001,36.66396590909091,49.539,38.86110227272727,48.498,1.8183295454545456,3.115,0.5227272727272727,0.5909090909090909,0.6136363636363636,0.4090909090909091,0.4090909090909091,0.5790909090909091,63.146,71.1998125,88.70083333333334,43.154,61.966,3.115,68.732,1.1540000000000035,0.015000000000000124,0.017310000000000197,366,3,A,67,SUV,1.08,Pass,NONE,,0.02465,43.154,3.115,0
VH-00368,72.10770454545455,11.399546467068882,97.634,92.9124,35.996295454545454,48.919,39.097227272727274,47.943,1.8528863636363637,2.932,0.4772727272727273,0.6136363636363636,0.5909090909090909,0.4090909090909091,0.4090909090909091,0.5772727272727273,63.169375,69.7709375,87.14116666666666,43.225,67.639,2.932,74.669,1.2250000000000014,0.0,0.0,367,3,A,68,Sedan,1.0,Pass,NONE,,0.01912,43.225,2.932,0
VH-00369,72.55911363636363,11.874733325213075,98.936,96.2124,36.72596590909091,54.777,39.15305681818182,49.363,1.8208068181818182,3.194,0.5,0.5227272727272727,0.6363636363636364,0.4090909090909091,0.4090909090909091,0.5790909090909091,63.52825,71.1110625,86.531,43.228,68.609,3.194,80.551,1.2280000000000015,0.09399999999999986,0.11543199999999998,368,3,A,69,Sedan,1.0,Pass,NONE,,0.0205,43.228,3.194,0
VH-00370,71.783,11.84903559023285,103.037,90.6391,36.484761363636366,52.42,38.853,46.291,1.7812727272727273,3.15,0.5,0.5454545454545454,0.5454545454545454,0.4090909090909091,0.4090909090909091,0.5827272727272728,62.7301875,69.5366875,86.8485,43.03,66.752,3.15,70.402,1.0300000000000011,0.04999999999999982,0.05149999999999987,369,3,A,70,Sedan,1.0,Pass,NONE,,0.02027,43.03,3.15,0
VH-00371,72.37890909090909,11.57352757186242,101.527,94.16715,36.343875,53.742,38.72679545454545,47.798,1.851284090909091,3.113,0.4772727272727273,0.5,0.5,0.4090909090909091,0.4090909090909091,0.5863636363636364,63.3218125,70.05081249999999,87.55916666666667,42.857,65.489,3.113,71.81,0.8569999999999993,0.0129999999999999,0.011140999999999906,370,3,A,71,Compact,0.94,Pass,NONE,,0.0197,42.857,3.113,0
VH-00372,73.41870454545455,11.596549491981605,103.599,94.45335000000001,36.07481818181818,50.905,39.205352272727275,48.887,1.8583636363636364,3.515,0.5227272727272727,0.5,0.5909090909090909,0.4090909090909091,0.4090909090909091,0.5790909090909091,64.7104375,71.141125,88.0665,43.28,65.494,3.515,74.803,1.2800000000000011,0.41500000000000004,0.5312000000000006,371,3,A,72,SUV,1.08,Fail,LOW_CONFIDENCE_MULTI_CAUSAL,ST-45,0.05418,43.28,3.515,1
VH-00373,72.2164090909091,10.666989253567722,96.939,92.98575,36.244772727272725,51.575,39.116761363636364,47.914,1.7896363636363637,3.197,0.5681818181818182,0.5,0.5454545454545454,0.4090909090909091,0.4090909090909091,0.5772727272727273,62.96875,71.6296875,85.32891666666667,43.553,63.92,3.197,71.197,1.5529999999999973,0.09699999999999998,0.1506409999999997,372,3,A,73,Compact,0.94,Pass,NONE,,0.01552,43.553,3.197,0
VH-00374,72.98290909090909,11.497044950603378,100.322,93.08470000000001,36.37747727272727,50.029,39.24928409090909,48.826,1.8087499999999999,3.182,0.5681818181818182,0.5227272727272727,0.5909090909090909,0.4090909090909091,0.4090909090909091,0.5754545454545454,62.874562499999996,71.81325,88.02024999999999,42.346,66.097,3.182,75.24,0.34599999999999653,0.08199999999999985,0.028371999999999665,373,3,A,74,Sedan,1.0,Pass,NONE,,0.02141,42.346,3.182,0
VH-00375,72.79629545454544,12.472934133050678,102.763,95.3463,36.705431818181815,52.122,38.75873863636364,47.558,1.8346590909090907,3.195,0.5,0.5227272727272727,0.5681818181818182,0.4090909090909091,0.4090909090909091,0.5754545454545454,63.2078125,70.556625,88.56716666666667,42.516,68.367,3.195,65.103,0.5159999999999982,0.09499999999999975,0.0490199999999997,374,3,A,75,SUV,1.08,Pass,NONE,,0.02561,42.516,3.195,0
VH-00376,73.04902272727273,11.668191724331184,98.401,95.74685,36.07051136363636,49.181,38.75820454545455,46.566,1.819284090909091,3.185,0.5454545454545454,0.4090909090909091,0.6136363636363636,0.4090909090909091,0.4090909090909091,0.5790909090909091,63.722875,71.0195,88.18991666666666,43.904,67.137,3.185,75.771,1.9040000000000035,0.08499999999999996,0.16184000000000023,375,3,B,1,Sedan,1.0,Pass,NONE,,0.02801,43.904,3.185,0
VH-00377,73.15952272727273,12.206615214688775,101.445,97.55305,35.936090909090915,51.721,39.20981818181818,47.456,1.8289886363636363,3.254,0.5,0.5681818181818182,0.5909090909090909,0.4090909090909091,0.4090909090909091,0.5809090909090909,63.696625000000004,70.9565,88.71408333333333,44.134,67.427,3.254,64.882,2.1340000000000003,0.15399999999999991,0.3286359999999999,376,3,B,2,Sedan,1.0,Pass,NONE,,0.03359,44.134,3.254,0
VH-00378,74.36147727272727,12.088417459448126,99.158,97.5352,36.18835227272727,50.956,38.96892045454546,48.86,1.8032272727272727,3.32,0.4772727272727273,0.5681818181818182,0.4772727272727273,0.4090909090909091,0.4090909090909091,0.5809090909090909,64.786625,72.4706875,89.649,45.344,67.577,3.32,70.26,3.344000000000001,0.21999999999999975,0.7356799999999994,377,3,B,3,Truck,1.14,Pass,NONE,,0.04707,45.344,3.32,0
VH-00379,72.63427272727273,12.229125813256159,99.765,95.24435000000001,36.79473863636363,50.016,38.90580681818182,48.45,1.8550795454545457,3.079,0.5227272727272727,0.6136363636363636,0.6136363636363636,0.4090909090909091,0.4090909090909091,0.5754545454545454,62.8949375,70.589875,88.34591666666667,40.427499999999995,66.233,3.079,71.46,0.0,0.0,0.0,378,3,B,4,Sedan,1.0,Pass,NONE,,0.02297,44.153,3.079,0
VH-00380,72.79645454545454,11.927447173123563,98.834,96.15155,35.931363636363635,50.386,38.859545454545454,46.291,1.833284090909091,3.282,0.5454545454545454,0.6136363636363636,0.5681818181818182,0.4090909090909091,0.4090909090909091,0.5772727272727273,63.0324375,71.1344375,88.03116666666666,45.849,68.314,3.282,70.886,3.8489999999999966,0.18199999999999994,0.7005179999999992,379,3,B,5,Sedan,1.0,Pass,NONE,,0.0369,45.849,3.282,0
VH-00381,72.29411363636363,12.329912961491223,100.015,94.03295,36.542863636363634,49.48,39.04746590909091,48.037,1.8390113636363636,3.287,0.5227272727272727,0.5227272727272727,0.5681818181818182,0.4090909090909091,0.4090909090909091,0.5809090909090909,62.82675,70.164,87.75741666666666,44.679,65.492,3.287,78.021,2.679000000000002,0.18699999999999983,0.5009729999999999,380,3,B,6,Sedan,1.0,Pass,NONE,,0.03678,44.679,3.287,0
VH-00382,73.28327272727273,11.472010890745286,99.991,93.57520000000001,36.1595,52.979,39.14873863636364,46.832,1.8272613636363637,3.188,0.5454545454545454,0.5227272727272727,0.6136363636363636,0.4090909090909091,0.4090909090909091,0.5736363636363636,63.338625,71.8505625,88.45308333333332,43.939,66.313,3.188,68.063,1.939,0.08800000000000008,0.17063200000000014,381,3,B,7,Sedan,1.0,Pass,NONE,,0.02255,43.939,3.188,0
VH-00383,74.93359090909091,12.100858938028116,100.166,97.90375,36.43665909090909,50.938,39.04588636363636,46.291,1.8058863636363638,2.658,0.4772727272727273,0.5454545454545454,0.5909090909090909,0.4090909090909091,0.4090909090909091,0.5754545454545454,65.5446875,73.23025,89.72325000000001,45.269,66.989,2.246,77.533,3.2689999999999984,0.0,0.0,382,3,B,8,Truck,1.14,Pass,NONE,,0.04081,45.269,3.346,0
VH-00384,73.33029545454545,11.143756411425548,98.266,92.87795,36.78342045454545,52.917,39.127272727272725,48.575,1.7912386363636363,3.503,0.5454545454545454,0.4772727272727273,0.5909090909090909,0.4090909090909091,0.4090909090909091,0.5772727272727273,64.835,70.642,88.24175000000001,43.942,69.604,3.503,77.232,1.9420000000000002,0.403,0.7826260000000002,383,3,B,9,SUV,1.08,Pass,NONE,,0.03391,43.942,3.503,0
VH-00385,72.64802272727273,11.90158725878785,102.162,92.3191,36.78988636363636,51.46,39.08482954545455,47.485,1.8298181818181818,3.229,0.45454545454545453,0.5227272727272727,0.6590909090909091,0.4090909090909091,0.4090909090909091,0.5754545454545454,63.896125,70.1336875,87.66966666666667,44.109,69.057,3.229,74.458,2.1090000000000018,0.129,0.2720610000000002,384,3,B,10,Sedan,1.0,Pass,NONE,,0.02199,44.109,3.229,0
VH-00386,74.68818181818182,12.090534391545727,101.615,96.7462,36.51294318181818,48.319,39.12532954545455,48.344,1.807909090909091,3.32,0.5,0.5227272727272727,0.6818181818181818,0.4090909090909091,0.4090909090909091,0.5772727272727273,65.19125,72.6660625,90.04691666666668,45.062,66.698,3.32,74.09,3.0619999999999976,0.21999999999999975,0.6736399999999987,385,3,B,11,Truck,1.14,Pass,NONE,,0.05687,45.062,3.32,0
VH-00387,71.99063636363636,12.6288988529003,103.923,95.72875,36.141647727272726,51.917,39.063261363636364,47.678,1.848034090909091,3.605,0.5681818181818182,0.5681818181818182,0.5681818181818182,0.4090909090909091,0.4090909090909091,0.5790909090909091,62.0136875,69.3116875,88.86516666666667,44.772,72.764,3.605,69.434,2.7719999999999985,0.5049999999999999,1.399859999999999,386,3,B,12,Compact,0.94,Pass,NONE,,0.06156,44.772,3.605,0
VH-00388,72.88804545454546,12.736440150953328,100.972,98.436,36.591170454545455,51.784,38.989943181818184,47.43,1.8148863636363637,3.402,0.5681818181818182,0.5227272727272727,0.5909090909090909,0.4090909090909091,0.4090909090909091,0.5754545454545454,63.21425,70.1945,89.37783333333333,43.889,66.599,3.402,74.663,1.889000000000003,0.30200000000000005,0.5704780000000009,387,3,B,13,SUV,1.08,Pass,NONE,,0.03946,43.889,3.402,0
VH-00389,72.08272727272727,12.372851263512644,101.049,94.76785,36.91443181818182,51.537,39.001647727272726,48.344,1.828159090909091,3.467,0.4772727272727273,0.45454545454545453,0.5681818181818182,0.4090909090909091,0.4090909090909091,0.5809090909090909,62.1416875,69.9850625,88.13433333333334,42.682,60.629,3.467,69.784,0.6820000000000022,0.367,0.2502940000000008,388,3,B,14,Compact,0.94,Pass,NONE,,0.03136,42.682,3.467,0
VH-00390,73.04929545454546,11.81200915816344,102.075,95.14685,36.467772727272724,51.132,39.01313636363636,47.152,1.8302613636363636,4.075,0.5454545454545454,0.5454545454545454,0.5909090909090909,0.4090909090909091,0.4090909090909091,0.5754545454545454,64.830375,70.4509375,87.47233333333332,43.929,69.554,4.075,81.451,1.929000000000002,0.9750000000000001,1.880775000000002,389,3,B,15,Compact,0.94,Pass,NONE,,0.07605,43.929,4.075,0
VH-00391,73.39072727272728,12.451042489955643,102.497,94.84825000000001,36.39863636363636,49.825,38.94365909090909,47.887,1.8670909090909091,3.346,0.45454545454545453,0.5454545454545454,0.6136363636363636,0.4090909090909091,0.4090909090909091,0.5809090909090909,64.11825,70.235,89.96166666666666,44.42,71.038,3.346,71.203,2.4200000000000017,0.246,0.5953200000000004,390,3,B,16,SUV,1.08,Pass,NONE,,0.03826,44.42,3.346,0
VH-00392,72.89354545454545,12.362633339661462,103.262,95.8896,36.416329545454545,51.91,38.962579545454545,47.162,1.8878522727272726,3.372,0.5,0.5909090909090909,0.6136363636363636,0.4090909090909091,0.4090909090909091,0.5754545454545454,63.07975,71.5526875,87.76641666666667,44.871,65.063,3.372,75.515,2.871000000000002,0.2719999999999998,0.780912,391,3,B,17,Compact,0.94,Pass,NONE,,0.04125,44.871,3.372,0
VH-00393,72.56088636363637,12.607923679116015,99.086,97.0528,36.65438636363636,50.628,39.014818181818185,46.291,1.831556818181818,3.268,0.5,0.5681818181818182,0.5,0.4090909090909091,0.4090909090909091,0.5809090909090909,62.627625,70.581125,88.44491666666666,46.026,63.724,3.268,69.624,4.026000000000003,0.1679999999999997,0.6763679999999994,392,3,B,18,Sedan,1.0,Pass,NONE,,0.04319,46.026,3.268,0
VH-00394,73.96068181818181,11.768806605585027,100.033,98.0661,36.63893181818182,50.47,38.96368181818182,47.774,1.844784090909091,3.361,0.5227272727272727,0.4772727272727273,0.5454545454545454,0.4090909090909091,0.4090909090909091,0.5809090909090909,64.284,71.932875,89.56666666666666,44.61,72.675,3.361,74.058,2.6099999999999994,0.2610000000000001,0.6812100000000002,393,3,B,19,Truck,1.14,Pass,NONE,,0.04664,44.61,3.361,0
VH-00395,74.03563636363637,11.942813152864295,102.611,96.28030000000001,36.48439772727273,49.731,39.1555,46.642,1.8812727272727272,3.464,0.5681818181818182,0.5681818181818182,0.5909090909090909,0.4090909090909091,0.4090909090909091,0.5754545454545454,64.205375,72.1815625,89.61475,45.163,68.669,3.464,74.201,3.1629999999999967,0.3639999999999999,1.1513319999999985,394,3,B,20,SUV,1.08,Pass,NONE,,0.06652,45.163,3.464,0
VH-00396,73.8550909090909,12.289468915461784,104.838,97.65135000000001,36.435306818181814,48.928,38.800011363636365,47.112,1.8091704545454546,3.581,0.4090909090909091,0.5227272727272727,0.5454545454545454,0.4090909090909091,0.4090909090909091,0.5845454545454545,64.504125,71.394375,89.604,43.298,70.18,3.581,78.582,1.2980000000000018,0.48099999999999987,0.6243380000000007,395,3,B,21,Truck,1.14,Pass,NONE,,0.05626,43.298,3.581,0
VH-00397,73.8065,11.680972290488617,103.163,94.778,36.35527272727273,49.743,39.034397727272726,48.974,1.8808295454545456,3.617,0.4318181818181818,0.5227272727272727,0.5227272727272727,0.4090909090909091,0.4090909090909091,0.5809090909090909,63.97175,72.539625,88.60866666666668,43.877,64.555,3.617,79.687,1.8770000000000024,0.5169999999999999,0.9704090000000011,396,3,B,22,Truck,1.14,Pass,NONE,,0.0647,43.877,3.617,0
VH-00398,74.49963636363636,12.673626938318414,100.421,99.48745000000001,36.183795454545454,49.045,38.77818181818182,46.215,1.8093295454545455,3.958,0.5,0.4772727272727273,0.5909090909090909,0.4090909090909091,0.4090909090909091,0.5790909090909091,65.06581249999999,71.6234375,90.913,45.835,69.678,3.958,78.435,3.835000000000001,0.8580000000000001,3.290430000000001,397,3,B,23,SUV,1.08,Fail,S12_TEMP_X_S15_VIBRATION,ST-45,0.35879,45.835,3.958,1
VH-00399,73.99090909090908,12.240661681876025,100.864,98.53615,36.70229545454546,49.081,39.01394318181818,46.291,1.8704204545454546,3.549,0.4772727272727273,0.6136363636363636,0.5681818181818182,0.4090909090909091,0.4090909090909091,0.5772727272727273,64.2505,72.0248125,89.59958333333333,46.069,67.528,3.549,73.207,4.069000000000003,0.44899999999999984,1.8269810000000006,398,3,B,24,SUV,1.08,Pass,NONE,,0.11927,46.069,3.549,0
VH-00400,73.91140909090909,11.635689104863182,101.58,95.22500000000001,36.65801136363636,51.888,38.95873863636364,47.239,1.8844431818181817,3.993,0.5454545454545454,0.5227272727272727,0.6136363636363636,0.4090909090909091,0.4090909090909091,0.5772727272727273,64.6435625,72.2503125,88.48333333333333,44.243,71.155,3.993,78.302,2.243000000000002,0.8929999999999998,2.0029990000000013,399,3,B,25,SUV,1.08,Pass,NONE,,0.1071,44.243,3.993,0
VH-00401,73.42104545454545,12.016647545403169,101.579,92.4379,36.91067045454545,51.363,39.07398863636364,47.84,1.8404545454545456,3.639,0.5681818181818182,0.45454545454545453,0.5681818181818182,0.4090909090909091,0.4090909090909091,0.5790909090909091,64.10787499999999,70.851375,89.26483333333333,40.427499999999995,72.509,3.639,76.208,0.0,0.5389999999999997,0.0,400,3,B,26,Sedan,1.0,Pass,NONE,,0.072,45.076,3.639,0
VH-00402,73.67031818181819,11.594287037002578,103.748,94.26285,36.20864772727273,49.167,39.23777272727273,49.917,1.875534090909091,3.743,0.5227272727272727,0.5909090909090909,0.5681818181818182,0.4090909090909091,0.4090909090909091,0.5754545454545454,63.8080625,72.1481875,88.84949999999999,43.302,67.724,3.743,72.736,1.3019999999999996,0.6429999999999998,0.8371859999999994,401,3,B,27,SUV,1.08,Pass,NONE,,0.04694,43.302,3.743,0
VH-00403,72.99422727272727,11.599401068867659,100.372,92.26755,36.660568181818185,53.637,38.939204545454544,48.754,1.844931818181818,3.483,0.5,0.5454545454545454,0.6136363636363636,0.4090909090909091,0.4090909090909091,0.5809090909090909,63.5895,71.7675,87.16950000000001,44.926,64.906,3.483,73.769,2.926000000000002,0.383,1.1206580000000008,402,3,B,28,Sedan,1.0,Pass,NONE,,0.05068,44.926,3.483,0
VH-00404,71.71720454545454,11.489340448169006,97.945,93.0325,36.567454545454545,50.588,39.092681818181816,49.765,1.8533181818181819,3.391,0.5454545454545454,0.5227272727272727,0.6818181818181818,0.4090909090909091,0.4090909090909091,0.5754545454545454,62.90075,69.0208125,87.06766666666665,44.203,65.925,3.391,70.499,2.203000000000003,0.2909999999999999,0.6410730000000007,403,3,B,29,Compact,0.94,Pass,NONE,,0.03271,44.203,3.391,0
VH-00405,73.56495454545455,11.99100334835294,103.833,96.6453,36.11565909090909,49.052,38.97353409090909,47.978,1.8372159090909093,3.595,0.45454545454545453,0.5454545454545454,0.5681818181818182,0.4090909090909091,0.4090909090909091,0.5790909090909091,65.266375,70.656375,88.50783333333334,45.174,69.424,3.595,79.104,3.1739999999999995,0.4950000000000001,1.5711300000000001,404,3,B,30,Sedan,1.0,Pass,NONE,,0.05567,45.174,3.595,0
VH-00406,72.57168181818182,11.677423309626995,99.693,94.58285000000001,36.556,52.881,39.024375,47.399,1.8024318181818182,3.545,0.5454545454545454,0.5,0.6136363636363636,0.4090909090909091,0.4090909090909091,0.5772727272727273,63.096875,70.7716875,87.60475000000001,44.558,63.845,3.545,71.627,2.558,0.44499999999999984,1.1383099999999995,405,3,B,31,Sedan,1.0,Pass,NONE,,0.05237,44.558,3.545,0
VH-00407,74.35397727272726,12.335735316152387,100.718,96.6661,36.57927272727273,51.931,39.20188636363636,47.61,1.8631250000000001,4.1,0.45454545454545453,0.5454545454545454,0.5,0.4090909090909091,0.4090909090909091,0.5863636363636364,64.7530625,71.8205,90.53316666666666,45.11,70.048,4.1,76.385,3.1099999999999994,0.9999999999999996,3.109999999999998,406,3,B,32,SUV,1.08,Fail,S12_TEMP_X_S15_VIBRATION,ST-45,0.27627,45.11,4.1,1
VH-00408,73.59340909090909,12.21869167113788,103.683,96.29185000000001,35.61668181818182,53.714,38.80144318181818,46.291,1.8430227272727273,4.032,0.5227272727272727,0.5681818181818182,0.6363636363636364,0.4090909090909091,0.4090909090909091,0.5754545454545454,64.2250625,71.0866875,89.42683333333333,44.473,66.146,4.032,70.062,2.472999999999999,0.9319999999999999,2.304835999999999,407,3,B,33,Truck,1.14,Pass,NONE,,0.14929,44.473,4.032,0
VH-00409,72.89202272727272,12.391163168721896,98.945,97.3891,36.61681818181818,53.35,39.08434090909091,48.025,1.8139886363636364,3.681,0.4772727272727273,0.5909090909090909,0.5681818181818182,0.4090909090909091,0.4090909090909091,0.5809090909090909,62.9505,70.4535,89.39875,45.881,68.599,3.681,70.005,3.8810000000000002,0.581,2.254861,408,3,B,34,Sedan,1.0,Pass,NONE,,0.10172,45.881,3.681,0
VH-00410,74.83638636363636,12.186288973279556,103.895,94.37655,36.26559090909091,50.817,38.992056818181815,50.606,1.8539318181818183,3.831,0.5,0.5681818181818182,0.5909090909090909,0.4090909090909091,0.4090909090909091,0.5790909090909091,64.364625,74.0060625,89.90583333333332,45.297,67.286,3.831,76.384,3.296999999999997,0.7309999999999999,2.4101069999999973,409,3,B,35,Truck,1.14,Pass,NONE,,0.19344,45.297,3.831,0
VH-00411,72.34795454545454,12.30826535103035,99.21,95.3422,35.804750000000006,49.082,39.03928409090909,46.291,1.844659090909091,3.704,0.5454545454545454,0.5909090909090909,0.6363636363636364,0.4090909090909091,0.4090909090909091,0.5754545454545454,62.0300625,70.0633125,89.15133333333334,44.774,64.065,3.704,72.139,2.774000000000001,0.6040000000000001,1.6754960000000008,410,3,B,36,Compact,0.94,Pass,NONE,,0.09367,44.774,3.704,0
VH-00412,73.45936363636363,12.135926474710415,102.263,94.52875,36.45044318181818,48.899,39.073159090909094,47.27,1.8485340909090908,3.821,0.5909090909090909,0.5909090909090909,0.5,0.4090909090909091,0.4090909090909091,0.5754545454545454,63.2608125,71.4769375,89.70066666666666,45.251,66.688,3.821,74.981,3.2509999999999977,0.7210000000000001,2.3439709999999985,411,3,B,37,SUV,1.08,Pass,NONE,,0.13637,45.251,3.821,0
VH-00413,72.95422727272727,11.980937640178395,99.891,95.8765,36.44651136363637,53.832,39.24732954545454,50.778,1.861965909090909,3.957,0.4772727272727273,0.5454545454545454,0.5227272727272727,0.4090909090909091,0.4090909090909091,0.5809090909090909,64.149125,69.883,88.78933333333333,45.738,67.878,3.957,79.326,3.7379999999999995,0.8569999999999998,3.203465999999999,412,3,B,38,Compact,0.94,Pass,NONE,,0.2529,45.738,3.957,0
VH-00414,75.68509090909092,13.053324136586788,107.671,99.76935,36.91947727272727,53.748,39.161227272727274,46.755,1.8398522727272728,3.899,0.4318181818181818,0.5227272727272727,0.5454545454545454,0.4090909090909091,0.4090909090909091,0.5827272727272728,65.3615625,72.935375,93.11608333333334,46.755,70.179,3.899,77.263,4.755000000000003,0.7989999999999999,3.7992450000000018,413,3,B,39,Truck,1.14,Pass,NONE,,0.38411,46.755,3.899,0
VH-00415,73.01588636363637,13.197763115992664,103.722,97.504,36.135681818181816,52.234,39.27429545454545,49.084,1.846125,4.325,0.5909090909090909,0.5454545454545454,0.5454545454545454,0.4090909090909091,0.4090909090909091,0.5809090909090909,62.8491875,70.01075,90.57833333333333,45.915,67.811,4.325,78.338,3.914999999999999,1.225,4.795875,414,3,B,40,Compact,0.94,Pass,NONE,,0.47773,45.915,4.325,0
VH-00416,72.20356818181818,13.025045861451598,98.968,97.49485,36.574011363636366,52.8,38.896511363636364,47.301,1.8148863636363637,3.716,0.6136363636363636,0.4772727272727273,0.5,0.4090909090909091,0.4090909090909091,0.5809090909090909,61.7663125,69.976125,89.08983333333333,46.051,67.094,3.716,75.849,4.051000000000002,0.6160000000000001,2.4954160000000014,415,3,B,41,Compact,0.94,Pass,NONE,,0.10045,46.051,3.716,0
VH-00417,73.4005,12.401215040808387,101.014,96.5727,37.02715909090909,51.971,38.79077272727273,48.577,1.8465681818181816,4.016,0.5,0.45454545454545453,0.5909090909090909,0.4090909090909091,0.4090909090909091,0.5809090909090909,63.4806875,71.184875,89.58108333333332,45.358,70.444,4.016,78.268,3.357999999999997,0.9159999999999999,3.075927999999997,416,3,B,42,Compact,0.94,Pass,NONE,,0.23149,45.358,4.016,0
VH-00418,73.10102272727273,12.702048497101854,104.136,95.96875,37.187363636363635,52.323,39.09582954545454,48.251,1.8251136363636364,3.881,0.5227272727272727,0.45454545454545453,0.6136363636363636,0.4090909090909091,0.4090909090909091,0.5772727272727273,63.5044375,70.3916875,89.50891666666666,45.358,69.631,3.881,78.903,3.357999999999997,0.7809999999999997,2.6225979999999964,417,3,B,43,Compact,0.94,Pass,NONE,,0.13342,45.358,3.881,0
VH-00419,72.7540909090909,12.642881484222709,100.117,97.48245,36.80501136363636,50.583,39.076,48.194,1.8972045454545456,3.797,0.4772727272727273,0.5227272727272727,0.5681818181818182,0.4090909090909091,0.4090909090909091,0.5772727272727273,62.376125,70.7355625,89.28275000000001,46.52,74.851,3.797,68.291,4.520000000000003,0.6970000000000001,3.1504400000000023,418,3,B,44,Compact,0.94,Pass,NONE,,0.2688,46.52,3.797,0
VH-00420,72.33309090909091,12.454093287728748,104.728,95.13445,36.03277272727273,48.685,39.112477272727276,47.518,1.8421818181818181,3.762,0.5,0.5454545454545454,0.5681818181818182,0.4090909090909091,0.4090909090909091,0.5790909090909091,62.3884375,69.80924999999999,88.95774999999999,44.681,68.691,3.762,67.833,2.6809999999999974,0.6619999999999999,1.7748219999999981,419,3,B,45,Compact,0.94,Pass,NONE,,0.07041,44.681,3.762,0
VH-00421,73.59025,12.367209685339807,98.98,98.2292,36.18675,51.357,38.9105,47.029,1.8404772727272727,3.9,0.45454545454545453,0.5681818181818182,0.6363636363636364,0.4090909090909091,0.4090909090909091,0.5772727272727273,63.66275,71.568,89.52325,45.333,65.953,3.9,75.304,3.3329999999999984,0.7999999999999998,2.666399999999998,420,3,B,46,Sedan,1.0,Pass,NONE,,0.17475,45.333,3.9,0
VH-00422,74.26915909090908,12.713244331767479,106.62,97.7596,36.945795454545454,53.142,38.93330681818182,47.856,1.8331022727272726,4.018,0.5454545454545454,0.5227272727272727,0.5681818181818182,0.4090909090909091,0.4090909090909091,0.5754545454545454,64.910875,71.3578125,90.62866666666666,45.894,72.31,4.018,78.565,3.8939999999999984,0.9179999999999997,3.5746919999999975,421,3,B,47,SUV,1.08,Pass,NONE,,0.38819,45.894,4.018,0
VH-00423,73.67856818181818,12.34563146613282,102.721,98.33070000000001,36.799738636363635,53.572,39.125113636363636,49.426,1.856784090909091,4.018,0.45454545454545453,0.5681818181818182,0.5681818181818182,0.4090909090909091,0.4090909090909091,0.5754545454545454,63.4585,72.06925,89.45108333333333,45.472,68.563,4.018,76.492,3.4720000000000013,0.9179999999999997,3.1872960000000004,422,3,B,48,Compact,0.94,Pass,NONE,,0.17208,45.472,4.018,0
VH-00424,75.28079545454545,12.917193250424646,102.437,99.16285,35.81439772727273,51.428,39.22071590909091,48.212,1.8202500000000001,4.081,0.5,0.5,0.5454545454545454,0.4090909090909091,0.4090909090909091,0.5790909090909091,65.2986875,72.67043749999999,92.07074999999999,47.434,64.865,4.081,79.924,5.4339999999999975,0.9810000000000003,5.330753999999999,423,3,B,49,SUV,1.08,Pass,NONE,,0.685,47.434,4.081,0
VH-00425,73.62870454545454,12.761353813104414,102.694,99.09070000000001,37.22807954545454,55.655,39.01465909090909,46.756,1.832306818181818,4.252,0.5,0.5227272727272727,0.6136363636363636,0.4090909090909091,0.4090909090909091,0.5790909090909091,63.871125,71.449625,89.54424999999999,44.857,67.029,4.252,83.371,2.8569999999999993,1.1519999999999997,3.291263999999998,424,3,B,50,Sedan,1.0,Pass,NONE,,0.23967,44.857,4.252,0
VH-00426,73.31502272727272,12.797150281412383,99.91,97.49615,36.246534090909094,49.485,38.840295454545455,46.291,1.872397727272727,4.172,0.5909090909090909,0.5681818181818182,0.5227272727272727,0.4090909090909091,0.4090909090909091,0.5754545454545454,63.3226875,71.1061875,89.58325,45.262,60.627,4.172,72.254,3.2620000000000005,1.0719999999999996,3.496863999999999,425,3,B,51,Compact,0.94,Pass,NONE,,0.27482,45.262,4.172,0
VH-00427,74.59272727272727,13.297826266434006,108.321,99.22585000000001,36.88457954545454,53.192,39.04115909090909,48.171,1.8301249999999998,3.914,0.4772727272727273,0.5909090909090909,0.6136363636363636,0.4090909090909091,0.4090909090909091,0.5754545454545454,63.867875,71.93875,92.43116666666667,46.389,71.931,3.914,73.101,4.389000000000003,0.8140000000000001,3.5726460000000024,426,3,B,52,SUV,1.08,Pass,NONE,,0.34977,46.389,3.914,0
VH-00428,74.95279545454545,12.135864286504026,101.883,98.66345,36.76775,52.138,38.97748863636364,47.025,1.8534318181818181,3.909,0.4772727272727273,0.5,0.6136363636363636,0.4090909090909091,0.4090909090909091,0.5827272727272728,64.2155,74.6474375,89.67633333333333,45.914,69.106,3.909,75.252,3.9140000000000015,0.8089999999999997,3.166426,427,3,B,53,Truck,1.14,Fail,S12_TEMP_X_S15_VIBRATION,ST-45,0.26003,45.914,3.909,1
VH-00429,75.36977272727273,13.226883865232779,106.507,101.51285,36.05431818181818,53.155,39.25271590909091,46.331,1.8011704545454543,4.215,0.5681818181818182,0.5681818181818182,0.6136363636363636,0.4090909090909091,0.4090909090909091,0.5772727272727273,65.876875,71.317375,93.43016666666666,46.331,72.61,4.215,79.505,4.331000000000003,1.1149999999999998,4.829065000000003,428,3,B,54,SUV,1.08,Pass,NONE,,0.55397,46.331,4.215,0
VH-00430,75.06143181818182,12.240034306833143,103.327,98.31525,35.869738636363635,49.59,39.180136363636365,48.479,1.8275,4.572,0.5227272727272727,0.5227272727272727,0.6136363636363636,0.4090909090909091,0.4090909090909091,0.5772727272727273,65.512375,72.4851875,91.2285,45.93,67.016,4.572,82.188,3.9299999999999997,1.472,5.78496,429,3,B,55,Truck,1.14,Pass,NONE,,0.74365,45.93,4.572,0
VH-00431,73.67197727272728,13.048288734790026,104.399,96.50455,36.471681818181814,49.429,38.92060227272727,46.749,1.855693181818182,4.36,0.4772727272727273,0.5454545454545454,0.5227272727272727,0.4090909090909091,0.4090909090909091,0.5809090909090909,63.208312500000005,70.72775,91.54916666666666,46.749,65.556,4.36,72.802,4.749000000000002,1.2600000000000002,5.983740000000004,430,3,B,56,Sedan,1.0,Pass,NONE,,0.76731,46.749,4.36,0
VH-00432,74.76893181818183,12.508749318252049,105.348,97.28595,36.40056818181818,52.698,38.88101136363636,48.172,1.8339886363636362,4.37,0.5227272727272727,0.5,0.5681818181818182,0.4090909090909091,0.4090909090909091,0.5790909090909091,65.38325,72.2403125,90.65466666666667,45.513,73.103,4.37,80.717,3.512999999999998,1.27,4.461509999999998,431,3,B,57,Sedan,1.0,Fail,S12_TEMP_X_S15_VIBRATION,ST-45,0.55779,45.513,4.37,1
VH-00433,73.16572727272727,13.199638070026925,104.564,98.25145,36.710465909090914,48.974,39.07311363636364,47.367,1.8416590909090909,4.184,0.45454545454545453,0.4772727272727273,0.6136363636363636,0.4090909090909091,0.4090909090909091,0.5790909090909091,62.185625,71.004625,90.68733333333334,45.862,69.293,4.184,79.847,3.862000000000002,1.084,4.186408000000002,432,3,B,58,Compact,0.94,Fail,S12_TEMP_X_S15_VIBRATION,ST-45,0.50431,45.862,4.184,1
VH-00434,74.74629545454546,12.806658047770968,100.281,98.61715000000001,35.856272727272724,48.772,39.00447727272728,46.337,1.8621931818181816,4.712,0.45454545454545453,0.4318181818181818,0.5681818181818182,0.4090909090909091,0.4090909090909091,0.5827272727272728,65.16275,71.32781250000001,92.08233333333334,46.071,67.588,4.712,82.062,4.070999999999998,1.6119999999999997,6.562451999999995,433,3,B,59,Compact,0.94,Fail,S12_TEMP_X_S15_VIBRATION,ST-45,0.84787,46.071,4.712,1
VH-00435,74.42822727272727,12.91465814016687,102.658,99.77125,36.62926136363637,54.114,38.97445454545454,48.432,1.8330795454545454,4.252,0.5,0.5909090909090909,0.6590909090909091,0.4090909090909091,0.4090909090909091,0.5736363636363636,65.078375,70.57724999999999,92.02933333333334,45.993,65.498,4.252,78.074,3.993000000000002,1.1519999999999997,4.599936000000001,434,3,B,60,SUV,1.08,Fail,S12_TEMP_X_S15_VIBRATION,ST-45,0.60696,45.993,4.252,1
VH-00436,73.26993181818182,13.787383643731296,109.013,99.2933,36.13647727272727,52.828,38.73407954545455,46.291,1.8612499999999998,4.266,0.4772727272727273,0.5681818181818182,0.5681818181818182,0.4090909090909091,0.4090909090909091,0.5790909090909091,63.216,69.397375,91.83858333333335,46.063,67.913,4.266,80.134,4.063000000000002,1.166,4.737458000000003,435,3,B,61,Compact,0.94,Fail,S12_TEMP_X_S15_VIBRATION,ST-45,0.50636,46.063,4.266,1
VH-00437,74.01006818181818,13.293562730322165,105.08,99.16895000000001,36.10977272727273,49.054,39.09307954545455,48.571,1.879840909090909,4.245,0.4772727272727273,0.4772727272727273,0.5,0.4090909090909091,0.4090909090909091,0.5863636363636364,63.8164375,71.1746875,91.38208333333334,45.999,68.423,4.245,77.589,3.9990000000000023,1.145,4.578855000000003,436,3,B,62,Sedan,1.0,Fail,S12_TEMP_X_S15_VIBRATION,ST-45,0.46538,45.999,4.245,1
VH-00438,75.24690909090909,12.47784955350542,103.101,98.5863,35.854409090909094,48.598,38.880261363636365,46.291,1.8244772727272727,4.471,0.5454545454545454,0.5909090909090909,0.6363636363636364,0.4090909090909091,0.4090909090909091,0.5718181818181818,65.9520625,72.225875,91.66808333333334,45.737,70.065,4.471,82.437,3.737000000000002,1.371,5.123427000000002,437,3,B,63,SUV,1.08,Fail,S12_TEMP_X_S15_VIBRATION,ST-45,0.55753,45.737,4.471,1
VH-00439,73.53393181818181,12.569104368376856,104.551,96.67309999999999,36.275375000000004,48.68,39.14056818181818,47.926,1.82425,4.18,0.4772727272727273,0.4318181818181818,0.6818181818181818,0.4090909090909091,0.4090909090909091,0.5772727272727273,63.6949375,70.8951875,90.17091666666666,45.114,69.878,4.18,73.707,3.113999999999997,1.0799999999999996,3.363119999999996,438,3,B,64,Compact,0.94,Pass,NONE,,0.25643,45.114,4.18,0
VH-00440,74.11438636363636,12.56835462250405,101.043,95.6061,36.28475,53.587,39.329125000000005,49.376,1.8323749999999999,4.136,0.5227272727272727,0.5681818181818182,0.5227272727272727,0.4090909090909091,0.4090909090909091,0.5790909090909091,63.786812499999996,72.5319375,89.99441666666667,46.337,67.479,4.136,78.351,4.337000000000003,1.036,4.493132000000004,439,3,B,65,Sedan,1.0,Pass,NONE,,0.4324,46.337,4.136,0
VH-00441,73.65361363636363,12.588384533880149,99.951,96.1957,36.068340909090914,49.552,39.158136363636366,46.489,1.8699318181818183,4.518,0.5454545454545454,0.6136363636363636,0.5454545454545454,0.4090909090909091,0.4090909090909091,0.5736363636363636,62.788875,72.324,89.91275,44.829,66.108,4.518,79.166,2.8290000000000006,1.4179999999999997,4.011522,440,3,B,66,Sedan,1.0,Fail,S12_TEMP_X_S15_VIBRATION,ST-45,0.34839,44.829,4.518,1
VH-00442,73.48872727272727,12.757938517888213,103.644,99.01045,36.420238636363635,49.651,39.167261363636364,49.037,1.8132386363636364,4.134,0.5,0.5909090909090909,0.6363636363636364,0.4090909090909091,0.4090909090909091,0.5772727272727273,63.3956875,70.969125,90.30558333333333,46.244,71.624,4.134,78.198,4.244,1.0340000000000003,4.388296,441,3,B,67,Compact,0.94,Pass,NONE,,0.39681,46.244,4.134,0
VH-00443,73.77829545454546,13.137385576833674,102.016,99.5146,36.63771590909091,51.902,39.07607954545455,49.003,1.8431136363636362,4.469,0.5227272727272727,0.5454545454545454,0.6363636363636364,0.4090909090909091,0.4090909090909091,0.5736363636363636,63.667,70.573625,91.53291666666667,45.757,68.291,4.469,79.766,3.756999999999998,1.3690000000000002,5.143332999999998,442,3,B,68,Sedan,1.0,Fail,S12_TEMP_X_S15_VIBRATION,ST-45,0.60583,45.757,4.469,1
VH-00444,73.41134090909091,12.561437974903873,101.417,95.83000000000001,36.25036363636364,54.161,38.93340909090909,47.665,1.8547045454545454,4.524,0.5227272727272727,0.4772727272727273,0.6136363636363636,0.4090909090909091,0.4090909090909091,0.5754545454545454,63.7633125,70.91625,89.60216666666668,44.868,64.154,4.524,81.582,2.868000000000002,1.424,4.084032000000003,443,3,B,69,Compact,0.94,Pass,NONE,,0.4136,44.868,4.524,0
VH-00445,73.66727272727273,12.314512029655951,99.157,95.89775,36.604454545454544,49.739,39.00351136363636,47.701,1.8477840909090908,4.18,0.5,0.45454545454545453,0.6363636363636364,0.4090909090909091,0.4090909090909091,0.5754545454545454,63.4988125,72.110375,89.30108333333334,46.034,64.366,4.18,76.386,4.033999999999999,1.0799999999999996,4.3567199999999975,444,3,B,70,SUV,1.08,Fail,S12_TEMP_X_S15_VIBRATION,ST-45,0.42787,46.034,4.18,1
VH-00446,72.9553409090909,12.06345914937005,103.976,92.82610000000001,36.97128409090909,52.251,38.97804545454546,47.784,1.8750681818181818,4.233,0.6136363636363636,0.5227272727272727,0.5227272727272727,0.4090909090909091,0.4090909090909091,0.5772727272727273,63.737625,70.5065625,88.51066666666667,44.506,63.59,4.233,77.303,2.5060000000000002,1.1329999999999996,2.839297999999999,445,3,B,71,Compact,0.94,Pass,NONE,,0.13156,44.506,4.233,0
VH-00447,73.965,12.319342252526456,101.103,98.71085000000001,36.03454545454545,48.5,39.102590909090914,47.04,1.8516931818181819,4.46,0.5454545454545454,0.5681818181818182,0.5909090909090909,0.4090909090909091,0.4090909090909091,0.5772727272727273,64.4683125,71.57675,89.81158333333333,44.143,67.942,4.46,74.636,2.1430000000000007,1.3599999999999999,2.9144800000000006,446,3,B,72,SUV,1.08,Pass,NONE,,0.21302,44.143,4.46,0
VH-00448,74.01820454545454,12.797376063864773,104.874,97.27255000000001,35.960625,47.847,39.071977272727274,48.012,1.8496363636363637,4.382,0.5227272727272727,0.6136363636363636,0.5909090909090909,0.4090909090909091,0.4090909090909091,0.5772727272727273,63.415,72.335125,90.39991666666667,44.778,66.887,4.382,76.462,2.7779999999999987,1.2819999999999996,3.561395999999997,447,3,B,73,SUV,1.08,Pass,NONE,,0.32746,44.778,4.382,0
VH-00449,73.80477272727272,13.619889267834601,106.778,97.0419,36.168988636363636,50.372,39.0099090909091,47.118,1.863159090909091,4.263,0.5454545454545454,0.6136363636363636,0.5909090909090909,0.4090909090909091,0.4090909090909091,0.5772727272727273,64.15675,70.065875,91.654,45.509,74.931,4.263,78.777,3.5090000000000003,1.1629999999999998,4.080966999999999,448,3,B,74,Sedan,1.0,Pass,NONE,,0.34422,45.509,4.263,0
VH-00450,73.08297727272726,12.38423506005629,100.672,98.53885,36.26644318181818,50.005,39.20722727272727,48.024,1.83775,4.27,0.5,0.5454545454545454,0.5681818181818182,0.4090909090909091,0.4090909090909091,0.5790909090909091,63.7585,70.398,89.09558333333332,44.078,69.56,4.27,78.171,2.078000000000003,1.1699999999999995,2.431260000000002,449,3,B,75,Sedan,1.0,Pass,NONE,,0.12319,44.078,4.27,0
VH-00451,74.35881818181818,12.34314075456906,101.409,98.1803,36.481488636363636,52.38,39.16742045454546,49.069,1.8163522727272727,4.434,0.5227272727272727,0.6136363636363636,0.5909090909090909,0.4090909090909091,0.4090909090909091,0.5754545454545454,64.59587499999999,71.902625,90.651,44.495,66.39,4.434,78.836,2.4949999999999974,1.334,3.3283299999999967,450,4,A,1,SUV,1.08,Fail,S12_TEMP_X_S15_VIBRATION,ST-45,0.29197,44.495,4.434,1
VH-00452,74.49902272727273,12.546209877959043,102.628,97.69635000000001,36.329875,53.16,38.882,47.461,1.8769772727272729,4.59,0.5,0.4772727272727273,0.5909090909090909,0.4090909090909091,0.4090909090909091,0.5790909090909091,64.407375,72.2596875,90.94033333333334,44.896,69.553,4.59,77.094,2.896000000000001,1.4899999999999998,4.315040000000001,451,4,A,2,Sedan,1.0,Fail,S12_TEMP_X_S15_VIBRATION,ST-45,0.3497,44.896,4.59,1
VH-00453,73.28636363636363,12.733749118342148,100.922,97.55095,36.34951136363637,52.8,39.00639772727273,47.794,1.8470113636363636,4.286,0.45454545454545453,0.45454545454545453,0.6136363636363636,0.4090909090909091,0.4090909090909091,0.5772727272727273,63.388374999999996,70.6790625,89.96008333333333,44.972,65.211,4.286,80.289,2.9720000000000013,1.1859999999999995,3.524792,452,4,A,3,Compact,0.94,Fail,S12_TEMP_X_S15_VIBRATION,ST-45,0.27866,44.972,4.286,1
VH-00454,74.00824999999999,13.671086333598277,103.437,100.9162,36.802806818181814,51.146,38.946340909090914,46.81,1.8105795454545452,4.683,0.5,0.5227272727272727,0.6363636363636364,0.4090909090909091,0.4090909090909091,0.5809090909090909,63.845125,70.2715,92.54141666666668,45.563,66.789,4.683,79.496,3.5630000000000024,1.5829999999999997,5.640229000000003,453,4,A,4,Compact,0.94,Fail,S12_TEMP_X_S15_VIBRATION,ST-45,0.71676,45.563,4.683,1
VH-00455,75.15236363636365,13.572729875868673,111.271,98.5695,36.508,49.14,38.896488636363635,47.72,1.8571022727272728,4.727,0.5454545454545454,0.6136363636363636,0.6590909090909091,0.4090909090909091,0.4090909090909091,0.5736363636363636,64.62175,71.7866875,93.68074999999999,40.427499999999995,66.821,4.727,75.353,0.0,1.6270000000000002,0.0,454,4,A,5,SUV,1.08,Fail,S12_TEMP_X_S15_VIBRATION,ST-45,0.74155,45.538,4.727,1
VH-00456,73.47734090909091,12.66385661700108,98.592,97.72144999999999,36.612784090909095,53.642,39.297579545454546,47.921,1.8692386363636364,4.286,0.4772727272727273,0.5,0.6590909090909091,0.4090909090909091,0.4090909090909091,0.5736363636363636,62.7825,72.1729375,89.47633333333333,44.46,66.578,4.286,77.741,2.460000000000001,1.1859999999999995,2.91756,455,4,A,6,Compact,0.94,Fail,S12_TEMP_X_S15_VIBRATION,ST-45,0.15114,44.46,4.286,1
VH-00457,74.34418181818181,12.914710207109374,101.945,94.779,36.04455681818182,50.564,39.07364772727273,48.057,1.8740227272727272,4.492,0.45454545454545453,0.5227272727272727,0.5909090909090909,0.4090909090909091,0.4090909090909091,0.5772727272727273,64.1169375,72.0748125,91.00633333333333,44.171,67.374,4.492,81.7,2.1709999999999994,1.392,3.022031999999999,456,4,A,7,SUV,1.08,Pass,NONE,,0.26199,44.171,4.492,0
VH-00458,74.26627272727272,12.69226610397539,104.098,99.2309,36.79597727272727,51.71,38.90125,46.978,1.8139886363636364,2.28,0.5,0.5227272727272727,0.6136363636363636,0.4090909090909091,0.4090909090909091,0.5809090909090909,63.9408125,72.563,90.30458333333333,44.454,70.395,2.246,77.602,2.4540000000000006,0.0,0.0,457,4,A,8,Truck,1.14,Pass,NONE,,0.25487,44.454,4.3,0
VH-00459,73.55343181818182,11.628912275710626,102.744,93.32690000000001,36.66051136363637,52.881,39.03026136363636,46.958,1.8343068181818183,4.388,0.5,0.5909090909090909,0.6363636363636364,0.4090909090909091,0.4090909090909091,0.5754545454545454,65.3583125,70.59587499999999,88.42366666666668,44.18,70.466,4.388,81.337,2.1799999999999997,1.2879999999999998,2.8078399999999992,458,4,A,9,Sedan,1.0,Pass,NONE,,0.19013,44.18,4.388,0
VH-00460,73.95363636363636,12.043581266598348,101.671,95.1794,36.171375000000005,49.694,38.959613636363635,47.673,1.833181818181818,4.436,0.5681818181818182,0.5681818181818182,0.6590909090909091,0.4090909090909091,0.4090909090909091,0.57,65.3055625,70.48349999999999,90.11125,44.219,64.321,4.436,77.762,2.219000000000001,1.3359999999999999,2.964584000000001,459,4,A,10,Sedan,1.0,Pass,NONE,,0.19625,44.219,4.436,0
VH-00461,73.92984090909091,12.886891730067179,100.466,97.2634,36.670863636363634,51.259,39.00970454545455,47.768,1.8321363636363637,4.355,0.5681818181818182,0.5227272727272727,0.5909090909090909,0.4090909090909091,0.4090909090909091,0.5809090909090909,64.2785,70.621625,91.20925,43.975,64.945,4.355,78.843,1.9750000000000014,1.2550000000000003,2.4786250000000023,460,4,A,11,SUV,1.08,Fail,S12_TEMP_X_S15_VIBRATION,ST-45,0.12206,43.975,4.355,1
VH-00462,72.9586590909091,12.768506424908852,99.794,98.02205000000001,36.94403409090909,51.365,39.155772727272726,47.432,1.8085454545454545,4.464,0.4772727272727273,0.5454545454545454,0.5454545454545454,0.4090909090909091,0.4090909090909091,0.5772727272727273,63.028625000000005,70.8283125,89.03916666666667,42.947,69.908,4.464,73.028,0.9470000000000027,1.3640000000000003,1.291708000000004,461,4,A,12,Sedan,1.0,Pass,NONE,,0.04932,42.947,4.464,0
VH-00463,72.48618181818182,12.051770911600846,99.311,94.3772,36.64720454545455,51.935,38.85697727272728,46.693,1.8585795454545455,4.451,0.5,0.6136363636363636,0.5454545454545454,0.4090909090909091,0.4090909090909091,0.5809090909090909,62.91875,70.5316875,87.84875,42.33,65.548,4.451,78.502,0.3299999999999983,1.3509999999999995,0.44582999999999756,462,4,A,13,Compact,0.94,Pass,NONE,,0.02045,42.33,4.451,0
VH-00464,72.93979545454546,11.779667837105471,99.866,96.99425000000001,36.62072727272727,52.303,38.93602272727273,49.209,1.8154545454545454,4.185,0.5,0.4772727272727273,0.6136363636363636,0.4090909090909091,0.4090909090909091,0.5772727272727273,64.321,70.77725,87.31491666666666,43.429,71.87,4.185,77.305,1.429000000000002,1.0849999999999995,1.5504650000000015,463,4,A,14,Compact,0.94,Pass,NONE,,0.077,43.429,4.185,0
VH-00465,73.67697727272727,11.964540352085443,101.593,97.1298,36.55927272727273,53.378,39.106375,49.661,1.8958409090909092,4.81,0.45454545454545453,0.5454545454545454,0.5227272727272727,0.4090909090909091,0.4090909090909091,0.5772727272727273,65.62168750000001,70.5933125,88.52891666666666,40.427499999999995,70.546,4.81,82.258,0.0,1.7099999999999995,0.0,464,4,A,15,Sedan,1.0,Pass,NONE,,0.18768,43.951,4.81,0
VH-00466,73.92375,12.6557612822667,98.698,98.0399,36.503840909090904,49.817,38.72480681818182,46.291,1.855022727272727,4.243,0.5454545454545454,0.6363636363636364,0.6363636363636364,0.4090909090909091,0.4090909090909091,0.5772727272727273,64.27737499999999,71.156375,90.47541666666666,44.087,70.27,4.243,76.817,2.0870000000000033,1.1430000000000002,2.385441000000004,465,4,A,16,SUV,1.08,Pass,NONE,,0.17789,44.087,4.243,0
VH-00467,73.91420454545454,12.671498880851495,100.438,99.35925,36.55740909090909,53.564,38.93668181818182,47.743,1.8530454545454547,4.596,0.5454545454545454,0.5909090909090909,0.5227272727272727,0.4090909090909091,0.4090909090909091,0.5790909090909091,64.07487499999999,71.5564375,90.177,44.657,67.763,4.596,82.016,2.6569999999999965,1.496,3.9748719999999946,466,4,A,17,Sedan,1.0,Fail,S12_TEMP_X_S15_VIBRATION,ST-45,0.41314,44.657,4.596,1
VH-00468,74.1585,12.275618971747813,100.963,97.58460000000001,36.5645,50.746,38.80129545454545,46.291,1.7863749999999998,4.388,0.5,0.5227272727272727,0.5909090909090909,0.4090909090909091,0.4090909090909091,0.5827272727272728,64.751,71.7341875,89.93425,43.387,73.37,4.388,78.018,1.3870000000000005,1.2879999999999998,1.7864560000000003,467,4,A,18,SUV,1.08,Pass,NONE,,0.09994,43.387,4.388,0
VH-00469,72.97275,11.570099109392391,96.574,95.17954999999999,36.05745454545455,48.576,39.119488636363634,49.221,1.863806818181818,4.653,0.5,0.5454545454545454,0.6590909090909091,0.4090909090909091,0.4090909090909091,0.5754545454545454,63.6468125,70.66525,88.484,43.736,67.752,4.653,79.268,1.735999999999997,1.5529999999999995,2.6960079999999946,468,4,A,19,Compact,0.94,Pass,NONE,,0.13427,43.736,4.653,0
VH-00470,73.7186590909091,13.54249978116813,104.734,98.0032,35.919602272727275,53.433,38.90034090909091,49.04,1.8290454545454544,4.607,0.5454545454545454,0.4318181818181818,0.6590909090909091,0.4090909090909091,0.4090909090909091,0.5754545454545454,63.9615,70.24675,91.35741666666667,45.446,64.438,4.607,79.315,3.445999999999998,1.5070000000000001,5.193121999999997,469,4,A,20,Compact,0.94,Fail,S12_TEMP_X_S15_VIBRATION,ST-45,0.54096,45.446,4.607,1
VH-00471,73.86763636363636,12.70185299994199,103.29,99.0747,37.02853409090909,54.957,38.77977272727273,48.13,1.8578295454545455,4.679,0.5454545454545454,0.5227272727272727,0.6136363636363636,0.4090909090909091,0.4090909090909091,0.5754545454545454,63.8443125,71.6300625,90.2155,43.508,64.797,4.679,81.433,1.5080000000000027,1.5790000000000002,2.3811320000000045,470,4,A,21,Sedan,1.0,Fail,S12_TEMP_X_S15_VIBRATION,ST-45,0.12213,43.508,4.679,1
VH-00472,73.74602272727273,12.0676287963673,103.596,96.18535,36.25414772727272,55.429,39.02994318181818,48.543,1.8368863636363635,4.734,0.5227272727272727,0.4772727272727273,0.6363636363636364,0.4090909090909091,0.4090909090909091,0.5718181818181818,64.5365,71.7010625,88.75200000000001,43.766,68.8,4.734,84.118,1.7659999999999982,1.634,2.885643999999997,471,4,A,22,Compact,0.94,Pass,NONE,,0.20609,43.766,4.734,0
VH-00473,74.0575,11.636227816208208,98.495,96.571,36.7765,50.762,38.91752272727273,48.241,1.8481363636363637,4.601,0.4772727272727273,0.5454545454545454,0.6136363636363636,0.4090909090909091,0.4090909090909091,0.5827272727272728,65.00625,71.913625,88.98433333333332,43.712,68.715,4.601,79.674,1.7120000000000033,1.501,2.569712000000005,472,4,A,23,SUV,1.08,Fail,S12_TEMP_X_S15_VIBRATION,ST-45,0.19497,43.712,4.601,1
VH-00474,74.27022727272727,12.614468735623777,106.914,99.2693,36.57818181818182,55.478,39.07514772727273,50.118,1.8709318181818182,4.482,0.4772727272727273,0.4772727272727273,0.6363636363636364,0.4090909090909091,0.4090909090909091,0.5754545454545454,64.6079375,71.694125,90.58808333333333,43.473,64.353,4.482,79.133,1.472999999999999,1.3820000000000001,2.0356859999999988,473,4,A,24,SUV,1.08,Pass,NONE,,0.17548,43.473,4.482,0
VH-00475,73.36861363636363,12.514695529500063,103.041,94.20695,36.572613636363634,49.639,39.034465909090905,46.292,1.8308863636363635,4.539,0.45454545454545453,0.5227272727272727,0.6363636363636364,0.4090909090909091,0.4090909090909091,0.5772727272727273,63.970687500000004,70.935625,89.14316666666667,44.209,66.746,4.539,76.8,2.209000000000003,1.4389999999999996,3.1787510000000037,474,4,A,25,Sedan,1.0,Pass,NONE,,0.27279,44.209,4.539,0
VH-00476,74.79438636363636,13.48430663765899,102.642,101.195,36.346295454545455,49.857,38.99463636363637,50.306,1.878375,4.823,0.5227272727272727,0.4318181818181818,0.6590909090909091,0.4090909090909091,0.4090909090909091,0.5754545454545454,64.05375,72.1520625,92.63833333333334,44.823,67.907,4.823,82.975,2.8230000000000004,1.7230000000000003,4.864029000000001,475,4,A,26,SUV,1.08,Pass,NONE,,0.52745,44.823,4.823,0
VH-00477,73.00702272727273,11.453177857956415,97.172,92.89609999999999,36.22494318181818,48.341,39.15169318181818,51.401,1.8310000000000002,4.118,0.5,0.5454545454545454,0.5909090909090909,0.4090909090909091,0.4090909090909091,0.5772727272727273,63.653875,71.5258125,87.45283333333333,41.663,64.098,4.118,77.662,0.0,1.0180000000000002,0.0,476,4,A,27,SUV,1.08,Pass,NONE,,0.02357,41.663,4.118,0
VH-00478,73.57106818181818,12.414363279943347,106.131,96.05290000000001,36.627579545454545,49.783,38.895897727272725,46.291,1.8476022727272727,4.443,0.5,0.5227272727272727,0.5,0.4090909090909091,0.4090909090909091,0.5845454545454545,63.8200625,71.5138125,89.31541666666668,43.008,62.376,4.443,78.654,1.0080000000000027,1.3429999999999995,1.3537440000000032,477,4,A,28,Sedan,1.0,Pass,NONE,,0.0559,43.008,4.443,0
VH-00479,75.89020454545454,12.901276130460788,103.689,101.08405,36.459295454545455,51.621,38.92930681818182,46.291,1.8463181818181817,4.716,0.4772727272727273,0.6136363636363636,0.6136363636363636,0.4090909090909091,0.4090909090909091,0.5736363636363636,66.27025,72.9735625,92.60566666666666,45.157,68.11,4.716,84.874,3.1569999999999965,1.616,5.101711999999995,478,4,A,29,SUV,1.08,Fail,S12_TEMP_X_S15_VIBRATION,ST-45,0.68252,45.157,4.716,1
VH-00480,73.93997727272728,12.584165767711378,103.65,96.235,36.32967045454546,49.063,39.05918181818182,46.889,1.830659090909091,4.711,0.5454545454545454,0.5454545454545454,0.5454545454545454,0.4090909090909091,0.4090909090909091,0.5754545454545454,64.3125625,71.15025,90.49616666666667,44.456,66.504,4.711,78.778,2.456000000000003,1.6110000000000002,3.9566160000000052,479,4,A,30,SUV,1.08,Pass,NONE,,0.40103,44.456,4.711,0
VH-00481,74.18409090909091,12.809976872731488,106.012,98.13855000000001,37.312875,50.742,38.852647727272725,46.833,1.8851818181818183,4.546,0.5227272727272727,0.5227272727272727,0.5454545454545454,0.4090909090909091,0.4090909090909091,0.5809090909090909,64.570375,71.5848125,90.46808333333333,44.029,72.637,4.546,76.381,2.0290000000000035,1.4460000000000002,2.933934000000005,480,4,A,31,SUV,1.08,Pass,NONE,,0.23258,44.029,4.546,0
VH-00482,74.24877272727272,12.359303568216612,103.169,95.979,36.720102272727274,53.405,38.87354545454546,47.83,1.8395795454545456,4.466,0.5227272727272727,0.5454545454545454,0.5909090909090909,0.4090909090909091,0.4090909090909091,0.5827272727272728,64.088875,72.2385,90.47566666666667,43.895,64.233,4.466,79.499,1.8950000000000031,1.366,2.5885700000000043,481,4,A,32,Sedan,1.0,Pass,NONE,,0.15975,43.895,4.466,0
VH-00483,73.26747727272726,11.859676834862686,103.315,97.4745,36.09317045454546,50.611,39.01169318181818,48.093,1.8766477272727273,4.628,0.4318181818181818,0.5454545454545454,0.5909090909090909,0.4090909090909091,0.4090909090909091,0.5772727272727273,64.401875,71.0755,88.01091666666666,42.828,66.905,4.628,78.969,0.828000000000003,1.528,1.2651840000000045,482,4,A,33,Sedan,1.0,Pass,NONE,,0.06426,42.828,4.628,0
VH-00484,74.195,11.8561748978877,103.125,97.06785,36.731829545454545,49.513,39.163397727272724,50.765,1.8612045454545454,4.515,0.4772727272727273,0.5454545454545454,0.6136363636363636,0.4090909090909091,0.4090909090909091,0.5809090909090909,64.820125,71.9094375,89.74225,43.361,64.091,4.515,77.627,1.360999999999997,1.4149999999999996,1.9258149999999954,483,4,A,34,SUV,1.08,Pass,NONE,,0.11281,43.361,4.515,0
VH-00485,72.11822727272728,11.739303649693365,99.602,94.8163,36.723181818181814,53.148,38.949045454545455,48.581,1.844784090909091,4.429,0.5227272727272727,0.5,0.6136363636363636,0.4090909090909091,0.4090909090909091,0.5790909090909091,63.1328125,69.2845625,87.87700000000001,42.678,66.924,4.429,72.589,0.6779999999999973,1.3290000000000002,0.9010619999999965,484,4,A,35,Compact,0.94,Pass,NONE,,0.04125,42.678,4.429,0
VH-00486,73.0495,12.444646181446675,105.929,95.4418,36.00273863636364,49.942,38.81865909090909,46.291,1.8545568181818182,4.751,0.5,0.4772727272727273,0.5227272727272727,0.4090909090909091,0.4090909090909091,0.5845454545454545,63.6820625,71.0979375,88.14150000000001,43.581,65.821,4.751,80.461,1.581000000000003,1.6510000000000002,2.6102310000000055,485,4,A,36,Sedan,1.0,Pass,NONE,,0.15825,43.581,4.751,0
VH-00487,73.84802272727273,13.106784130948574,102.675,98.438,36.60521590909091,49.192,39.14118181818182,48.728,1.8346022727272726,4.714,0.5454545454545454,0.5681818181818182,0.6363636363636364,0.4090909090909091,0.4090909090909091,0.5772727272727273,64.7291875,70.5374375,90.42058333333334,43.566,66.603,4.714,81.967,1.5660000000000025,1.6140000000000003,2.5275240000000045,486,4,A,37,Sedan,1.0,Pass,NONE,,0.12196,43.566,4.714,0
VH-00488,73.7355,13.370043713727224,105.287,97.92015,35.785363636363634,47.585,39.154863636363636,49.458,1.8586022727272726,5.091,0.5454545454545454,0.5,0.5681818181818182,0.4090909090909091,0.4090909090909091,0.5809090909090909,63.674,70.6896875,91.21191666666665,43.903,64.483,5.091,84.552,1.9029999999999987,1.991,3.7888729999999975,487,4,A,38,Compact,0.94,Pass,NONE,,0.28501,43.903,5.091,0
VH-00489,73.02245454545454,13.115126681874134,102.465,97.43575,36.920545454545454,52.585,39.053931818181816,47.866,1.8603295454545454,4.776,0.4772727272727273,0.5227272727272727,0.6136363636363636,0.4090909090909091,0.4090909090909091,0.5772727272727273,62.654875,70.7281875,89.90491666666667,43.473,69.504,4.776,78.284,1.472999999999999,1.6759999999999997,2.468747999999998,488,4,A,39,Sedan,1.0,Fail,S12_TEMP_X_S15_VIBRATION,ST-45,0.11819,43.473,4.776,1
VH-00490,73.02847727272727,11.513796784502507,100.633,96.83315,36.343625,50.977,39.31630681818182,49.493,1.8232272727272727,4.595,0.6363636363636364,0.6363636363636364,0.6136363636363636,0.4090909090909091,0.4090909090909091,0.5736363636363636,64.8643125,69.924875,88.05216666666666,42.172,64.252,4.595,80.159,0.17199999999999704,1.4949999999999997,0.25713999999999554,489,4,A,40,Compact,0.94,Pass,NONE,,0.0352,42.172,4.595,0
VH-00491,74.52647727272728,11.421928099541656,100.79,94.57625,36.48313636363636,54.232,38.90559090909091,46.884,1.8470227272727273,4.453,0.5454545454545454,0.6136363636363636,0.5454545454545454,0.4090909090909091,0.4090909090909091,0.5754545454545454,65.672625,72.5376875,88.98333333333333,40.427499999999995,67.6,4.453,87.585,0.0,1.3530000000000002,0.0,490,4,A,41,SUV,1.08,Fail,S12_TEMP_X_S15_VIBRATION,ST-45,0.10827,43.155,4.453,1
VH-00492,73.36522727272728,12.716298550713045,102.039,97.56925,35.79971590909091,49.433,39.05930681818182,46.397,1.8652954545454543,4.596,0.5454545454545454,0.4318181818181818,0.6136363636363636,0.4090909090909091,0.4090909090909091,0.5827272727272728,63.032125,71.4196875,89.73674999999999,43.446,62.336,4.596,80.194,1.445999999999998,1.496,2.163215999999997,491,4,A,42,Compact,0.94,Pass,NONE,,0.1018,43.446,4.596,0
VH-00493,72.82311363636364,11.79481717124371,98.281,94.5373,35.49726136363636,48.326,38.85760227272727,47.796,1.863193181818182,4.534,0.5454545454545454,0.5454545454545454,0.6136363636363636,0.4090909090909091,0.4090909090909091,0.5772727272727273,63.99725,71.0256875,86.9875,42.698,67.0,4.534,82.142,0.6980000000000004,1.4339999999999997,1.0009320000000004,492,4,A,43,Compact,0.94,Pass,NONE,,0.03357,42.698,4.534,0
VH-00494,74.50029545454545,12.460616914399575,103.297,98.34155,36.963727272727276,51.121,39.118022727272724,48.304,1.8603181818181818,4.448,0.5,0.5,0.6136363636363636,0.4090909090909091,0.4090909090909091,0.5772727272727273,64.757,72.2445,90.49908333333333,42.975,64.951,4.448,81.307,0.9750000000000014,1.3480000000000003,1.3143000000000022,493,4,A,44,Truck,1.14,Pass,NONE,,0.07062,42.975,4.448,0
VH-00495,74.06590909090909,11.693489965486727,99.461,96.02705,36.94257954545455,53.378,39.13482954545455,47.318,1.8446704545454544,5.094,0.5,0.5909090909090909,0.6363636363636364,0.4090909090909091,0.4090909090909091,0.5790909090909091,65.7976875,71.3553125,88.70433333333334,42.078,68.914,5.094,83.018,0.07800000000000296,1.9940000000000002,0.15553200000000592,494,4,A,45,Truck,1.14,Pass,NONE,,0.03619,42.078,5.094,0
VH-00496,71.83554545454545,11.239803648981301,97.076,94.41475,36.76677272727273,53.305,39.05239772727273,48.928,1.8392386363636364,4.551,0.5227272727272727,0.45454545454545453,0.5454545454545454,0.4090909090909091,0.4090909090909091,0.5790909090909091,62.9500625,69.9286875,86.22533333333332,41.773,68.418,4.551,78.161,0.0,1.451,0.0,495,4,A,46,Compact,0.94,Pass,NONE,,0.02167,41.773,4.551,0
VH-00497,72.95254545454544,12.106463364002403,101.477,99.59505,36.50273863636364,50.455,39.08553409090909,48.879,1.8452727272727274,4.523,0.5227272727272727,0.5227272727272727,0.5909090909090909,0.4090909090909091,0.4090909090909091,0.5790909090909091,64.1921875,70.5400625,87.84966666666666,41.889,66.24,4.523,83.643,0.0,1.4229999999999996,0.0,496,4,A,47,Sedan,1.0,Pass,NONE,,0.026,41.889,4.523,0
VH-00498,73.69561363636363,11.337054301828164,100.401,93.91675000000001,36.01446590909091,51.614,38.900977272727275,47.497,1.8754659090909092,4.246,0.5227272727272727,0.4772727272727273,0.6136363636363636,0.4090909090909091,0.4090909090909091,0.5790909090909091,64.87025,71.64475,88.19725,42.749,66.894,4.246,77.583,0.7490000000000023,1.1460000000000004,0.858354000000003,497,4,A,48,SUV,1.08,Pass,NONE,,0.03688,42.749,4.246,0
VH-00499,74.31647727272728,12.677149084334705,102.772,96.32119999999999,36.87522727272727,53.712,38.97956818181819,46.775,1.8280909090909092,4.309,0.5,0.5227272727272727,0.6363636363636364,0.4090909090909091,0.4090909090909091,0.5790909090909091,63.83625,73.20700000000001,89.76941666666666,42.476,64.243,4.309,79.602,0.4759999999999991,1.209,0.5754839999999989,498,4,A,49,Truck,1.14,Pass,NONE,,0.04002,42.476,4.309,0
VH-00500,73.42938636363637,12.260293505754735,104.067,96.28965000000001,36.569818181818185,49.203,38.89002272727273,47.79,1.8758409090909092,4.42,0.5,0.6136363636363636,0.5909090909090909,0.4090909090909091,0.4090909090909091,0.5736363636363636,64.33443749999999,71.2910625,88.40708333333333,42.304,67.864,4.42,81.4,0.30400000000000205,1.3199999999999998,0.40128000000000263,499,4,A,50,SUV,1.08,Pass,NONE,,0.03199,42.304,4.42,0
VH-00501,71.83868181818183,11.759850785662932,100.195,95.89765000000001,36.12175,51.287,39.02809090909091,51.181,1.804125,4.307,0.5227272727272727,0.5227272727272727,0.5227272727272727,0.4090909090909091,0.4090909090909091,0.5809090909090909,62.6589375,70.15275,86.32625,42.117,59.584,4.307,76.606,0.11699999999999733,1.2070000000000003,0.14121899999999682,500,4,A,51,Compact,0.94,Fail,LOW_CONFIDENCE_MULTI_CAUSAL,ST-45,0.0266,42.117,4.307,1
VH-00502,73.81438636363636,12.21095180416051,102.672,95.4556,36.625386363636366,50.347,39.048125,48.674,1.8278068181818183,4.082,0.5454545454545454,0.5454545454545454,0.5909090909090909,0.4090909090909091,0.4090909090909091,0.5772727272727273,63.87925,72.4598125,88.86733333333332,42.953,69.57,4.082,78.079,0.953000000000003,0.9819999999999998,0.9358460000000027,501,4,A,52,SUV,1.08,Pass,NONE,,0.04616,42.953,4.082,0
VH-00503,72.87777272727273,12.341380526342382,103.362,97.19685000000001,36.33045454545454,51.182,38.974306818181816,47.516,1.867909090909091,4.702,0.5,0.4772727272727273,0.5681818181818182,0.4090909090909091,0.4090909090909091,0.5827272727272728,63.5418125,70.779125,88.12391666666667,43.012,67.751,4.702,76.852,1.0120000000000005,1.6019999999999999,1.6212240000000007,502,4,A,53,Compact,0.94,Fail,S12_TEMP_X_S15_VIBRATION,ST-45,0.07825,43.012,4.702,1
VH-00504,72.70361363636363,13.147025031269736,103.267,97.5831,36.26131818181818,53.556,39.11967045454546,48.729,1.841022727272727,4.436,0.5227272727272727,0.5227272727272727,0.5227272727272727,0.4090909090909091,0.4090909090909091,0.5827272727272728,62.5343125,70.20925,89.5885,43.564,64.754,4.436,81.504,1.564,1.3359999999999999,2.089504,503,4,A,54,Compact,0.94,Pass,NONE,,0.09607,43.564,4.436,0
VH-00505,72.90461363636364,12.435329346805846,102.635,95.77255,36.630375,48.599,39.06945454545455,47.256,1.8539999999999999,4.553,0.5454545454545454,0.4772727272727273,0.6363636363636364,0.4090909090909091,0.4090909090909091,0.5790909090909091,63.28675,70.4765625,88.96583333333332,41.447,64.815,4.553,80.74,0.0,1.4529999999999998,0.0,504,4,A,55,Sedan,1.0,Pass,NONE,,0.02281,41.447,4.553,0
VH-00506,74.15656818181819,12.77575509696271,103.616,96.6272,36.71070454545455,48.948,39.06667045454546,47.369,1.8431477272727272,4.353,0.4772727272727273,0.5909090909090909,0.6590909090909091,0.4090909090909091,0.4090909090909091,0.5754545454545454,63.469500000000004,72.7000625,90.348,44.205,71.316,4.353,73.411,2.2049999999999983,1.2529999999999997,2.762864999999997,505,4,A,56,SUV,1.08,Pass,NONE,,0.23751,44.205,4.353,0
VH-00507,73.92995454545455,11.761048155620145,99.419,94.62415,36.88963636363636,52.888,39.047284090909095,47.155,1.8804545454545454,4.537,0.45454545454545453,0.4772727272727273,0.6590909090909091,0.4090909090909091,0.4090909090909091,0.5772727272727273,64.6188125,72.3629375,88.43416666666667,42.76,68.063,4.537,78.807,0.759999999999998,1.4369999999999998,1.092119999999997,506,4,A,57,SUV,1.08,Pass,NONE,,0.07121,42.76,4.537,0
VH-00508,72.48595454545455,11.836335153177728,98.215,95.3485,35.46363636363637,47.384,39.115249999999996,46.939,1.7446249999999999,2.246,0.45454545454545453,0.5909090909090909,0.5681818181818182,0.4090909090909091,0.4090909090909091,0.5754545454545454,62.653687500000004,71.0416875,87.52133333333335,42.007,68.01,2.246,81.29,0.006999999999997897,0.0,0.0,507,4,A,58,Sedan,1.0,Pass,NONE,,0.02637,42.007,4.189,0
VH-00509,73.1526590909091,11.877981010301296,103.757,94.6222,36.95582954545454,55.116,38.831579545454545,46.691,1.828659090909091,3.936,0.4772727272727273,0.5227272727272727,0.6136363636363636,0.4090909090909091,0.4090909090909091,0.5772727272727273,64.5175,70.1780625,88.63233333333334,42.424,67.168,3.936,75.777,0.4239999999999995,0.8359999999999999,0.3544639999999995,508,4,A,59,Sedan,1.0,Pass,NONE,,0.02941,42.424,3.936,0
VH-00510,72.91465909090908,12.072670791662828,101.903,96.24795,36.791045454545454,54.732,39.107,47.648,1.8333977272727273,4.641,0.5227272727272727,0.4772727272727273,0.6136363636363636,0.4090909090909091,0.4090909090909091,0.5790909090909091,64.079,70.7856875,87.53416666666668,43.031,64.33,4.641,82.183,1.0309999999999988,1.541,1.5887709999999982,509,4,A,60,Compact,0.94,Pass,NONE,,0.07683,43.031,4.641,0
VH-00511,72.73638636363636,12.003366696746124,98.782,95.1879,36.26628409090909,50.177,39.03036363636364,51.108,1.8661704545454547,4.359,0.4772727272727273,0.4318181818181818,0.5681818181818182,0.4090909090909091,0.4090909090909091,0.5827272727272728,62.885125,71.30425,87.78091666666667,43.021,64.107,4.359,77.609,1.0210000000000008,1.259,1.2854390000000009,510,4,A,61,Sedan,1.0,Fail,LOW_CONFIDENCE_MULTI_CAUSAL,ST-45,0.05995,43.021,4.359,1
VH-00512,72.47986363636363,11.919759375187398,99.44,95.4424,37.088102272727276,52.354,39.068079545454545,49.075,1.8223636363636364,3.997,0.5,0.5909090909090909,0.5681818181818182,0.4090909090909091,0.4090909090909091,0.5772727272727273,62.6916875,70.6235625,88.00583333333333,41.913,65.007,3.997,74.767,0.0,0.8969999999999998,0.0,511,4,A,62,Compact,0.94,Pass,NONE,,0.02716,41.913,3.997,0
VH-00513,72.81715909090909,11.883440655437749,100.364,96.68455000000002,36.09642045454546,52.3,38.91475,48.795,1.8222727272727275,4.137,0.5,0.4772727272727273,0.6590909090909091,0.4090909090909091,0.4090909090909091,0.5772727272727273,63.877625,70.4816875,87.8505,42.473,67.91,4.137,79.58,0.472999999999999,1.0369999999999995,0.4905009999999987,512,4,A,63,Sedan,1.0,Pass,NONE,,0.03421,42.473,4.137,0
VH-00514,73.62,11.833676062948095,104.67,96.86680000000001,36.506556818181814,50.776,38.791318181818184,46.409,1.861125,4.266,0.5454545454545454,0.5227272727272727,0.6136363636363636,0.4090909090909091,0.4090909090909091,0.5754545454545454,65.00025,71.0858125,88.49191666666667,41.326,65.948,4.266,78.278,0.0,1.166,0.0,513,4,A,64,SUV,1.08,Pass,NONE,,0.0267,41.326,4.266,0
VH-00515,71.8035,12.496387300261606,102.003,94.1592,36.416965909090905,52.846,39.258818181818185,49.027,1.8899886363636362,4.295,0.4090909090909091,0.5681818181818182,0.6136363636363636,0.4090909090909091,0.4090909090909091,0.5790909090909091,62.0728125,69.7840625,87.47033333333333,41.451,63.103,4.295,77.755,0.0,1.1949999999999998,0.0,514,4,A,65,Compact,0.94,Pass,NONE,,0.01765,41.451,4.295,0
VH-00516,73.27790909090909,11.8095468373334,98.188,95.1661,36.71754545454545,52.876,39.093625,49.033,1.856647727272727,4.401,0.5227272727272727,0.5454545454545454,0.5681818181818182,0.4090909090909091,0.4090909090909091,0.5754545454545454,64.036,71.099125,88.5055,43.088,63.542,4.401,81.486,1.088000000000001,1.3009999999999997,1.415488000000001,515,4,A,66,Compact,0.94,Fail,S12_TEMP_X_S15_VIBRATION,ST-45,0.051,43.088,4.401,1
VH-00517,72.29452272727272,12.011603689163161,98.764,93.6395,36.84201136363636,51.852,39.145829545454546,48.41,1.8266704545454546,4.143,0.5,0.5,0.6363636363636364,0.4090909090909091,0.4090909090909091,0.5827272727272728,62.0526875,70.8208125,87.91525,42.196,61.95,4.143,76.522,0.19599999999999795,1.0429999999999997,0.2044279999999978,516,4,A,67,Sedan,1.0,Pass,NONE,,0.02954,42.196,4.143,0
VH-00518,72.97027272727273,12.041456128364699,100.784,96.52335,37.066511363636366,53.372,38.978125000000006,46.974,1.8296136363636364,4.016,0.5227272727272727,0.5454545454545454,0.6590909090909091,0.4090909090909091,0.4090909090909091,0.5754545454545454,63.28375,70.85325,88.70833333333333,42.556,64.325,4.016,75.98,0.5559999999999974,0.9159999999999999,0.5092959999999975,517,4,A,68,SUV,1.08,Pass,NONE,,0.04027,42.556,4.016,0
VH-00519,72.13870454545454,11.247986884646876,96.795,92.53515,36.398022727272725,50.934,38.757568181818186,46.291,1.8353068181818182,4.106,0.5227272727272727,0.5909090909090909,0.7045454545454546,0.4090909090909091,0.4090909090909091,0.5736363636363636,63.3088125,70.1886875,86.51191666666666,41.024,67.456,4.106,71.949,0.0,1.0059999999999998,0.0,518,4,A,69,Sedan,1.0,Pass,NONE,,0.02517,41.024,4.106,0
VH-00520,73.11620454545454,11.744414234067795,100.812,95.54195,36.19602272727273,53.354,38.72453409090909,46.793,1.8345681818181818,3.889,0.45454545454545453,0.5227272727272727,0.5227272727272727,0.4090909090909091,0.4090909090909091,0.5827272727272728,64.3605,69.9695625,88.98599999999999,41.876,65.871,3.889,75.393,0.0,0.7889999999999997,0.0,519,4,A,70,SUV,1.08,Pass,NONE,,0.02967,41.876,3.889,0
VH-00521,72.64822727272727,11.876891643436705,103.224,95.27755,36.431943181818184,53.175,39.21002272727273,47.841,1.8732840909090909,3.741,0.5909090909090909,0.5227272727272727,0.5681818181818182,0.4090909090909091,0.4090909090909091,0.5754545454545454,63.2399375,70.6615,87.84158333333333,41.703,62.678,3.741,74.984,0.0,0.641,0.0,520,4,A,71,Sedan,1.0,Pass,NONE,,0.02138,41.703,3.741,0
VH-00522,72.21409090909091,11.984380537819396,99.674,92.2359,36.718920454545454,53.063,38.939454545454545,47.94,1.8007045454545454,3.845,0.5,0.5681818181818182,0.5909090909090909,0.4090909090909091,0.4090909090909091,0.5754545454545454,63.1036875,69.9319375,87.40416666666665,41.946,62.961,3.845,76.714,0.0,0.7450000000000001,0.0,521,4,A,72,Sedan,1.0,Pass,NONE,,0.01285,41.946,3.845,0
VH-00523,72.06002272727272,11.550322674418778,103.647,93.00615,36.533465909090914,51.133,39.06314772727273,49.832,1.8501477272727271,4.015,0.5681818181818182,0.5,0.5909090909090909,0.4090909090909091,0.4090909090909091,0.5754545454545454,64.078625,68.9794375,86.80933333333333,41.937,62.411,4.015,74.407,0.0,0.9149999999999996,0.0,522,4,A,73,Compact,0.94,Pass,NONE,,0.019,41.937,4.015,0
VH-00524,73.50204545454545,12.148697348016368,100.777,94.9001,36.05048863636363,49.504,38.62059090909091,46.291,1.877965909090909,4.416,0.5,0.5909090909090909,0.5681818181818182,0.4090909090909091,0.4090909090909091,0.5754545454545454,63.6423125,71.771875,88.95524999999999,41.836,69.531,4.416,76.714,0.0,1.3160000000000003,0.0,523,4,A,74,Truck,1.14,Pass,NONE,,0.04179,41.836,4.416,0
VH-00525,73.52065909090909,11.58985512870347,98.107,95.6594,36.29015909090909,49.46,38.90747727272728,47.924,1.8652954545454548,3.996,0.5227272727272727,0.5,0.6136363636363636,0.4090909090909091,0.4090909090909091,0.5754545454545454,64.528625,71.017875,88.84708333333333,40.427499999999995,65.753,3.996,75.325,0.0,0.8959999999999999,0.0,524,4,A,75,SUV,1.08,Pass,NONE,,0.03488,42.891,3.996,0
VH-00526,72.44636363636363,12.216128367175017,102.812,95.31609999999999,36.245034090909094,48.325,39.07714772727273,49.323,1.8034431818181818,3.961,0.5454545454545454,0.5454545454545454,0.5909090909090909,0.4090909090909091,0.4090909090909091,0.5772727272727273,62.9268125,69.950875,88.46641666666666,43.617,62.351,3.961,76.933,1.6169999999999973,0.8609999999999998,1.3922369999999973,525,4,B,1,Sedan,1.0,Pass,NONE,,0.06027,43.617,3.961,0
VH-00527,72.71372727272727,11.59112058383513,102.724,95.79895,36.96267045454545,54.228,39.15184090909091,47.948,1.8370795454545457,3.878,0.45454545454545453,0.45454545454545453,0.6363636363636364,0.4090909090909091,0.4090909090909091,0.5809090909090909,63.97875,70.623875,87.14683333333333,41.486,65.343,3.878,75.903,0.0,0.778,0.0,526,4,B,2,Sedan,1.0,Pass,NONE,,0.02203,41.486,3.878,0
VH-00528,72.79025,11.896294267886093,96.765,95.90385,36.423125,52.257,39.13668181818182,47.655,1.8388068181818182,3.823,0.5227272727272727,0.4772727272727273,0.5909090909090909,0.4090909090909091,0.4090909090909091,0.5809090909090909,63.3420625,70.5818125,88.33241666666667,42.963,61.699,3.823,75.058,0.963000000000001,0.7229999999999999,0.6962490000000006,527,4,B,3,Compact,0.94,Pass,NONE,,0.03489,42.963,3.823,0
VH-00529,74.11659090909092,12.076115585845727,103.647,98.00215,36.88584090909091,48.554,38.85893181818182,46.486,1.7933750000000002,3.653,0.5227272727272727,0.6136363636363636,0.6136363636363636,0.4090909090909091,0.4090909090909091,0.5718181818181818,64.89075,72.0943125,89.11408333333333,42.519,66.681,3.653,73.814,0.5189999999999984,0.5529999999999999,0.28700699999999907,528,4,B,4,Truck,1.14,Pass,NONE,,0.032,42.519,3.653,0
VH-00530,72.28902272727272,11.94372514537691,96.818,93.3332,36.23829545454545,49.257,39.23196590909091,50.87,1.858375,3.933,0.5227272727272727,0.4772727272727273,0.5909090909090909,0.4090909090909091,0.4090909090909091,0.5809090909090909,63.0440625,70.8471875,86.53808333333332,42.922,64.15,3.933,76.772,0.921999999999997,0.8329999999999997,0.7680259999999973,529,4,B,5,Compact,0.94,Pass,NONE,,0.03895,42.922,3.933,0
VH-00531,73.86195454545454,11.832953011595622,100.778,96.95155,35.992113636363634,48.709,39.24189772727273,48.993,1.8361931818181818,4.03,0.4772727272727273,0.5681818181818182,0.6136363636363636,0.4090909090909091,0.4090909090909091,0.5790909090909091,64.2891875,71.9968125,89.1125,41.952,65.896,4.03,74.859,0.0,0.9300000000000002,0.0,530,4,B,6,Truck,1.14,Pass,NONE,,0.02993,41.952,4.03,0
VH-00532,73.98868181818182,11.62946372570845,103.395,95.65950000000001,36.348352272727276,54.938,38.981511363636365,47.298,1.8222386363636363,3.893,0.5,0.45454545454545453,0.5681818181818182,0.4090909090909091,0.4090909090909091,0.5809090909090909,65.670625,70.8095,89.31833333333333,42.026,67.609,3.893,74.539,0.026000000000003354,0.7929999999999997,0.02061800000000265,531,4,B,7,Truck,1.14,Pass,NONE,,0.029,42.026,3.893,0
VH-00533,73.48454545454545,11.779249333397734,103.391,96.60815000000001,36.19839772727273,50.374,39.04028409090909,46.757,1.8572386363636364,3.767,0.4090909090909091,0.5681818181818182,0.6136363636363636,0.4090909090909091,0.4090909090909091,0.5790909090909091,64.13175,71.9825625,87.95758333333333,42.304,68.174,3.767,77.759,0.30400000000000205,0.6669999999999998,0.2027680000000013,532,4,B,8,SUV,1.08,Pass,NONE,,0.03788,42.304,3.767,0
VH-00534,72.36309090909091,12.068361981717977,99.935,93.27295000000001,36.14807954545454,49.947,38.95342045454545,47.979,1.822090909090909,3.676,0.5,0.5227272727272727,0.5681818181818182,0.4090909090909091,0.4090909090909091,0.5809090909090909,63.2799375,70.03993750000001,87.5715,42.78,65.267,3.676,76.372,0.7800000000000011,0.5760000000000001,0.44928000000000073,533,4,B,9,Compact,0.94,Pass,NONE,,0.03738,42.78,3.676,0
VH-00535,72.87131818181818,11.208643493580002,101.391,94.1661,37.11660227272727,52.219,39.203568181818184,46.992,1.833568181818182,3.874,0.5,0.5454545454545454,0.6136363636363636,0.4090909090909091,0.4090909090909091,0.5754545454545454,64.47875,70.276375,87.52133333333335,42.802,64.808,3.874,71.312,0.8019999999999996,0.774,0.6207479999999997,534,4,B,10,Sedan,1.0,Pass,NONE,,0.03106,42.802,3.874,0
VH-00536,72.96125,11.843727020104108,104.963,94.14595,35.53909090909091,48.726,38.673238636363635,48.024,1.836443181818182,3.894,0.4772727272727273,0.5,0.5909090909090909,0.4090909090909091,0.4090909090909091,0.5827272727272728,63.9721875,70.657625,88.01816666666667,40.898,66.995,3.894,77.266,0.0,0.794,0.0,535,4,B,11,Sedan,1.0,Pass,NONE,,0.03641,40.898,3.894,0
VH-00537,72.72825,12.457324054967229,101.291,96.657,36.72315909090909,52.84,38.95118181818182,50.486,1.8748295454545456,4.228,0.5227272727272727,0.45454545454545453,0.5681818181818182,0.4090909090909091,0.4090909090909091,0.5827272727272728,63.0418125,70.845375,88.154,41.469,65.53,4.228,80.562,0.0,1.1279999999999997,0.0,536,4,B,12,Sedan,1.0,Pass,NONE,,0.02971,41.469,4.228,0
VH-00538,73.15861363636363,11.971336824218067,103.375,93.43085,36.43152272727273,50.466,38.78631818181818,47.822,1.8682386363636363,3.699,0.5227272727272727,0.5,0.5909090909090909,0.4090909090909091,0.4090909090909091,0.5754545454545454,63.8898125,71.21600000000001,88.10716666666667,42.417,65.439,3.699,76.329,0.4170000000000016,0.5989999999999998,0.24978300000000084,537,4,B,13,SUV,1.08,Pass,NONE,,0.02397,42.417,3.699,0
VH-00539,73.2571590909091,11.959233412360122,100.043,97.01230000000001,35.51179545454546,49.353,38.85030681818182,48.583,1.8600113636363638,4.113,0.5454545454545454,0.5454545454545454,0.5909090909090909,0.4090909090909091,0.4090909090909091,0.5772727272727273,63.7500625,71.414625,88.39,43.055,64.071,4.113,68.096,1.0549999999999997,1.0130000000000003,1.068715,538,4,B,14,Sedan,1.0,Pass,NONE,,0.05238,43.055,4.113,0
VH-00540,74.04575,12.130820076431123,105.209,97.76405,36.604443181818176,49.771,38.937079545454544,50.46,1.835,3.893,0.4772727272727273,0.5,0.5454545454545454,0.4090909090909091,0.4090909090909091,0.5827272727272728,64.54237499999999,71.89275,89.58758333333333,42.116,64.591,3.893,75.533,0.11599999999999966,0.7929999999999997,0.0919879999999997,539,4,B,15,SUV,1.08,Pass,NONE,,0.02467,42.116,3.893,0
VH-00541,73.77875,11.868837695342041,100.007,97.14264999999999,36.38572727272727,50.481,38.966625,47.665,1.8366022727272728,3.797,0.5,0.45454545454545453,0.6136363636363636,0.4090909090909091,0.4090909090909091,0.5772727272727273,64.5316875,71.6694375,88.92058333333334,42.067,65.455,3.797,76.879,0.06700000000000017,0.6970000000000001,0.04669900000000012,540,4,B,16,Truck,1.14,Pass,NONE,,0.0255,42.067,3.797,0
VH-00542,73.27586363636364,11.698738283371974,98.105,94.8819,36.83575,51.298,39.02063636363636,48.165,1.8178409090909091,3.507,0.5227272727272727,0.5681818181818182,0.6363636363636364,0.4090909090909091,0.4090909090909091,0.5772727272727273,64.3178125,71.225375,87.95391666666667,41.889,69.906,3.507,75.606,0.0,0.40700000000000003,0.0,541,4,B,17,Sedan,1.0,Pass,NONE,,0.02132,41.889,3.507,0
VH-00543,72.04975,12.024794046730243,100.207,94.2044,36.47653409090909,50.317,39.03542045454546,47.6,1.8611931818181817,3.749,0.5909090909090909,0.5454545454545454,0.5454545454545454,0.4090909090909091,0.4090909090909091,0.5736363636363636,62.7390625,69.8524375,87.39375,42.891,66.399,3.749,75.754,0.8909999999999982,0.649,0.5782589999999989,542,4,B,18,Sedan,1.0,Pass,NONE,,0.02712,42.891,3.749,0
VH-00544,72.07490909090909,11.78220109498672,98.332,94.05495,36.64,50.981,38.8935,48.308,1.8577272727272727,3.628,0.5227272727272727,0.5909090909090909,0.5909090909090909,0.4090909090909091,0.4090909090909091,0.5754545454545454,62.9659375,69.507,87.64408333333334,41.635,67.057,3.628,76.598,0.0,0.528,0.0,543,4,B,19,Compact,0.94,Pass,NONE,,0.01642,41.635,3.628,0
VH-00545,72.9839090909091,12.44785306755921,104.935,94.82035,36.80645454545454,49.126,39.1915,49.049,1.8464204545454543,3.671,0.5227272727272727,0.5227272727272727,0.6136363636363636,0.4090909090909091,0.4090909090909091,0.5754545454545454,63.366749999999996,70.768,88.76133333333333,41.736,63.534,3.671,78.657,0.0,0.5709999999999997,0.0,544,4,B,20,SUV,1.08,Pass,NONE,,0.02205,41.736,3.671,0
VH-00546,72.39359090909092,11.978580440254024,98.228,94.9426,36.1155,49.01,38.98035227272727,46.291,1.8802613636363636,3.515,0.4318181818181818,0.5681818181818182,0.5909090909090909,0.4090909090909091,0.4090909090909091,0.5790909090909091,63.02425,70.4978125,87.41375,42.134,69.374,3.515,75.821,0.13400000000000034,0.41500000000000004,0.055610000000000145,545,4,B,21,Compact,0.94,Pass,NONE,,0.01873,42.134,3.515,0
VH-00547,73.3365,12.014920109287376,103.743,96.34100000000001,36.04268181818182,49.406,38.67547727272727,47.373,1.8159999999999998,3.654,0.4318181818181818,0.5227272727272727,0.6818181818181818,0.4090909090909091,0.4090909090909091,0.5772727272727273,64.1231875,71.3195625,88.31016666666666,40.368,64.1,3.654,77.442,0.0,0.5539999999999998,0.0,546,4,B,22,Sedan,1.0,Pass,NONE,,0.02013,40.368,3.654,0
VH-00548,73.28204545454545,12.615371398923207,103.647,96.88755,36.446352272727275,49.701,38.96119318181818,47.189,1.8162272727272728,4.003,0.5681818181818182,0.5681818181818182,0.5909090909090909,0.4090909090909091,0.4090909090909091,0.5790909090909091,63.8750625,70.379,89.69541666666667,41.797,63.41,4.003,74.97,0.0,0.903,0.0,547,4,B,23,SUV,1.08,Pass,NONE,,0.02653,41.797,4.003,0
VH-00549,73.59563636363636,11.760027177414637,99.659,94.04715,36.63123863636363,51.002,39.110170454545454,47.984,1.8465227272727274,3.615,0.6363636363636364,0.36363636363636365,0.6136363636363636,0.4090909090909091,0.4090909090909091,0.5754545454545454,64.5345625,71.7716875,88.109,42.594,68.76,3.615,73.9,0.5940000000000012,0.5150000000000001,0.3059100000000007,548,4,B,24,Truck,1.14,Pass,NONE,,0.02767,42.594,3.615,0
VH-00550,70.95652272727273,11.674366544218735,96.66,91.955,36.427625,51.49,38.80969318181818,47.303,1.8453636363636363,3.838,0.5,0.5,0.6136363636363636,0.4090909090909091,0.4090909090909091,0.5772727272727273,61.81075,69.0685,85.66825,41.559,62.225,3.838,73.738,0.0,0.738,0.0,549,4,B,25,Compact,0.94,Pass,NONE,,0.01793,41.559,3.838,0
VH-00551,71.54363636363637,11.465649587761892,95.71,93.0762,35.90409090909091,49.152,39.071045454545455,47.693,1.8280454545454545,3.492,0.5227272727272727,0.45454545454545453,0.6136363636363636,0.4090909090909091,0.4090909090909091,0.5772727272727273,61.649,69.8573125,86.98491666666666,41.835,61.528,3.492,73.485,0.0,0.3919999999999999,0.0,550,4,B,26,Compact,0.94,Pass,NONE,,0.02134,41.835,3.492,0
VH-00552,73.05968181818183,12.058433024762584,99.264,95.75550000000001,36.687977272727274,47.88,39.011613636363634,47.282,1.8071477272727272,3.179,0.5454545454545454,0.5681818181818182,0.6363636363636364,0.4090909090909091,0.4090909090909091,0.5736363636363636,63.5700625,70.778125,88.75458333333334,41.655,68.78,3.179,67.452,0.0,0.07899999999999974,0.0,551,4,B,27,Compact,0.94,Pass,NONE,,0.01772,41.655,3.179,0
VH-00553,72.81068181818182,12.535499613001813,102.011,95.2533,36.17556818181818,50.196,39.268738636363636,48.009,1.8157727272727273,3.486,0.4772727272727273,0.6136363636363636,0.5454545454545454,0.4090909090909091,0.4090909090909091,0.5772727272727273,64.2988125,69.15775,89.03041666666667,42.092,67.247,3.486,79.764,0.09199999999999875,0.3860000000000001,0.03551199999999953,552,4,B,28,SUV,1.08,Pass,NONE,,0.03038,42.092,3.486,0
VH-00554,72.17518181818183,10.982380231423823,97.793,90.64005,36.41015909090909,50.092,38.85044318181818,47.707,1.8422045454545455,3.806,0.6363636363636364,0.5681818181818182,0.5909090909090909,0.4090909090909091,0.4090909090909091,0.5736363636363636,63.177499999999995,71.762,84.723,41.31,68.975,3.806,77.39,0.0,0.706,0.0,553,4,B,29,Compact,0.94,Pass,NONE,,0.01784,41.31,3.806,0
VH-00555,73.48447727272728,11.647070549920278,102.222,93.21355000000001,36.31490909090909,51.252,38.95586363636364,46.815,1.8929886363636363,3.538,0.5227272727272727,0.5227272727272727,0.5454545454545454,0.4090909090909091,0.4090909090909091,0.5809090909090909,64.0276875,71.6195,88.58016666666667,42.219,65.529,3.538,70.779,0.2190000000000012,0.4379999999999997,0.09592200000000047,554,4,B,30,SUV,1.08,Pass,NONE,,0.02749,42.219,3.538,0
VH-00556,73.3016590909091,12.163356381462867,99.301,95.57140000000001,36.74968181818181,52.502,39.22490909090909,50.923,1.8607045454545454,3.632,0.5454545454545454,0.5,0.6590909090909091,0.4090909090909091,0.4090909090909091,0.5772727272727273,63.479124999999996,71.6250625,88.63383333333333,42.455,68.523,3.632,70.554,0.4549999999999983,0.532,0.2420599999999991,555,4,B,31,Truck,1.14,Pass,NONE,,0.02452,42.455,3.632,0
VH-00557,72.58795454545454,12.18290668137896,101.667,94.3449,36.983125,50.039,38.978238636363635,46.291,1.7591704545454545,3.248,0.5,0.5681818181818182,0.6136363636363636,0.4090909090909091,0.4090909090909091,0.5790909090909091,62.81675,70.37474999999999,88.56716666666667,41.44,65.863,3.248,75.078,0.0,0.14800000000000013,0.0,556,4,B,32,Sedan,1.0,Pass,NONE,,0.01818,41.44,3.248,0
VH-00558,72.53738636363636,12.00532907875132,105.974,94.85730000000001,36.03186363636364,48.623,39.23923863636364,48.371,1.8339659090909093,3.405,0.4772727272727273,0.5,0.6590909090909091,0.4090909090909091,0.4090909090909091,0.5772727272727273,64.038125,69.4156875,88.032,41.158,68.164,3.405,77.033,0.0,0.3049999999999997,0.0,557,4,B,33,Sedan,1.0,Pass,NONE,,0.01636,41.158,3.405,0
VH-00559,71.57275,12.210200006218589,99.074,96.86080000000001,36.44865909090909,50.78,38.801511363636365,49.726,1.8184545454545455,3.568,0.5,0.5227272727272727,0.6136363636363636,0.4090909090909091,0.4090909090909091,0.5772727272727273,62.351,69.1530625,87.09466666666667,39.783,64.227,3.568,69.102,0.0,0.46799999999999997,0.0,558,4,B,34,Compact,0.94,Pass,NONE,,0.01681,39.783,3.568,0
VH-00560,72.41593181818182,12.041348623375283,98.367,94.54245,36.08543181818182,52.934,38.98788636363636,48.324,1.7941250000000002,3.395,0.5227272727272727,0.5454545454545454,0.6136363636363636,0.4090909090909091,0.4090909090909091,0.5790909090909091,62.65025,70.5096875,87.9785,40.637,61.366,3.395,69.805,0.0,0.29499999999999993,0.0,559,4,B,35,Sedan,1.0,Pass,NONE,,0.02553,40.637,3.395,0
VH-00561,71.87338636363637,11.603483867809157,99.379,91.33935000000001,36.73610227272727,48.062,38.852340909090906,46.291,1.8155000000000001,3.393,0.5,0.5909090909090909,0.6136363636363636,0.4090909090909091,0.4090909090909091,0.5772727272727273,62.7265625,70.057875,86.48983333333332,41.385,63.9,3.393,69.706,0.0,0.2929999999999997,0.0,560,4,B,36,Sedan,1.0,Fail,MANUAL_FIT_CHECK_VARIATION,ST-45,0.02428,41.385,3.393,1
VH-00562,72.95118181818181,11.602982235480283,102.179,95.4362,36.496522727272726,51.336,38.94372727272727,46.291,1.8044318181818182,3.485,0.4772727272727273,0.5,0.5909090909090909,0.4090909090909091,0.4090909090909091,0.5809090909090909,63.551125,71.327,87.65016666666666,41.926,64.992,3.485,73.178,0.0,0.3849999999999998,0.0,561,4,B,37,Truck,1.14,Pass,NONE,,0.03028,41.926,3.485,0
VH-00563,72.33793181818181,12.35297215040702,97.441,95.33370000000001,36.69059090909091,53.473,39.10945454545455,49.307,1.8405568181818182,3.32,0.4772727272727273,0.5,0.6363636363636364,0.4090909090909091,0.4090909090909091,0.5809090909090909,61.9536875,70.8848125,88.12108333333333,42.788,64.351,3.32,72.936,0.7879999999999967,0.21999999999999975,0.17335999999999907,562,4,B,38,Compact,0.94,Pass,NONE,,0.02339,42.788,3.32,0
VH-00564,73.29245454545455,11.93120047850806,104.203,96.24135000000001,35.99845454545454,50.845,38.964670454545455,47.785,1.8556590909090909,3.263,0.5,0.5454545454545454,0.5681818181818182,0.4090909090909091,0.4090909090909091,0.5790909090909091,63.4744375,71.892625,88.24958333333332,41.034,67.392,3.263,71.571,0.0,0.1629999999999998,0.0,563,4,B,39,SUV,1.08,Pass,NONE,,0.02782,41.034,3.263,0
VH-00565,73.69561363636363,11.734768192072224,99.798,96.73055000000001,36.07839772727272,51.461,38.87647727272727,47.24,1.8576136363636364,3.528,0.4772727272727273,0.5454545454545454,0.6818181818181818,0.4090909090909091,0.4090909090909091,0.5754545454545454,64.3471875,71.976125,88.45283333333333,41.214,67.592,3.528,71.551,0.0,0.42799999999999994,0.0,564,4,B,40,SUV,1.08,Pass,NONE,,0.01951,41.214,3.528,0
VH-00566,72.55352272727272,12.31112384020134,103.986,95.64210000000001,36.52996590909091,51.495,39.06826136363637,48.286,1.829159090909091,3.503,0.5909090909090909,0.5909090909090909,0.5909090909090909,0.4090909090909091,0.4090909090909091,0.5736363636363636,64.182125,68.9681875,88.49583333333334,41.739,67.358,3.503,71.411,0.0,0.403,0.0,565,4,B,41,Sedan,1.0,Pass,NONE,,0.02106,41.739,3.503,0
VH-00567,72.25518181818182,12.004519279378249,102.375,93.84155,36.236,48.103,39.092,49.633,1.836681818181818,3.335,0.5454545454545454,0.5454545454545454,0.6363636363636364,0.4090909090909091,0.4090909090909091,0.5772727272727273,62.3876875,70.92025,87.19175,41.645,63.813,3.335,71.678,0.0,0.23499999999999988,0.0,566,4,B,42,Compact,0.94,Pass,NONE,,0.03301,41.645,3.335,0
VH-00568,72.26856818181818,11.04027012940023,96.059,92.96755,36.36293181818182,48.305,38.94626136363637,48.869,1.8482954545454546,3.204,0.5,0.5454545454545454,0.5681818181818182,0.4090909090909091,0.4090909090909091,0.5772727272727273,63.2750625,70.312625,86.86783333333334,42.909,59.243,3.204,70.172,0.9089999999999989,0.10400000000000009,0.09453599999999997,567,4,B,43,Sedan,1.0,Pass,NONE,,0.0309,42.909,3.204,0
VH-00569,73.17161363636363,11.227752856029957,102.498,93.7381,36.21556818181818,50.345,39.011250000000004,46.852,1.7947840909090909,3.154,0.5,0.5909090909090909,0.6136363636363636,0.4090909090909091,0.4090909090909091,0.5809090909090909,64.8260625,70.7770625,87.49175000000001,40.858,68.147,3.154,72.577,0.0,0.053999999999999826,0.0,568,4,B,44,SUV,1.08,Pass,NONE,,0.02932,40.858,3.154,0
VH-00570,72.44477272727273,11.67241830997158,100.412,95.45465000000002,35.971,49.257,38.992375,48.324,1.7997500000000002,2.971,0.5454545454545454,0.5227272727272727,0.5909090909090909,0.4090909090909091,0.4090909090909091,0.5736363636363636,63.4031875,69.9128125,87.87616666666666,42.135,67.614,2.971,71.994,0.134999999999998,0.0,0.0,569,4,B,45,SUV,1.08,Pass,NONE,,0.03013,42.135,2.971,0
VH-00571,71.23436363636364,11.572315838443634,94.713,92.72885000000001,36.83706818181818,50.36,38.68777272727272,46.667,1.7913522727272728,3.363,0.5227272727272727,0.5681818181818182,0.6136363636363636,0.4090909090909091,0.4090909090909091,0.5736363636363636,62.153375000000004,69.2643125,85.96908333333333,41.229,63.609,3.363,70.057,0.0,0.2629999999999999,0.0,570,4,B,46,Compact,0.94,Pass,NONE,,0.01993,41.229,3.363,0
VH-00572,72.67461363636363,12.603831603120128,99.717,96.10585,35.79779545454546,47.825,38.90655681818182,48.216,1.8112272727272727,2.861,0.5454545454545454,0.5909090909090909,0.5227272727272727,0.4090909090909091,0.4090909090909091,0.5754545454545454,63.120625000000004,70.058625,88.90125,39.902,64.974,2.861,70.079,0.0,0.0,0.0,571,4,B,47,Compact,0.94,Pass,NONE,,0.02055,39.902,2.861,0
VH-00573,71.97825,11.674394890199908,96.961,95.3283,36.043749999999996,48.089,38.95027272727273,48.369,1.8198636363636362,3.191,0.5454545454545454,0.4772727272727273,0.6136363636363636,0.4090909090909091,0.4090909090909091,0.5754545454545454,61.8481875,71.6290625,85.95058333333333,41.134,62.851,3.191,71.427,0.0,0.09099999999999975,0.0,572,4,B,48,Sedan,1.0,Pass,NONE,,0.01565,41.134,3.191,0
VH-00574,72.58077272727273,12.263593962512719,99.405,95.06665,36.32385227272727,48.955,38.84426136363636,48.579,1.840193181818182,3.26,0.4772727272727273,0.5909090909090909,0.5681818181818182,0.4090909090909091,0.4090909090909091,0.5827272727272728,62.9719375,70.50075,88.16591666666666,41.781,71.039,3.26,69.021,0.0,0.1599999999999997,0.0,573,4,B,49,Sedan,1.0,Pass,NONE,,0.01612,41.781,3.26,0
VH-00575,72.77529545454546,12.402876509156021,102.928,91.81985,35.960829545454544,49.358,38.786170454545456,46.291,1.882306818181818,2.957,0.5227272727272727,0.4318181818181818,0.5227272727272727,0.4090909090909091,0.4090909090909091,0.5845454545454545,63.4228125,70.413625,88.39416666666666,40.779,62.579,2.957,71.893,0.0,0.0,0.0,574,4,B,50,Sedan,1.0,Pass,NONE,,0.02871,40.779,2.957,0
VH-00576,73.91256818181819,11.567110397533668,103.866,92.3789,36.68601136363637,51.907,39.12342045454545,48.225,1.8131363636363638,3.261,0.4772727272727273,0.5,0.6590909090909091,0.4090909090909091,0.4090909090909091,0.5809090909090909,64.4763125,72.5125625,88.36091666666668,41.188,68.39,3.261,74.316,0.0,0.16100000000000003,0.0,575,4,B,51,Truck,1.14,Pass,NONE,,0.03493,41.188,3.261,0
VH-00577,71.90484090909091,11.938780902555239,103.897,92.43825000000001,36.889306818181815,51.272,39.142931818181815,49.032,1.8406704545454544,2.949,0.6136363636363636,0.5227272727272727,0.5681818181818182,0.4090909090909091,0.4090909090909091,0.5736363636363636,62.3869375,69.97775,87.16483333333333,41.21,61.799,2.949,69.085,0.0,0.0,0.0,576,4,B,52,Compact,0.94,Pass,NONE,,0.01936,41.21,2.949,0
VH-00578,72.57454545454546,11.744851825086371,105.689,95.21295,36.37864772727273,50.497,39.22081818181818,47.871,1.860375,3.329,0.4772727272727273,0.5454545454545454,0.5909090909090909,0.4090909090909091,0.4090909090909091,0.5790909090909091,63.680625,70.0059375,87.85791666666667,41.951,65.988,3.329,70.381,0.0,0.2290000000000001,0.0,577,4,B,53,SUV,1.08,Pass,NONE,,0.0217,41.951,3.329,0
VH-00579,72.16918181818181,11.209995849371106,97.564,93.67265,35.929875,48.434,38.999295454545454,49.042,1.7940113636363635,3.172,0.5454545454545454,0.5909090909090909,0.5909090909090909,0.4090909090909091,0.4090909090909091,0.5790909090909091,62.937062499999996,70.7323125,86.3945,40.297,65.911,3.172,66.93,0.0,0.07200000000000006,0.0,578,4,B,54,Compact,0.94,Pass,NONE,,0.02579,40.297,3.172,0
VH-00580,72.73606818181818,11.966800462981924,99.581,96.60735000000001,35.97955681818182,53.862,38.82113636363636,49.16,1.8288636363636364,3.058,0.5454545454545454,0.5681818181818182,0.5909090909090909,0.4090909090909091,0.4090909090909091,0.5754545454545454,63.003625,70.7635,88.34275000000001,40.209,62.671,3.058,74.165,0.0,0.0,0.0,579,4,B,55,SUV,1.08,Pass,NONE,,0.01972,40.209,3.058,0
VH-00581,72.37125,11.690098549577641,98.11,93.68635,36.53668181818182,50.806,38.86998863636364,47.563,1.8118409090909091,3.001,0.5454545454545454,0.4772727272727273,0.5909090909090909,0.4090909090909091,0.4090909090909091,0.5772727272727273,62.7671875,70.5564375,87.59641666666666,39.575,62.331,3.001,71.659,0.0,0.0,0.0,580,4,B,56,Compact,0.94,Pass,NONE,,0.02152,39.575,3.001,0
VH-00582,72.96206818181818,11.60742582763639,100.073,96.78375000000001,36.63215909090909,49.917,39.03806818181818,47.758,1.7952159090909092,2.682,0.4772727272727273,0.4772727272727273,0.5454545454545454,0.4090909090909091,0.4090909090909091,0.5827272727272728,63.1383125,71.6061875,87.86824999999999,40.993,63.494,2.682,67.242,0.0,0.0,0.0,581,4,B,57,Sedan,1.0,Pass,NONE,,0.02458,40.993,2.682,0
VH-00583,73.3615909090909,12.405184449418776,100.847,97.74775,36.39369318181818,48.628,38.868931818181814,47.049,1.8005681818181818,3.232,0.4772727272727273,0.5454545454545454,0.6363636363636364,0.4090909090909091,0.4090909090909091,0.5772727272727273,62.173187500000004,72.509875,89.41508333333333,40.798,61.865,3.232,68.153,0.0,0.13200000000000012,0.0,582,4,B,58,Truck,1.14,Pass,NONE,,0.0241,40.798,3.232,0
VH-00584,73.17963636363636,11.293880205547229,98.622,95.57900000000001,36.24153409090909,49.017,38.879363636363635,47.32,1.7836931818181818,3.193,0.5454545454545454,0.45454545454545453,0.6136363636363636,0.4090909090909091,0.4090909090909091,0.5754545454545454,64.729625,70.4480625,88.08841666666666,41.071,72.204,3.193,71.854,0.0,0.09299999999999997,0.0,583,4,B,59,Sedan,1.0,Pass,NONE,,0.02273,41.071,3.193,0
VH-00585,73.68263636363636,11.228610591617366,99.759,92.9631,36.21371590909091,48.836,38.815670454545455,47.107,1.7909545454545457,2.688,0.5454545454545454,0.5454545454545454,0.5909090909090909,0.4090909090909091,0.4090909090909091,0.5790909090909091,64.58125,71.7541875,88.38908333333335,39.973,68.821,2.688,71.096,0.0,0.0,0.0,584,4,B,60,Truck,1.14,Pass,NONE,,0.03171,39.973,2.688,0
VH-00586,73.85447727272728,12.052189254931273,102.152,94.7848,36.20578409090909,48.356,39.000204545454544,48.027,1.8093181818181818,2.707,0.5227272727272727,0.4772727272727273,0.6136363636363636,0.4090909090909091,0.4090909090909091,0.5754545454545454,64.2201875,71.9150625,89.28608333333334,39.615,69.622,2.707,75.837,0.0,0.0,0.0,585,4,B,61,Truck,1.14,Pass,NONE,,0.03444,39.615,2.707,0
VH-00587,72.8893409090909,11.997065185582871,100.454,96.4988,36.76393181818182,52.702,39.073727272727275,48.752,1.837056818181818,3.198,0.5454545454545454,0.5227272727272727,0.5909090909090909,0.4090909090909091,0.4090909090909091,0.5754545454545454,63.43125,70.9398125,88.09949999999999,41.178,65.958,3.198,71.534,0.0,0.09799999999999986,0.0,586,4,B,62,SUV,1.08,Pass,NONE,,0.02689,41.178,3.198,0
VH-00588,71.88806818181818,12.655249824145006,99.618,93.3293,36.609761363636366,52.87,39.320136363636365,49.37,1.7943068181818183,2.801,0.5,0.4318181818181818,0.5454545454545454,0.4090909090909091,0.4090909090909091,0.5790909090909091,61.968375,69.47925000000001,88.32608333333333,40.933,62.776,2.801,71.073,0.0,0.0,0.0,587,4,B,63,Compact,0.94,Pass,NONE,,0.02294,40.933,2.801,0
VH-00589,72.61629545454547,12.319613503035104,103.787,93.46135,36.57615909090909,49.352,39.08955681818182,46.955,1.7704090909090908,3.04,0.45454545454545453,0.5227272727272727,0.5,0.4090909090909091,0.4090909090909091,0.5809090909090909,63.151312499999996,70.3468125,88.26225,40.926,65.481,3.04,74.411,0.0,0.0,0.0,588,4,B,64,Sedan,1.0,Pass,NONE,,0.02003,40.926,3.04,0
VH-00590,73.09197727272728,11.785993234952883,101.597,97.25280000000001,36.16385227272727,51.016,38.90297727272727,48.635,1.7678636363636364,3.099,0.5454545454545454,0.5227272727272727,0.6363636363636364,0.4090909090909091,0.4090909090909091,0.5754545454545454,63.5704375,71.4198125,88.01691666666666,40.803,69.407,3.099,70.658,0.0,0.0,0.0,589,4,B,65,Sedan,1.0,Pass,NONE,,0.02217,40.803,3.099,0
VH-00591,72.89668181818182,12.049868693239484,101.856,94.11945,36.77530681818182,53.473,38.86065909090909,48.699,1.7836136363636363,2.889,0.4772727272727273,0.5227272727272727,0.5681818181818182,0.4090909090909091,0.4090909090909091,0.5827272727272728,63.260625,70.8008125,88.53925,41.485,65.256,2.889,67.774,0.0,0.0,0.0,590,4,B,66,Sedan,1.0,Pass,NONE,,0.02022,41.485,2.889,0
VH-00592,72.62329545454546,11.614310534411697,99.991,93.75675000000001,36.08534090909091,48.28,39.01382954545455,48.277,1.8077613636363636,2.858,0.6136363636363636,0.5,0.6136363636363636,0.4090909090909091,0.4090909090909091,0.5736363636363636,64.1269375,69.665375,87.89566666666667,40.768,63.734,2.858,68.221,0.0,0.0,0.0,591,4,B,67,Sedan,1.0,Pass,NONE,,0.02724,40.768,2.858,0
VH-00593,71.74545454545455,11.607237232032281,98.157,94.80695,36.56407954545455,51.269,38.99244318181818,48.747,1.8329204545454545,2.805,0.5909090909090909,0.5454545454545454,0.5909090909090909,0.4090909090909091,0.4090909090909091,0.5809090909090909,62.467125,69.5085,87.09916666666668,39.946,59.989,2.805,70.989,0.0,0.0,0.0,592,4,B,68,Compact,0.94,Pass,NONE,,0.02643,39.946,2.805,0
VH-00594,74.03786363636364,11.907944515558665,100.583,98.4025,36.37030681818182,53.381,38.978795454545455,46.697,1.8381704545454547,2.626,0.5681818181818182,0.5909090909090909,0.6363636363636364,0.4090909090909091,0.4090909090909091,0.5754545454545454,64.995625,71.379625,89.63850000000001,39.985,65.873,2.626,69.383,0.0,0.0,0.0,593,4,B,69,Truck,1.14,Pass,NONE,,0.03135,39.985,2.626,0
VH-00595,72.81913636363636,11.546862691981927,100.775,94.7211,36.34321590909091,49.876,38.96793181818182,50.637,1.821909090909091,3.127,0.4090909090909091,0.5227272727272727,0.6363636363636364,0.4090909090909091,0.4090909090909091,0.5772727272727273,64.404,70.37125,87.30316666666666,39.559,69.232,3.127,65.897,0.0,0.02699999999999969,0.0,594,4,B,70,SUV,1.08,Pass,NONE,,0.02248,39.559,3.127,0
VH-00596,73.11263636363637,11.536085215412184,99.822,96.03190000000001,36.59854545454545,52.402,38.828272727272726,47.368,1.7850454545454546,2.873,0.45454545454545453,0.5681818181818182,0.5909090909090909,0.4090909090909091,0.4090909090909091,0.5772727272727273,64.5006875,70.36225,88.26241666666668,40.296,66.17,2.873,76.709,0.0,0.0,0.0,595,4,B,71,SUV,1.08,Pass,NONE,,0.02249,40.296,2.873,0
VH-00597,71.82790909090909,11.637918444140844,97.405,94.541,36.392556818181816,48.012,38.89693181818182,47.055,1.796284090909091,2.48,0.5454545454545454,0.5227272727272727,0.6363636363636364,0.4090909090909091,0.4090909090909091,0.5809090909090909,62.07875,70.539875,86.54416666666667,40.102,63.872,2.48,70.203,0.0,0.0,0.0,596,4,B,72,Compact,0.94,Pass,NONE,,0.02108,40.102,2.48,0
VH-00598,72.49356818181819,12.132818885630913,100.901,94.32985000000001,36.29309090909091,51.827,39.166579545454546,48.565,1.8137499999999998,2.86,0.5227272727272727,0.5,0.4772727272727273,0.4090909090909091,0.4090909090909091,0.5790909090909091,63.0985625,69.8816875,88.50274999999999,39.438,65.884,2.86,73.827,0.0,0.0,0.0,597,4,B,73,Sedan,1.0,Pass,NONE,,0.02294,39.438,2.86,0
VH-00599,73.90131818181818,12.307936480500457,104.232,93.95710000000001,35.90027272727273,48.207,39.112897727272724,47.597,1.77525,2.849,0.5681818181818182,0.45454545454545453,0.5681818181818182,0.4090909090909091,0.4090909090909091,0.5809090909090909,64.008625,73.115375,88.1395,40.194,67.221,2.849,73.803,0.0,0.0,0.0,598,4,B,74,Truck,1.14,Pass,NONE,,0.0304,40.194,2.849,0
VH-00600,73.03529545454545,12.024663407907402,101.677,95.80925,36.43240909090909,49.186,38.9355,47.489,1.7787954545454545,2.626,0.5227272727272727,0.5909090909090909,0.5909090909090909,0.4090909090909091,0.4090909090909091,0.5772727272727273,63.8605625,70.5508125,88.58091666666667,39.736,59.402,2.626,70.938,0.0,0.0,0.0,599,4,B,75,SUV,1.08,Pass,NONE,,0.02139,39.736,2.626,0
VH-00601,71.44786363636364,11.913464478813431,99.733,92.03035,36.71186363636364,56.504,38.802375,46.861,1.8200909090909092,2.578,0.5454545454545454,0.45454545454545453,0.5454545454545454,0.4090909090909091,0.4090909090909091,0.5790909090909091,61.35,70.0711875,86.74725000000001,39.777,62.559,2.578,73.122,0.0,0.0,0.0,600,5,A,1,Compact,0.94,Pass,NONE,,0.02021,39.777,2.578,0
VH-00602,73.03354545454546,11.800012306762484,101.262,96.07815,36.99557954545455,50.427,38.83645454545455,47.796,1.8151477272727272,2.989,0.5,0.6136363636363636,0.6363636363636364,0.4090909090909091,0.4090909090909091,0.5736363636363636,63.2388125,71.2836875,88.42633333333333,40.149,67.364,2.989,68.039,0.0,0.0,0.0,601,5,A,2,Sedan,1.0,Pass,NONE,,0.03062,40.149,2.989,0
VH-00603,72.62888636363635,12.463600999330309,98.435,95.49395000000001,36.301511363636365,49.708,38.71155681818182,46.593,1.8085,3.005,0.4772727272727273,0.45454545454545453,0.5909090909090909,0.4090909090909091,0.4090909090909091,0.5809090909090909,62.556625,70.3505625,89.09633333333333,39.714,60.718,3.005,73.839,0.0,0.0,0.0,602,5,A,3,Sedan,1.0,Pass,NONE,,0.01824,39.714,3.005,0
VH-00604,72.09570454545455,11.718485191770576,97.496,94.47900000000001,36.481249999999996,49.909,39.11360227272728,47.594,1.8270568181818183,2.84,0.5227272727272727,0.6136363636363636,0.5681818181818182,0.4090909090909091,0.4090909090909091,0.5772727272727273,62.5120625,70.370625,87.17399999999999,41.286,61.995,2.84,66.798,0.0,0.0,0.0,603,5,A,4,Compact,0.94,Pass,NONE,,0.01808,41.286,2.84,0
VH-00605,72.36940909090909,11.839081252298257,96.342,94.8019,36.24248863636364,51.564,38.928875,46.291,1.8070795454545454,2.791,0.5909090909090909,0.5909090909090909,0.5681818181818182,0.4090909090909091,0.4090909090909091,0.5736363636363636,62.06975,71.4164375,87.37291666666665,40.261,59.755,2.791,69.06,0.0,0.0,0.0,604,5,A,5,Sedan,1.0,Pass,NONE,,0.02969,40.261,2.791,0
VH-00606,73.49981818181818,12.375145823472941,102.584,96.4696,36.17781818181818,49.185,38.84380681818182,48.369,1.8371022727272726,2.661,0.5454545454545454,0.4772727272727273,0.6363636363636364,0.4090909090909091,0.4090909090909091,0.5772727272727273,63.7610625,71.1155,89.66391666666668,39.26,64.246,2.661,75.505,0.0,0.0,0.0,605,5,A,6,Truck,1.14,Pass,NONE,,0.02839,39.26,2.661,0
VH-00607,73.75425,11.74247579600518,98.853,92.6931,36.56663636363636,52.16,38.97803409090909,48.427,1.8157159090909092,2.802,0.5,0.5,0.5681818181818182,0.4090909090909091,0.4090909090909091,0.5809090909090909,64.657,71.6710625,88.6615,40.058,69.08,2.802,72.661,0.0,0.0,0.0,606,5,A,7,Truck,1.14,Pass,NONE,,0.02709,40.058,2.802,0
VH-00608,72.11943181818182,12.174384338376171,100.879,93.42825,36.902136363636366,52.872,38.971636363636364,50.342,1.7651704545454547,2.493,0.5454545454545454,0.4772727272727273,0.6363636363636364,0.4090909090909091,0.4090909090909091,0.5754545454545454,63.073375,68.8051875,88.59983333333334,40.109,65.292,2.493,75.857,0.0,0.0,0.0,607,5,A,8,Compact,0.94,Pass,NONE,,0.01878,40.109,2.493,0
VH-00609,72.2433409090909,11.861291088091,102.271,93.4987,36.00477272727273,49.825,39.05431818181818,48.685,1.8133068181818182,2.518,0.5,0.5454545454545454,0.6136363636363636,0.4090909090909091,0.4090909090909091,0.5754545454545454,62.07675,70.9338125,87.54483333333333,39.151,62.563,2.518,69.746,0.0,0.0,0.0,608,5,A,9,Sedan,1.0,Pass,NONE,,0.02591,39.151,2.518,0
VH-00610,73.46763636363636,11.695183049545141,101.712,95.58670000000001,36.338102272727276,48.411,39.148011363636364,49.872,1.828465909090909,2.785,0.4772727272727273,0.5,0.5681818181818182,0.4090909090909091,0.4090909090909091,0.5809090909090909,64.6091875,71.4358125,87.988,40.667,66.697,2.785,71.58,0.0,0.0,0.0,609,5,A,10,SUV,1.08,Pass,NONE,,0.02555,40.667,2.785,0
VH-00611,72.36170454545454,12.065896226467629,97.436,95.21775000000001,36.29484090909091,51.431,39.210193181818184,48.84,1.7573522727272726,2.378,0.5,0.5,0.5681818181818182,0.4090909090909091,0.4090909090909091,0.5845454545454545,62.7185,70.5114375,87.68633333333334,38.489,63.351,2.378,71.347,0.0,0.0,0.0,610,5,A,11,Sedan,1.0,Pass,NONE,,0.02523,38.489,2.378,0
VH-00612,73.40370454545454,11.614616786477418,99.009,94.3813,36.585181818181816,53.952,38.836715909090906,47.842,1.7851590909090909,2.277,0.5227272727272727,0.5,0.6136363636363636,0.4090909090909091,0.4090909090909091,0.5772727272727273,64.0494375,71.2706875,88.72008333333333,38.104,66.52,2.246,71.295,0.0,0.0,0.0,611,5,A,12,Truck,1.14,Pass,NONE,,0.03246,38.104,2.093,0
VH-00613,73.48431818181818,11.733591085293165,103.56,93.71945,35.788818181818186,48.461,38.84406818181819,48.073,1.8215227272727275,2.971,0.45454545454545453,0.5681818181818182,0.5,0.4090909090909091,0.4090909090909091,0.5827272727272728,64.0810625,71.78875000000001,88.28275000000001,39.67,62.742,2.971,73.397,0.0,0.0,0.0,612,5,A,13,Compact,0.94,Pass,NONE,,0.0175,39.67,2.971,0
VH-00614,72.44504545454545,12.22432968810427,99.58,95.03359999999999,36.566624999999995,51.418,38.72947727272727,47.884,1.7956704545454547,2.546,0.5454545454545454,0.5227272727272727,0.6363636363636364,0.4090909090909091,0.4090909090909091,0.5736363636363636,62.5418125,70.5880625,88.12533333333333,38.936,63.071,2.546,68.939,0.0,0.0,0.0,613,5,A,14,Sedan,1.0,Pass,NONE,,0.02065,38.936,2.546,0
VH-00615,74.15724999999999,12.52440418324755,103.224,95.53085,37.126659090909094,50.926,38.882386363636364,46.432,1.8670227272727273,2.666,0.5227272727272727,0.5909090909090909,0.5909090909090909,0.4090909090909091,0.4090909090909091,0.5772727272727273,64.166,71.91125,90.47358333333334,40.759,64.466,2.666,72.698,0.0,0.0,0.0,614,5,A,15,Truck,1.14,Pass,NONE,,0.0308,40.759,2.666,0
VH-00616,74.45811363636363,11.614269057111283,101.858,92.99284999999999,36.34121590909091,53.421,39.274806818181816,47.969,1.762147727272727,2.576,0.5454545454545454,0.5,0.6136363636363636,0.4090909090909091,0.4090909090909091,0.5754545454545454,64.6870625,73.3535,88.959,40.427499999999995,68.366,2.576,75.363,0.0,0.0,0.0,615,5,A,16,Truck,1.14,Pass,NONE,,0.02405,39.142,2.576,0
VH-00617,71.9165,11.916316081469493,98.494,92.24674999999999,36.87028409090909,51.192,39.00298863636363,47.745,1.7973636363636365,2.549,0.5681818181818182,0.45454545454545453,0.5681818181818182,0.4090909090909091,0.4090909090909091,0.5790909090909091,62.4124375,69.4994375,87.81133333333334,40.274,67.512,2.365,69.993,0.0,0.0,0.0,616,5,A,17,Compact,0.94,Pass,NONE,,0.0217,40.274,2.365,0
VH-00618,72.02993181818182,11.924393973968062,99.038,96.8355,36.360784090909085,52.079,38.86148863636364,47.003,1.8176931818181818,2.498,0.6136363636363636,0.5,0.5681818181818182,0.4090909090909091,0.4090909090909091,0.5790909090909091,62.2350625,70.4264375,87.22775,39.08,68.306,2.498,71.96,0.0,0.0,0.0,617,5,A,18,Compact,0.94,Pass,NONE,,0.01982,39.08,2.498,0
VH-00619,72.18615909090909,11.588492371280127,100.948,95.206,36.37867045454545,54.273,38.853193181818185,47.816,1.8137954545454547,2.58,0.5227272727272727,0.5227272727272727,0.6363636363636364,0.4090909090909091,0.4090909090909091,0.5772727272727273,62.226875,71.1710625,86.81866666666667,38.014,64.851,2.58,66.93,0.0,0.0,0.0,618,5,A,19,Sedan,1.0,Pass,NONE,,0.02003,38.014,2.58,0
VH-00620,73.10779545454545,11.44639836028366,97.036,94.3057,36.24092045454545,51.553,38.98571590909091,46.841,1.8033181818181818,2.486,0.45454545454545453,0.6136363636363636,0.5681818181818182,0.4090909090909091,0.4090909090909091,0.5772727272727273,64.080625,71.30437500000001,87.54858333333334,39.897,66.789,2.486,69.212,0.0,0.0,0.0,619,5,A,20,Sedan,1.0,Pass,NONE,,0.02287,39.897,2.486,0
VH-00621,71.86729545454546,12.25609746223078,99.707,96.10679999999999,36.06055681818182,47.939,38.62319318181818,48.674,1.7816136363636366,2.325,0.5,0.38636363636363635,0.5909090909090909,0.4090909090909091,0.4090909090909091,0.5827272727272728,61.3575625,70.3791875,87.86441666666667,38.824,62.936,2.29,68.279,0.0,0.0,0.0,620,5,A,21,Sedan,1.0,Pass,NONE,,0.02056,38.824,2.29,0
VH-00622,72.97572727272727,11.667596481058986,98.407,96.28855,36.15228409090909,50.614,39.09471590909091,48.811,1.7938636363636362,2.357,0.5454545454545454,0.5227272727272727,0.5681818181818182,0.4090909090909091,0.4090909090909091,0.5754545454545454,63.7731875,70.842,88.09075,39.954,65.857,2.357,67.132,0.0,0.0,0.0,621,5,A,22,Sedan,1.0,Pass,NONE,,0.02392,39.954,2.357,0
VH-00623,72.52745454545455,12.614446840464662,104.564,93.7451,37.41888636363637,51.611,38.752795454545456,46.423,1.821090909090909,2.417,0.4772727272727273,0.5227272727272727,0.6136363636363636,0.4090909090909091,0.4090909090909091,0.5827272727272728,62.171625,70.2108125,89.42408333333333,38.851,62.74,2.417,71.711,0.0,0.0,0.0,622,5,A,23,Sedan,1.0,Pass,NONE,,0.01754,38.851,2.417,0
VH-00624,73.05863636363637,11.68638670775951,107.436,92.5013,36.345136363636364,50.387,38.77625,46.831,1.8200681818181819,2.566,0.5,0.5227272727272727,0.5909090909090909,0.4090909090909091,0.4090909090909091,0.5736363636363636,63.6413125,71.56325,87.60891666666667,39.705,61.281,2.566,73.702,0.0,0.0,0.0,623,5,A,24,SUV,1.08,Pass,NONE,,0.02955,39.705,2.566,0
VH-00625,73.59397727272727,12.996496968975435,103.638,97.42225,36.41773863636364,50.892,38.858022727272726,48.117,1.8046477272727273,2.409,0.5681818181818182,0.45454545454545453,0.6136363636363636,0.4090909090909091,0.4090909090909091,0.5754545454545454,63.19925,71.1024375,90.77566666666667,39.781,65.369,2.301,72.943,0.0,0.0,0.0,624,5,A,25,SUV,1.08,Pass,NONE,,0.02519,39.781,2.301,0
VH-00626,72.04470454545455,11.246933232807717,98.255,93.87155000000001,36.30919318181818,51.586,38.989261363636366,48.613,1.8136363636363635,2.565,0.5909090909090909,0.5454545454545454,0.5454545454545454,0.4090909090909091,0.4090909090909091,0.5772727272727273,63.9856875,69.2721875,86.48674999999999,39.628,63.962,2.565,72.954,0.0,0.0,0.0,625,5,A,26,Compact,0.94,Pass,NONE,,0.01931,39.628,2.565,0
VH-00627,72.03322727272727,11.69716691770423,97.519,92.05405,36.17661363636363,51.751,38.93838636363636,48.633,1.7748863636363637,2.47,0.5,0.5227272727272727,0.5227272727272727,0.4090909090909091,0.4090909090909091,0.5845454545454545,62.51875,70.063,87.34616666666666,39.043,69.992,2.448,72.577,0.0,0.0,0.0,626,5,A,27,Compact,0.94,Pass,NONE,,0.02282,39.043,2.448,0
VH-00628,72.87811363636364,11.671210130788452,99.431,92.666,36.756454545454545,51.565,38.82984090909091,46.291,1.8233181818181818,2.358,0.5454545454545454,0.5227272727272727,0.5681818181818182,0.4090909090909091,0.4090909090909091,0.5827272727272728,62.85125,71.895875,87.55691666666667,38.797,58.898,2.358,72.055,0.0,0.0,0.0,627,5,A,28,Sedan,1.0,Pass,NONE,,0.0269,38.797,2.358,0
VH-00629,72.07804545454546,12.28424351714763,100.719,96.5931,36.65364772727273,53.887,39.01054545454545,49.023,1.7820795454545455,2.24,0.45454545454545453,0.4772727272727273,0.5909090909090909,0.4090909090909091,0.4090909090909091,0.5809090909090909,63.5699375,68.8670625,87.7035,39.691,65.736,2.24,72.061,0.0,0.0,0.0,628,5,A,29,Sedan,1.0,Pass,NONE,,0.02578,39.691,2.24,0
VH-00630,73.93886363636364,12.34160459695109,100.986,97.42410000000001,36.148272727272726,49.25,38.84302272727273,50.638,1.7933863636363638,2.495,0.4318181818181818,0.5454545454545454,0.5681818181818182,0.4090909090909091,0.4090909090909091,0.5809090909090909,64.1635625,71.97025,89.59741666666667,39.522,65.494,2.495,72.663,0.0,0.0,0.0,629,5,A,30,SUV,1.08,Fail,MANUAL_FIT_CHECK_VARIATION,ST-45,0.02552,39.522,2.495,1
VH-00631,72.17977272727272,11.96511629476061,102.775,91.62025,35.822375,50.587,38.838693181818186,47.817,1.8117159090909092,2.447,0.45454545454545453,0.6136363636363636,0.5681818181818182,0.4090909090909091,0.4090909090909091,0.5772727272727273,63.92875,68.8978125,87.55708333333332,40.078,66.182,2.03,71.919,0.0,0.0,0.0,630,5,A,31,Sedan,1.0,Pass,NONE,,0.02768,40.078,2.03,0
VH-00632,73.80288636363636,12.502762889477964,104.009,99.44815,36.68847727272727,50.638,38.75052272727273,47.496,1.837284090909091,2.28,0.5,0.5227272727272727,0.6363636363636364,0.4090909090909091,0.4090909090909091,0.5772727272727273,63.9330625,71.3395,90.24716666666666,38.28,63.901,2.266,70.955,0.0,0.0,0.0,631,5,A,32,Truck,1.14,Pass,NONE,,0.02638,38.28,2.266,0
VH-00633,72.97990909090909,11.744657173842,101.178,96.6482,36.40771590909091,52.141,39.004250000000006,49.626,1.797909090909091,2.339,0.5,0.5227272727272727,0.6363636363636364,0.4090909090909091,0.4090909090909091,0.5754545454545454,63.6340625,71.2938125,87.68916666666667,39.518,63.496,2.339,67.038,0.0,0.0,0.0,632,5,A,33,SUV,1.08,Pass,NONE,,0.02984,39.518,2.339,0
VH-00634,73.97340909090909,11.778586935657673,101.791,95.4637,36.46793181818182,52.938,38.98221590909091,47.318,1.7845113636363636,2.528,0.4318181818181818,0.5227272727272727,0.5681818181818182,0.4090909090909091,0.4090909090909091,0.5827272727272728,64.7815625,71.9296875,88.95416666666667,39.84,68.261,2.422,75.297,0.0,0.0,0.0,633,5,A,34,Truck,1.14,Pass,NONE,,0.02709,39.84,2.422,0
VH-00635,73.74904545454545,11.936474513516929,103.319,97.6025,36.14671590909091,51.105,38.97422727272727,48.571,1.777715909090909,2.414,0.5,0.5681818181818182,0.7045454545454546,0.4090909090909091,0.4090909090909091,0.5718181818181818,64.118625,71.474875,89.62183333333333,39.642,66.141,2.414,71.357,0.0,0.0,0.0,634,5,A,35,SUV,1.08,Pass,NONE,,0.02834,39.642,2.414,0
VH-00636,72.24884090909092,12.327787898178384,99.321,96.2283,35.836909090909096,50.622,38.598068181818185,47.172,1.8183181818181817,2.36,0.5,0.4772727272727273,0.5227272727272727,0.4090909090909091,0.4090909090909091,0.5845454545454545,62.548875,69.8345625,88.40116666666665,39.309,69.446,2.263,70.546,0.0,0.0,0.0,635,5,A,36,Compact,0.94,Pass,NONE,,0.02302,39.309,2.263,0
VH-00637,71.90995454545454,11.904182813742496,99.943,94.99265000000001,36.704772727272726,48.256,39.10977272727273,49.539,1.7896704545454545,2.497,0.6590909090909091,0.5681818181818182,0.5909090909090909,0.4090909090909091,0.4090909090909091,0.5754545454545454,61.820375,70.8015,86.84066666666666,40.178,70.294,2.162,70.292,0.0,0.0,0.0,636,5,A,37,Compact,0.94,Pass,NONE,,0.02572,40.178,2.162,0
VH-00638,72.70538636363636,11.679952403566428,99.826,92.5268,36.85225,52.043,39.213193181818184,47.358,1.8050227272727275,2.344,0.5227272727272727,0.5,0.5681818181818182,0.4090909090909091,0.4090909090909091,0.5790909090909091,63.3445625,70.225625,88.49283333333334,39.304,69.41,1.838,74.789,0.0,0.0,0.0,637,5,A,38,SUV,1.08,Pass,NONE,,0.02466,39.304,1.838,0
VH-00639,72.54922727272728,10.951176026607852,98.865,95.64785,36.388079545454545,50.114,38.80052272727273,48.12,1.7726931818181817,2.237,0.5,0.5,0.6363636363636364,0.4090909090909091,0.4090909090909091,0.5790909090909091,64.2374375,70.630875,86.18941666666666,38.883,65.695,2.237,76.364,0.0,0.0,0.0,638,5,A,39,Sedan,1.0,Pass,NONE,,0.01924,38.883,2.237,0
VH-00640,73.1735,11.570364667325046,97.256,94.82035,36.61221590909091,49.403,38.76798863636364,46.291,1.809772727272727,2.358,0.4772727272727273,0.5227272727272727,0.5909090909090909,0.4090909090909091,0.4090909090909091,0.5809090909090909,63.3140625,71.74625,88.22241666666666,38.241,65.892,2.246,69.015,0.0,0.0,0.0,639,5,A,40,SUV,1.08,Pass,NONE,,0.02052,38.241,2.051,0
VH-00641,73.04002272727273,11.283718551448745,99.899,94.38454999999999,36.47546590909091,52.377,38.96267045454545,49.209,1.797443181818182,2.203,0.5,0.5454545454545454,0.6363636363636364,0.4090909090909091,0.4090909090909091,0.5772727272727273,64.5445625,70.42175,87.85833333333333,39.782,62.581,2.106,72.788,0.0,0.0,0.0,640,5,A,41,SUV,1.08,Pass,NONE,,0.02167,39.782,2.106,0
VH-00642,72.08172727272728,11.866403791677822,99.199,96.73065,37.12556818181818,52.308,38.64576136363637,49.579,1.7975909090909092,2.551,0.5227272727272727,0.45454545454545453,0.5227272727272727,0.4090909090909091,0.4090909090909091,0.5790909090909091,62.4064375,70.575,86.99108333333334,38.479,60.154,2.355,68.539,0.0,0.0,0.0,641,5,A,42,Sedan,1.0,Pass,NONE,,0.02214,38.479,2.355,0
VH-00643,71.97802272727273,11.452259601328276,97.134,93.1211,36.81851136363636,54.712,38.68444318181818,48.249,1.776897727272727,2.643,0.5,0.5,0.6136363636363636,0.4090909090909091,0.4090909090909091,0.5754545454545454,62.191312499999995,70.611625,86.84883333333335,38.835,61.299,2.643,67.747,0.0,0.0,0.0,642,5,A,43,Compact,0.94,Pass,NONE,,0.02263,38.835,2.643,0
VH-00644,73.08861363636363,11.687362475680697,96.843,95.1961,36.02710227272728,48.392,39.070238636363634,49.44,1.8101022727272726,2.44,0.4772727272727273,0.5227272727272727,0.5681818181818182,0.4090909090909091,0.4090909090909091,0.5790909090909091,63.556312500000004,70.96025,88.63616666666667,39.514,66.414,1.905,71.17,0.0,0.0,0.0,643,5,A,44,Truck,1.14,Pass,NONE,,0.02387,39.514,1.905,0
VH-00645,73.30681818181819,11.397525837741608,102.708,94.43960000000001,36.75619318181818,54.529,38.765738636363636,46.708,1.7876136363636363,2.124,0.6136363636363636,0.5681818181818182,0.5227272727272727,0.4090909090909091,0.4090909090909091,0.5736363636363636,64.1098125,71.37575,88.14425,40.236,65.165,2.008,74.562,0.0,0.0,0.0,644,5,A,45,SUV,1.08,Pass,NONE,,0.03511,40.236,2.008,0
VH-00646,72.10345454545455,12.05001220390108,98.976,94.70285000000001,36.20813636363636,52.702,38.772090909090906,46.291,1.753125,2.587,0.5,0.5681818181818182,0.5909090909090909,0.4090909090909091,0.4090909090909091,0.5754545454545454,62.0243125,70.2948125,87.95383333333332,38.994,60.748,2.587,69.019,0.0,0.0,0.0,645,5,A,46,Sedan,1.0,Pass,NONE,,0.01837,38.994,2.587,0
VH-00647,73.79145454545454,11.774443583267972,102.06,97.41240000000002,36.53614772727273,53.249,38.75332954545455,48.103,1.7642727272727272,2.259,0.5681818181818182,0.5,0.6363636363636364,0.4090909090909091,0.4090909090909091,0.5790909090909091,64.5953125,72.1920625,88.1855,40.19,68.648,2.259,72.398,0.0,0.0,0.0,646,5,A,47,Truck,1.14,Pass,NONE,,0.02595,40.19,2.259,0
VH-00648,71.87802272727272,12.263765047447967,97.856,95.5438,37.016375,53.309,39.17928409090909,49.802,1.7963636363636366,2.559,0.5681818181818182,0.45454545454545453,0.5681818181818182,0.4090909090909091,0.4090909090909091,0.5790909090909091,61.998062499999996,69.8124375,87.80541666666666,38.608,59.849,2.018,68.35,0.0,0.0,0.0,647,5,A,48,Compact,0.94,Pass,NONE,,0.01827,38.608,2.018,0
VH-00649,72.74018181818181,12.162934681202419,100.282,95.4638,36.41319318181818,52.282,38.93586363636364,47.111,1.7959886363636364,2.375,0.4090909090909091,0.5454545454545454,0.6363636363636364,0.4090909090909091,0.4090909090909091,0.5754545454545454,63.2233125,71.3489375,87.28433333333334,38.421,68.309,2.098,73.374,0.0,0.0,0.0,648,5,A,49,SUV,1.08,Pass,NONE,,0.02022,38.421,2.098,0
VH-00650,72.40652272727273,13.430148229434689,99.658,98.5174,36.528124999999996,48.497,39.044943181818184,49.305,1.798625,2.38,0.5227272727272727,0.4318181818181818,0.5909090909090909,0.4090909090909091,0.4090909090909091,0.5790909090909091,62.2085,69.49575,89.88491666666665,40.202,61.626,1.884,66.473,0.0,0.0,0.0,649,5,A,50,Sedan,1.0,Fail,MANUAL_FIT_CHECK_VARIATION,ST-45,0.02166,40.202,1.884,1
VH-00651,71.86872727272727,11.458177052470017,100.291,94.9657,36.13171590909091,50.921,39.11082954545455,48.755,1.8074545454545456,2.563,0.4772727272727273,0.4318181818181818,0.5909090909090909,0.4090909090909091,0.4090909090909091,0.5845454545454545,62.017,70.727,86.52666666666666,40.336,64.924,2.165,74.152,0.0,0.0,0.0,650,5,A,51,Compact,0.94,Pass,NONE,,0.01492,40.336,2.165,0
VH-00652,71.84613636363636,11.357169454907512,96.026,94.65845,36.26790909090909,48.829,38.961943181818185,48.701,1.7568068181818182,2.371,0.45454545454545453,0.5227272727272727,0.5909090909090909,0.4090909090909091,0.4090909090909091,0.5790909090909091,63.148375,69.1559375,87.03008333333334,39.793,63.761,1.857,73.221,0.0,0.0,0.0,651,5,A,52,Compact,0.94,Pass,NONE,,0.01938,39.793,1.857,0
VH-00653,71.90770454545454,11.538399545581148,98.747,93.2178,35.88014772727273,49.856,38.635602272727276,47.686,1.7618977272727272,2.167,0.4772727272727273,0.5681818181818182,0.5454545454545454,0.4090909090909091,0.4090909090909091,0.5790909090909091,63.12775,69.756125,86.48308333333334,39.577,64.928,1.927,64.952,0.0,0.0,0.0,652,5,A,53,Compact,0.94,Pass,NONE,,0.01652,39.577,1.927,0
VH-00654,72.19243181818182,11.429083503913567,100.509,94.45550000000001,36.46240909090909,49.609,38.80226136363637,47.538,1.781034090909091,2.456,0.5454545454545454,0.5,0.6363636363636364,0.4090909090909091,0.4090909090909091,0.5790909090909091,63.5555,70.0026875,86.628,40.684,64.163,2.055,77.6,0.0,0.0,0.0,653,5,A,54,Compact,0.94,Pass,NONE,,0.01778,40.684,2.055,0
VH-00655,74.20097727272727,11.720666626189065,104.859,95.85925,36.453011363636364,50.797,38.95820454545455,49.378,1.8082272727272726,2.196,0.5454545454545454,0.5454545454545454,0.6136363636363636,0.4090909090909091,0.4090909090909091,0.5772727272727273,64.7486875,72.0300625,89.69858333333333,39.795,70.473,2.196,67.254,0.0,0.0,0.0,654,5,A,55,Truck,1.14,Pass,NONE,,0.02671,39.795,2.196,0
VH-00656,72.26427272727273,12.07446632334768,98.565,96.02575,36.16228409090909,48.347,38.864579545454546,47.508,1.8224318181818182,2.44,0.5681818181818182,0.5,0.5454545454545454,0.4090909090909091,0.4090909090909091,0.5827272727272728,62.8290625,69.8934375,88.00566666666667,40.268,64.925,2.094,68.628,0.0,0.0,0.0,655,5,A,56,Sedan,1.0,Pass,NONE,,0.0344,40.268,2.094,0
VH-00657,72.67270454545455,12.430608137903727,101.618,95.76755,36.74179545454545,51.961,38.992045454545455,47.898,1.7898295454545454,2.451,0.5227272727272727,0.5681818181818182,0.6363636363636364,0.4090909090909091,0.4090909090909091,0.5772727272727273,62.8109375,70.4526875,88.78175,39.769,63.904,2.151,71.828,0.0,0.0,0.0,656,5,A,57,Sedan,1.0,Pass,NONE,,0.02711,39.769,2.151,0
VH-00658,73.01431818181818,11.536667488214055,96.853,93.96424999999999,36.72107954545454,52.815,38.71727272727273,48.54,1.785784090909091,2.233,0.5,0.5,0.5227272727272727,0.4090909090909091,0.4090909090909091,0.5809090909090909,63.490125,71.205875,88.1245,39.564,68.505,1.727,72.421,0.0,0.0,0.0,657,5,A,58,Sedan,1.0,Pass,NONE,,0.01362,39.564,1.727,0
VH-00659,73.22686363636363,12.091451823096962,100.005,96.1182,36.299420454545455,49.817,38.91064772727273,47.113,1.8083522727272727,2.22,0.5227272727272727,0.45454545454545453,0.5909090909090909,0.4090909090909091,0.4090909090909091,0.5809090909090909,62.8565,72.325375,88.25599999999999,38.633,65.093,1.909,70.712,0.0,0.0,0.0,658,5,A,59,Sedan,1.0,Pass,NONE,,0.02688,38.633,1.909,0
VH-00660,71.95888636363635,11.935213758115216,99.5,95.11865,36.853488636363636,53.468,39.01897727272728,48.333,1.8130227272727273,2.573,0.5227272727272727,0.5681818181818182,0.5681818181818182,0.4090909090909091,0.4090909090909091,0.5772727272727273,62.30175,69.886875,87.59775,41.591,67.436,2.104,67.267,0.0,0.0,0.0,659,5,A,60,SUV,1.08,Pass,NONE,,0.02433,41.591,2.104,0
VH-00661,73.34143181818182,11.972578588800769,101.377,94.4405,36.326125,48.691,38.98264772727273,47.299,1.7760568181818182,2.545,0.5,0.5454545454545454,0.5909090909090909,0.4090909090909091,0.4090909090909091,0.5772727272727273,64.7194375,69.54825,89.895,38.741,68.207,2.479,74.499,0.0,0.0,0.0,660,5,A,61,SUV,1.08,Pass,NONE,,0.03088,38.741,2.479,0
VH-00662,72.83618181818181,11.97015583095458,104.032,97.0519,35.73622727272727,48.317,39.00573863636364,48.237,1.8262386363636365,2.67,0.5454545454545454,0.5454545454545454,0.6136363636363636,0.4090909090909091,0.4090909090909091,0.5754545454545454,64.1660625,69.9646875,88.22500000000001,38.918,64.255,2.108,73.635,0.0,0.0,0.0,661,5,A,62,Sedan,1.0,Pass,NONE,,0.01863,38.918,2.108,0
VH-00663,72.56970454545454,10.995328912198154,97.051,94.03845,36.120704545454544,48.161,38.87892045454546,46.809,1.8019431818181817,2.169,0.5454545454545454,0.5454545454545454,0.6590909090909091,0.4090909090909091,0.4090909090909091,0.5772727272727273,64.2845625,70.0794375,86.93691666666666,40.184,66.291,2.051,70.227,0.0,0.0,0.0,662,5,A,63,Compact,0.94,Pass,NONE,,0.01789,40.184,2.051,0
VH-00664,73.88331818181818,11.03622818693418,99.157,94.69910000000002,36.21221590909091,50.721,38.77882954545455,47.045,1.7891931818181819,2.717,0.45454545454545453,0.4772727272727273,0.5454545454545454,0.4090909090909091,0.4090909090909091,0.5845454545454545,64.5254375,72.7654375,87.851,39.401,65.302,1.89,70.189,0.0,0.0,0.0,663,5,A,64,Truck,1.14,Pass,NONE,,0.02731,39.401,1.89,0
VH-00665,71.37845454545455,12.122165798612423,98.026,93.51450000000001,36.570488636363635,50.011,39.12885227272727,48.938,1.8298068181818181,2.328,0.5227272727272727,0.6590909090909091,0.5454545454545454,0.4090909090909091,0.4090909090909091,0.5736363636363636,61.623375,70.2585,85.87849999999999,39.952,62.114,2.243,71.025,0.0,0.0,0.0,664,5,A,65,Compact,0.94,Pass,NONE,,0.01724,39.952,2.243,0
VH-00666,72.58170454545456,11.284510397473015,100.755,96.5544,36.78179545454545,53.762,38.94494318181818,46.435,1.7841363636363636,2.208,0.5454545454545454,0.5681818181818182,0.5909090909090909,0.4090909090909091,0.4090909090909091,0.5754545454545454,63.7164375,71.013875,86.4925,39.377,68.183,1.625,69.841,0.0,0.0,0.0,665,5,A,66,Sedan,1.0,Pass,NONE,,0.02187,39.377,1.625,0
VH-00667,73.20811363636363,12.24526459819508,100.698,98.92935,36.57325,50.935,38.685795454545456,48.586,1.8353863636363636,2.434,0.5,0.4090909090909091,0.6136363636363636,0.4090909090909091,0.4090909090909091,0.5790909090909091,64.034125,70.6315,88.87558333333334,40.712,64.763,1.976,65.345,0.0,0.0,0.0,666,5,A,67,SUV,1.08,Pass,NONE,,0.01747,40.712,1.976,0
VH-00668,74.03565909090909,11.650974116262658,102.644,96.19845,35.91595454545455,47.757,38.84878409090909,46.291,1.7949204545454547,2.422,0.5227272727272727,0.6590909090909091,0.5909090909090909,0.4090909090909091,0.4090909090909091,0.5736363636363636,65.397875,71.8669375,88.44433333333335,41.69,67.445,1.744,74.814,0.0,0.0,0.0,667,5,A,68,SUV,1.08,Pass,NONE,,0.02683,41.69,1.744,0
VH-00669,71.54443181818182,10.572646937939092,98.637,91.02445,36.750693181818185,51.546,39.054,49.533,1.8225795454545455,2.435,0.5227272727272727,0.5681818181818182,0.6136363636363636,0.4090909090909091,0.4090909090909091,0.5754545454545454,63.37175,69.538125,85.11641666666667,40.19,64.347,2.047,71.998,0.0,0.0,0.0,668,5,A,69,Compact,0.94,Pass,NONE,,0.02093,40.19,2.047,0
VH-00670,72.305,11.415542972142731,97.683,93.12385,36.022090909090906,48.065,39.19357954545455,50.674,1.7889431818181818,2.282,0.5227272727272727,0.5454545454545454,0.6136363636363636,0.4090909090909091,0.4090909090909091,0.5736363636363636,62.4405625,70.9705625,87.23683333333334,40.093,62.726,2.11,73.133,0.0,0.0,0.0,669,5,A,70,Compact,0.94,Pass,NONE,,0.02216,40.093,2.11,0
VH-00671,72.52595454545454,12.052747014790326,101.34,95.2562,36.304522727272726,54.463,38.879909090909095,48.339,1.7829659090909091,2.408,0.5,0.5909090909090909,0.6363636363636364,0.4090909090909091,0.4090909090909091,0.5772727272727273,63.6264375,70.0733125,87.66216666666666,40.295,68.193,2.186,73.057,0.0,0.0,0.0,670,5,A,71,Sedan,1.0,Pass,NONE,,0.0217,40.295,2.186,0
VH-00672,73.60511363636364,12.401419731582326,103.696,96.69525,36.983261363636366,50.385,39.00057954545454,48.394,1.8125113636363637,2.446,0.5,0.5454545454545454,0.5681818181818182,0.4090909090909091,0.4090909090909091,0.5754545454545454,63.349125,72.0475,89.35658333333333,39.16,67.067,2.446,71.615,0.0,0.0,0.0,671,5,A,72,Truck,1.14,Pass,NONE,,0.02457,39.16,2.446,0
VH-00673,72.69188636363637,12.338331113291016,102.281,94.47715,36.63048863636364,50.958,38.780784090909094,48.466,1.827125,2.525,0.5909090909090909,0.5909090909090909,0.5454545454545454,0.4090909090909091,0.4090909090909091,0.5754545454545454,63.576125,69.4918125,89.113,39.158,70.137,1.809,71.603,0.0,0.0,0.0,672,5,A,73,SUV,1.08,Pass,NONE,,0.01726,39.158,1.809,0
VH-00674,72.70922727272728,12.377392312550082,101.334,96.869,36.605681818181814,50.064,38.831852272727275,47.378,1.7902613636363638,2.123,0.4772727272727273,0.5227272727272727,0.5681818181818182,0.4090909090909091,0.4090909090909091,0.5790909090909091,62.6723125,70.4768125,89.06833333333333,39.12,59.648,2.074,69.1,0.0,0.0,0.0,673,5,A,74,Sedan,1.0,Pass,NONE,,0.02709,39.12,2.074,0
VH-00675,74.09263636363636,11.81858854180598,102.537,96.90795000000001,36.18022727272727,49.34,38.91902272727273,46.291,1.7705909090909093,2.367,0.5227272727272727,0.5909090909090909,0.6590909090909091,0.4090909090909091,0.4090909090909091,0.5772727272727273,64.3696875,72.5383125,89.129,39.632,65.299,2.161,72.919,0.0,0.0,0.0,674,5,A,75,Truck,1.14,Pass,NONE,,0.02931,39.632,2.161,0
VH-00676,73.36886363636364,11.844608135685597,101.028,91.05845000000001,36.23059090909091,52.296,38.89353409090909,47.626,1.8307727272727272,2.397,0.5,0.6136363636363636,0.5681818181818182,0.4090909090909091,0.4090909090909091,0.5772727272727273,63.7345625,71.6666875,88.48416666666667,39.61,66.504,1.899,70.224,0.0,0.0,0.0,675,5,B,1,Sedan,1.0,Pass,NONE,,0.02439,39.61,1.899,0
VH-00677,72.97761363636363,10.885475172493509,98.044,95.8281,36.237125,50.28,38.845988636363636,47.732,1.8084318181818182,2.191,0.5681818181818182,0.4772727272727273,0.5909090909090909,0.4090909090909091,0.4090909090909091,0.5809090909090909,64.1285,71.41325,86.86225,40.137,62.463,2.191,69.025,0.0,0.0,0.0,676,5,B,2,Sedan,1.0,Pass,NONE,,0.02736,40.137,2.191,0
VH-00678,73.17609090909092,11.697263277262335,98.872,96.9124,35.97651136363636,50.741,38.77110227272727,49.253,1.8147045454545454,2.57,0.4772727272727273,0.45454545454545453,0.5909090909090909,0.4090909090909091,0.4090909090909091,0.5790909090909091,63.5560625,72.11275,87.42058333333334,40.765,66.057,2.253,70.01,0.0,0.0,0.0,677,5,B,3,SUV,1.08,Pass,NONE,,0.0251,40.765,2.253,0
VH-00679,72.80254545454545,12.051806599021212,98.983,95.0189,36.49768181818182,51.366,38.97364772727273,49.436,1.774340909090909,2.37,0.4318181818181818,0.5681818181818182,0.5909090909090909,0.4090909090909091,0.4090909090909091,0.5790909090909091,63.3081875,71.25375,87.52674999999999,40.147,62.385,2.237,74.094,0.0,0.0,0.0,678,5,B,4,Sedan,1.0,Pass,NONE,,0.02067,40.147,2.237,0
VH-00680,73.51127272727273,12.09513892623067,100.281,96.35400000000001,36.51263636363637,53.179,39.03815909090909,48.325,1.7761250000000002,2.491,0.5227272727272727,0.5,0.6363636363636364,0.4090909090909091,0.4090909090909091,0.5754545454545454,64.630375,70.4763125,89.39908333333334,41.12,61.834,2.092,71.49,0.0,0.0,0.0,679,5,B,5,SUV,1.08,Pass,NONE,,0.02441,41.12,2.092,0
VH-00681,73.71761363636364,11.211861603440052,100.127,95.0668,36.204125,47.494,38.96786363636364,47.788,1.7872954545454547,2.46,0.5681818181818182,0.45454545454545453,0.5454545454545454,0.4090909090909091,0.4090909090909091,0.5790909090909091,64.6290625,71.623375,88.628,40.932,66.918,2.183,71.352,0.0,0.0,0.0,680,5,B,6,Truck,1.14,Pass,NONE,,0.02967,40.932,2.183,0
VH-00682,72.59527272727273,12.159894608944363,101.085,95.63835,36.47419318181818,49.799,39.089988636363636,49.211,1.7988522727272729,2.446,0.5227272727272727,0.4318181818181818,0.5454545454545454,0.4090909090909091,0.4090909090909091,0.5809090909090909,63.237249999999996,70.80825,87.45533333333333,41.334,63.065,2.195,75.02,0.0,0.0,0.0,681,5,B,7,Compact,0.94,Pass,NONE,,0.02766,41.334,2.195,0
VH-00683,72.04402272727272,12.269905639197894,101.78,95.51475,36.44498863636364,51.21,39.00968181818182,47.741,1.7970681818181817,2.227,0.5454545454545454,0.5227272727272727,0.5909090909090909,0.4090909090909091,0.4090909090909091,0.5772727272727273,61.7235,70.6351875,87.68316666666668,41.597,63.388,2.19,65.951,0.0,0.0,0.0,682,5,B,8,Sedan,1.0,Pass,NONE,,0.01803,41.597,2.19,0
VH-00684,72.64065909090908,12.091088363390236,101.265,95.5656,36.075261363636365,50.479,38.63304545454545,46.291,1.8336136363636364,2.586,0.5454545454545454,0.5,0.5681818181818182,0.4090909090909091,0.4090909090909091,0.5754545454545454,63.780187500000004,70.202,87.70616666666666,40.114,66.287,2.339,74.75,0.0,0.0,0.0,683,5,B,9,Sedan,1.0,Pass,NONE,,0.02552,40.114,2.339,0
VH-00685,72.10770454545455,11.579371068954352,99.849,95.35495,36.48928409090909,49.878,38.923784090909095,48.735,1.7830113636363636,2.293,0.5909090909090909,0.5227272727272727,0.5681818181818182,0.4090909090909091,0.4090909090909091,0.5809090909090909,63.50825,69.6159375,86.896,40.411,69.334,2.15,70.777,0.0,0.0,0.0,684,5,B,10,Sedan,1.0,Pass,NONE,,0.01794,40.411,2.15,0
VH-00686,72.91481818181818,11.94723703443064,99.876,95.0443,36.25910227272727,50.543,38.86031818181818,47.427,1.748840909090909,2.172,0.45454545454545453,0.5454545454545454,0.6363636363636364,0.4090909090909091,0.4090909090909091,0.5809090909090909,63.276937499999995,71.1355625,88.13766666666668,40.743,64.946,2.172,69.082,0.0,0.0,0.0,685,5,B,11,SUV,1.08,Pass,NONE,,0.02069,40.743,2.172,0
VH-00687,72.36859090909091,11.960183959303498,98.098,96.0078,37.24732954545454,54.477,38.72885227272727,48.581,1.8164204545454545,2.515,0.4772727272727273,0.4772727272727273,0.6590909090909091,0.4090909090909091,0.4090909090909091,0.5736363636363636,62.7641875,70.616,87.51125,41.152,65.808,2.15,75.309,0.0,0.0,0.0,686,5,B,12,Sedan,1.0,Pass,NONE,,0.02603,41.152,2.15,0
VH-00688,74.19825,12.942053697647472,101.833,98.0812,36.16185227272727,49.738,38.866727272727275,47.016,1.809772727272727,2.347,0.6363636363636364,0.4090909090909091,0.6590909090909091,0.4090909090909091,0.4090909090909091,0.5736363636363636,63.4441875,72.6449375,90.60808333333334,40.096,64.64,2.347,70.318,0.0,0.0,0.0,687,5,B,13,Truck,1.14,Pass,NONE,,0.02226,40.096,2.347,0
VH-00689,72.41506818181819,11.8417755315421,99.353,92.914,36.074000000000005,49.302,38.88422727272727,50.194,1.8280795454545455,2.746,0.45454545454545453,0.5681818181818182,0.5681818181818182,0.4090909090909091,0.4090909090909091,0.5790909090909091,62.827375,70.9225,87.18875000000001,40.144,68.746,1.918,74.223,0.0,0.0,0.0,688,5,B,14,SUV,1.08,Pass,NONE,,0.02507,40.144,1.918,0
VH-00690,72.76040909090909,12.067316324295676,102.742,96.2487,35.97754545454546,51.231,39.05086363636364,48.598,1.7677613636363636,2.51,0.5454545454545454,0.4772727272727273,0.6136363636363636,0.4090909090909091,0.4090909090909091,0.5790909090909091,63.607125,70.302625,88.24183333333333,40.427499999999995,59.62,2.196,68.963,0.0,0.0,0.0,689,5,B,15,Sedan,1.0,Pass,NONE,,0.02771,40.342,2.196,0
VH-00691,72.31693181818183,11.830284439753578,101.565,92.0638,36.86496590909091,51.691,39.089977272727275,48.303,1.7908863636363639,2.379,0.4772727272727273,0.5,0.5909090909090909,0.4090909090909091,0.4090909090909091,0.5772727272727273,62.946875,69.8461875,88.10466666666667,40.025,64.694,2.379,65.43,0.0,0.0,0.0,690,5,B,16,Compact,0.94,Pass,NONE,,0.01699,40.025,2.379,0
VH-00692,72.63347727272728,11.103988117597682,98.91,92.3505,36.31478409090909,51.257,38.98925,48.936,1.7700454545454547,2.388,0.5681818181818182,0.6363636363636364,0.6590909090909091,0.4090909090909091,0.4090909090909091,0.5736363636363636,63.774875,71.13074999999999,86.44858333333333,40.637,62.213,2.388,75.636,0.0,0.0,0.0,691,5,B,17,Sedan,1.0,Pass,NONE,,0.02194,40.637,2.388,0
VH-00693,71.47031818181819,11.19827823720242,97.841,91.59445000000001,36.938931818181814,53.168,38.97826136363636,48.533,1.7877045454545455,2.617,0.5227272727272727,0.5227272727272727,0.5227272727272727,0.4090909090909091,0.4090909090909091,0.5827272727272728,63.176874999999995,68.9864375,85.84008333333333,39.898,64.569,2.142,72.869,0.0,0.0,0.0,692,5,B,18,Sedan,1.0,Pass,NONE,,0.03201,39.898,2.142,0
VH-00694,73.38834090909091,12.38643102292704,101.579,96.33665,36.32668181818182,49.317,39.084886363636365,49.415,1.822943181818182,3.047,0.5,0.5681818181818182,0.5681818181818182,0.4090909090909091,0.4090909090909091,0.5754545454545454,63.7055625,71.883875,88.30466666666666,40.422,63.341,2.236,76.203,0.0,0.0,0.0,693,5,B,19,Truck,1.14,Pass,NONE,,0.02596,40.422,2.236,0
VH-00695,72.77127272727273,11.355595085148266,98.511,93.9574,36.09407954545455,47.407,39.00509090909091,48.278,1.761443181818182,2.202,0.5227272727272727,0.5454545454545454,0.5681818181818182,0.4090909090909091,0.4090909090909091,0.5790909090909091,63.8438125,70.42675,87.80058333333334,39.224,65.928,2.004,70.666,0.0,0.0,0.0,694,5,B,20,Sedan,1.0,Pass,NONE,,0.0171,39.224,2.004,0
VH-00696,72.39829545454546,11.783890133488109,102.814,95.07615000000001,36.48135227272727,52.48,39.026329545454544,48.892,1.8185,2.858,0.4772727272727273,0.6136363636363636,0.5454545454545454,0.4090909090909091,0.4090909090909091,0.5772727272727273,63.455,70.031125,87.47891666666668,40.28,69.229,2.06,67.945,0.0,0.0,0.0,695,5,B,21,Sedan,1.0,Pass,NONE,,0.01806,40.28,2.06,0
VH-00697,72.77468181818182,11.104333603603903,97.891,92.1841,36.407863636363636,52.307,39.003875,49.578,1.8138636363636365,2.338,0.5454545454545454,0.5,0.6136363636363636,0.4090909090909091,0.4090909090909091,0.5736363636363636,63.873,71.1061875,86.86825,39.774,63.677,2.338,67.752,0.0,0.0,0.0,696,5,B,22,SUV,1.08,Fail,LOW_CONFIDENCE_MULTI_CAUSAL,ST-45,0.04248,39.774,2.338,1
VH-00698,71.24009090909091,11.715096058759487,100.881,93.0269,36.94294318181818,51.512,39.07678409090909,47.967,1.8417840909090908,2.712,0.5227272727272727,0.5,0.5454545454545454,0.4090909090909091,0.4090909090909091,0.5809090909090909,62.4701875,68.6694375,86.36083333333333,39.428,68.787,2.272,68.918,0.0,0.0,0.0,697,5,B,23,Compact,0.94,Pass,NONE,,0.02207,39.428,2.272,0
VH-00699,72.985,11.650931413011481,99.45,97.0768,36.32272727272727,50.22,39.06935227272727,48.573,1.7861931818181818,2.307,0.4772727272727273,0.6136363636363636,0.5454545454545454,0.4090909090909091,0.4090909090909091,0.5772727272727273,63.2975625,71.6845,87.63558333333333,40.02,62.979,2.158,76.542,0.0,0.0,0.0,698,5,B,24,Sedan,1.0,Pass,NONE,,0.02223,40.02,2.158,0
VH-00700,72.70520454545455,10.920572079272382,95.98,94.0929,36.56993181818182,52.18,38.935795454545456,48.203,1.7868636363636363,2.554,0.4772727272727273,0.5454545454545454,0.5681818181818182,0.4090909090909091,0.4090909090909091,0.5809090909090909,64.30624999999999,70.40174999999999,86.97508333333333,39.173,66.347,1.986,72.881,0.0,0.0,0.0,699,5,B,25,Sedan,1.0,Pass,NONE,,0.01843,39.173,1.986,0
VH-00701,73.54834090909091,11.944072835692781,100.317,95.4508,36.31715909090909,49.68,38.829488636363635,49.249,1.8152045454545453,2.298,0.5,0.5454545454545454,0.6136363636363636,0.4090909090909091,0.4090909090909091,0.5772727272727273,64.82362499999999,71.1543125,88.37333333333333,40.888,69.695,2.298,73.566,0.0,0.0,0.0,700,5,B,26,SUV,1.08,Pass,NONE,,0.02536,40.888,2.298,0
VH-00702,74.08375,11.643849273878061,104.628,97.6049,36.06859090909091,49.549,38.911818181818184,47.066,1.7959772727272727,2.496,0.5,0.5454545454545454,0.5681818181818182,0.4090909090909091,0.4090909090909091,0.5790909090909091,65.357375,71.4663125,89.20883333333335,40.17,66.635,2.01,72.331,0.0,0.0,0.0,701,5,B,27,Truck,1.14,Pass,NONE,,0.02194,40.17,2.01,0
VH-00703,72.01831818181819,10.936797049884373,97.857,92.7893,35.957875,52.596,39.30714772727273,48.993,1.801465909090909,2.197,0.4772727272727273,0.5681818181818182,0.5909090909090909,0.4090909090909091,0.4090909090909091,0.5772727272727273,63.8558125,69.937625,85.67591666666665,41.246,69.522,2.197,67.914,0.0,0.0,0.0,702,5,B,28,Compact,0.94,Pass,NONE,,0.01794,41.246,2.197,0
VH-00704,71.80027272727273,11.405199855234603,98.062,93.6151,36.68472727272727,49.03,39.01359090909091,49.268,1.7637272727272728,2.668,0.5227272727272727,0.5454545454545454,0.5681818181818182,0.4090909090909091,0.4090909090909091,0.5790909090909091,63.2238125,69.743375,85.97808333333334,40.687,68.136,2.098,75.419,0.0,0.0,0.0,703,5,B,29,Sedan,1.0,Pass,NONE,,0.02844,40.687,2.098,0
VH-00705,72.56879545454545,12.108924443968847,101.931,94.3847,36.28277272727273,49.322,39.203227272727275,48.894,1.7879090909090911,2.248,0.5454545454545454,0.5227272727272727,0.6136363636363636,0.4090909090909091,0.4090909090909091,0.5754545454545454,62.075375,71.4320625,88.07566666666666,41.467,59.271,1.992,65.966,0.0,0.0,0.0,704,5,B,30,Compact,0.94,Pass,NONE,,0.01656,41.467,1.992,0
VH-00706,74.09797727272728,11.925780652110872,104.159,95.25755,36.444125,47.899,38.87027272727273,49.255,1.8075454545454546,2.381,0.5681818181818182,0.5,0.5681818181818182,0.4090909090909091,0.4090909090909091,0.5790909090909091,64.8076875,72.0385625,89.23091666666666,39.037,65.069,1.906,74.84,0.0,0.0,0.0,705,5,B,31,Truck,1.14,Pass,NONE,,0.02792,39.037,1.906,0
VH-00707,71.48284090909091,11.899875168278571,99.948,95.67605,36.30488636363636,50.255,38.78301136363637,46.291,1.764590909090909,2.367,0.4772727272727273,0.4772727272727273,0.6136363636363636,0.4090909090909091,0.4090909090909091,0.5790909090909091,62.0915,69.7359375,86.33383333333335,40.305,65.855,2.177,67.75,0.0,0.0,0.0,706,5,B,32,Compact,0.94,Pass,NONE,,0.01708,40.305,2.177,0
VH-00708,72.06329545454545,11.360592462399262,95.728,93.55405,36.44302272727273,52.688,38.94811363636364,48.494,1.8311477272727272,2.482,0.5,0.5681818181818182,0.5909090909090909,0.4090909090909091,0.4090909090909091,0.5790909090909091,62.8833125,70.4088125,86.50925,40.051,68.012,1.844,76.181,0.0,0.0,0.0,707,5,B,33,Sedan,1.0,Pass,NONE,,0.01938,40.051,1.844,0
VH-00709,72.5975,11.889892167054583,100.478,96.88235,36.37981818181818,51.954,38.75246590909091,46.291,1.7893863636363638,2.389,0.5227272727272727,0.5454545454545454,0.5681818181818182,0.4090909090909091,0.4090909090909091,0.5790909090909091,63.009,70.2186875,88.55391666666667,39.222,63.267,2.084,71.015,0.0,0.0,0.0,708,5,B,34,Sedan,1.0,Pass,NONE,,0.02184,39.222,2.084,0
VH-00710,72.49434090909091,12.131748444595232,98.145,96.7946,36.628875,51.821,38.79006818181818,48.022,1.7934772727272728,2.318,0.4772727272727273,0.5227272727272727,0.6363636363636364,0.4090909090909091,0.4090909090909091,0.5790909090909091,62.1185625,71.4950625,87.66108333333334,39.647,61.088,2.318,75.281,0.0,0.0,0.0,709,5,B,35,SUV,1.08,Pass,NONE,,0.03136,39.647,2.318,0
VH-00711,73.68268181818182,11.554358905207998,98.465,93.41485,36.33844318181818,51.109,38.92554545454545,48.55,1.799840909090909,2.301,0.5454545454545454,0.5227272727272727,0.5,0.4090909090909091,0.4090909090909091,0.5809090909090909,64.870625,71.709875,88.0625,39.598,59.798,1.9,77.981,0.0,0.0,0.0,710,5,B,36,Truck,1.14,Pass,NONE,,0.0242,39.598,1.9,0
VH-00712,72.40534090909091,10.845399967842287,100.216,92.10365,36.242329545454545,53.676,38.70678409090909,47.951,1.7478749999999998,2.206,0.45454545454545453,0.45454545454545453,0.5909090909090909,0.4090909090909091,0.4090909090909091,0.5772727272727273,64.2684375,70.3439375,86.00308333333334,41.227,62.256,1.753,65.972,0.0,0.0,0.0,711,5,B,37,Sedan,1.0,Pass,NONE,,0.01916,41.227,1.753,0
VH-00713,73.1435,11.970119312222302,99.824,96.37395000000001,36.57607954545455,51.365,39.092693181818184,49.611,1.7747727272727274,2.461,0.5,0.5,0.5227272727272727,0.4090909090909091,0.4090909090909091,0.5809090909090909,63.6066875,70.595,89.25725,40.652,62.459,2.256,72.579,0.0,0.0,0.0,712,5,B,38,Sedan,1.0,Pass,NONE,,0.02319,40.652,2.256,0
VH-00714,72.88804545454546,11.059845827081674,102.899,93.31795,36.39134090909091,50.953,39.04120454545455,50.528,1.7507045454545456,2.421,0.5,0.5,0.5454545454545454,0.4090909090909091,0.4090909090909091,0.5790909090909091,64.4046875,70.99525,86.72291666666666,40.512,64.411,1.569,71.847,0.0,0.0,0.0,713,5,B,39,Truck,1.14,Pass,NONE,,0.02355,40.512,1.569,0
VH-00715,72.59290909090909,12.343522520905509,100.206,96.24155,36.59278409090909,50.929,38.91588636363636,46.291,1.7762159090909089,2.36,0.5909090909090909,0.5454545454545454,0.5454545454545454,0.4090909090909091,0.4090909090909091,0.5754545454545454,63.11325,69.9325625,88.77958333333333,40.684,67.752,1.788,65.957,0.0,0.0,0.0,714,5,B,40,Compact,0.94,Pass,NONE,,0.01675,40.684,1.788,0
VH-00716,73.16606818181819,11.645144468529264,102.026,93.31995,36.61818181818182,51.827,38.88915909090909,50.264,1.8034431818181818,2.608,0.5227272727272727,0.4772727272727273,0.5227272727272727,0.4090909090909091,0.4090909090909091,0.5827272727272728,63.4419375,71.43275,88.44266666666665,39.971,64.051,2.273,67.886,0.0,0.0,0.0,715,5,B,41,Truck,1.14,Pass,NONE,,0.02421,39.971,2.273,0
VH-00717,72.47727272727273,10.991391795323683,99.949,95.57560000000001,36.66706818181818,53.259,39.04951136363636,49.775,1.7857159090909092,2.243,0.5227272727272727,0.5,0.6136363636363636,0.4090909090909091,0.4090909090909091,0.5790909090909091,63.887,70.7528125,86.23025,41.395,66.114,2.035,73.008,0.0,0.0,0.0,716,5,B,42,SUV,1.08,Pass,NONE,,0.02417,41.395,2.035,0
VH-00718,73.9476590909091,11.404390943318933,100.072,96.1014,35.94685227272727,49.601,39.087375,48.972,1.7803522727272727,2.357,0.5227272727272727,0.5454545454545454,0.5681818181818182,0.4090909090909091,0.4090909090909091,0.5790909090909091,64.8046875,72.2630625,88.38441666666667,40.451,69.207,2.055,69.85,0.0,0.0,0.0,717,5,B,43,Truck,1.14,Pass,NONE,,0.01993,40.451,2.055,0
VH-00719,73.32240909090909,11.815279753044623,100.007,96.55705,35.51419318181818,49.892,38.993931818181814,50.46,1.7910568181818183,2.375,0.5,0.5,0.5681818181818182,0.4090909090909091,0.4090909090909091,0.5809090909090909,63.7490625,71.189875,88.93025,40.398,62.316,1.938,70.096,0.0,0.0,0.0,718,5,B,44,Truck,1.14,Pass,NONE,,0.02093,40.398,1.938,0
VH-00720,72.66972727272727,11.560600719411495,102.09,94.55815,36.58240909090909,52.639,38.71627272727273,48.009,1.7849204545454547,2.541,0.4772727272727273,0.4318181818181818,0.5681818181818182,0.4090909090909091,0.4090909090909091,0.5809090909090909,63.6046875,70.7574375,87.30616666666667,40.088,63.479,2.011,71.352,0.0,0.0,0.0,719,5,B,45,Sedan,1.0,Pass,NONE,,0.02706,40.088,2.011,0
VH-00721,73.88875,12.125272709711883,102.208,97.5726,36.016693181818184,49.19,38.69459090909091,46.653,1.7786363636363638,2.393,0.5454545454545454,0.4772727272727273,0.5681818181818182,0.4090909090909091,0.4090909090909091,0.5790909090909091,64.640125,71.6154375,89.25133333333333,39.593,68.185,1.964,73.551,0.0,0.0,0.0,720,5,B,46,SUV,1.08,Pass,NONE,,0.02886,39.593,1.964,0
VH-00722,71.32229545454545,11.917638562679961,99.116,94.09215,36.48027272727273,49.342,38.93088636363637,47.794,1.7962159090909091,2.28,0.4772727272727273,0.5909090909090909,0.6136363636363636,0.4090909090909091,0.4090909090909091,0.5754545454545454,61.9729375,69.0390625,86.83241666666667,40.27,63.759,2.28,68.089,0.0,0.0,0.0,721,5,B,47,Compact,0.94,Pass,NONE,,0.02002,40.27,2.28,0
VH-00723,72.57993181818182,11.322721047763906,97.171,93.73455,36.23892045454546,50.592,38.90660227272727,46.291,1.7562386363636364,2.374,0.5454545454545454,0.5909090909090909,0.5909090909090909,0.4090909090909091,0.4090909090909091,0.5736363636363636,63.257937500000004,70.5225625,87.75241666666666,40.541,68.375,2.374,69.508,0.0,0.0,0.0,722,5,B,48,Sedan,1.0,Pass,NONE,,0.02474,40.541,2.374,0
VH-00724,71.75597727272726,12.272058917281928,101.792,94.92075,36.08476136363636,51.011,38.981249999999996,50.049,1.838159090909091,2.441,0.5681818181818182,0.5909090909090909,0.6818181818181818,0.4090909090909091,0.4090909090909091,0.5736363636363636,62.1505,69.1748125,88.00483333333334,40.602,61.896,2.441,73.846,0.0,0.0,0.0,723,5,B,49,Compact,0.94,Pass,NONE,,0.02832,40.602,2.441,0
VH-00725,72.61397727272727,11.589720436238707,100.534,95.1032,35.87844318181818,51.754,38.80464772727273,47.165,1.823715909090909,2.377,0.5454545454545454,0.5681818181818182,0.5454545454545454,0.4090909090909091,0.4090909090909091,0.5809090909090909,63.7545,69.973375,87.94741666666665,39.898,63.735,1.919,73.25,0.0,0.0,0.0,724,5,B,50,SUV,1.08,Pass,NONE,,0.02256,39.898,1.919,0
VH-00726,72.17318181818182,11.278938097947703,100.865,92.9117,36.086909090909096,50.379,38.81284090909091,48.336,1.8077272727272728,2.34,0.4318181818181818,0.5681818181818182,0.6590909090909091,0.4090909090909091,0.4090909090909091,0.5772727272727273,63.5753125,69.7975625,86.8045,39.596,64.824,2.34,72.355,0.0,0.0,0.0,725,5,B,51,Compact,0.94,Pass,NONE,,0.01515,39.596,2.34,0
VH-00727,72.55672727272727,12.748614727050693,105.457,95.4564,36.37417045454546,53.542,38.91170454545455,48.555,1.7895113636363638,2.246,0.5454545454545454,0.5454545454545454,0.7045454545454546,0.4090909090909091,0.4090909090909091,0.5754545454545454,62.21225,70.5889375,88.97308333333332,41.553,57.764,2.246,67.673,0.0,0.0,0.0,726,5,B,52,Sedan,1.0,Pass,NONE,,0.02717,41.553,1.917,0
VH-00728,71.73513636363636,11.522752090903213,96.209,93.82530000000001,36.39810227272727,49.262,39.11425,47.779,1.753875,2.457,0.5,0.5227272727272727,0.5909090909090909,0.4090909090909091,0.4090909090909091,0.5790909090909091,62.986312500000004,69.4443125,86.45466666666665,40.353,68.015,1.86,68.779,0.0,0.0,0.0,727,5,B,53,Sedan,1.0,Pass,NONE,,0.01598,40.353,1.86,0
VH-00729,72.13431818181817,12.500908569347933,102.573,95.67055,36.21422727272727,50.976,39.208352272727275,49.059,1.7498977272727272,2.256,0.45454545454545453,0.5,0.6363636363636364,0.4090909090909091,0.4090909090909091,0.5772727272727273,62.245375,69.7375625,88.51525,39.975,63.129,2.121,69.26,0.0,0.0,0.0,728,5,B,54,Compact,0.94,Pass,NONE,,0.02773,39.975,2.121,0
VH-00730,72.18881818181818,11.451579127976753,101.907,93.72125000000001,37.04093181818182,53.872,38.952375,47.368,1.789784090909091,2.311,0.4772727272727273,0.5454545454545454,0.5681818181818182,0.4090909090909091,0.4090909090909091,0.5845454545454545,63.40775,69.831,87.04066666666667,40.156,64.145,2.058,69.921,0.0,0.0,0.0,729,5,B,55,Compact,0.94,Pass,NONE,,0.02335,40.156,2.058,0
VH-00731,72.90945454545455,11.33860268749473,96.764,95.33815,36.23982954545455,50.51,38.83573863636364,47.194,1.8237954545454544,2.37,0.5227272727272727,0.45454545454545453,0.6590909090909091,0.4090909090909091,0.4090909090909091,0.5790909090909091,64.1983125,70.8608125,87.25583333333333,41.735,69.497,2.326,69.731,0.0,0.0,0.0,730,5,B,56,SUV,1.08,Pass,NONE,,0.02901,41.735,2.326,0
VH-00732,72.03763636363637,12.134168079475932,101.823,94.4012,36.07921590909091,49.813,39.23760227272727,51.425,1.7803977272727274,2.396,0.5,0.5681818181818182,0.6136363636363636,0.4090909090909091,0.4090909090909091,0.5772727272727273,62.398875000000004,69.88225,87.76316666666666,40.532,65.66,2.25,72.498,0.0,0.0,0.0,731,5,B,57,Compact,0.94,Pass,NONE,,0.01828,40.532,2.25,0
VH-00733,73.28604545454546,11.945617359136744,100.1,94.971,37.03245454545455,51.093,39.078534090909095,48.683,1.837715909090909,2.425,0.5681818181818182,0.5454545454545454,0.5454545454545454,0.4090909090909091,0.4090909090909091,0.5790909090909091,63.22675,71.6664375,88.85791666666667,39.541,63.768,2.097,76.76,0.0,0.0,0.0,732,5,B,58,SUV,1.08,Pass,NONE,,0.02641,39.541,2.097,0
VH-00734,71.99225,12.307528437439105,99.814,96.0219,36.67364772727273,53.332,39.169965909090905,48.612,1.8302500000000002,2.424,0.5681818181818182,0.6136363636363636,0.5454545454545454,0.4090909090909091,0.4090909090909091,0.5754545454545454,62.4935,70.117375,87.15708333333333,40.313,67.981,2.396,72.335,0.0,0.0,0.0,733,5,B,59,Sedan,1.0,Pass,NONE,,0.01834,40.313,2.396,0
VH-00735,72.43572727272728,11.895196001911446,101.607,94.61275,36.456238636363636,50.073,39.13944318181819,47.248,1.834806818181818,2.437,0.45454545454545453,0.6136363636363636,0.5,0.4090909090909091,0.4090909090909091,0.5790909090909091,62.6816875,71.098375,87.22425,40.582,57.419,1.995,71.007,0.0,0.0,0.0,734,5,B,60,Compact,0.94,Pass,NONE,,0.02476,40.582,1.995,0
VH-00736,73.70875,11.454296084723476,103.632,92.00144999999999,36.257920454545456,54.926,38.71025,46.291,1.7381704545454546,2.152,0.5,0.5681818181818182,0.5681818181818182,0.4090909090909091,0.4090909090909091,0.5790909090909091,64.0955,72.1545625,88.59866666666666,40.65,63.023,2.152,67.019,0.0,0.0,0.0,735,5,B,61,Sedan,1.0,Pass,NONE,,0.02671,40.65,2.152,0
VH-00737,72.28970454545454,11.932197923382322,102.251,96.26885,36.27979545454545,49.432,38.94435227272727,48.314,1.7985227272727273,2.162,0.4772727272727273,0.4318181818181818,0.5909090909090909,0.4090909090909091,0.4090909090909091,0.5790909090909091,62.8713125,70.5915625,87.11174999999999,40.114,62.058,1.642,69.283,0.0,0.0,0.0,736,5,B,62,Sedan,1.0,Pass,NONE,,0.01611,40.114,1.642,0
VH-00738,72.3706590909091,11.162443522486734,94.968,92.19675,36.767022727272725,52.523,38.93939772727273,46.693,1.8027499999999999,2.305,0.5681818181818182,0.5909090909090909,0.5454545454545454,0.4090909090909091,0.4090909090909091,0.5772727272727273,63.686,70.5820625,86.335,42.08,71.812,1.726,68.88,0.0799999999999983,0.0,0.0,737,5,B,63,Sedan,1.0,Pass,NONE,,0.01708,42.08,1.726,0
VH-00739,71.72456818181819,12.277876722348887,103.264,94.6128,36.33155681818182,51.909,38.986920454545455,49.339,1.8167954545454543,2.534,0.5,0.5909090909090909,0.6136363636363636,0.4090909090909091,0.4090909090909091,0.5754545454545454,62.328875000000004,69.4535625,87.28016666666667,40.427499999999995,65.808,2.005,69.2,0.0,0.0,0.0,738,5,B,64,Compact,0.94,Pass,NONE,,0.02368,40.722,2.005,0
VH-00740,73.51125,12.431791706309662,101.862,97.03335,35.99461363636363,51.739,39.052102272727275,49.075,1.7836136363636363,2.281,0.4772727272727273,0.4772727272727273,0.5681818181818182,0.4090909090909091,0.4090909090909091,0.5827272727272728,64.011375,71.1903125,89.27233333333334,39.677,66.129,2.26,72.528,0.0,0.0,0.0,739,5,B,65,Sedan,1.0,Pass,NONE,,0.01946,39.677,2.26,0
VH-00741,73.81163636363637,12.086694358502504,100.052,97.13735,36.96506818181818,53.301,38.91039772727273,47.568,1.7758522727272728,2.196,0.5454545454545454,0.5681818181818182,0.5909090909090909,0.4090909090909091,0.4090909090909091,0.5772727272727273,64.1061875,72.178625,88.92958333333333,42.216,65.473,1.853,73.044,0.21600000000000108,0.0,0.0,740,5,B,66,Truck,1.14,Pass,NONE,,0.02531,42.216,1.853,0
VH-00742,73.36536363636364,11.795360286286218,101.795,94.59565,36.75711363636364,53.599,38.954875,47.406,1.8096022727272727,2.451,0.5454545454545454,0.6136363636363636,0.5454545454545454,0.4090909090909091,0.4090909090909091,0.5772727272727273,64.13925,70.659875,89.27416666666666,40.234,71.625,2.145,72.024,0.0,0.0,0.0,741,5,B,67,SUV,1.08,Pass,NONE,,0.02434,40.234,2.145,0
VH-00743,72.33475,11.996258884132017,100.144,93.6727,36.61392045454546,48.866,39.296465909090905,51.641,1.8114545454545457,2.427,0.5,0.6363636363636364,0.5909090909090909,0.4090909090909091,0.4090909090909091,0.5772727272727273,63.1559375,70.3360625,87.23808333333334,39.287,64.608,1.947,72.508,0.0,0.0,0.0,742,5,B,68,Sedan,1.0,Pass,NONE,,0.02001,39.287,1.947,0
VH-00744,73.12709090909091,12.222484450023984,103.99,95.4965,36.300056818181815,52.41,39.02522727272728,49.652,1.8096250000000003,2.295,0.5454545454545454,0.5,0.6363636363636364,0.4090909090909091,0.4090909090909091,0.5736363636363636,64.1105625,70.54475,88.59224999999999,40.319,68.162,2.185,72.23,0.0,0.0,0.0,743,5,B,69,SUV,1.08,Pass,NONE,,0.03259,40.319,2.185,0
VH-00745,72.18254545454546,11.575567136549704,98.782,95.8621,36.427136363636365,50.887,38.77110227272727,46.56,1.7658749999999999,2.221,0.45454545454545453,0.5454545454545454,0.5681818181818182,0.4090909090909091,0.4090909090909091,0.5809090909090909,63.381,69.6405625,87.30725,40.695,69.394,2.098,67.467,0.0,0.0,0.0,744,5,B,70,Sedan,1.0,Pass,NONE,,0.02895,40.695,2.098,0
VH-00746,72.59022727272726,12.019221167863986,100.802,95.7753,36.47009090909091,48.725,39.13240909090909,50.884,1.759818181818182,2.177,0.5227272727272727,0.5,0.6136363636363636,0.4090909090909091,0.4090909090909091,0.5790909090909091,63.046625,70.854125,87.62983333333334,40.18,65.175,2.144,77.393,0.0,0.0,0.0,745,5,B,71,Sedan,1.0,Pass,NONE,,0.02414,40.18,2.144,0
VH-00747,72.05354545454546,12.554799827907097,100.587,97.5198,36.90189772727273,53.562,39.04229545454546,49.97,1.8335227272727272,2.667,0.5227272727272727,0.5909090909090909,0.5909090909090909,0.4090909090909091,0.4090909090909091,0.5790909090909091,61.9398125,70.50631249999999,87.6015,40.726,68.166,1.805,67.616,0.0,0.0,0.0,746,5,B,72,Compact,0.94,Pass,NONE,,0.02639,40.726,1.805,0
VH-00748,73.35288636363636,11.820903607722448,103.667,93.96265,36.493125,52.788,39.313545454545455,49.619,1.7991590909090909,2.436,0.45454545454545453,0.4772727272727273,0.5909090909090909,0.4090909090909091,0.4090909090909091,0.5809090909090909,64.197,71.787375,87.64808333333333,40.303,66.408,2.194,72.025,0.0,0.0,0.0,747,5,B,73,SUV,1.08,Pass,NONE,,0.01602,40.303,2.194,0
VH-00749,71.28852272727273,11.79933550452349,97.842,94.43275,36.65452272727273,50.705,38.83020454545454,48.772,1.8218636363636365,2.474,0.5681818181818182,0.5454545454545454,0.5909090909090909,0.4090909090909091,0.4090909090909091,0.5754545454545454,61.885125,69.235875,86.56325,40.427499999999995,70.012,2.018,69.459,0.0,0.0,0.0,748,5,B,74,Compact,0.94,Pass,NONE,,0.02412,40.593,2.018,0
VH-00750,72.57568181818182,11.075672513095363,99.056,94.81455000000001,36.528625,48.827,39.085443181818185,49.873,1.7934659090909089,2.271,0.5454545454545454,0.6136363636363636,0.5681818181818182,0.4090909090909091,0.4090909090909091,0.5718181818181818,63.6763125,71.5725,85.77908333333333,39.495,68.961,2.175,69.415,0.0,0.0,0.0,749,5,B,75,Compact,0.94,Pass,NONE,,0.02585,39.495,2.175,0
VH-00751,73.18406818181819,12.169489640552815,102.937,91.6126,36.254363636363635,52.302,38.84980681818182,48.735,1.7740113636363637,2.323,0.5,0.5681818181818182,0.5227272727272727,0.4090909090909091,0.4090909090909091,0.5790909090909091,63.0706875,72.579875,87.47416666666668,39.522,65.505,1.997,75.48,0.0,0.0,0.0,750,6,A,1,Sedan,1.0,Pass,NONE,,0.01836,39.522,1.997,0
VH-00752,72.9135,11.640530455227111,100.813,94.83765000000001,36.538295454545455,52.817,38.91234090909091,48.797,1.8212954545454545,2.303,0.45454545454545453,0.5454545454545454,0.5909090909090909,0.4090909090909091,0.4090909090909091,0.5790909090909091,63.267875000000004,71.06325,88.24133333333333,39.876,64.953,2.077,71.854,0.0,0.0,0.0,751,6,A,2,Sedan,1.0,Pass,NONE,,0.01577,39.876,2.077,0
VH-00753,73.59393181818182,12.30479738623003,101.817,95.1485,36.75720454545455,50.338,38.90920454545455,49.675,1.806693181818182,2.425,0.5,0.5227272727272727,0.5454545454545454,0.4090909090909091,0.4090909090909091,0.5809090909090909,63.785125,71.6513125,89.2625,38.948,61.889,2.136,75.138,0.0,0.0,0.0,752,6,A,3,SUV,1.08,Pass,NONE,,0.03347,38.948,2.136,0
VH-00754,72.48070454545454,12.085479576131645,100.914,96.73855,35.91520454545454,47.388,38.89793181818182,47.608,1.8198181818181818,2.31,0.5454545454545454,0.5227272727272727,0.5681818181818182,0.4090909090909091,0.4090909090909091,0.5772727272727273,62.815062499999996,70.7405,87.68849999999999,38.796,61.126,1.827,68.212,0.0,0.0,0.0,753,6,A,4,Sedan,1.0,Pass,NONE,,0.0232,38.796,1.827,0
VH-00755,72.82822727272728,11.551262254319921,99.685,94.14505000000001,36.804261363636364,50.048,38.890375,46.96,1.8507045454545454,2.53,0.5227272727272727,0.4772727272727273,0.6363636363636364,0.4090909090909091,0.4090909090909091,0.5754545454545454,63.4555625,70.539125,88.37725,38.403,71.786,2.246,68.475,0.0,0.0,0.0,754,6,A,5,Compact,0.94,Fail,PAINT_ENVIRONMENT_VARIATION,ST-45,0.01509,38.403,2.182,1
VH-00756,73.16577272727272,12.400280499197342,101.894,95.2565,36.53486363636363,50.932,38.66039772727273,47.116,1.7933977272727275,2.228,0.5,0.5454545454545454,0.5681818181818182,0.4090909090909091,0.4090909090909091,0.5754545454545454,62.4489375,72.1683125,88.78483333333334,39.417,67.832,1.844,73.107,0.0,0.0,0.0,755,6,A,6,SUV,1.08,Pass,NONE,,0.0285,39.417,1.844,0
VH-00757,73.05172727272726,11.685556084057676,100.258,95.47590000000001,36.66052272727273,49.593,38.88909090909091,49.173,1.7971704545454548,2.545,0.5454545454545454,0.5454545454545454,0.6136363636363636,0.4090909090909091,0.4090909090909091,0.5790909090909091,64.02925,71.08375,87.70566666666667,40.07,65.226,1.987,72.228,0.0,0.0,0.0,756,6,A,7,SUV,1.08,Pass,NONE,,0.01927,40.07,1.987,0
VH-00758,73.03540909090908,10.635029111424457,95.109,93.07545,36.32368181818182,49.864,38.71555681818182,48.827,1.7946704545454546,2.455,0.4318181818181818,0.5909090909090909,0.6136363636363636,0.4090909090909091,0.4090909090909091,0.5754545454545454,64.3191875,71.6278125,86.53383333333333,39.737,66.973,1.801,72.303,0.0,0.0,0.0,757,6,A,8,SUV,1.08,Pass,NONE,,0.03024,39.737,1.801,0
VH-00759,72.02918181818183,11.433429299539519,98.835,94.67620000000001,35.78578409090909,49.269,39.01298863636364,48.563,1.7832727272727273,2.531,0.5,0.5454545454545454,0.6136363636363636,0.4090909090909091,0.4090909090909091,0.5790909090909091,63.494749999999996,69.6935,86.52266666666667,40.022,66.15,2.118,73.57,0.0,0.0,0.0,758,6,A,9,Compact,0.94,Pass,NONE,,0.02217,40.022,2.118,0
VH-00760,72.62425,11.956161634448987,100.458,92.99380000000001,36.43038636363636,50.323,38.96084090909091,47.995,1.8156704545454545,2.424,0.5909090909090909,0.5909090909090909,0.5,0.4090909090909091,0.4090909090909091,0.5736363636363636,63.1123125,70.5665,88.0505,39.078,67.305,2.424,75.334,0.0,0.0,0.0,759,6,A,10,Sedan,1.0,Pass,NONE,,0.02692,39.078,2.424,0
VH-00761,72.43227272727273,11.645116489903607,98.961,92.71445,36.19201136363636,48.601,39.068602272727276,48.912,1.7898295454545454,2.318,0.4772727272727273,0.5227272727272727,0.5681818181818182,0.4090909090909091,0.4090909090909091,0.5790909090909091,63.130375,70.998125,86.747,39.798,62.269,1.92,71.585,0.0,0.0,0.0,760,6,A,11,Compact,0.94,Pass,NONE,,0.01563,39.798,1.92,0
VH-00762,73.01993181818182,11.878121359952292,98.715,95.68615,36.401545454545456,49.011,39.01231818181819,49.226,1.8492954545454545,2.521,0.5227272727272727,0.5454545454545454,0.5454545454545454,0.4090909090909091,0.4090909090909091,0.5790909090909091,63.3126875,71.3523125,88.18641666666667,40.308,65.217,2.31,69.171,0.0,0.0,0.0,761,6,A,12,Sedan,1.0,Pass,NONE,,0.02374,40.308,2.31,0
VH-00763,72.31156818181817,12.153737506106344,99.868,93.97475,36.34768181818182,54.148,38.887102272727276,47.536,1.8027613636363637,2.541,0.5227272727272727,0.5,0.5909090909090909,0.4090909090909091,0.4090909090909091,0.5772727272727273,62.400625000000005,70.5200625,87.91483333333333,38.416,61.906,1.871,71.289,0.0,0.0,0.0,762,6,A,13,Sedan,1.0,Pass,NONE,,0.01545,38.416,1.871,0
VH-00764,73.85290909090908,10.956311968223238,98.687,95.197,36.18445454545454,49.779,38.986011363636365,49.1,1.798806818181818,2.454,0.5454545454545454,0.5227272727272727,0.5681818181818182,0.4090909090909091,0.4090909090909091,0.5754545454545454,65.3315,71.8848125,87.83891666666666,40.427499999999995,71.354,2.299,76.702,0.0,0.0,0.0,763,6,A,14,Truck,1.14,Pass,NONE,,0.0289,38.326,2.299,0
VH-00765,73.461,12.377635734343333,102.304,97.7563,36.528727272727274,49.401,38.803284090909095,48.268,1.7952159090909092,2.461,0.4772727272727273,0.5909090909090909,0.5681818181818182,0.4090909090909091,0.4090909090909091,0.5754545454545454,63.4736875,71.572875,89.29491666666667,38.029,63.985,2.341,69.392,0.0,0.0,0.0,764,6,A,15,SUV,1.08,Fail,LOW_CONFIDENCE_MULTI_CAUSAL,ST-45,0.02389,38.029,2.341,1
VH-00766,73.70977272727272,12.1952243223619,103.659,97.51515,36.89061363636363,54.43,38.92185227272727,49.433,1.7819659090909092,2.112,0.5454545454545454,0.5909090909090909,0.6363636363636364,0.4090909090909091,0.4090909090909091,0.5754545454545454,64.45168749999999,71.26425,89.31458333333335,39.786,61.98,2.095,73.291,0.0,0.0,0.0,765,6,A,16,SUV,1.08,Pass,NONE,,0.02243,39.786,2.095,0
VH-00767,72.5685,11.693365482286334,97.85,96.34230000000001,36.846897727272726,52.694,39.09320454545455,46.291,1.8000568181818182,2.541,0.4772727272727273,0.5681818181818182,0.5909090909090909,0.4090909090909091,0.4090909090909091,0.5790909090909091,63.471375,70.562,87.37333333333333,38.927,67.147,2.246,70.238,0.0,0.0,0.0,766,6,A,17,Sedan,1.0,Pass,NONE,,0.01915,38.927,2.246,0
VH-00768,73.58302272727272,11.922415401229372,100.029,96.75995,35.91704545454545,48.894,38.957772727272726,48.382,1.8384090909090909,2.674,0.5,0.5227272727272727,0.5681818181818182,0.4090909090909091,0.4090909090909091,0.5790909090909091,64.257,71.636,88.61375,40.48,66.463,2.183,70.831,0.0,0.0,0.0,767,6,A,18,SUV,1.08,Pass,NONE,,0.02667,40.48,2.183,0
VH-00769,73.44597727272728,11.964433615665124,101.277,94.7992,36.48231818181818,53.61,39.14389772727273,52.142,1.8300681818181816,2.512,0.5227272727272727,0.5227272727272727,0.5909090909090909,0.4090909090909091,0.4090909090909091,0.5772727272727273,63.528625000000005,72.17375,88.36541666666666,40.211,67.289,2.512,69.499,0.0,0.0,0.0,768,6,A,19,Truck,1.14,Pass,NONE,,0.02503,40.211,2.512,0
VH-00770,73.24754545454545,11.625813300791588,100.511,96.00715,37.006443181818184,54.526,39.009477272727274,49.45,1.7885795454545457,2.287,0.5,0.4772727272727273,0.5909090909090909,0.4090909090909091,0.4090909090909091,0.5809090909090909,63.687375,71.6898125,88.07141666666666,40.839,64.964,2.287,73.681,0.0,0.0,0.0,769,6,A,20,SUV,1.08,Pass,NONE,,0.02438,40.839,2.287,0
VH-00771,72.03968181818182,11.752413105544862,99.545,95.4688,36.11318181818182,51.011,38.72092045454546,46.668,1.7936704545454545,2.264,0.4318181818181818,0.5,0.5454545454545454,0.4090909090909091,0.4090909090909091,0.5845454545454545,61.9738125,71.2995625,86.44766666666668,40.894,61.228,2.25,72.564,0.0,0.0,0.0,770,6,A,21,Compact,0.94,Pass,NONE,,0.02319,40.894,2.25,0
VH-00772,73.26265909090908,10.901756094815449,98.419,94.47460000000001,36.06698863636364,49.95,39.076772727272726,50.173,1.7733863636363636,2.097,0.5,0.5,0.5909090909090909,0.4090909090909091,0.4090909090909091,0.5772727272727273,64.278125,71.41825,87.70125,39.278,62.062,2.089,70.742,0.0,0.0,0.0,771,6,A,22,Sedan,1.0,Pass,NONE,,0.0243,39.278,2.089,0
VH-00773,72.26588636363637,11.636999116122979,100.205,93.03215,36.437022727272726,50.627,38.70494318181819,46.714,1.7715454545454548,2.311,0.5681818181818182,0.5227272727272727,0.5681818181818182,0.4090909090909091,0.4090909090909091,0.5754545454545454,62.665625,70.7408125,87.09966666666666,39.467,65.77,2.061,68.332,0.0,0.0,0.0,772,6,A,23,Compact,0.94,Pass,NONE,,0.01796,39.467,2.061,0
VH-00774,72.15681818181818,12.176371938885586,100.538,95.0866,36.294659090909086,52.316,39.12142045454545,50.529,1.8321931818181818,2.285,0.5454545454545454,0.6136363636363636,0.6590909090909091,0.4090909090909091,0.4090909090909091,0.5754545454545454,63.094875,69.550875,87.714,39.61,66.968,1.922,69.213,0.0,0.0,0.0,773,6,A,24,Sedan,1.0,Fail,MANUAL_FIT_CHECK_VARIATION,ST-45,0.02264,39.61,1.922,1
VH-00775,72.47161363636364,11.187112184710502,99.683,95.21315,36.615125,50.626,39.033204545454545,48.793,1.7621363636363638,2.522,0.45454545454545453,0.5681818181818182,0.6136363636363636,0.4090909090909091,0.4090909090909091,0.5754545454545454,63.7015625,70.55825,86.71616666666667,40.666,62.976,1.92,70.897,0.0,0.0,0.0,774,6,A,25,Sedan,1.0,Pass,NONE,,0.01968,40.666,1.92,0
VH-00776,72.81290909090909,12.073190323861981,98.834,95.9658,35.834261363636365,47.76,39.08404545454545,48.924,1.7919659090909092,2.508,0.5227272727272727,0.5454545454545454,0.5227272727272727,0.4090909090909091,0.4090909090909091,0.5790909090909091,63.38375,70.6231875,88.30475,39.187,65.596,1.995,72.673,0.0,0.0,0.0,775,6,A,26,SUV,1.08,Fail,LOW_CONFIDENCE_MULTI_CAUSAL,ST-45,0.03039,39.187,1.995,1
VH-00777,71.71247727272727,12.028114993705247,100.474,96.0874,35.81481818181818,48.488,38.974579545454546,47.304,1.7910113636363638,2.408,0.4772727272727273,0.5681818181818182,0.5909090909090909,0.4090909090909091,0.4090909090909091,0.5772727272727273,62.922125,69.07075,86.95524999999999,39.409,58.7,2.174,69.699,0.0,0.0,0.0,776,6,A,27,Compact,0.94,Pass,NONE,,0.02313,39.409,2.174,0
VH-00778,71.60811363636364,11.661527242945033,100.034,91.3018,36.46978409090909,51.485,39.06815909090909,46.742,1.82325,2.396,0.5454545454545454,0.5681818181818182,0.5909090909090909,0.4090909090909091,0.4090909090909091,0.5754545454545454,62.505812500000005,69.640125,86.3685,40.433,66.208,2.108,70.212,0.0,0.0,0.0,777,6,A,28,Sedan,1.0,Pass,NONE,,0.02093,40.433,2.108,0
VH-00779,72.88090909090909,12.258702785839265,101.086,97.0269,36.14057954545455,47.828,38.83472727272727,48.687,1.7764772727272728,2.414,0.5,0.4772727272727273,0.5681818181818182,0.4090909090909091,0.4090909090909091,0.5809090909090909,63.607,70.5996875,88.28775,39.598,68.095,1.832,74.732,0.0,0.0,0.0,778,6,A,29,Compact,0.94,Pass,NONE,,0.01769,39.598,1.832,0
VH-00780,73.30863636363637,11.44265012419297,100.536,93.94785,36.78423863636363,51.355,38.970704545454545,48.893,1.809715909090909,2.424,0.4772727272727273,0.5681818181818182,0.6136363636363636,0.4090909090909091,0.4090909090909091,0.5772727272727273,64.3428125,71.3838125,87.8295,38.446,67.233,2.223,71.881,0.0,0.0,0.0,779,6,A,30,Truck,1.14,Pass,NONE,,0.0324,38.446,2.223,0
VH-00781,72.68622727272727,12.008516053518477,102.111,94.80995,35.92005681818182,50.62,39.031136363636364,48.042,1.8023863636363637,2.357,0.5227272727272727,0.4772727272727273,0.6136363636363636,0.4090909090909091,0.4090909090909091,0.5809090909090909,62.60125,71.5325,87.67116666666668,39.281,67.669,2.317,67.507,0.0,0.0,0.0,780,6,A,31,SUV,1.08,Pass,NONE,,0.02509,39.281,2.317,0
VH-00782,72.07436363636363,11.893483042740224,97.757,93.87415,36.17978409090909,49.047,38.84880681818182,46.291,1.8034090909090907,2.252,0.5681818181818182,0.5227272727272727,0.5227272727272727,0.4090909090909091,0.4090909090909091,0.5790909090909091,62.7575,69.6190625,87.77058333333333,40.5,68.788,1.886,68.855,0.0,0.0,0.0,781,6,A,32,Compact,0.94,Pass,NONE,,0.02236,40.5,1.886,0
VH-00783,73.97031818181819,11.852581798568393,97.27,94.8352,36.345352272727276,53.593,38.98048863636364,48.786,1.828715909090909,2.624,0.5227272727272727,0.6136363636363636,0.5681818181818182,0.4090909090909091,0.4090909090909091,0.5809090909090909,64.4114375,72.27425,88.97691666666667,39.774,64.409,2.179,79.087,0.0,0.0,0.0,782,6,A,33,SUV,1.08,Pass,NONE,,0.02744,39.774,2.179,0
VH-00784,72.67259090909091,12.312698191663154,100.239,96.94995,36.18214772727273,48.863,38.940602272727276,51.509,1.8099659090909093,2.402,0.45454545454545453,0.5227272727272727,0.6136363636363636,0.4090909090909091,0.4090909090909091,0.5790909090909091,62.840875,70.668625,88.4535,40.195,69.118,2.011,66.668,0.0,0.0,0.0,783,6,A,34,Sedan,1.0,Pass,NONE,,0.02137,40.195,2.011,0
VH-00785,72.58163636363636,11.25638752430156,98.098,95.2748,36.27198863636364,49.395,38.94732954545455,46.291,1.7820113636363637,2.444,0.5,0.4772727272727273,0.6363636363636364,0.4090909090909091,0.4090909090909091,0.5772727272727273,64.4205,69.553375,87.50083333333333,41.045,68.584,1.981,66.377,0.0,0.0,0.0,784,6,A,35,Sedan,1.0,Pass,NONE,,0.02192,41.045,1.981,0
VH-00786,72.90356818181819,12.213948125368656,100.547,97.81455,36.42032954545454,48.858,39.026636363636364,50.286,1.774,2.395,0.4772727272727273,0.5,0.5454545454545454,0.4090909090909091,0.4090909090909091,0.5809090909090909,63.524125,70.7091875,88.33533333333332,38.731,65.461,2.084,74.427,0.0,0.0,0.0,785,6,A,36,Sedan,1.0,Pass,NONE,,0.0188,38.731,2.084,0
VH-00787,73.6948409090909,11.913981497116586,103.072,97.46635,36.40445454545455,48.495,38.88580681818182,47.195,1.782340909090909,2.379,0.5,0.4772727272727273,0.6590909090909091,0.4090909090909091,0.4090909090909091,0.5736363636363636,64.702375,71.6386875,88.42633333333333,39.511,64.795,1.909,72.002,0.0,0.0,0.0,786,6,A,37,SUV,1.08,Pass,NONE,,0.02205,39.511,1.909,0
VH-00788,72.16384090909091,12.641608156720213,102.291,96.48035,36.58506818181818,50.329,38.636295454545454,49.263,1.7957613636363638,2.524,0.5681818181818182,0.5681818181818182,0.5454545454545454,0.4090909090909091,0.4090909090909091,0.5772727272727273,61.9981875,70.594,87.81116666666667,39.442,59.361,1.661,74.042,0.0,0.0,0.0,787,6,A,38,Sedan,1.0,Pass,NONE,,0.0228,39.442,1.661,0
VH-00789,72.54854545454545,11.813486584279664,104.961,95.87635000000002,36.919125,52.423,39.317727272727275,49.459,1.7806363636363636,2.334,0.5227272727272727,0.4772727272727273,0.5227272727272727,0.4090909090909091,0.4090909090909091,0.5809090909090909,63.4619375,70.054625,87.98925000000001,39.352,66.847,2.105,73.104,0.0,0.0,0.0,788,6,A,39,Sedan,1.0,Pass,NONE,,0.0178,39.352,2.105,0
VH-00790,73.17884090909091,11.772285253525782,103.694,96.15825,36.698102272727276,49.368,38.60719318181818,46.304,1.790625,2.374,0.5,0.4772727272727273,0.6363636363636364,0.4090909090909091,0.4090909090909091,0.5809090909090909,63.8288125,71.171125,88.32249999999999,38.971,61.063,1.95,69.612,0.0,0.0,0.0,789,6,A,40,Compact,0.94,Pass,NONE,,0.01918,38.971,1.95,0
VH-00791,73.04029545454546,12.075978538191539,99.424,98.22510000000001,36.33209090909091,49.756,38.75605681818182,47.322,1.7824431818181816,2.088,0.5227272727272727,0.6363636363636364,0.6363636363636364,0.4090909090909091,0.4090909090909091,0.5754545454545454,63.334875,71.92037499999999,87.47408333333334,38.587,65.959,2.041,69.829,0.0,0.0,0.0,790,6,A,41,Sedan,1.0,Pass,NONE,,0.0143,38.587,2.041,0
VH-00792,71.45652272727273,11.473207269372553,99.987,93.4406,36.08018181818182,51.132,38.82927272727273,48.751,1.8088068181818182,2.218,0.5227272727272727,0.5,0.6136363636363636,0.4090909090909091,0.4090909090909091,0.5754545454545454,62.7721875,69.0991875,86.17875,40.65,64.485,2.182,71.835,0.0,0.0,0.0,791,6,A,42,Compact,0.94,Pass,NONE,,0.01776,40.65,2.182,0
VH-00793,74.65627272727274,12.024892610580068,103.538,96.00645,36.02943181818182,48.887,38.90990909090909,47.569,1.828477272727273,2.378,0.5454545454545454,0.5681818181818182,0.5909090909090909,0.4090909090909091,0.4090909090909091,0.5754545454545454,65.00525,72.6625,90.18266666666666,39.962,67.778,2.378,73.988,0.0,0.0,0.0,792,6,A,43,Truck,1.14,Pass,NONE,,0.0285,39.962,2.378,0
VH-00794,73.18540909090909,11.149292135874738,98.912,95.18895,36.41610227272727,52.804,38.67394318181818,46.324,1.827965909090909,2.663,0.4318181818181818,0.5,0.5,0.4090909090909091,0.4090909090909091,0.5845454545454545,64.731625,71.256125,87.0295,40.122,64.35,2.606,72.901,0.0,0.0,0.0,793,6,A,44,Truck,1.14,Pass,NONE,,0.02645,40.122,2.606,0
VH-00795,71.47384090909091,10.286851101223961,98.182,88.59605,36.79243181818182,50.955,38.806056818181816,48.949,1.7680454545454545,2.31,0.45454545454545453,0.5909090909090909,0.6590909090909091,0.4090909090909091,0.4090909090909091,0.5736363636363636,63.7856875,68.95775,85.0795,39.08,63.926,1.733,72.766,0.0,0.0,0.0,794,6,A,45,Compact,0.94,Pass,NONE,,0.01859,39.08,1.733,0
VH-00796,73.26163636363637,11.978385891361485,101.717,97.0264,36.69692045454545,52.983,38.91977272727273,48.718,1.7798977272727272,2.165,0.5454545454545454,0.5,0.6818181818181818,0.4090909090909091,0.4090909090909091,0.5718181818181818,64.1761875,70.7055,88.78375,39.545,65.489,1.854,72.183,0.0,0.0,0.0,795,6,A,46,Sedan,1.0,Fail,FINAL_TORQUE_VARIATION,ST-45,0.02107,39.545,1.854,1
VH-00797,73.72527272727272,11.498344263745587,97.807,94.0312,36.373295454545456,50.172,38.923534090909094,48.588,1.8406704545454546,2.447,0.4772727272727273,0.45454545454545453,0.5681818181818182,0.4090909090909091,0.4090909090909091,0.5809090909090909,64.8031875,72.05193750000001,87.8525,38.052,64.488,2.218,73.879,0.0,0.0,0.0,796,6,A,47,Truck,1.14,Pass,NONE,,0.0251,38.052,2.218,0
VH-00798,72.35725000000001,12.672172692557496,100.786,96.64015,36.108045454545454,52.081,38.87672727272727,48.873,1.8769999999999998,2.562,0.5,0.5909090909090909,0.5454545454545454,0.4090909090909091,0.4090909090909091,0.5772727272727273,62.5485,69.9101875,88.69833333333334,41.082,61.296,2.19,70.802,0.0,0.0,0.0,797,6,A,48,Sedan,1.0,Pass,NONE,,0.01344,41.082,2.19,0
VH-00799,71.48006818181818,11.11329531310013,96.819,93.26885,36.10610227272727,48.574,38.80619318181818,47.734,1.7582386363636362,2.172,0.5454545454545454,0.5,0.6136363636363636,0.4090909090909091,0.4090909090909091,0.5772727272727273,62.7409375,69.316375,86.01716666666668,37.82,68.194,2.172,66.705,0.0,0.0,0.0,798,6,A,49,Compact,0.94,Pass,NONE,,0.0226,37.82,2.172,0
VH-00800,73.26968181818182,11.968572024891296,99.624,96.6655,36.00064772727273,51.0,39.01538636363637,49.997,1.799409090909091,2.355,0.5,0.45454545454545453,0.5909090909090909,0.4090909090909091,0.4090909090909091,0.5809090909090909,64.0198125,70.93656250000001,88.71366666666667,39.939,69.169,2.083,69.916,0.0,0.0,0.0,799,6,A,50,Sedan,1.0,Pass,NONE,,0.02366,39.939,2.083,0
VH-00801,72.62920454545454,12.272629533024391,99.863,96.08444999999999,36.55505681818182,51.152,38.9315,48.844,1.8174545454545454,2.459,0.4772727272727273,0.5,0.5681818181818182,0.4090909090909091,0.4090909090909091,0.5809090909090909,63.0194375,70.8949375,87.75458333333334,39.22,62.274,2.269,76.032,0.0,0.0,0.0,800,6,A,51,Sedan,1.0,Pass,NONE,,0.01744,39.22,2.269,0
VH-00802,72.43204545454545,11.786493835238641,99.639,95.42720000000001,36.87469318181818,53.129,38.750420454545456,47.708,1.772318181818182,2.528,0.5,0.5,0.5227272727272727,0.4090909090909091,0.4090909090909091,0.5790909090909091,63.96675,69.679125,87.38966666666666,38.653,68.275,2.528,71.817,0.0,0.0,0.0,801,6,A,52,Compact,0.94,Pass,NONE,,0.02008,38.653,2.528,0
VH-00803,72.56881818181819,11.689281125115745,101.36,93.4908,36.14217045454546,50.205,38.91047727272728,47.778,1.8166704545454544,2.479,0.5,0.4772727272727273,0.6136363636363636,0.4090909090909091,0.4090909090909091,0.5790909090909091,63.194625,69.9376875,88.57591666666667,40.119,62.773,2.31,65.964,0.0,0.0,0.0,802,6,A,53,Sedan,1.0,Pass,NONE,,0.01753,40.119,2.31,0
VH-00804,73.13902272727273,11.236577554531733,98.63,93.7239,36.33679545454545,48.404,38.84460227272728,47.651,1.7997500000000002,2.313,0.5454545454545454,0.5454545454545454,0.5681818181818182,0.4090909090909091,0.4090909090909091,0.5790909090909091,64.1878125,71.555125,87.18583333333333,38.774,64.407,2.214,71.595,0.0,0.0,0.0,803,6,A,54,Compact,0.94,Pass,NONE,,0.02272,38.774,2.214,0
VH-00805,72.42502272727273,11.99725246547732,98.142,95.6922,36.92270454545454,50.94,38.962579545454545,47.137,1.762318181818182,2.413,0.4772727272727273,0.45454545454545453,0.6590909090909091,0.4090909090909091,0.4090909090909091,0.5809090909090909,62.425375,71.324875,87.22475000000001,39.213,65.64,2.363,71.391,0.0,0.0,0.0,804,6,A,55,Sedan,1.0,Pass,NONE,,0.01967,39.213,2.363,0
VH-00806,71.39584090909091,11.353485029846063,98.754,94.7769,36.28926136363636,51.452,38.904295454545455,47.534,1.7731931818181819,2.201,0.5227272727272727,0.5227272727272727,0.6590909090909091,0.4090909090909091,0.4090909090909091,0.5754545454545454,62.151312499999996,69.78925,85.86399999999999,40.649,62.353,1.832,67.755,0.0,0.0,0.0,805,6,A,56,Compact,0.94,Pass,NONE,,0.02047,40.649,1.832,0
VH-00807,71.96131818181819,11.064484237021157,96.868,94.28,36.72152272727273,52.342,39.10194318181818,48.194,1.781465909090909,2.295,0.5,0.4772727272727273,0.6136363636363636,0.4090909090909091,0.4090909090909091,0.5754545454545454,63.2946875,69.727875,86.49475,39.858,62.532,2.295,74.123,0.0,0.0,0.0,806,6,A,57,Compact,0.94,Pass,NONE,,0.01757,39.858,2.295,0
VH-00808,72.57493181818182,11.856473940323436,98.66,97.27980000000001,36.31134090909091,49.382,39.20370454545454,49.17,1.7726022727272728,2.213,0.5454545454545454,0.5,0.5454545454545454,0.4090909090909091,0.4090909090909091,0.5754545454545454,63.377125,70.1573125,88.06216666666667,39.816,62.299,2.213,74.829,0.0,0.0,0.0,807,6,A,58,Sedan,1.0,Pass,NONE,,0.01984,39.816,2.213,0
VH-00809,73.54593181818183,12.466501143572112,105.138,97.1706,36.45609090909091,52.275,39.10069318181818,48.092,1.802681818181818,2.543,0.5681818181818182,0.4772727272727273,0.5681818181818182,0.4090909090909091,0.4090909090909091,0.5754545454545454,63.615875,71.5068125,89.50483333333334,39.733,69.643,2.029,70.803,0.0,0.0,0.0,808,6,A,59,SUV,1.08,Pass,NONE,,0.0213,39.733,2.029,0
VH-00810,72.82831818181818,11.954580801055462,99.103,95.69770000000001,36.43636363636364,51.546,38.876375,46.291,1.783443181818182,2.324,0.5,0.6136363636363636,0.5909090909090909,0.4090909090909091,0.4090909090909091,0.5754545454545454,63.173,70.7955,88.41250000000001,39.449,71.06,1.978,72.175,0.0,0.0,0.0,809,6,A,60,Sedan,1.0,Pass,NONE,,0.02078,39.449,1.978,0
VH-00811,71.49740909090909,11.615502310351285,97.898,95.19895000000001,37.119625,52.722,38.80160227272727,47.474,1.8401704545454545,2.428,0.5227272727272727,0.38636363636363635,0.5909090909090909,0.4090909090909091,0.4090909090909091,0.5809090909090909,61.975500000000004,69.3564375,87.04791666666667,38.959,65.25,2.428,65.897,0.0,0.0,0.0,810,6,A,61,Compact,0.94,Pass,NONE,,0.01861,38.959,2.428,0
VH-00812,71.77234090909091,11.278817328201512,95.68,92.57165,35.54631818181818,47.759,39.31246590909091,50.962,1.7748409090909092,2.281,0.5,0.5,0.45454545454545453,0.4090909090909091,0.4090909090909091,0.5845454545454545,63.008625,69.54075,86.43275,40.172,67.322,2.192,67.846,0.0,0.0,0.0,811,6,A,62,Compact,0.94,Pass,NONE,,0.02944,40.172,2.192,0
VH-00813,73.96565909090909,12.089544648633826,99.059,96.42045,36.124125,54.645,38.878375,47.918,1.7476136363636363,2.122,0.5681818181818182,0.4772727272727273,0.6590909090909091,0.4090909090909091,0.4090909090909091,0.5718181818181818,64.6600625,72.3341875,88.54841666666668,38.297,67.423,2.122,78.159,0.0,0.0,0.0,812,6,A,63,SUV,1.08,Pass,NONE,,0.02274,38.297,2.122,0
VH-00814,73.13913636363635,11.781039417148822,100.459,98.29700000000001,35.99392045454545,50.335,38.49339772727273,46.389,1.719909090909091,2.273,0.45454545454545453,0.5,0.5681818181818182,0.4090909090909091,0.4090909090909091,0.5790909090909091,64.6885,70.14375,88.40050000000001,39.095,68.76,2.273,71.706,0.0,0.0,0.0,813,6,A,64,SUV,1.08,Pass,NONE,,0.02519,39.095,2.273,0
VH-00815,71.56968181818182,10.793469110128108,95.016,90.9274,35.912136363636364,52.528,38.944829545454546,47.292,1.8181818181818181,2.686,0.5454545454545454,0.5681818181818182,0.6136363636363636,0.4090909090909091,0.4090909090909091,0.5754545454545454,62.3581875,70.2686875,85.58633333333334,40.199,64.982,2.033,68.659,0.0,0.0,0.0,814,6,A,65,Compact,0.94,Pass,NONE,,0.01878,40.199,2.033,0
VH-00816,74.08268181818181,12.553294917739903,102.288,99.2217,36.08740909090909,48.151,38.79540909090909,47.378,1.76325,2.38,0.5,0.5454545454545454,0.6363636363636364,0.4090909090909091,0.4090909090909091,0.5772727272727273,64.358125,71.839375,90.03983333333333,39.331,63.457,2.07,75.34,0.0,0.0,0.0,815,6,A,66,Truck,1.14,Pass,NONE,,0.03202,39.331,2.07,0
VH-00817,72.4344318181818,12.238484218725262,102.234,99.1859,36.0140909090909,51.882,39.02040909090909,47.384,1.8017840909090908,2.579,0.5227272727272727,0.5681818181818182,0.5681818181818182,0.4090909090909091,0.4090909090909091,0.5790909090909091,62.9161875,70.3666875,87.88241666666666,39.808,59.049,1.961,69.036,0.0,0.0,0.0,816,6,A,67,Compact,0.94,Pass,NONE,,0.01896,39.808,1.961,0
VH-00818,72.33502272727273,12.046271775829474,100.83,94.20245000000001,36.74071590909091,53.257,38.87728409090909,49.606,1.8020113636363637,2.246,0.45454545454545453,0.5227272727272727,0.6136363636363636,0.4090909090909091,0.4090909090909091,0.5754545454545454,63.2746875,69.847625,87.73200000000001,38.685,66.071,2.246,76.42,0.0,0.0,0.0,817,6,A,68,Compact,0.94,Pass,NONE,,0.01932,38.685,1.828,0
VH-00819,72.59506818181818,11.05244576405314,97.569,96.2148,36.501045454545455,50.024,38.864363636363635,46.71,1.8085909090909091,2.544,0.5681818181818182,0.5909090909090909,0.5454545454545454,0.4090909090909091,0.4090909090909091,0.5772727272727273,64.5451875,69.79825,87.05733333333335,37.727,64.848,1.678,69.661,0.0,0.0,0.0,818,6,A,69,Sedan,1.0,Pass,NONE,,0.02434,37.727,1.678,0
VH-00820,72.94645454545454,12.329258955559117,98.231,97.64835000000001,36.383477272727276,54.38,39.06625,48.202,1.8119772727272727,2.23,0.4772727272727273,0.5227272727272727,0.6818181818181818,0.4090909090909091,0.4090909090909091,0.5772727272727273,63.629875,70.53156249999999,88.58841666666666,40.08,68.273,1.83,73.907,0.0,0.0,0.0,819,6,A,70,SUV,1.08,Pass,NONE,,0.01859,40.08,1.83,0
VH-00821,73.86472727272727,11.725859792670999,102.101,97.60530000000001,37.13544318181818,52.322,38.953511363636366,47.763,1.8091590909090909,2.504,0.5,0.5,0.5909090909090909,0.4090909090909091,0.4090909090909091,0.5772727272727273,64.22025,72.88725,88.02733333333333,40.155,63.976,2.16,70.482,0.0,0.0,0.0,820,6,A,71,Truck,1.14,Pass,NONE,,0.02335,40.155,2.16,0
VH-00822,72.02077272727273,11.85621244643722,100.622,94.3873,35.72328409090909,49.007,38.82067045454546,48.215,1.781068181818182,2.253,0.5,0.5,0.6136363636363636,0.4090909090909091,0.4090909090909091,0.5790909090909091,62.2043125,69.75425,88.13141666666667,40.083,65.815,1.996,69.471,0.0,0.0,0.0,821,6,A,72,Sedan,1.0,Pass,NONE,,0.01796,40.083,1.996,0
VH-00823,73.48927272727272,12.37565375931315,100.835,96.75070000000001,36.59889772727273,49.608,38.85913636363637,49.164,1.7589886363636362,2.339,0.45454545454545453,0.5681818181818182,0.5227272727272727,0.4090909090909091,0.4090909090909091,0.5845454545454545,63.562125,71.2205,89.7505,38.471,63.516,1.907,68.14,0.0,0.0,0.0,822,6,A,73,Truck,1.14,Pass,NONE,,0.03138,38.471,1.907,0
VH-00824,72.6658409090909,12.010535229913163,99.58,93.56455000000001,36.27178409090909,49.532,39.041647727272725,48.864,1.8369772727272726,2.352,0.5454545454545454,0.5454545454545454,0.6590909090909091,0.4090909090909091,0.4090909090909091,0.5736363636363636,62.440875,71.015375,88.49975,40.382,64.067,2.174,74.515,0.0,0.0,0.0,823,6,A,74,Compact,0.94,Pass,NONE,,0.01866,40.382,2.174,0
VH-00825,71.51904545454546,11.553798658438977,99.126,92.31695,36.55979545454546,51.906,38.898625,47.892,1.8054318181818183,2.303,0.5,0.6136363636363636,0.6590909090909091,0.4090909090909091,0.4090909090909091,0.5736363636363636,62.0664375,69.8705,86.32058333333333,40.427499999999995,60.493,2.303,71.365,0.0,0.0,0.0,824,6,A,75,Compact,0.94,Pass,NONE,,0.01879,39.395,2.303,0
VH-00826,72.07397727272728,11.243741735239821,99.257,91.43275,36.20593181818182,51.319,38.96656818181818,47.928,1.841193181818182,2.499,0.5681818181818182,0.4318181818181818,0.5454545454545454,0.4090909090909091,0.4090909090909091,0.5754545454545454,63.027375,70.576,86.13341666666668,40.203,66.024,2.33,67.9,0.0,0.0,0.0,825,6,B,1,Compact,0.94,Pass,NONE,,0.02151,40.203,2.33,0
VH-00827,73.4193409090909,11.803619584673283,105.26,95.22595,36.28005681818182,49.613,38.88820454545455,46.904,1.7880795454545455,2.499,0.6136363636363636,0.6136363636363636,0.6818181818181818,0.4090909090909091,0.4090909090909091,0.5736363636363636,64.201875,71.54375,88.21008333333333,40.965,64.545,1.734,72.062,0.0,0.0,0.0,826,6,B,2,Truck,1.14,Pass,NONE,,0.01684,40.965,1.734,0
VH-00828,72.69406818181818,11.654764819387957,97.572,95.77815,36.04142045454545,48.859,39.133590909090906,49.615,1.818818181818182,2.389,0.5909090909090909,0.5681818181818182,0.6590909090909091,0.4090909090909091,0.4090909090909091,0.5772727272727273,63.3126875,70.6525,87.92466666666667,39.92,64.141,1.949,68.667,0.0,0.0,0.0,827,6,B,3,Compact,0.94,Pass,NONE,,0.01991,39.92,1.949,0
VH-00829,72.59756818181819,11.95135112804995,98.547,94.80640000000001,36.48895454545454,49.554,38.94680681818182,47.986,1.8076363636363637,2.313,0.5227272727272727,0.5909090909090909,0.6136363636363636,0.4090909090909091,0.4090909090909091,0.5736363636363636,62.89375,71.3826875,87.15583333333332,40.576,66.99,2.313,71.963,0.0,0.0,0.0,828,6,B,4,Compact,0.94,Pass,NONE,,0.02126,40.576,2.313,0
VH-00830,72.33452272727273,11.455753697025497,99.058,94.01015000000001,36.05959090909091,50.875,39.10938636363637,49.709,1.7696363636363637,2.557,0.4772727272727273,0.4318181818181818,0.5,0.4090909090909091,0.4090909090909091,0.5845454545454545,63.44,70.2550625,86.9665,41.547,64.535,1.942,71.874,0.0,0.0,0.0,829,6,B,5,Compact,0.94,Pass,NONE,,0.01551,41.547,1.942,0
VH-00831,73.94943181818182,11.185641968660406,101.187,94.1811,36.45647727272728,51.608,38.88045454545455,49.442,1.817806818181818,2.412,0.5227272727272727,0.5,0.5454545454545454,0.4090909090909091,0.4090909090909091,0.5827272727272728,64.711875,72.5831875,88.08783333333334,40.594,66.436,2.012,73.155,0.0,0.0,0.0,830,6,B,6,Truck,1.14,Pass,NONE,,0.02416,40.594,2.012,0
VH-00832,71.86238636363636,11.7253105422572,103.374,91.5844,36.31253409090909,51.498,38.865193181818185,47.088,1.7570000000000001,2.664,0.5227272727272727,0.5454545454545454,0.5454545454545454,0.4090909090909091,0.4090909090909091,0.5809090909090909,61.863875,70.905375,86.46974999999999,40.092,60.191,1.826,72.0,0.0,0.0,0.0,831,6,B,7,Compact,0.94,Pass,NONE,,0.02996,40.092,1.826,0
VH-00833,73.1176590909091,11.438730861345048,101.007,95.23565,36.159659090909095,47.645,39.068625000000004,48.813,1.7705227272727273,2.254,0.6136363636363636,0.5454545454545454,0.6590909090909091,0.4090909090909091,0.4090909090909091,0.5790909090909091,63.87475,70.56575,88.84408333333333,40.641,62.707,2.139,76.308,0.0,0.0,0.0,832,6,B,8,SUV,1.08,Pass,NONE,,0.02191,40.641,2.139,0
VH-00834,72.40179545454545,11.327114188570231,95.968,92.76125,36.635125,52.213,38.923784090909095,49.078,1.7997045454545455,2.443,0.4772727272727273,0.6136363636363636,0.6136363636363636,0.4090909090909091,0.4090909090909091,0.5754545454545454,63.7045625,70.120125,87.04033333333332,40.173,65.647,1.788,70.255,0.0,0.0,0.0,833,6,B,9,Compact,0.94,Pass,NONE,,0.02038,40.173,1.788,0
VH-00835,73.31559090909091,12.11737915733869,103.677,97.28855000000001,36.941875,50.703,39.232943181818186,50.311,1.7586022727272728,2.246,0.5227272727272727,0.4772727272727273,0.6363636363636364,0.4090909090909091,0.4090909090909091,0.5754545454545454,64.4025,70.7878125,88.57008333333334,39.888,63.785,2.246,71.626,0.0,0.0,0.0,834,6,B,10,Truck,1.14,Pass,NONE,,0.02742,39.888,2.439,0
VH-00836,71.58879545454546,11.814084856801223,101.653,92.0943,35.513431818181814,48.39,38.95439772727273,46.291,1.7945681818181818,2.3,0.5681818181818182,0.5227272727272727,0.5227272727272727,0.4090909090909091,0.4090909090909091,0.5790909090909091,62.1085625,69.7781875,86.64325000000001,40.341,65.847,2.117,77.589,0.0,0.0,0.0,835,6,B,11,Compact,0.94,Pass,NONE,,0.01818,40.341,2.117,0
VH-00837,72.89922727272727,11.848183667812366,100.896,94.55315,36.34975,51.493,38.927738636363635,49.517,1.8523977272727272,2.756,0.5681818181818182,0.5681818181818182,0.5681818181818182,0.4090909090909091,0.4090909090909091,0.5790909090909091,63.1219375,71.453125,87.86375,40.526,66.061,1.876,72.369,0.0,0.0,0.0,836,6,B,12,Sedan,1.0,Pass,NONE,,0.02623,40.526,1.876,0
VH-00838,72.83129545454545,12.133669225101077,99.359,96.56485,36.890829545454544,53.094,38.89081818181818,49.261,1.799125,2.333,0.4318181818181818,0.4318181818181818,0.5454545454545454,0.4090909090909091,0.4090909090909091,0.59,63.807125,70.3991875,88.10633333333334,39.323,63.827,1.89,75.531,0.0,0.0,0.0,837,6,B,13,SUV,1.08,Pass,NONE,,0.02377,39.323,1.89,0
VH-00839,73.87827272727272,11.945420870959524,101.993,96.8906,36.62498863636363,51.822,39.06753409090909,49.635,1.8119545454545454,2.329,0.5,0.5227272727272727,0.5454545454545454,0.4090909090909091,0.4090909090909091,0.5790909090909091,64.437625,71.9635625,89.01875,40.812,69.042,2.194,74.239,0.0,0.0,0.0,838,6,B,14,SUV,1.08,Pass,NONE,,0.02112,40.812,2.194,0
VH-00840,72.67002272727274,12.65053076465088,101.89,93.775,36.35182954545454,51.06,38.903,49.599,1.7932500000000002,2.669,0.5227272727272727,0.5681818181818182,0.5454545454545454,0.4090909090909091,0.4090909090909091,0.5790909090909091,62.86375,70.294,88.91308333333335,40.598,63.939,1.788,68.974,0.0,0.0,0.0,839,6,B,15,Compact,0.94,Pass,NONE,,0.01772,40.598,1.788,0
VH-00841,72.68950000000001,11.585652465291357,100.921,93.98360000000001,36.90182954545455,50.219,38.97317045454545,48.951,1.7541363636363636,2.411,0.5,0.5909090909090909,0.6363636363636364,0.4090909090909091,0.4090909090909091,0.5772727272727273,62.8980625,71.21362500000001,87.71258333333333,39.144,60.901,2.246,68.205,0.0,0.0,0.0,840,6,B,16,Compact,0.94,Pass,NONE,,0.02888,39.144,2.104,0
VH-00842,73.65231818181817,11.014822986834135,100.42,92.6328,36.883284090909086,49.859,39.146556818181814,49.471,1.8067954545454545,2.202,0.5454545454545454,0.38636363636363635,0.5681818181818182,0.4090909090909091,0.4090909090909091,0.5790909090909091,64.67425,72.488,87.1755,39.945,65.577,2.067,72.853,0.0,0.0,0.0,841,6,B,17,Truck,1.14,Pass,NONE,,0.02664,39.945,2.067,0
VH-00843,73.68581818181818,11.77503152471508,98.881,95.75699999999999,36.55045454545455,48.318,38.779886363636365,48.248,1.8115227272727272,2.568,0.4772727272727273,0.5,0.6136363636363636,0.4090909090909091,0.4090909090909091,0.5809090909090909,64.27012500000001,72.2120625,88.20508333333333,41.234,67.386,2.481,71.456,0.0,0.0,0.0,842,6,B,18,Sedan,1.0,Pass,NONE,,0.01656,41.234,2.481,0
VH-00844,73.55572727272727,11.146010451890733,99.748,95.22855000000001,36.858363636363634,52.317,38.896875,46.878,1.7969431818181818,2.385,0.5,0.5,0.5909090909090909,0.4090909090909091,0.4090909090909091,0.5772727272727273,64.5363125,72.1070625,87.51316666666666,40.219,63.068,2.317,72.859,0.0,0.0,0.0,843,6,B,19,Sedan,1.0,Pass,NONE,,0.02651,40.219,2.317,0
VH-00845,73.56004545454545,11.663813465416249,107.535,92.47840000000001,36.71060227272727,50.371,39.08085227272728,47.969,1.7683295454545453,2.182,0.5227272727272727,0.5909090909090909,0.5909090909090909,0.4090909090909091,0.4090909090909091,0.5790909090909091,64.5764375,71.3879375,88.43433333333333,41.573,66.104,1.97,75.45,0.0,0.0,0.0,844,6,B,20,Sedan,1.0,Fail,LOW_CONFIDENCE_MULTI_CAUSAL,ST-45,0.0213,41.573,1.97,1
VH-00846,72.47288636363636,11.583274719151943,99.523,94.39280000000001,35.99635227272727,50.68,38.88194318181818,46.291,1.7811477272727272,2.39,0.5681818181818182,0.5454545454545454,0.6590909090909091,0.4090909090909091,0.4090909090909091,0.5754545454545454,63.7605,70.16975000000001,87.16025,40.553,65.776,1.948,74.631,0.0,0.0,0.0,845,6,B,21,Sedan,1.0,Pass,NONE,,0.02791,40.553,1.948,0
VH-00847,73.23086363636364,12.345352846768092,102.286,95.2989,36.2915,47.257,38.880818181818185,47.044,1.7843977272727274,2.463,0.5454545454545454,0.5454545454545454,0.6136363636363636,0.4090909090909091,0.4090909090909091,0.5809090909090909,64.1254375,70.0820625,89.56983333333334,40.502,66.002,1.976,70.085,0.0,0.0,0.0,846,6,B,22,SUV,1.08,Pass,NONE,,0.03084,40.502,1.976,0
VH-00848,73.61740909090909,12.152261063071006,103.57,96.62525000000001,36.34409090909091,52.931,39.000875,46.6,1.8138636363636365,2.708,0.5227272727272727,0.5,0.5,0.4090909090909091,0.4090909090909091,0.5863636363636364,64.093,71.945875,88.54533333333335,40.829,64.646,2.103,75.661,0.0,0.0,0.0,847,6,B,23,SUV,1.08,Pass,NONE,,0.01979,40.829,2.103,0
VH-00849,72.96506818181818,12.19907099474292,99.203,94.02965,36.36315909090909,50.33,39.08886363636364,48.494,1.829534090909091,2.61,0.5,0.5,0.5454545454545454,0.4090909090909091,0.4090909090909091,0.5790909090909091,63.1596875,70.9173125,88.76925,39.999,64.442,2.087,72.576,0.0,0.0,0.0,848,6,B,24,Sedan,1.0,Pass,NONE,,0.01854,39.999,2.087,0
VH-00850,71.89390909090909,11.606513794273434,98.535,94.3503,36.93840909090909,54.645,38.76656818181818,47.078,1.8158863636363636,2.47,0.5227272727272727,0.5,0.6363636363636364,0.4090909090909091,0.4090909090909091,0.5772727272727273,61.913125,70.715375,86.77300000000001,40.443,66.383,2.215,69.305,0.0,0.0,0.0,849,6,B,25,Sedan,1.0,Pass,NONE,,0.0224,40.443,2.215,0
VH-00851,73.22009090909091,12.279549152427874,100.937,97.5463,35.695875,49.63,38.65932954545455,46.291,1.7536249999999998,2.297,0.5227272727272727,0.5909090909090909,0.5681818181818182,0.4090909090909091,0.4090909090909091,0.5754545454545454,63.250625,71.2639375,89.12091666666667,39.553,62.239,1.812,69.563,0.0,0.0,0.0,850,6,B,26,SUV,1.08,Pass,NONE,,0.02651,39.553,1.812,0
VH-00852,73.3405909090909,11.517073532759316,98.874,97.25890000000001,36.210806818181815,49.74,39.11863636363636,49.637,1.80425,2.757,0.5681818181818182,0.5227272727272727,0.6136363636363636,0.4090909090909091,0.4090909090909091,0.5772727272727273,63.894125,72.077,87.62066666666668,41.401,63.901,1.982,74.283,0.0,0.0,0.0,851,6,B,27,SUV,1.08,Pass,NONE,,0.0309,41.401,1.982,0
VH-00853,71.86722727272728,11.467245657541389,100.141,91.2554,36.49286363636364,51.101,38.81275,48.609,1.7926818181818183,2.325,0.5,0.5227272727272727,0.5454545454545454,0.4090909090909091,0.4090909090909091,0.5790909090909091,63.5461875,69.0978125,86.6545,38.714,64.26,2.273,68.018,0.0,0.0,0.0,852,6,B,28,Compact,0.94,Pass,NONE,,0.01864,38.714,2.273,0
VH-00854,72.72947727272728,12.040621714784551,100.116,92.96735,36.26639772727273,51.531,38.8325,48.58,1.7813409090909091,2.537,0.5,0.4772727272727273,0.5681818181818182,0.4090909090909091,0.4090909090909091,0.5754545454545454,62.8271875,71.59825,87.44083333333333,41.589,66.563,2.398,73.964,0.0,0.0,0.0,853,6,B,29,SUV,1.08,Pass,NONE,,0.02611,41.589,2.398,0
VH-00855,71.85163636363637,11.69050446340445,101.03,91.99295000000001,35.95540909090909,52.795,39.00954545454545,48.701,1.7996931818181816,2.276,0.4772727272727273,0.5,0.6136363636363636,0.4090909090909091,0.4090909090909091,0.5790909090909091,62.7385,69.578375,87.0335,41.356,66.902,1.933,76.798,0.0,0.0,0.0,854,6,B,30,Sedan,1.0,Pass,NONE,,0.02463,41.356,1.933,0
VH-00856,71.30577272727272,11.554659374013216,99.571,90.78755,36.47363636363636,49.263,39.14803409090909,49.867,1.8186818181818183,2.765,0.5454545454545454,0.4772727272727273,0.6363636363636364,0.4090909090909091,0.4090909090909091,0.5754545454545454,61.963875,69.300375,86.4355,38.872,65.552,2.125,68.565,0.0,0.0,0.0,855,6,B,31,Compact,0.94,Pass,NONE,,0.01847,38.872,2.125,0
VH-00857,73.1380909090909,11.637127442278114,99.445,92.6024,36.44114772727273,48.129,39.169011363636365,48.603,1.8101363636363637,2.631,0.5227272727272727,0.5,0.5681818181818182,0.4090909090909091,0.4090909090909091,0.5827272727272728,63.2890625,71.7698125,88.0945,41.136,66.792,2.089,72.923,0.0,0.0,0.0,856,6,B,32,SUV,1.08,Pass,NONE,,0.03274,41.136,2.089,0
VH-00858,73.34220454545454,11.973869553050395,97.943,97.45755,36.38822727272727,52.44,39.01919318181818,47.561,1.807568181818182,2.424,0.4772727272727273,0.6136363636363636,0.6136363636363636,0.4090909090909091,0.4090909090909091,0.5736363636363636,63.8046875,71.214,88.8965,40.671,66.175,2.424,74.117,0.0,0.0,0.0,857,6,B,33,SUV,1.08,Pass,NONE,,0.02351,40.671,2.424,0
VH-00859,72.4694090909091,11.886347500326584,97.186,96.3672,36.61873863636364,50.916,38.955068181818184,51.028,1.8284204545454548,2.86,0.5454545454545454,0.4772727272727273,0.5909090909090909,0.4090909090909091,0.4090909090909091,0.5809090909090909,63.3206875,69.9918125,87.97116666666666,39.877,67.11,2.401,74.8,0.0,0.0,0.0,858,6,B,34,Compact,0.94,Pass,NONE,,0.01898,39.877,2.401,0
VH-00860,73.45602272727272,11.773817245666558,102.346,95.542,36.57644318181818,52.454,39.09135227272728,47.344,1.7886704545454544,2.539,0.5,0.4090909090909091,0.5227272727272727,0.4090909090909091,0.4090909090909091,0.5790909090909091,64.3619375,71.298875,88.45766666666667,38.342,64.797,1.766,75.025,0.0,0.0,0.0,859,6,B,35,Sedan,1.0,Pass,NONE,,0.02137,38.342,1.766,0
VH-00861,71.92245454545456,11.8652294883765,96.462,94.4396,35.961602272727276,48.762,38.81605681818182,48.981,1.7621704545454546,2.195,0.4772727272727273,0.45454545454545453,0.5227272727272727,0.4090909090909091,0.4090909090909091,0.5863636363636364,62.6334375,69.6736875,87.30616666666667,40.812,66.089,2.187,73.676,0.0,0.0,0.0,860,6,B,36,Compact,0.94,Pass,NONE,,0.02121,40.812,2.187,0
VH-00862,72.74477272727273,12.46632332524195,103.25,95.78955,36.374886363636364,49.984,38.97242045454545,47.909,1.790375,2.367,0.4772727272727273,0.4772727272727273,0.6363636363636364,0.4090909090909091,0.4090909090909091,0.5772727272727273,63.313625,70.586125,88.19783333333334,40.433,68.482,1.919,79.407,0.0,0.0,0.0,861,6,B,37,Sedan,1.0,Pass,NONE,,0.02241,40.433,1.919,0
VH-00863,71.6209090909091,12.661104407939803,99.679,97.40435000000001,36.150375000000004,50.363,38.97775,48.816,1.8090000000000002,2.708,0.5909090909090909,0.5454545454545454,0.6136363636363636,0.4090909090909091,0.4090909090909091,0.5790909090909091,62.309,68.49525,88.20433333333334,40.137,64.067,1.906,72.507,0.0,0.0,0.0,862,6,B,38,Compact,0.94,Pass,NONE,,0.01736,40.137,1.906,0
VH-00864,72.35277272727272,11.43617801431286,97.822,90.38175,36.26147727272728,49.374,38.89907954545455,47.177,1.7287386363636363,2.481,0.5227272727272727,0.5454545454545454,0.6363636363636364,0.4090909090909091,0.4090909090909091,0.5754545454545454,62.4740625,71.454875,86.72158333333334,41.134,68.888,1.839,68.638,0.0,0.0,0.0,863,6,B,39,Compact,0.94,Pass,NONE,,0.0161,41.134,1.839,0
VH-00865,72.54836363636365,11.613803109033283,98.221,95.20195000000001,35.43389772727273,46.996,38.968318181818184,46.963,1.8183295454545456,2.39,0.5227272727272727,0.5454545454545454,0.6590909090909091,0.4090909090909091,0.4090909090909091,0.5772727272727273,63.204499999999996,71.01325,87.05366666666667,41.36,61.734,2.39,74.449,0.0,0.0,0.0,864,6,B,40,Sedan,1.0,Pass,NONE,,0.02058,41.36,2.39,0
VH-00866,71.56597727272727,11.455998738324592,99.056,89.577,36.908806818181816,50.877,39.052443181818184,48.604,1.7721931818181818,2.177,0.45454545454545453,0.6136363636363636,0.5681818181818182,0.4090909090909091,0.4090909090909091,0.5754545454545454,61.307,71.2251875,85.699,40.019,63.553,1.865,70.687,0.0,0.0,0.0,865,6,B,41,Compact,0.94,Pass,NONE,,0.02195,40.019,1.865,0
VH-00867,72.51777272727273,11.675084077907776,100.666,95.71045000000001,36.439159090909094,51.057,38.72043181818182,48.651,1.7501931818181817,2.439,0.5,0.5454545454545454,0.5909090909090909,0.4090909090909091,0.4090909090909091,0.5736363636363636,63.369125,70.388375,87.55516666666666,38.792,59.437,2.391,77.239,0.0,0.0,0.0,866,6,B,42,Sedan,1.0,Pass,NONE,,0.01932,38.792,2.391,0
VH-00868,71.95204545454546,11.437063688370335,98.934,92.3614,36.11542045454546,53.044,39.00709090909091,47.827,1.8100681818181819,2.544,0.45454545454545453,0.5909090909090909,0.5681818181818182,0.4090909090909091,0.4090909090909091,0.5790909090909091,62.735687500000004,69.9805625,86.86916666666667,40.504,64.619,2.081,68.662,0.0,0.0,0.0,867,6,B,43,Compact,0.94,Pass,NONE,,0.02658,40.504,2.081,0
VH-00869,72.95384090909091,12.056898409341073,105.38,94.10435000000001,36.22175,51.101,38.89815909090909,46.291,1.7511249999999998,2.409,0.5454545454545454,0.5681818181818182,0.6590909090909091,0.4090909090909091,0.4090909090909091,0.5736363636363636,63.565625,71.01893749999999,88.05133333333333,38.311,68.938,2.164,67.71,0.0,0.0,0.0,868,6,B,44,Sedan,1.0,Pass,NONE,,0.02126,38.311,2.164,0
VH-00870,72.62115909090909,11.38150465375312,96.994,93.6327,36.417761363636366,49.807,38.774159090909095,47.917,1.8238522727272726,2.544,0.5454545454545454,0.5,0.5681818181818182,0.4090909090909091,0.4090909090909091,0.5772727272727273,62.6114375,72.03818749999999,86.74475,41.782,65.157,1.958,69.207,0.0,0.0,0.0,869,6,B,45,Sedan,1.0,Pass,NONE,,0.01817,41.782,1.958,0
VH-00871,72.52031818181818,12.183840780947344,100.455,95.47175,36.27431818181818,52.2,39.07286363636364,50.368,1.8198181818181818,2.484,0.5,0.5227272727272727,0.6590909090909091,0.4090909090909091,0.4090909090909091,0.5772727272727273,62.9139375,70.0759375,88.58800000000001,39.209,62.943,2.177,71.149,0.0,0.0,0.0,870,6,B,46,Sedan,1.0,Pass,NONE,,0.01817,39.209,2.177,0
VH-00872,72.9085,11.343853185449076,99.651,96.3754,36.55919318181818,52.3,39.147397727272725,49.55,1.8155113636363638,2.456,0.5909090909090909,0.5681818181818182,0.5681818181818182,0.4090909090909091,0.4090909090909091,0.5772727272727273,63.96825,70.8935,87.51549999999999,42.174,65.572,2.086,72.035,0.1739999999999995,0.0,0.0,871,6,B,47,Sedan,1.0,Pass,NONE,,0.02115,42.174,2.086,0
VH-00873,73.06038636363637,12.385059056136784,99.25,98.04005000000001,36.778988636363636,51.379,39.03821590909091,49.092,1.8295227272727272,2.36,0.5227272727272727,0.5,0.5454545454545454,0.4090909090909091,0.4090909090909091,0.5827272727272728,63.2715,70.7434375,89.2015,40.074,60.614,2.276,75.53,0.0,0.0,0.0,872,6,B,48,Sedan,1.0,Pass,NONE,,0.02165,40.074,2.276,0
VH-00874,72.21540909090909,11.474461710672221,102.995,91.4889,36.93671590909091,51.032,39.071659090909094,47.057,1.839318181818182,2.593,0.5227272727272727,0.5,0.5227272727272727,0.4090909090909091,0.4090909090909091,0.5790909090909091,63.2418125,70.261375,86.78558333333332,39.407,63.886,1.857,69.01,0.0,0.0,0.0,873,6,B,49,Compact,0.94,Pass,NONE,,0.03368,39.407,1.857,0
VH-00875,72.92806818181818,11.153205234157715,98.539,91.48684999999999,36.24939772727273,48.606,38.72778409090909,46.291,1.8314772727272726,2.38,0.5227272727272727,0.5227272727272727,0.6136363636363636,0.4090909090909091,0.4090909090909091,0.5809090909090909,64.2449375,70.6245,87.577,39.809,67.26,2.205,75.394,0.0,0.0,0.0,874,6,B,50,SUV,1.08,Pass,NONE,,0.03133,39.809,2.205,0
VH-00876,72.5806590909091,11.18327548419947,100.463,93.9931,37.164306818181814,51.064,39.139022727272724,49.951,1.7682386363636362,2.205,0.4772727272727273,0.5454545454545454,0.5681818181818182,0.4090909090909091,0.4090909090909091,0.5772727272727273,63.28875,71.1105,86.93008333333334,39.991,65.399,2.083,68.771,0.0,0.0,0.0,875,6,B,51,Compact,0.94,Pass,NONE,,0.02071,39.991,2.083,0
VH-00877,72.74084090909092,11.654096762349043,100.745,95.8489,36.147999999999996,48.365,38.75092045454546,48.607,1.7925795454545457,2.267,0.5227272727272727,0.5909090909090909,0.5909090909090909,0.4090909090909091,0.4090909090909091,0.5772727272727273,63.54275,70.5564375,87.9175,39.092,62.527,2.216,71.533,0.0,0.0,0.0,876,6,B,52,SUV,1.08,Pass,NONE,,0.0285,39.092,2.216,0
VH-00878,72.08113636363636,11.497042209297472,97.118,91.8559,36.0545,48.558,39.13823863636364,49.446,1.8183863636363637,2.315,0.5227272727272727,0.4772727272727273,0.5909090909090909,0.4090909090909091,0.4090909090909091,0.5809090909090909,62.4339375,71.0133125,86.36783333333334,41.127,62.508,2.246,72.995,0.0,0.0,0.0,877,6,B,53,Compact,0.94,Pass,NONE,,0.01946,41.127,2.391,0
VH-00879,72.42888636363637,12.222564602075243,102.323,92.77625,36.69093181818182,50.749,38.953125,49.109,1.8240795454545455,2.348,0.5227272727272727,0.5454545454545454,0.5454545454545454,0.4090909090909091,0.4090909090909091,0.5809090909090909,62.393,71.4419375,87.12599999999999,41.251,65.508,1.936,69.137,0.0,0.0,0.0,878,6,B,54,Compact,0.94,Pass,NONE,,0.02049,41.251,1.936,0
VH-00880,73.35184090909091,12.444715353511125,100.095,95.53819999999999,36.565124999999995,51.397,38.92760227272727,47.282,1.765806818181818,2.162,0.5,0.5227272727272727,0.5909090909090909,0.4090909090909091,0.4090909090909091,0.5845454545454545,64.445375,70.354125,89.22408333333334,40.575,65.56,2.018,72.797,0.0,0.0,0.0,879,6,B,55,SUV,1.08,Pass,NONE,,0.02033,40.575,2.018,0
VH-00881,73.57672727272728,11.79767513826669,102.611,96.73155000000001,36.11965909090909,50.524,38.96942045454546,47.8,1.8128295454545453,2.501,0.5681818181818182,0.5227272727272727,0.5909090909090909,0.4090909090909091,0.4090909090909091,0.5754545454545454,64.2985,71.5360625,88.66858333333333,39.391,67.918,1.643,73.774,0.0,0.0,0.0,880,6,B,56,Truck,1.14,Pass,NONE,,0.02253,39.391,1.643,0
VH-00882,71.94406818181818,11.887769987441418,102.472,96.3764,36.70106818181818,51.123,38.69920454545455,46.706,1.7943863636363637,2.264,0.4772727272727273,0.5227272727272727,0.5909090909090909,0.4090909090909091,0.4090909090909091,0.5772727272727273,62.7749375,69.7303125,87.12124999999999,40.722,64.864,2.264,65.473,0.0,0.0,0.0,881,6,B,57,Sedan,1.0,Pass,NONE,,0.01544,40.722,2.264,0
VH-00883,72.78368181818182,11.98546058486238,98.982,94.6289,36.527511363636364,53.927,38.734818181818184,46.291,1.7746136363636362,2.277,0.5227272727272727,0.5227272727272727,0.6136363636363636,0.4090909090909091,0.4090909090909091,0.5736363636363636,63.614687499999995,70.19175,88.46491666666667,39.742,65.819,2.08,70.943,0.0,0.0,0.0,882,6,B,58,Sedan,1.0,Pass,NONE,,0.02216,39.742,2.08,0
VH-00884,72.76502272727272,12.051918267632916,100.032,94.76545,36.652840909090905,53.82,38.84402272727272,46.291,1.8047954545454545,2.33,0.5,0.5454545454545454,0.5454545454545454,0.4090909090909091,0.4090909090909091,0.5827272727272728,62.7635,71.08525,88.34008333333333,40.167,62.96,2.326,73.383,0.0,0.0,0.0,883,6,B,59,SUV,1.08,Pass,NONE,,0.04449,40.167,2.326,0
VH-00885,72.35025,11.220924836744095,96.456,93.205,36.082511363636364,51.331,38.91405681818182,47.235,1.7871704545454548,2.357,0.5,0.4772727272727273,0.5909090909090909,0.4090909090909091,0.4090909090909091,0.5827272727272728,63.69125,70.20775,86.75225,40.381,58.651,2.026,69.992,0.0,0.0,0.0,884,6,B,60,Sedan,1.0,Pass,NONE,,0.01304,40.381,2.026,0
VH-00886,72.69220454545454,11.508163176692193,102.494,95.12595,36.07171590909091,49.901,38.646625,47.443,1.804147727272727,2.753,0.5,0.4772727272727273,0.5454545454545454,0.4090909090909091,0.4090909090909091,0.5827272727272728,63.3841875,70.54675,87.9635,42.134,63.249,2.313,69.175,0.13400000000000034,0.0,0.0,885,6,B,61,SUV,1.08,Pass,NONE,,0.02093,42.134,2.313,0
VH-00887,72.533,11.939368385382052,100.571,95.27835,37.08809090909091,50.785,38.91819318181818,47.698,1.8551250000000001,2.635,0.5227272727272727,0.4318181818181818,0.5909090909090909,0.4090909090909091,0.4090909090909091,0.5827272727272728,62.91075,70.553125,88.0025,39.335,68.867,2.469,69.551,0.0,0.0,0.0,886,6,B,62,Sedan,1.0,Pass,NONE,,0.0192,39.335,2.469,0
VH-00888,71.16086363636363,12.482476983972019,101.222,95.58250000000001,36.50096590909091,50.164,38.83111363636363,47.569,1.8071590909090909,2.606,0.5909090909090909,0.5227272727272727,0.6136363636363636,0.4090909090909091,0.4090909090909091,0.5772727272727273,61.14825,69.2295,87.08616666666666,41.168,62.943,2.606,70.966,0.0,0.0,0.0,887,6,B,63,Compact,0.94,Pass,NONE,,0.0187,41.168,2.606,0
VH-00889,73.05706818181818,12.655458648342,102.054,100.41970000000002,36.62742045454546,51.244,38.934363636363635,47.371,1.7785795454545457,2.394,0.5454545454545454,0.6136363636363636,0.5,0.4090909090909091,0.4090909090909091,0.5772727272727273,63.005250000000004,71.16975,88.97591666666666,41.526,59.971,1.989,71.195,0.0,0.0,0.0,888,6,B,64,SUV,1.08,Pass,NONE,,0.01562,41.526,1.989,0
VH-00890,73.26422727272728,12.06058690165044,103.101,96.5709,36.45909090909091,51.223,38.980636363636364,46.971,1.8002386363636362,2.425,0.5227272727272727,0.5681818181818182,0.6136363636363636,0.4090909090909091,0.4090909090909091,0.5790909090909091,62.869875,72.0831875,88.69808333333333,40.877,68.399,2.425,70.202,0.0,0.0,0.0,889,6,B,65,SUV,1.08,Pass,NONE,,0.03145,40.877,2.425,0
VH-00891,72.32856818181818,11.525472342432366,102.248,92.91705,36.78021590909091,53.066,38.83923863636364,47.165,1.7714886363636362,2.574,0.5227272727272727,0.5681818181818182,0.5454545454545454,0.4090909090909091,0.4090909090909091,0.5772727272727273,63.492625000000004,70.7365,86.23258333333332,39.059,60.082,2.006,73.706,0.0,0.0,0.0,890,6,B,66,SUV,1.08,Pass,NONE,,0.02478,39.059,2.006,0
VH-00892,72.71156818181818,11.681929852908137,101.641,95.2446,36.51704545454545,49.628,38.611295454545456,47.154,1.8064772727272727,2.203,0.4318181818181818,0.5,0.6818181818181818,0.4090909090909091,0.4090909090909091,0.5736363636363636,63.0999375,70.7216875,88.18025,40.41,61.967,1.763,68.772,0.0,0.0,0.0,891,6,B,67,Sedan,1.0,Pass,NONE,,0.0187,40.41,1.763,0
VH-00893,73.31402272727273,12.231304420898073,100.811,97.4543,36.581295454545455,52.722,38.926545454545455,48.353,1.7824886363636365,2.229,0.5681818181818182,0.5454545454545454,0.6136363636363636,0.4090909090909091,0.4090909090909091,0.5736363636363636,63.434875,71.7260625,88.6035,41.216,67.969,1.863,64.908,0.0,0.0,0.0,892,6,B,68,SUV,1.08,Pass,NONE,,0.02502,41.216,1.863,0
VH-00894,71.40343181818183,11.903887560026549,98.982,93.42465000000001,36.440068181818184,51.023,38.862193181818185,47.783,1.8000113636363637,2.199,0.5227272727272727,0.5454545454545454,0.5681818181818182,0.4090909090909091,0.4090909090909091,0.5790909090909091,61.3885,69.637625,87.11108333333334,39.718,62.363,2.041,69.128,0.0,0.0,0.0,893,6,B,69,Compact,0.94,Pass,NONE,,0.02445,39.718,2.041,0
VH-00895,73.23779545454545,11.496820892386157,97.163,95.3623,35.87175,50.028,39.09814772727273,47.672,1.77325,2.292,0.5454545454545454,0.45454545454545453,0.5227272727272727,0.4090909090909091,0.4090909090909091,0.5827272727272728,63.246125,72.2619375,87.86116666666668,40.831,60.388,2.122,74.894,0.0,0.0,0.0,894,6,B,70,Truck,1.14,Fail,LOW_CONFIDENCE_MULTI_CAUSAL,ST-45,0.0237,40.831,2.122,1
VH-00896,71.62809090909091,12.023178039835797,98.475,96.25955,36.24018181818182,52.867,38.72719318181818,48.261,1.7677727272727273,2.145,0.4772727272727273,0.5454545454545454,0.5909090909090909,0.4090909090909091,0.4090909090909091,0.5790909090909091,62.6378125,69.022125,87.08975,40.378,60.876,2.033,76.986,0.0,0.0,0.0,895,6,B,71,Compact,0.94,Pass,NONE,,0.02594,40.378,2.033,0
VH-00897,73.02172727272728,10.747915627808714,99.709,91.172,35.95645454545455,49.037,38.9865,49.104,1.7913522727272728,2.299,0.5681818181818182,0.4772727272727273,0.5454545454545454,0.4090909090909091,0.4090909090909091,0.5827272727272728,64.4740625,71.467375,86.49108333333334,40.189,59.765,1.884,70.924,0.0,0.0,0.0,896,6,B,72,SUV,1.08,Pass,NONE,,0.03694,40.189,1.884,0
VH-00898,73.21531818181819,12.181450837279487,101.098,96.8113,36.518170454545455,49.573,39.07997727272727,46.291,1.7783977272727272,2.358,0.4318181818181818,0.5227272727272727,0.6363636363636364,0.4090909090909091,0.4090909090909091,0.5790909090909091,63.60275,71.13250000000001,88.80916666666667,41.05,61.816,2.307,75.491,0.0,0.0,0.0,897,6,B,73,SUV,1.08,Pass,NONE,,0.02581,41.05,2.307,0
VH-00899,72.10793181818183,11.519981059007613,96.846,93.58115000000001,36.64690909090909,50.629,38.949397727272725,47.337,1.8430454545454544,2.749,0.5681818181818182,0.5,0.6363636363636364,0.4090909090909091,0.4090909090909091,0.5754545454545454,62.899625,70.0581875,87.11866666666667,40.427499999999995,67.135,2.035,72.996,0.0,0.0,0.0,898,6,B,74,Compact,0.94,Pass,NONE,,0.02058,41.097,2.035,0
VH-00900,71.61959090909092,12.502716092482384,101.342,92.8234,36.373386363636364,52.706,39.019079545454545,47.222,1.7917386363636363,2.395,0.5,0.6136363636363636,0.5681818181818182,0.4090909090909091,0.4090909090909091,0.5754545454545454,60.9906875,70.2765625,87.58216666666668,40.377,62.8,2.395,66.419,0.0,0.0,0.0,899,6,B,75,Compact,0.94,Pass,NONE,,0.01556,40.377,2.395,0
